ece,ece_percent,adaptive_ece,adaptive_ece_percent,kde_ece,brier,brier_gain,murphy_uncertainty,murphy_resolution,murphy_reliability,auroc,nll,aurc,prob_std,spearman_rho,status,test_dataset,method,transfer_mode
0.4209579098719277,42.09579098719277,0.42095790987192766,42.095790987192764,0.41553559436120846,0.4209402369091084,-0.1642945914934832,0.243759,0.0,0.177205561883742,0.6377000438958151,5.554064340034974,0.3205638670458862,0.0007812258642559885,1.0,COLLAPSED,ai2d,Naive Confidence (NC),Zero-Shot Base
0.4209999000000003,42.099990000000034,0.42099990000000026,42.09999000000003,0.4209999000000003,0.42099991580001006,-0.16435427038438483,0.243759,0.0,0.17724091580001028,0.5,6.7857183271750525,0.44538976149800025,2.220446049250313e-16,1.0,COLLAPSED,ai2d,Naive Confidence (NC),Target Adapted (Saerens-EM)
0.08604618134540123,8.604618134540123,0.10618746437748494,10.618746437748495,0.09103570595663056,0.24644383045714693,0.0102018149584783,0.243759,0.009260716157132922,0.013172314029315766,0.6377000438958151,0.6862631802059411,0.3205638670458862,0.023927061637423475,1.0,VALID,ai2d,Temperature Scaling (TS),Zero-Shot Base
0.4209998055064553,42.09998055064553,0.4209998055064555,42.09998055064555,0.4209998055064553,0.420999831530497,-0.1643541861148718,0.243759,0.0,0.17724083623647321,0.6377000438958151,6.496295986211816,0.3205638670458862,2.164274729648796e-08,1.0,COLLAPSED,ai2d,Temperature Scaling (TS),Target Adapted (Saerens-EM)
0.08550920059904978,8.550920059904978,0.09841103402458462,9.841103402458462,0.08713268102064375,0.24259049257293475,0.014055152842690488,0.243759,0.009482364805705855,0.010360110699466952,0.6377000438958151,0.6781041780424273,0.3205301262343939,0.04945184035173714,1.0,VALID,ai2d,Platt Scaling (1D),Zero-Shot Base
0.4209997369786377,42.09997369786377,0.4209997369786377,42.09997369786377,0.4209997369786377,0.42099976516898585,-0.16435411975336062,0.243759,0.0,0.1772407785360821,0.6377000438958151,6.364975311356261,0.3205638670458862,6.355802743516831e-08,1.0,COLLAPSED,ai2d,Platt Scaling (1D),Target Adapted (Saerens-EM)
0.09046168423376706,9.046168423376706,0.08795907957701,8.795907957701,0.07527087195396667,0.23501218674622096,0.021633458669404276,0.243759,0.02038803360715579,0.012935370441263897,0.6634119150472393,0.6624984742077732,0.30364065849690824,0.1445844798871096,0.7123740907655903,VALID,ai2d,Trajectory LR,Zero-Shot Base
0.42099924268529487,42.099924268529485,0.42099924268529476,42.09992426852948,0.42099924268529487,0.4209992528285701,-0.16435360741294486,0.243759,0.0,0.1772403623415918,0.6634119150472393,5.961103192340794,0.2963003760985523,6.411619194294794e-07,1.0,COLLAPSED,ai2d,Trajectory LR,Target Adapted (Saerens-EM)
0.09851135517692862,9.851135517692862,0.09518701815156805,9.518701815156804,0.08108302682593642,0.23619808863969133,0.020447556775933906,0.243759,0.020824372882761774,0.013551157689103742,0.6617032601873162,0.665059051143721,0.3139080064438926,0.14319010251596043,0.6977314256595806,VALID,ai2d,Trajectory LR (No Bias),Zero-Shot Base
0.42099897709056755,42.099897709056755,0.42099897709056766,42.09989770905677,0.4152528671186831,0.42099898824139587,-0.16435334282577063,0.243759,0.0,0.17724013871130423,0.6617032601873162,5.845349409039805,0.2986618874541325,1.0090721491680792e-06,0.6977314256595806,COLLAPSED,ai2d,Trajectory LR (No Bias),Target Adapted (Saerens-EM)
0.09045888496935366,9.045888496935365,0.0879511625021696,8.79511625021696,0.07525848926906509,0.23501121459451974,0.0216344308211055,0.243759,0.02038803360715579,0.012933951836352355,0.6634155046582896,0.6624966574474833,0.3045390667075311,0.14459332015389162,0.7123680871441938,VALID,ai2d,Trajectory Platt (5D),Zero-Shot Base
0.42099924010453704,42.099924010453705,0.42099924010453676,42.09992401045368,0.42099924010453704,0.4209992502799057,-0.16435360486428047,0.243759,0.0,0.17724036016859762,0.6634155046582896,5.95967731827784,0.29862865405158817,6.433496628977022e-07,1.0,COLLAPSED,ai2d,Trajectory Platt (5D),Target Adapted (Saerens-EM)
0.08571079458296302,8.571079458296301,0.08644141556322577,8.644141556322577,0.08419409337776897,0.23520346377755896,0.02144218163806627,0.243759,0.02173105762580371,0.013341435291025787,0.662334518930583,0.6632725219828454,0.29870410369278233,0.1600458902421169,0.7055467877332614,VALID,ai2d,Trajectory Platt (17D),Zero-Shot Base
0.42099898044358275,42.09989804435828,0.42099898044358275,42.09989804435828,0.42099898044358275,0.42099897764511796,-0.16435333222949272,0.243759,0.0,0.17724014153453618,0.662334518930583,5.846233436885377,0.3013203900582626,9.424115314073085e-07,1.0,COLLAPSED,ai2d,Trajectory Platt (17D),Target Adapted (Saerens-EM)
0.11531610207822754,11.531610207822753,0.11218512476553859,11.218512476553858,0.10362012001476334,0.24023509884432587,0.016410546571299367,0.243759,0.019245776728156506,0.016349102611060155,0.6640077904815822,0.6727143439336033,0.29857069777601314,0.0652684523927654,0.8806578467163608,VALID,ai2d,Best 5D Trajectory,Zero-Shot Base
0.42099982157796223,42.09998215779622,0.42099982157796234,42.099982157796234,0.42099982157796223,0.42099983632296495,-0.16435419090733971,0.243759,0.0,0.17724084976867605,0.6640077904815822,6.52371820795617,0.29877313721688703,5.804776994232524e-08,1.0,COLLAPSED,ai2d,Best 5D Trajectory,Target Adapted (Saerens-EM)
0.11531610207822754,11.531610207822753,0.11218512476553859,11.218512476553858,0.10362012001476334,0.24023509884432587,0.016410546571299367,0.243759,0.019245776728156506,0.016349102611060155,0.6640077904815822,0.6727143439336033,0.29857069777601314,0.0652684523927654,0.8806578467163608,VALID,ai2d,Two-Stage Residual,Zero-Shot Base
0.42099982157796223,42.09998215779622,0.42099982157796234,42.099982157796234,0.42099982157796223,0.42099983632296495,-0.16435419090733971,0.243759,0.0,0.17724084976867605,0.6640077904815822,6.52371820795617,0.29877313721688703,5.804776994232524e-08,1.0,COLLAPSED,ai2d,Two-Stage Residual,Target Adapted (Saerens-EM)
0.10349115501093262,10.349115501093262,0.10138983863207289,10.138983863207288,0.09469564350065178,0.23730442237183133,0.019341223043793904,0.243759,0.019295661779914094,0.01388826065383736,0.6653185113165052,0.6664467615777738,0.29781714760864836,0.07570031863808462,0.8200419296877894,VALID,ai2d,VCPS-5D (Our Method),Zero-Shot Base
0.4209997983848712,42.09997983848712,0.42099979838487095,42.099979838487094,0.4209997983848712,0.42099981271775805,-0.16435416730213281,0.243759,0.0,0.17724083024010223,0.6653185113165052,6.472002188040154,0.2980522057946263,7.479499778814091e-08,1.0,COLLAPSED,ai2d,VCPS-5D (Our Method),Target Adapted (Saerens-EM)
0.10657194098297226,10.657194098297227,0.10236370010449496,10.236370010449496,0.09512797405838283,0.2370079932135376,0.01963765220208763,0.243759,0.021075961442274832,0.014733328549249683,0.6659533596708225,0.6657903157000036,0.2974291482680554,0.07502560125868606,0.828364578929843,VALID,ai2d,VCPS-17D (Our Method),Zero-Shot Base
0.4209997706785076,42.09997706785076,0.4209997706785075,42.09997706785075,0.4209997706785076,0.4209997871269709,-0.16435414171134566,0.243759,0.0,0.17724080691135596,0.665915925155584,6.417482198509979,0.2978441324421771,8.394125748608639e-08,1.0,COLLAPSED,ai2d,VCPS-17D (Our Method),Target Adapted (Saerens-EM)
0.7142991335301779,71.4299133530178,0.714299133530178,71.42991335301781,0.6846628208112834,0.6214331652812531,-0.36626564944903367,0.08799375,0.005140849977247329,0.5396651779256441,0.7994246750479438,2.909320524789077,0.7686270248644107,0.22303334551302612,1.0,COLLAPSED,chartqa,Naive Confidence (NC),Zero-Shot Base
0.9024997891711223,90.24997891711223,0.9024997891711223,90.24997891711223,0.9024997891711223,0.9024996049171068,-0.6473320890848873,0.08799375,0.0,0.8145058694539201,0.6520491512181263,14.138495947689142,0.8844211672814299,2.5548828635411403e-07,1.0,COLLAPSED,chartqa,Naive Confidence (NC),Target Adapted (Saerens-EM)
0.4436658965944686,44.36658965944686,0.44366589659446853,44.36658965944685,0.4436658966052016,0.2777667588162006,-0.022599242983981138,0.08799375,0.011554691443544393,0.20232253234376382,0.7994246750479438,0.7491261932016059,0.7686270248644107,0.04046104125935571,1.0,COLLAPSED,chartqa,Temperature Scaling (TS),Zero-Shot Base
0.9024941598097529,90.24941598097529,0.9024941598097528,90.24941598097527,0.9024941598097529,0.9024892722706703,-0.6473217564384508,0.08799375,0.0,0.8144957084907118,0.7994246750479438,10.869652983096804,0.7915775989466804,8.981945383798171e-07,1.0,COLLAPSED,chartqa,Temperature Scaling (TS),Target Adapted (Saerens-EM)
0.34195386737645866,34.19538673764587,0.34195386737645866,34.19538673764587,0.3419538673764607,0.19469272546589372,0.06047479036632575,0.08799375,0.013054965555026438,0.12002781600018157,0.7994246750479438,0.5807168899439975,0.09843129753169376,0.06951727632391701,1.0,VALID,chartqa,Platt Scaling (1D),Zero-Shot Base
0.09749714756981691,9.74971475698169,0.09749714756981691,9.74971475698169,0.09749714756981691,0.0974992322460775,0.157668283586142,0.08799375,0.0,0.009505693784250655,0.7994246750479438,1.218395150888713,0.03810360491893813,9.377404760439948e-07,1.0,COLLAPSED,chartqa,Platt Scaling (1D),Target Adapted (Saerens-EM)
0.24682466521917656,24.682466521917657,0.2468246652191765,24.68246652191765,0.24848702960113428,0.16105602755076803,0.09411148828145144,0.08799375,0.005361370879945478,0.07849996863415853,0.6963079764187797,0.4907160970332593,0.10579839279438787,0.18645208414934264,0.517458371582391,VALID,chartqa,Trajectory LR,Zero-Shot Base
0.09749891116775629,9.749891116775629,0.09749891116775629,9.749891116775629,0.09175185871226697,0.0974996713348331,0.15766784449738636,0.08799375,0.0,0.009506037678898032,0.6963363875275231,1.3238661750430556,0.04975177894221763,1.063922893734845e-06,0.5173949050697829,COLLAPSED,chartqa,Trajectory LR,Target Adapted (Saerens-EM)
0.24970671020593382,24.970671020593382,0.2497067102059339,24.97067102059339,0.25162192107492487,0.16354447212673315,0.09162304370548632,0.08799375,0.0055629410412459486,0.0815822617383217,0.6937879110732297,0.4956322048632793,0.11143148414151957,0.18914240101954877,0.4926771976343693,VALID,chartqa,Trajectory LR (No Bias),Zero-Shot Base
0.09749865986224407,9.749865986224407,0.09749865986224407,9.749865986224407,0.09175235802055519,0.09749960134243038,0.1576679144897891,0.08799375,0.0,0.009505988674933562,0.693775126074295,1.304640009898927,0.05037134306816084,1.3309390831074443e-06,0.4926812068316683,COLLAPSED,chartqa,Trajectory LR (No Bias),Target Adapted (Saerens-EM)
0.24683882788103076,24.683882788103077,0.2468388278810308,24.68388278810308,0.2485008797731342,0.1610659525586741,0.09410156327354538,0.08799375,0.005361370879945478,0.07850747252975877,0.6962966119752824,0.49073897775581643,0.10581002158146452,0.1864520363048688,0.5173956940648178,VALID,chartqa,Trajectory Platt (5D),Zero-Shot Base
0.09749890911514282,9.749890911514282,0.0974989091151428,9.749890911514282,0.0917518634529013,0.09749967074011014,0.15766784509210935,0.08799375,0.0,0.00950603727864288,0.6963250230840259,1.3236885327854089,0.04975055063461734,1.065907112384747e-06,0.5173322266632666,COLLAPSED,chartqa,Trajectory Platt (5D),Target Adapted (Saerens-EM)
0.215876010676162,21.5876010676162,0.21821819863958808,21.821819863958808,0.22350489372376192,0.14970188276629193,0.10546563306592754,0.08799375,0.004880672000581597,0.06665293705863652,0.6885489026209248,0.46316108571787323,0.09391203029514619,0.19440861010209867,0.45316327005565193,VALID,chartqa,Trajectory Platt (17D),Zero-Shot Base
0.09749917816935218,9.749917816935218,0.09749917816935216,9.749917816935216,0.09749917816935218,0.09749974923569649,0.15766776659652298,0.08799375,0.0,0.00950608974369908,0.6887477803821295,1.3556462760156405,0.053323525034916414,8.73843850594168e-07,1.0,COLLAPSED,chartqa,Trajectory Platt (17D),Target Adapted (Saerens-EM)
0.3101126018234918,31.011260182349183,0.3101126018234918,31.011260182349183,0.31011260182349365,0.17439431259036803,0.08077320324185144,0.08799375,0.012132755376437106,0.09897587010829371,0.7810043326940833,0.536565659086087,0.07138574522636824,0.09393155042670603,0.8588172285408806,VALID,chartqa,Best 5D Trajectory,Zero-Shot Base
0.09749844233665446,9.749844233665446,0.09749844233665446,9.749844233665446,0.09749844233665446,0.09749954525641598,0.1576679705758035,0.08799375,0.0,0.009505946258073935,0.7810043326940833,1.2733067896392463,0.039474392894137594,7.052735600940387e-07,1.0,COLLAPSED,chartqa,Best 5D Trajectory,Target Adapted (Saerens-EM)
0.3101126018234918,31.011260182349183,0.3101126018234918,31.011260182349183,0.31011260182349365,0.17439431259036803,0.08077320324185144,0.08799375,0.012132755376437106,0.09897587010829371,0.7810043326940833,0.536565659086087,0.07138574522636824,0.09393155042670603,0.8588172285408806,VALID,chartqa,Two-Stage Residual,Zero-Shot Base
0.09749844233665446,9.749844233665446,0.09749844233665446,9.749844233665446,0.09749844233665446,0.09749954525641598,0.1576679705758035,0.08799375,0.0,0.009505946258073935,0.7810043326940833,1.2733067896392463,0.039474392894137594,7.052735600940387e-07,1.0,COLLAPSED,chartqa,Two-Stage Residual,Target Adapted (Saerens-EM)
0.3093413344537659,30.934133445376588,0.30934133445376594,30.934133445376595,0.30934133445376777,0.17407245422349285,0.08109506160872662,0.08799375,0.012120409293460936,0.09825648085644596,0.7752936998366362,0.5361261484504678,0.07114724649168963,0.09169608306069485,0.831374701346682,VALID,chartqa,VCPS-5D (Our Method),Zero-Shot Base
0.09749824317612774,9.749824317612774,0.09749824317612774,9.749824317612774,0.09749824317612774,0.09749949104406098,0.1576680247881585,0.08799375,0.0,0.009505907422431339,0.7752936998366362,1.2624644662792568,0.04020113851373443,7.891505131348052e-07,1.0,COLLAPSED,chartqa,VCPS-5D (Our Method),Target Adapted (Saerens-EM)
0.30198327179514445,30.198327179514443,0.3019832717951445,30.19832717951445,0.3019832718497076,0.17171726108575347,0.083450254746466,0.08799375,0.010832007659895945,0.0945801431888818,0.7691228070175439,0.528897475143803,0.07595105259630662,0.10737026019934068,0.8024096969756188,VALID,chartqa,VCPS-17D (Our Method),Zero-Shot Base
0.09749853139301383,9.749853139301383,0.09749853139301383,9.749853139301383,0.09749853139301383,0.09749957085928083,0.15766794497293862,0.08799375,0.0,0.009505963623794503,0.7691228070175439,1.2801086919098839,0.042351856937514185,7.194852254925443e-07,1.0,COLLAPSED,chartqa,VCPS-17D (Our Method),Target Adapted (Saerens-EM)
0.7399872694052756,73.99872694052756,0.7399872694052757,73.99872694052758,0.6985237997150663,0.6348384323786115,-0.37496913153632633,0.043884,0.001663254542740932,0.5928854584875325,0.796867878953605,2.711904971258965,0.8637171760163492,0.24423390483781157,1.0,COLLAPSED,docvqa,Naive Confidence (NC),Zero-Shot Base
0.9539992733818633,95.39992733818633,0.9539992733818636,95.39992733818636,0.948250170610962,0.9539985611972246,-0.6941292603549394,0.043884,0.0,0.9101146136131232,0.7318726642967825,14.340006844150691,0.9232333493366798,1.4578924317524175e-06,0.9480534787509985,COLLAPSED,docvqa,Naive Confidence (NC),Target Adapted (Saerens-EM)
0.4868838099706641,48.68838099706641,0.4868838099706642,48.688380997066425,0.4868838099614642,0.27883491949181666,-0.0189656186495315,0.043884,0.0026310862470862477,0.2378079744149386,0.796867878953605,0.7511733116841601,0.8637171760163492,0.03243604783952937,1.0,COLLAPSED,docvqa,Temperature Scaling (TS),Zero-Shot Base
0.9537817763797729,95.37817763797729,0.953781776379773,95.3781776379773,0.9482320101486652,0.9535810425039878,-0.6937117416617027,0.043884,0.0,0.9096996769541551,0.796867878953605,8.043843270670651,0.9029727611730585,2.774382673591193e-05,1.0,COLLAPSED,docvqa,Temperature Scaling (TS),Target Adapted (Saerens-EM)
0.38453728835493206,38.45372883549321,0.38453728835493217,38.453728835493216,0.3845372883549358,0.1893765993006544,0.07049270154163076,0.043884,0.0025568154709537253,0.14814093015834787,0.796867878953605,0.5699958770964274,0.03268876702293737,0.05355677022662719,1.0,VALID,docvqa,Platt Scaling (1D),Zero-Shot Base
0.04599832324100905,4.5998323241009045,0.04599866311722488,4.599866311722487,0.04599832324100905,0.045999806724861356,0.2138694941174238,0.043884,0.0,0.002115845740984353,0.796867878953605,0.6021958790708182,0.013663892875319623,3.8700746976786665e-07,1.0,COLLAPSED,docvqa,Platt Scaling (1D),Target Adapted (Saerens-EM)
0.26595539871520263,26.595539871520263,0.26595539871520263,26.595539871520263,0.2684345335273412,0.13334276271697604,0.12652653812530912,0.043884,0.0031341911776217425,0.09234274736250296,0.7662815604776229,0.4231516458946713,0.062430987719159524,0.18782329987354346,0.47823819270624474,VALID,docvqa,Trajectory LR,Zero-Shot Base
0.04599919549418696,4.599919549418696,0.04599924957798675,4.599924957798675,0.04599919549418696,0.045999849629795087,0.21386945121249007,0.043884,0.0,0.0021159259861124303,0.7666091286117948,0.6261721433870084,0.017393609037137596,8.337964219040512e-07,1.0,COLLAPSED,docvqa,Trajectory LR,Target Adapted (Saerens-EM)
0.2628550914469343,26.28550914469343,0.26285509144693425,26.285509144693425,0.2663153457084864,0.13367737244187344,0.1261919284004117,0.043884,0.0029983737286037927,0.09249829477668325,0.7647775954789899,0.42188378196627,0.06529938465072656,0.19397904154321166,0.4340004785638706,VALID,docvqa,Trajectory LR (No Bias),Zero-Shot Base
0.04599944494382072,4.599944494382072,0.04599949392656799,4.599949392656799,0.04599944494382072,0.04599989528829754,0.21386940555398762,0.043884,0.0,0.002115948935139594,0.7655124874669583,0.6436432209475965,0.01757487361704283,5.929995152841917e-07,1.0,COLLAPSED,docvqa,Trajectory LR (No Bias),Target Adapted (Saerens-EM)
0.26597218131925915,26.597218131925914,0.26597218131925915,26.597218131925914,0.26845126276959824,0.1333532869335605,0.12651601390872466,0.043884,0.0031330979651196115,0.09235323914648397,0.7662758636405069,0.42317719966297956,0.06244380960370789,0.187826183773329,0.47823657495583727,VALID,docvqa,Trajectory Platt (5D),Zero-Shot Base
0.04599919381062143,4.5999193810621435,0.045999248009354315,4.599924800935431,0.04599919381062143,0.04599984931756118,0.21386945152472397,0.043884,0.0,0.002115925831227113,0.7666005833561208,0.6260776924332236,0.01735104718730546,8.355736967382746e-07,1.0,COLLAPSED,docvqa,Trajectory Platt (5D),Target Adapted (Saerens-EM)
0.23566140226127932,23.56614022612793,0.23599003265199828,23.599003265199826,0.24629693633013278,0.12373268349647187,0.13613661734581328,0.043884,0.0030628575598156257,0.08276569190078721,0.7337469237079574,0.39603523154978665,0.05886796142999157,0.19978564322312897,0.34364907855661164,VALID,docvqa,Trajectory Platt (17D),Zero-Shot Base
0.04599949130890452,4.599949130890452,0.045999504708904515,4.599950470890452,0.04599949130890452,0.045999902480087514,0.21386939836219765,0.043884,0.0,0.0021159532006779823,0.7335076565490839,0.6532235300700461,0.021501781013815047,6.808960635843442e-07,1.0,COLLAPSED,docvqa,Trajectory Platt (17D),Target Adapted (Saerens-EM)
0.34170385775431306,34.170385775431306,0.34170385775431306,34.170385775431306,0.3417038577543149,0.15840613219145377,0.10146316865083138,0.043884,0.0041580275345250274,0.11904680664892453,0.8136678516087869,0.503015759592124,0.023497531409232095,0.08005675954598389,0.8084290151230582,VALID,docvqa,Best 5D Trajectory,Zero-Shot Base
0.04599928884658363,4.599928884658363,0.04599941352777171,4.599941352777171,0.04599928884658363,0.045999904173483215,0.21386939666880195,0.043884,0.0,0.002115934574391433,0.8136678516087869,0.6358452472379795,0.013964886270372883,2.5270135520745946e-07,1.0,COLLAPSED,docvqa,Best 5D Trajectory,Target Adapted (Saerens-EM)
0.34170385775431306,34.170385775431306,0.34170385775431306,34.170385775431306,0.3417038577543149,0.15840613219145377,0.10146316865083138,0.043884,0.0041580275345250274,0.11904680664892453,0.8136678516087869,0.503015759592124,0.023497531409232095,0.08005675954598389,0.8084290151230582,VALID,docvqa,Two-Stage Residual,Zero-Shot Base
0.04599928884658363,4.599928884658363,0.04599941352777171,4.599941352777171,0.04599928884658363,0.045999904173483215,0.21386939666880195,0.043884,0.0,0.002115934574391433,0.8136678516087869,0.6358452472379795,0.013964886270372883,2.5270135520745946e-07,1.0,COLLAPSED,docvqa,Two-Stage Residual,Target Adapted (Saerens-EM)
0.34075605972380335,34.07560597238034,0.34075605972380346,34.075605972380345,0.3407560597238052,0.1574751034229108,0.10239419741937436,0.043884,0.004694272766570512,0.11829375728766502,0.8118220763831921,0.5013606610798046,0.02302924031963733,0.07764808780234701,0.7746925441256846,VALID,docvqa,VCPS-5D (Our Method),Zero-Shot Base
0.04599906179254702,4.5999061792547025,0.04599922999797139,4.599922999797139,0.04599906179254702,0.04599987351759355,0.2138694273246916,0.043884,0.0,0.0021159136857945592,0.8118220763831921,0.6231874262752697,0.014235412543526758,3.2917200223111626e-07,1.0,COLLAPSED,docvqa,VCPS-5D (Our Method),Target Adapted (Saerens-EM)
0.3372858365440785,33.72858365440785,0.33728583654407857,33.728583654407856,0.3372858378842775,0.1587609208767211,0.10110837996556404,0.043884,0.0033322264413251793,0.11835239129011459,0.8083697930908759,0.5001091312793784,0.042195274251041456,0.1066877623415259,0.711880512054904,VALID,docvqa,VCPS-17D (Our Method),Zero-Shot Base
0.04599894141350632,4.5998941413506325,0.04599921879881827,4.599921879881827,0.04599894141350632,0.04599985047611257,0.21386945036617258,0.043884,0.0,0.0021159026111631867,0.8083697930908759,0.6159081785361388,0.013710612867435915,4.952549795780653e-07,1.0,COLLAPSED,docvqa,VCPS-17D (Our Method),Target Adapted (Saerens-EM)
0.3269266402227433,32.69266402227433,0.3269266402227433,32.69266402227433,0.33054838768844264,0.3254648428098616,-0.05967610837382642,0.22211099999999998,0.004485235474006116,0.10860434330338369,0.6803101827464646,3.172676778289319,0.22726374873864374,0.0426508203676441,1.0,COLLAPSED,gqa,Naive Confidence (NC),Zero-Shot Base
0.3329998999424961,33.299989994249614,0.3329998999424963,33.29998999424963,0.3329998999424961,0.33299993328500205,-0.06721119884896687,0.22211099999999998,0.0,0.11088893336171243,0.5015015015015015,5.366926534049039,0.3312553462206567,2.4254656919717533e-09,1.0,COLLAPSED,gqa,Naive Confidence (NC),Target Adapted (Saerens-EM)
0.07983258689916067,7.983258689916068,0.10214676283930414,10.214676283930414,0.09626760027932119,0.21183458329277238,0.053954151143262796,0.22211099999999998,0.017030678677475552,0.00883344226618794,0.6803101827464646,0.614128193482283,0.22726374873864374,0.04530655007053538,1.0,VALID,gqa,Temperature Scaling (TS),Zero-Shot Base
0.33299961724975935,33.29996172497594,0.33299961724975924,33.29996172497592,0.33299961724975935,0.3329997222354385,-0.06721098779940332,0.22211099999999998,0.0,0.11088874508848623,0.6803101827464646,4.898247857044981,0.2272680094115861,7.716455915095335e-08,1.0,COLLAPSED,gqa,Temperature Scaling (TS),Target Adapted (Saerens-EM)
0.10003344586611748,10.003344586611748,0.10065241756654253,10.065241756654252,0.10044094599720105,0.2129562167734627,0.05283251766257249,0.22211099999999998,0.022745995781779164,0.01414724303333941,0.6803101827464646,0.6170353111735658,0.23332579003233628,0.08485538625728155,1.0,VALID,gqa,Platt Scaling (1D),Zero-Shot Base
0.3329988088506035,33.299880885060354,0.3329988088506035,33.299880885060354,0.3329988088506035,0.33299907480943564,-0.06721034037340046,0.22211099999999998,0.0,0.11088820669592078,0.6803101827464646,4.512015963750401,0.2272680094115861,4.462163524011568e-07,1.0,COLLAPSED,gqa,Platt Scaling (1D),Target Adapted (Saerens-EM)
0.11511104170996782,11.511104170996783,0.11691272332435118,11.691272332435117,0.11496694938113598,0.20948934854416795,0.056299385891867226,0.22211099999999998,0.028538408539861903,0.016209801348201682,0.7059623341482412,0.60868381895168,0.23345347165267155,0.1528925677055204,0.5938675709605621,VALID,gqa,Trajectory LR,Zero-Shot Base
0.332976611687559,33.2976611687559,0.33297661168755904,33.2976611687559,0.3274400675968575,0.3329774099580593,-0.06718867552202412,0.22211099999999998,0.0,0.11087342393092744,0.7059623341482412,3.540530963773479,0.2041919449573543,2.8701819903928532e-05,0.5938675709605621,COLLAPSED,gqa,Trajectory LR,Target Adapted (Saerens-EM)
0.11314500451973236,11.314500451973236,0.11314500451973232,11.314500451973233,0.11311132302647185,0.20910287882346204,0.05668585561257314,0.22211099999999998,0.026979454116247407,0.014234270991919894,0.7048288918603761,0.608807022152155,0.23930778503558497,0.14998458356906472,0.6005816925167039,VALID,gqa,Trajectory LR (No Bias),Zero-Shot Base
0.33291155095779634,33.29115509577964,0.3329115509577964,33.29115509577964,0.32799025003231963,0.3329135505725367,-0.06712481613650151,0.22211099999999998,0.0,0.11083010076112543,0.7048288918603761,3.105605448831778,0.20501371300444401,0.00011997742789224824,0.6005816925167039,COLLAPSED,gqa,Trajectory LR (No Bias),Target Adapted (Saerens-EM)
0.1151134478636086,11.51134478636086,0.11691597585007547,11.691597585007548,0.11496894008765424,0.20949274820620928,0.0562959862298259,0.22211099999999998,0.02852493052159259,0.016221490306930042,0.7059651480566023,0.6086908716702992,0.2334836739017511,0.15289569914675644,0.5938393497840093,VALID,gqa,Trajectory Platt (5D),Zero-Shot Base
0.3329766531348436,33.29766531348436,0.33297665313484376,33.29766531348437,0.32743970196916417,0.33297745099914045,-0.06718871656310527,0.22211099999999998,0.0,0.11087345153288194,0.7059651480566023,3.541116976366239,0.20420244032181128,2.8642439722213195e-05,0.5938393497840093,COLLAPSED,gqa,Trajectory Platt (5D),Target Adapted (Saerens-EM)
0.12787921496038326,12.787921496038326,0.12787921496038326,12.787921496038326,0.1278888504257041,0.21229367542431596,0.05349505901171922,0.22211099999999998,0.02705496680723333,0.01790847763332993,0.7054637095866482,0.6144624884283166,0.24876844284373958,0.1739183951181549,0.6507325107199272,VALID,gqa,Trajectory Platt (17D),Zero-Shot Base
0.29188673454351793,29.188673454351793,0.29141136334356005,29.141136334356005,0.29401492284560965,0.2967877180792575,-0.030998983643222344,0.22211099999999998,0.016974727021956095,0.0942561665250069,0.7054637095866482,1.0679042864902142,0.20570200766095187,0.04849389395042349,0.6507325107199272,COLLAPSED,gqa,Trajectory Platt (17D),Target Adapted (Saerens-EM)
0.09846012296739629,9.846012296739628,0.10473496304654276,10.473496304654276,0.0984015704135888,0.20553064031285367,0.060258094123181505,0.22211099999999998,0.03071356108325916,0.01415386938302046,0.7189322005663834,0.6010679125054141,0.18855977740213403,0.09516473405827056,0.9260874166020234,VALID,gqa,Best 5D Trajectory,Zero-Shot Base
0.33299882909713574,33.299882909713574,0.3329988290971359,33.29988290971359,0.33299882909713574,0.332999041133795,-0.06721030669775985,0.22211099999999998,0.0,0.11088822018006342,0.7189322005663834,4.507583226873309,0.1955916670227076,5.399955763859033e-07,1.0,COLLAPSED,gqa,Best 5D Trajectory,Target Adapted (Saerens-EM)
0.09846012296739629,9.846012296739628,0.10473496304654276,10.473496304654276,0.0984015704135888,0.20553064031285367,0.060258094123181505,0.22211099999999998,0.03071356108325916,0.01415386938302046,0.7189322005663834,0.6010679125054141,0.18855977740213403,0.09516473405827056,0.9260874166020234,VALID,gqa,Two-Stage Residual,Zero-Shot Base
0.33299882909713574,33.299882909713574,0.3329988290971359,33.29988290971359,0.33299882909713574,0.332999041133795,-0.06721030669775985,0.22211099999999998,0.0,0.11088822018006342,0.7189322005663834,4.507583226873309,0.1955916670227076,5.399955763859033e-07,1.0,COLLAPSED,gqa,Two-Stage Residual,Target Adapted (Saerens-EM)
0.10818531677233062,10.818531677233063,0.11151255308361305,11.151255308361305,0.10515496695077553,0.2058859497602233,0.059902784675811865,0.22211099999999998,0.03080039564526066,0.015172016026005122,0.7228806767787277,0.6018434479867933,0.1894546536706143,0.09682375129661897,0.8902444291871667,VALID,gqa,VCPS-5D (Our Method),Zero-Shot Base
0.33299902995177744,33.299902995177746,0.33299902995177755,33.29990299517775,0.33299902995177744,0.332999202552479,-0.06721046811644382,0.22211099999999998,0.0,0.11088835394882476,0.7228806767787277,4.5682818333082595,0.19468137632529325,4.4376174142575917e-07,1.0,COLLAPSED,gqa,VCPS-5D (Our Method),Target Adapted (Saerens-EM)
0.11065455378692265,11.065455378692265,0.1115425636611671,11.15425636611671,0.10693808479033623,0.20636147823567114,0.05942725620036404,0.22211099999999998,0.030550882724843992,0.01536741116384816,0.7215952834393613,0.6028802288254158,0.19398807010487806,0.09752657740071002,0.8941469406393885,VALID,gqa,VCPS-17D (Our Method),Zero-Shot Base
0.3329986028548225,33.299860285482254,0.33299860285482263,33.29986028548226,0.3329986028548225,0.3329988483909857,-0.06721011395495052,0.22211099999999998,0.0,0.11088806950326381,0.7215952834393613,4.447872953996783,0.19708855200924089,6.775787373885817e-07,1.0,COLLAPSED,gqa,VCPS-17D (Our Method),Target Adapted (Saerens-EM)
0.8436141177117824,84.36141177117824,0.8436141177117825,84.36141177117825,0.7886453498294795,0.7616351092380217,-0.4976374100557313,0.00744375,0.0001242527466815477,0.7540341578166909,0.3128463476070529,3.890545063712807,0.9847821445272567,0.20094403589420623,1.0,COLLAPSED,infographicvqa,Naive Confidence (NC),Zero-Shot Base
0.9924997956650234,99.24997956650235,0.9924997956650234,99.24997956650235,0.9924997956650234,0.992499595667211,-0.7285018964849206,0.00744375,0.0,0.9850558443951133,0.32446683459277914,15.618294582146921,0.9960709123287923,2.6573036528555374e-07,1.0,COLLAPSED,infographicvqa,Naive Confidence (NC),Target Adapted (Saerens-EM)
0.5384330345349663,53.843303453496624,0.5384330345349662,53.84330345349662,0.5384330345216062,0.2989441084745339,-0.03494640929224352,0.00744375,3.325920384219398e-05,0.29132572804076473,0.3128463476070529,0.791866196110688,0.9847821445272567,0.03535119853542366,1.0,COLLAPSED,infographicvqa,Temperature Scaling (TS),Zero-Shot Base
0.9924934655840927,99.24934655840927,0.9924934655840928,99.24934655840929,0.9924934655840927,0.9924870383896636,-0.7284893392073732,0.00744375,0.0,0.9850432792271225,0.3128463476070529,11.85967289479513,0.9957627402208814,9.26643162781704e-07,1.0,COLLAPSED,infographicvqa,Temperature Scaling (TS),Target Adapted (Saerens-EM)
0.44732272715126636,44.73227271512663,0.4473227271512663,44.73227271512663,0.4473227271512672,0.2119728080067472,0.05202489117554318,0.00744375,3.332377673016997e-05,0.20418555485118212,0.3128463476070529,0.615816320264743,0.12083666173523998,0.061959150742156306,1.0,VALID,infographicvqa,Platt Scaling (1D),Zero-Shot Base
0.0074967269097465546,0.7496726909746555,0.0075002397230570835,0.7500239723057084,0.0074967269097465546,0.007499958336872405,0.256497740845418,0.00744375,0.0,5.620091435931812e-05,0.3128463476070529,0.09617320625408599,0.011750491010389033,8.263156502237783e-07,1.0,COLLAPSED,infographicvqa,Platt Scaling (1D),Target Adapted (Saerens-EM)
0.4172750923955089,41.72750923955089,0.4172750923955089,41.72750923955089,0.41916744200095624,0.22020308304407205,0.043794616138218334,0.00744375,2.7973949876191078e-05,0.21242111862087024,0.4206884970612931,0.6172720913490155,0.2195509439036163,0.19445485471808605,0.5123756792653287,VALID,infographicvqa,Trajectory LR,Zero-Shot Base
0.0074899141164331854,0.7489914116433185,0.007498687644346406,0.7498687644346406,0.006088839860828709,0.007499878392393484,0.2564978207898969,0.00744375,0.0,5.6098813471545106e-05,0.4206884970612931,0.09115619135465468,0.009502608069392373,7.409532231714615e-06,0.5123756792653287,COLLAPSED,infographicvqa,Trajectory LR,Target Adapted (Saerens-EM)
0.4196923081597843,41.969230815978435,0.4196923081597843,41.969230815978435,0.42179082290918696,0.2221706760286281,0.04182702315366227,0.00744375,4.453275538320732e-05,0.21433682284723718,0.41924433249370274,0.6212408241581046,0.23357009889268354,0.19435303955290617,0.50045749749109,VALID,infographicvqa,Trajectory LR (No Bias),Zero-Shot Base
0.007479201096669009,0.7479201096669009,0.00749423306684971,0.749423306684971,0.006090048861399858,0.007499751362861862,0.25649794781942853,0.00744375,0.0,5.593844904441491e-05,0.41924433249370274,0.08571306339743975,0.009527759117396556,1.5310110854768305e-05,0.50045749749109,COLLAPSED,infographicvqa,Trajectory LR (No Bias),Target Adapted (Saerens-EM)
0.41728372075315556,41.728372075315555,0.4172837207531557,41.72837207531557,0.41917555208472346,0.2202080728121112,0.04378962637017919,0.00744375,2.7973949876191078e-05,0.21242617933868013,0.420688497061293,0.6172838782739096,0.2195714780310621,0.1944493586663288,0.512351685451372,VALID,infographicvqa,Trajectory Platt (5D),Zero-Shot Base
0.0074898962223655455,0.7489896222365545,0.007498685235543201,0.7498685235543201,0.006088841764924636,0.007499878175119205,0.25649782100717117,0.00744375,0.0,5.609854542180567e-05,0.420688497061293,0.09114246340129076,0.009502608069392373,7.4224016476996806e-06,0.512351685451372,COLLAPSED,infographicvqa,Trajectory Platt (5D),Target Adapted (Saerens-EM)
0.3864338687166601,38.64338687166601,0.3864338687166601,38.64338687166601,0.3941306861280105,0.19674855042737316,0.06724914875491722,0.00744375,2.2260715678930744e-05,0.18895178949328434,0.42451721242653234,0.5630049740859498,0.17093514817735092,0.19818138709886915,0.471135538800643,VALID,infographicvqa,Trajectory Platt (17D),Zero-Shot Base
0.007497100619167473,0.7497100619167473,0.007499295952751887,0.7499295952751888,0.006088050585100596,0.007499964589495098,0.2564977345927953,0.00744375,0.0,5.6206517693921304e-05,0.42433249370277076,0.10094137870347032,0.009023325377199791,2.2455142095860622e-06,0.4712927502577098,COLLAPSED,infographicvqa,Trajectory Platt (17D),Target Adapted (Saerens-EM)
0.43587423250195645,43.58742325019564,0.43587423250195645,43.58742325019564,0.43587423250195706,0.20602992811302384,0.05796777106926654,0.00744375,2.266406264094061e-05,0.19817540100521788,0.35009235936188077,0.6019665407093283,0.14540632197501652,0.08892454600646237,0.8473725822707928,VALID,infographicvqa,Best 5D Trajectory,Zero-Shot Base
0.007496952781442121,0.7496952781442121,0.007500176345364872,0.7500176345364872,0.006088046148651323,0.0074999619071462595,0.25649773727514413,0.00744375,0.0,5.620430100717276e-05,0.35009235936188077,0.09721365067165698,0.011345451444297095,1.0816381784865022e-06,0.8473725822707928,COLLAPSED,infographicvqa,Best 5D Trajectory,Target Adapted (Saerens-EM)
0.43587423250195645,43.58742325019564,0.43587423250195645,43.58742325019564,0.43587423250195706,0.20602992811302384,0.05796777106926654,0.00744375,2.266406264094061e-05,0.19817540100521788,0.35009235936188077,0.6019665407093283,0.14540632197501652,0.08892454600646237,0.8473725822707928,VALID,infographicvqa,Two-Stage Residual,Zero-Shot Base
0.007496952781442121,0.7496952781442121,0.007500176345364872,0.7500176345364872,0.006088046148651323,0.0074999619071462595,0.25649773727514413,0.00744375,0.0,5.620430100717276e-05,0.35009235936188077,0.09721365067165698,0.011345451444297095,1.0816381784865022e-06,0.8473725822707928,COLLAPSED,infographicvqa,Two-Stage Residual,Target Adapted (Saerens-EM)
0.4365910386706394,43.65910386706394,0.4365910386706395,43.65910386706395,0.4365910386706401,0.20638586001970047,0.05761183916258991,0.00744375,2.2345604270714467e-05,0.19859906285519985,0.35691015952980687,0.6029013567864712,0.14531193478169094,0.08767412179609839,0.8120813008156302,VALID,infographicvqa,VCPS-5D (Our Method),Zero-Shot Base
0.0074972680043057585,0.7497268004305758,0.007500110342691385,0.7500110342691385,0.0074972680043057585,0.007499965408031919,0.25649773377425844,0.00744375,0.0,5.6209027528386854e-05,0.35691015952980687,0.0979144546864626,0.011156878902116373,9.686571814101182e-07,1.0,COLLAPSED,infographicvqa,VCPS-5D (Our Method),Target Adapted (Saerens-EM)
0.4312251449357369,43.12251449357369,0.43122514493573694,43.122514493573696,0.43122514494397013,0.2043162056550718,0.059681493527218576,0.00744375,2.0830024777152978e-05,0.19653642168889052,0.3716540722082284,0.5968719078070842,0.15419126028399505,0.10128431028141947,0.78579909289652,VALID,infographicvqa,VCPS-17D (Our Method),Zero-Shot Base
0.0074973179506256015,0.7497317950625602,0.0074996974594723,0.74996974594723,0.0060880031887825346,0.00749996616254997,0.25649773301974044,0.00744375,0.0,5.620977645277287e-05,0.3716540722082284,0.0982822669768664,0.010577275192484425,1.036503146361156e-06,0.78579909289652,COLLAPSED,infographicvqa,VCPS-17D (Our Method),Target Adapted (Saerens-EM)
0.7297803955186497,72.97803955186497,0.7297803955186497,72.97803955186497,0.7256334158528948,0.7296247019273474,-0.4869169876325576,0.1971,0.0,0.5325794256833568,0.45557065046479744,6.869793659715031,0.756147423475722,0.000457544047040392,1.0,COLLAPSED,lego-puzzles,Naive Confidence (NC),Zero-Shot Base
0.7299999,72.99999,0.7299999000000001,72.99999000000001,0.7299999,0.7299998540000101,-0.4872921397052203,0.1971,0.0,0.53289985400001,0.5,11.766209852583815,0.8044325395662354,0.0,1.0,COLLAPSED,lego-puzzles,Naive Confidence (NC),Target Adapted (Saerens-EM)
0.3456574275272236,34.565742752722365,0.34565742752722367,34.565742752722365,0.34565742749675266,0.31640144407668397,-0.07369372978189415,0.1971,0.005142554834723509,0.12311553565863048,0.45557065046479744,0.8288087240175783,0.756147423475722,0.014034137666165162,1.0,COLLAPSED,lego-puzzles,Temperature Scaling (TS),Zero-Shot Base
0.7299994415064202,72.99994415064202,0.7299994415064202,72.99994415064202,0.7299994415064202,0.729999183504414,-0.48729146920962413,0.1971,0.0,0.5328991845996853,0.45557065046479744,10.51111011301338,0.756147423475722,3.418536301352414e-08,1.0,COLLAPSED,lego-puzzles,Temperature Scaling (TS),Target Adapted (Saerens-EM)
0.2978556568845735,29.78556568845735,0.2978556568845735,29.78556568845735,0.2978556569507693,0.2859192287573872,-0.043211514462597356,0.1971,0.005343239915775128,0.09143085992068462,0.45557065046479744,0.7657748262915991,0.7521907168909425,0.029899302074582423,1.0,COLLAPSED,lego-puzzles,Platt Scaling (1D),Zero-Shot Base
0.7299982293656557,72.99982293656558,0.729998229365656,72.9998229365656,0.7299982293656557,0.7299974057482714,-0.4872896914534816,0.1971,0.0,0.5328974148769925,0.45557065046479744,9.672365148082635,0.756147423475722,2.328669764266997e-07,1.0,COLLAPSED,lego-puzzles,Platt Scaling (1D),Target Adapted (Saerens-EM)
0.35121389938054326,35.12138993805433,0.35038433530719815,35.038433530719814,0.3506490429283109,0.3239535846610321,-0.08124587036624226,0.1971,0.0020572146137479894,0.13050857948981182,0.4950689963143263,0.8480074966531406,0.7059205714120472,0.08829376841060149,0.49718882934910513,COLLAPSED,lego-puzzles,Trajectory LR,Zero-Shot Base
0.7299993025207918,72.99993025207918,0.7299993025207918,72.99993025207918,0.7299993025207918,0.7299989688389265,-0.48729125454413663,0.1971,0.0,0.5328989816808425,0.4950689963143263,10.402030906453474,0.7404456498918163,3.6579500459411716e-07,1.0,COLLAPSED,lego-puzzles,Trajectory LR,Target Adapted (Saerens-EM)
0.35048923403243054,35.04892340324305,0.34879950837437523,34.879950837437526,0.35020719987331417,0.32204935859239653,-0.0793416442976067,0.1971,0.0012923471660313763,0.1268673610539642,0.5151871559094473,0.8429511678794692,0.6911106924536196,0.07764524697938044,0.3373306374943765,COLLAPSED,lego-puzzles,Trajectory LR (No Bias),Zero-Shot Base
0.7299992662620323,72.99992662620323,0.7299992662620324,72.99992662620323,0.7299992662620323,0.7299989186167594,-0.48729120432196954,0.1971,0.0,0.5328989287431055,0.5151871559094473,10.360769814294203,0.7274033166976598,4.340084968467136e-07,1.0,COLLAPSED,lego-puzzles,Trajectory LR (No Bias),Target Adapted (Saerens-EM)
0.3511543450978669,35.115434509786695,0.3503228551284833,35.03228551284833,0.35058910823932854,0.3239153282575722,-0.08120761396278237,0.1971,0.001886629996434985,0.1303062332417828,0.495320578135024,0.8479190413431783,0.7056758446453304,0.08827911743527786,0.4960262368575987,COLLAPSED,lego-puzzles,Trajectory Platt (5D),Zero-Shot Base
0.7299992974323781,72.99992974323781,0.7299992974323781,72.99992974323781,0.7299992974323781,0.72999896134071,-0.48729124704592014,0.1971,0.0,0.5328989742517657,0.495320578135024,10.396722852239588,0.7401141578467197,3.684613084688752e-07,1.0,COLLAPSED,lego-puzzles,Trajectory Platt (5D),Target Adapted (Saerens-EM)
0.32440539090470827,32.44053909047083,0.32373810945586723,32.373810945586726,0.32445035713603754,0.30776380535336484,-0.06505609105857502,0.1971,0.0007685942003498691,0.11113775257953486,0.5200447815640842,0.81295376645087,0.6717013565277198,0.09588983538787266,0.27354564283193594,COLLAPSED,lego-puzzles,Trajectory Platt (17D),Zero-Shot Base
0.7299985450631666,72.99985450631667,0.7299985450631666,72.99985450631667,0.7299985450631666,0.7299978517659977,-0.4872901374712079,0.1971,0.0,0.5328978757943401,0.5200447815640842,9.87586969831386,0.7223622601215728,8.119307981619518e-07,1.0,COLLAPSED,lego-puzzles,Trajectory Platt (17D),Target Adapted (Saerens-EM)
0.32352708437474925,32.352708437474924,0.3235270843747493,32.35270843747493,0.32352708423461013,0.3011044093872831,-0.05839669509249329,0.1971,0.004913679347723646,0.10892504381778237,0.510004570403076,0.797413012346137,0.7437134276597467,0.03586698289606521,0.6280449273598186,COLLAPSED,lego-puzzles,Best 5D Trajectory,Zero-Shot Base
0.7299990678090167,72.99990678090167,0.7299990678090169,72.9999067809017,0.7299990678090167,0.7299986296781474,-0.4872909153833576,0.1971,0.0,0.5328986390020334,0.510004570403076,10.140941948210328,0.743717562900515,1.4455170929552181e-07,1.0,COLLAPSED,lego-puzzles,Best 5D Trajectory,Target Adapted (Saerens-EM)
0.32352708437474925,32.352708437474924,0.3235270843747493,32.35270843747493,0.32352708423461013,0.3011044093872831,-0.05839669509249329,0.1971,0.004913679347723646,0.10892504381778237,0.510004570403076,0.797413012346137,0.7437134276597467,0.03586698289606521,0.6280449273598186,COLLAPSED,lego-puzzles,Two-Stage Residual,Zero-Shot Base
0.7299990678090167,72.99990678090167,0.7299990678090169,72.9999067809017,0.7299990678090167,0.7299986296781474,-0.4872909153833576,0.1971,0.0,0.5328986390020334,0.510004570403076,10.140941948210328,0.743717562900515,1.4455170929552181e-07,1.0,COLLAPSED,lego-puzzles,Two-Stage Residual,Target Adapted (Saerens-EM)
0.32436934026952224,32.43693402695222,0.3243693402695223,32.43693402695223,0.3243693402955027,0.3017258589699154,-0.05901814467512556,0.1971,0.0034785723819954024,0.10801076417586956,0.5117237128445098,0.7989359040577338,0.7428913564508383,0.041617078015291,0.6046679246402423,COLLAPSED,lego-puzzles,VCPS-5D (Our Method),Zero-Shot Base
0.7299990844396042,72.99990844396042,0.729999084439604,72.99990844396041,0.7299990844396042,0.7299986526560416,-0.48729093836125176,0.1971,0.0,0.5328986632826603,0.5117237128445098,10.156218928313107,0.7431734097119275,1.6513741293228013e-07,1.0,COLLAPSED,lego-puzzles,VCPS-5D (Our Method),Target Adapted (Saerens-EM)
0.3227784837729256,32.277848377292564,0.32277848377292556,32.27784837729256,0.3227784838063342,0.3007085346802264,-0.05800082038543658,0.1971,0.004271965620296494,0.10808495582141212,0.5090401734237351,0.7967507148067504,0.7436353783007673,0.04046457593362983,0.6121200369808071,COLLAPSED,lego-puzzles,VCPS-17D (Our Method),Zero-Shot Base
0.7299988917249156,72.99988917249156,0.7299988917249155,72.99988917249155,0.7299988917249156,0.7299983697014434,-0.48729065540665356,0.1971,0.0,0.532898381919605,0.5090401734237351,10.01634914320509,0.7438997140857326,1.9404344941345835e-07,1.0,COLLAPSED,lego-puzzles,VCPS-17D (Our Method),Target Adapted (Saerens-EM)
0.2705369194184365,27.05369194184365,0.27043976158247607,27.043976158247606,0.2647050379302899,0.27050169115048717,0.003446073197505062,0.19732974999999997,3.660342671335668e-05,0.07320526244054402,0.6155534074309627,3.8126876880550076,0.2068481567698452,0.0021945715261717136,0.9999999999999998,COLLAPSED,mmbench,Naive Confidence (NC),Zero-Shot Base
0.27049990000000024,27.049990000000022,0.2704999000000002,27.04999000000002,0.27049990000000024,0.2704999459000101,0.0034478184479821428,0.19732974999999997,0.0,0.07317019590001013,0.5,4.35994494667661,0.27711238711615954,2.220446049250313e-16,1.0,COLLAPSED,mmbench,Naive Confidence (NC),Target Adapted (Saerens-EM)
0.06734832318717111,6.734832318717111,0.07423824380192108,7.423824380192108,0.060330498408498495,0.19804827035116251,0.07589949399682971,0.19732974999999997,0.004254219786611,0.005734181662108725,0.6155534074309627,0.5855665081776514,0.2068481567698452,0.01927600875461895,0.9999999999999998,COLLAPSED,mmbench,Temperature Scaling (TS),Zero-Shot Base
0.27049978332947555,27.049978332947553,0.2704997833294756,27.04997833294756,0.27049978332947555,0.27049988006172876,0.0034478842862634695,0.19732974999999997,0.0,0.07317013278129322,0.6155534074309627,4.145650802937852,0.2068481567698452,1.987869957146336e-08,1.0,COLLAPSED,mmbench,Temperature Scaling (TS),Target Adapted (Saerens-EM)
0.08287150025654735,8.287150025654736,0.08770226753865375,8.770226753865375,0.08359624181544609,0.2003941300900547,0.07355363425793754,0.19732974999999997,0.006017408817376304,0.009626751309100635,0.6155534074309627,0.5908469279545785,0.2066703205020724,0.03605968581638762,0.9999999999999998,VALID,mmbench,Platt Scaling (1D),Zero-Shot Base
0.2704998177572403,27.04998177572403,0.2704998177572403,27.04998177572403,0.2704998177572403,0.27049989727522555,0.003447867072766675,0.19732974999999997,0.0,0.07317015140670022,0.6155534074309627,4.18997628536935,0.2068481567698452,3.1782644984584414e-08,1.0,COLLAPSED,mmbench,Platt Scaling (1D),Target Adapted (Saerens-EM)
0.0868758450470629,8.68758450470629,0.0876123458624102,8.76123458624102,0.08670841936781187,0.18817040981531916,0.08577735453267307,0.19732974999999997,0.01584634811974161,0.007889920030958337,0.6857531619028555,0.5633264698735242,0.18236179540068528,0.11125084273693542,0.6912217333167607,VALID,mmbench,Trajectory LR,Zero-Shot Base
0.2704995525462417,27.04995525462417,0.27049955254624175,27.049955254624177,0.2704995525462417,0.2704996806843379,0.0034480836636543444,0.19732974999999997,0.0,0.07317000792771697,0.6857531619028555,3.9312864807699714,0.17950075592374948,3.1439383340885204e-07,1.0,COLLAPSED,mmbench,Trajectory LR,Target Adapted (Saerens-EM)
0.09013058708548038,9.013058708548039,0.08895119681589844,8.895119681589843,0.08963291072704983,0.18885947992864555,0.08508828441934668,0.19732974999999997,0.017242285219594686,0.009930909787653272,0.6853021401993363,0.5651321700215965,0.1864669742880292,0.10902497755428092,0.6688502414336629,VALID,mmbench,Trajectory LR (No Bias),Zero-Shot Base
0.27049960144411556,27.049960144411557,0.2704996014441158,27.04996014441158,0.27049960144411556,0.2704997108732937,0.003448053474698509,0.19732974999999997,0.0,0.07317003438142536,0.6853021401993363,3.9655936615278358,0.17870716733452416,3.228215364094239e-07,1.0,COLLAPSED,mmbench,Trajectory LR (No Bias),Target Adapted (Saerens-EM)
0.08691445033997297,8.691445033997297,0.08764749110490082,8.764749110490081,0.08674634456059152,0.18817716709821986,0.08577059724977237,0.19732974999999997,0.01584634811974161,0.007896656708365373,0.6857632972220358,0.5633422063337142,0.18220716884676472,0.11126035900998889,0.6912202722148184,VALID,mmbench,Trajectory Platt (5D),Zero-Shot Base
0.2704995506030413,27.049955060304132,0.2704995506030413,27.049955060304132,0.2704995506030413,0.2704996792922664,0.0034480850557258025,0.19732974999999997,0.0,0.07317000687644731,0.6857632972220358,3.930116285318013,0.17935816228946963,3.157831975009769e-07,1.0,COLLAPSED,mmbench,Trajectory Platt (5D),Target Adapted (Saerens-EM)
0.07031805911660194,7.031805911660194,0.07163390788435936,7.163390788435936,0.0704038790342969,0.18499929425838957,0.08894847008960266,0.19732974999999997,0.01770105760011069,0.006047205631384655,0.684849218123471,0.5549831003549017,0.17980961709460594,0.12349882387217868,0.6715097530585387,VALID,mmbench,Trajectory Platt (17D),Zero-Shot Base
0.2704996741051424,27.049967410514242,0.2704996741051424,27.049967410514242,0.2704996741051424,0.270499760728087,0.0034480036199052155,0.19732974999999997,0.0,0.07317007369098825,0.684849218123471,4.017829695993858,0.17902273099394614,2.542029029212268e-07,1.0,COLLAPSED,mmbench,Trajectory Platt (17D),Target Adapted (Saerens-EM)
0.0799448110493097,7.99448110493097,0.08569708418329422,8.569708418329421,0.083644491746755,0.19290814584013002,0.0810396185078622,0.19732974999999997,0.013362580674316397,0.0100561369876257,0.67631971357588,0.574117530334257,0.17669473285705609,0.045850023759113706,0.7788991630177937,VALID,mmbench,Best 5D Trajectory,Zero-Shot Base
0.2704997385260933,27.049973852609334,0.27049973852609327,27.049973852609327,0.2704997385260933,0.27049984487233514,0.0034479194756570908,0.19732974999999997,0.0,0.07317010854268485,0.67631971357588,4.081750131437343,0.1766774138090937,5.965637815105142e-08,1.0,COLLAPSED,mmbench,Best 5D Trajectory,Target Adapted (Saerens-EM)
0.0799448110493097,7.99448110493097,0.08569708418329422,8.569708418329421,0.083644491746755,0.19290814584013002,0.0810396185078622,0.19732974999999997,0.013362580674316397,0.0100561369876257,0.67631971357588,0.574117530334257,0.17669473285705609,0.045850023759113706,0.7788991630177937,VALID,mmbench,Two-Stage Residual,Zero-Shot Base
0.2704997385260933,27.049973852609334,0.27049973852609327,27.049973852609327,0.2704997385260933,0.27049984487233514,0.0034479194756570908,0.19732974999999997,0.0,0.07317010854268485,0.67631971357588,4.081750131437343,0.1766774138090937,5.965637815105142e-08,1.0,COLLAPSED,mmbench,Two-Stage Residual,Target Adapted (Saerens-EM)
0.08630027161914833,8.630027161914832,0.09111502754445079,9.111502754445079,0.09161592876697515,0.19202070157914908,0.08192706276884315,0.19732974999999997,0.01577935670717601,0.011288387907947683,0.6816002148687665,0.5723010645709359,0.17470866707985516,0.052801684055465335,0.7267170696197589,VALID,mmbench,VCPS-5D (Our Method),Zero-Shot Base
0.2704997993285325,27.04997993285325,0.2704997993285324,27.04997993285324,0.2704997993285325,0.27049987854108315,0.003447885806909079,0.19732974999999997,0.0,0.07317014143677636,0.6816002148687665,4.150225675730512,0.17496314789012926,5.253322574728466e-08,1.0,COLLAPSED,mmbench,VCPS-5D (Our Method),Target Adapted (Saerens-EM)
0.08843662058358756,8.843662058358756,0.09091864521172949,9.09186452117295,0.09192123690524111,0.19234401440318913,0.0816037499448031,0.19732974999999997,0.01655742847608552,0.012217839157032933,0.6831224131181437,0.5730580701927008,0.1704883144169753,0.05248726930053541,0.7560977463740342,VALID,mmbench,VCPS-17D (Our Method),Zero-Shot Base
0.2704997620879871,27.04997620879871,0.27049976208798715,27.049976208798714,0.2704997620879871,0.27049985614833144,0.0034479081996607874,0.19732974999999997,0.0,0.07317012128965762,0.6831205127457973,4.104200635178379,0.17022074915338967,6.156796537911325e-08,1.0,COLLAPSED,mmbench,VCPS-17D (Our Method),Target Adapted (Saerens-EM)
0.7927004503725484,79.27004503725485,0.7927004503725483,79.27004503725483,0.7329708171936853,0.6985274640513861,-0.4578841700907983,0.018321217674746645,0.00020164986666167359,0.680224643569038,0.7210909631391201,3.3328351996226133,0.9226458000521875,0.2351483926947049,1.0,COLLAPSED,mmmu,Naive Confidence (NC),Zero-Shot Base
0.9813299735944646,98.13299735944646,0.9813299735944645,98.13299735944645,0.9813299735944646,0.9813297316008491,-0.7406864376402613,0.018321217674746645,0.0,0.9630085170749126,0.5846834126040429,15.341206155569674,0.9805156393715951,3.3064725469298863e-07,1.0,COLLAPSED,mmmu,Naive Confidence (NC),Target Adapted (Saerens-EM)
0.5208775892341849,52.08775892341849,0.5208775892341848,52.087758923418484,0.5210742857709334,0.28931933091833034,-0.0486760369577425,0.018321217674746645,0.0018202029425178124,0.27269294545002376,0.7210909631391201,0.772411876140005,0.9226458000521875,0.03667799011413523,1.0,COLLAPSED,mmmu,Temperature Scaling (TS),Zero-Shot Base
0.9813262857508221,98.13262857508221,0.9813262857508221,98.13262857508221,0.9813262857508221,0.981322474274226,-0.7406791803136382,0.018321217674746645,0.0,0.9630012791055043,0.7210909631391201,12.220109653187263,0.9509656649519939,5.620905962697001e-07,1.0,COLLAPSED,mmmu,Temperature Scaling (TS),Target Adapted (Saerens-EM)
0.39963056696349597,39.9630566963496,0.3996305669634959,39.96305669634959,0.3998852568807063,0.1793771508879479,0.061266143072639945,0.018321217674746645,0.0026815516326283177,0.16328380338777426,0.7210909631391201,0.5487417809978125,0.0397427440729044,0.06673756631178851,1.0,VALID,mmmu,Platt Scaling (1D),Zero-Shot Base
0.01866752648469386,1.8667526484693862,0.018669520393180324,1.8669520393180323,0.01866752648469386,0.018669651793961406,0.22197364216662643,0.018321217674746645,0.0,0.00034847654505674677,0.7210909631391201,0.2371333698848495,0.009565604905630565,6.892127623301045e-07,1.0,COLLAPSED,mmmu,Platt Scaling (1D),Target Adapted (Saerens-EM)
0.3674448534806186,36.744485348061865,0.36744485348061867,36.744485348061865,0.37038265976638657,0.18478562936580487,0.055857664594782974,0.018321217674746645,0.0008706373143129599,0.16729715042063564,0.7329072532699167,0.537352430784613,0.14156882171713142,0.191982464813329,0.5973960335567333,VALID,mmmu,Trajectory LR,Zero-Shot Base
0.01866569955501132,1.866569955501132,0.018668318193631864,1.8668318193631863,0.013361651319318693,0.01866952280081387,0.22197377115977396,0.018321217674746645,0.0,0.00034840833987794976,0.7329072532699167,0.22561921848344862,0.007598601522978101,3.0485173957259333e-06,0.5973960335567333,COLLAPSED,mmmu,Trajectory LR,Target Adapted (Saerens-EM)
0.3708757826205861,37.087578262058614,0.3708757826205861,37.087578262058614,0.37414969215668586,0.1873466011180018,0.053296692842586035,0.018321217674746645,0.0005866545113865002,0.16974901320938862,0.7266646848989299,0.5430457855852894,0.15422680183490456,0.19135188820927684,0.5834926668332704,VALID,mmmu,Trajectory LR (No Bias),Zero-Shot Base
0.018665059110732903,1.8665059110732902,0.01866810978859386,1.8668109788593859,0.013361504354815649,0.018669493989938724,0.22197379997064912,0.018321217674746645,0.0,0.00034838443160715337,0.7266646848989299,0.22356261968386032,0.008082508231089879,3.5057528756403114e-06,0.5834926668332704,COLLAPSED,mmmu,Trajectory LR (No Bias),Target Adapted (Saerens-EM)
0.3674663861598406,36.74663861598406,0.3674663861598406,36.74663861598406,0.37040373172017516,0.18480355640638915,0.05583973755419869,0.018321217674746645,0.0008706373143129599,0.16731474400627414,0.732832936979786,0.5373919810566766,0.1416123981790644,0.19198626122087983,0.5973193918046098,VALID,mmmu,Trajectory Platt (5D),Zero-Shot Base
0.01866567542079598,1.8665675420795982,0.018668309632045396,1.8668309632045397,0.013361651125464639,0.018669521320993247,0.22197377263959459,0.018321217674746645,0.0,0.00034840743891450724,0.732832936979786,0.22551059273252796,0.00759999395871023,3.0664361729687227e-06,0.5973193918046098,COLLAPSED,mmmu,Trajectory Platt (5D),Target Adapted (Saerens-EM)
0.33121794233679486,33.12179423367949,0.3312179423367948,33.12179423367948,0.3435848448697462,0.16130824193232543,0.07933505202826241,0.018321217674746645,0.0007481635452556389,0.14375426751620415,0.7563168846611177,0.4794483449821534,0.10766383645267379,0.198882787039877,0.5128993216404203,VALID,mmmu,Trajectory Platt (17D),Zero-Shot Base
0.018667782302880156,1.8667782302880156,0.018668773298825856,1.8668773298825856,0.013361823191592497,0.018669639038855705,0.22197365492173213,0.018321217674746645,0.0,0.0003484860961077255,0.7563168846611177,0.23784471710506883,0.007208252263708352,1.6013866947524512e-06,0.5127003106338052,COLLAPSED,mmmu,Trajectory Platt (17D),Target Adapted (Saerens-EM)
0.38837012059618753,38.83701205961875,0.38775111159920517,38.77511115992051,0.3878035680687355,0.1734736592495958,0.06716963471099205,0.018321217674746645,0.002547471901090435,0.15747505949141974,0.7521551724137931,0.5336793756858106,0.054738569519268365,0.0942642900974518,0.8761257090982606,VALID,mmmu,Best 5D Trajectory,Zero-Shot Base
0.01866789440452369,1.866789440452369,0.018669553426887614,1.8669553426887613,0.01866789440452369,0.01866966162790026,0.22197363233268758,0.018321217674746645,0.0,0.00034849028149844686,0.7521551724137931,0.23903776846395772,0.007834770022208991,7.891121441777385e-07,1.0,COLLAPSED,mmmu,Best 5D Trajectory,Target Adapted (Saerens-EM)
0.38837012059618753,38.83701205961875,0.38775111159920517,38.77511115992051,0.3878035680687355,0.1734736592495958,0.06716963471099205,0.018321217674746645,0.002547471901090435,0.15747505949141974,0.7521551724137931,0.5336793756858106,0.054738569519268365,0.0942642900974518,0.8761257090982606,VALID,mmmu,Two-Stage Residual,Zero-Shot Base
0.01866789440452369,1.866789440452369,0.018669553426887614,1.8669553426887613,0.01866789440452369,0.01866966162790026,0.22197363233268758,0.018321217674746645,0.0,0.00034849028149844686,0.7521551724137931,0.23903776846395772,0.007834770022208991,7.891121441777385e-07,1.0,COLLAPSED,mmmu,Two-Stage Residual,Target Adapted (Saerens-EM)
0.38902040114389097,38.902040114389095,0.38840440451130015,38.840440451130014,0.38845052144108794,0.17376307802835592,0.06688021593223192,0.018321217674746645,0.0019742000995569982,0.1573376761030515,0.7546819262782402,0.5345616107440405,0.05502665796412467,0.09279216225205256,0.851292580308164,VALID,mmmu,VCPS-5D (Our Method),Zero-Shot Base
0.01866775119134906,1.8667751191349062,0.018669225362447923,1.8669225362447923,0.01866775119134906,0.018669653642686437,0.2219736403179014,0.018321217674746645,0.0,0.0003484849345421143,0.7546819262782402,0.23775831440838333,0.0076482791604984115,8.465648529731408e-07,1.0,COLLAPSED,mmmu,VCPS-5D (Our Method),Target Adapted (Saerens-EM)
0.3818543289730373,38.18543289730373,0.3818543289730371,38.18543289730371,0.38186480919884136,0.17153778230335245,0.06910551165723539,0.018321217674746645,0.0014678266351532032,0.15446840906494747,0.7546819262782403,0.5270817870369245,0.05868984333899364,0.10793421406339317,0.8237376969969474,VALID,mmmu,VCPS-17D (Our Method),Zero-Shot Base
0.018667746725837354,1.8667746725837355,0.01866920300423583,1.8669203004235828,0.018667746725837354,0.018669652811088476,0.22197364114949936,0.018321217674746645,0.0,0.00034848476782001127,0.7546819262782403,0.2375836211619499,0.00720979822123078,9.171531434641815e-07,1.0,COLLAPSED,mmmu,VCPS-17D (Our Method),Target Adapted (Saerens-EM)
0.019231540824178585,1.9231540824178586,0.01798767548369762,1.7987675483697623,0.012599763466789359,0.08122982037842137,0.21334101693440854,0.09719008264462813,0.016440351794778086,0.000639572880121811,0.8217723474645506,0.2769864860120378,0.03467420380073879,0.13034250565999722,1.0,VALID,pope,Naive Confidence (NC),Zero-Shot Base
0.10909080909090929,10.909080909090928,0.10909080909090939,10.909080909090939,0.10909080909090929,0.10909088727273729,0.1854799500400926,0.09719008264462813,0.0,0.011900804628109217,0.5,1.7583377965256057,0.11995230520695689,1.1102230246251565e-16,1.0,COLLAPSED,pope,Naive Confidence (NC),Target Adapted (Saerens-EM)
0.3513828340301772,35.138283403017724,0.35138283403017717,35.13828340301772,0.3513828340547083,0.21644836777345197,0.07812246953937793,0.09719008264462813,0.010263140409599027,0.13049217205451752,0.8217723474645506,0.6257918073742558,0.03467420380073879,0.020371467909621507,1.0,VALID,pope,Temperature Scaling (TS),Zero-Shot Base
0.10908950126304007,10.908950126304006,0.10908950126303994,10.908950126303994,0.10908950126304007,0.10909057501399426,0.18548026229883563,0.09719008264462813,0.0,0.01190051928581882,0.8217723474645506,1.4609006883810998,0.03469392334297457,1.165534335827466e-07,1.0,COLLAPSED,pope,Temperature Scaling (TS),Target Adapted (Saerens-EM)
0.5350523004303097,53.50523004303097,0.5350523004303097,53.50523004303097,0.5350523004651611,0.3759590882824755,-0.08138825096964558,0.09719008264462813,0.011117128466196988,0.29127391239141964,0.8217723474645506,0.9542490998109726,0.7641355120613088,0.04109861386055587,1.0,COLLAPSED,pope,Platt Scaling (1D),Zero-Shot Base
0.8909077159724955,89.09077159724956,0.8909077159724956,89.09077159724956,0.8909077159724955,0.8909065882547491,-0.5963357509419192,0.09719008264462813,0.0,0.7937165583793288,0.8217723474645506,12.018525210443727,0.7641355120613088,2.435353692228602e-07,1.0,COLLAPSED,pope,Platt Scaling (1D),Target Adapted (Saerens-EM)
0.37367456702728435,37.36745670272843,0.37367456702728435,37.36745670272843,0.37367604776528496,0.22823079436953259,0.06634004294329732,0.09719008264462813,0.01472145317838533,0.14579285051413715,0.7662039845664781,0.6537533138210667,0.33483541178324344,0.1542083695197135,0.6796647667949082,VALID,pope,Trajectory LR,Zero-Shot Base
0.09179746772090944,9.179746772090944,0.09179746772090942,9.179746772090942,0.09407216463652804,0.10229049851751883,0.1922803387953111,0.09719008264462813,0.0034441019372326,0.01074196706384665,0.7662039845664781,0.4143190049483754,0.05427643413912446,0.015986206336365667,0.6796647667949082,COLLAPSED,pope,Trajectory LR,Target Adapted (Saerens-EM)
0.37196893733437536,37.196893733437534,0.3718973570221013,37.18973570221013,0.37190555926635815,0.22634868160387592,0.06822215570895399,0.09719008264462813,0.016100638045994434,0.14550597944133517,0.7651847897303987,0.6504332780830018,0.32111441055415313,0.1463474351332111,0.6661071531788487,VALID,pope,Trajectory LR (No Bias),Zero-Shot Base
0.10032268816696588,10.032268816696588,0.1003226881669659,10.032268816696591,0.10554848449820237,0.10546857636424703,0.18910226094858287,0.09719008264462813,0.0015011175217007123,0.011264819448305836,0.7651847897303987,0.4844801990554669,0.05461862268644623,0.009052836802967756,0.6661071531788487,COLLAPSED,pope,Trajectory LR (No Bias),Target Adapted (Saerens-EM)
0.3736376546860489,37.363765468604896,0.3736376546860489,37.363765468604896,0.3736391290511097,0.2281982543826024,0.06637258293022749,0.09719008264462813,0.014969262353736057,0.1459334845910407,0.7661999401425255,0.6536779678005786,0.334719801793515,0.154177316626327,0.6795649791824575,VALID,pope,Trajectory Platt (5D),Zero-Shot Base
0.09202295785533816,9.202295785533817,0.09202295785533815,9.202295785533815,0.09435810507388571,0.10237128047345984,0.19219955683937007,0.09719008264462813,0.002717888172433628,0.010235950660839755,0.7661999401425255,0.4155656093598025,0.05407345595375159,0.01578177875096744,0.6795649791824575,COLLAPSED,pope,Trajectory Platt (5D),Target Adapted (Saerens-EM)
0.3593872299575508,35.93872299575508,0.35846365729469487,35.84636572946949,0.3587471362186801,0.22885849664983957,0.06571234066299034,0.09719008264462813,0.013057637631065253,0.14422730535931252,0.7081624564213319,0.6532902115610115,0.3219344152466815,0.17879076941157593,0.47330510507362794,VALID,pope,Trajectory Platt (17D),Zero-Shot Base
0.08839655808591429,8.839655808591429,0.08959188056403032,8.959188056403033,0.08918342892100699,0.10124665556252849,0.19332418175030142,0.09719008264462813,0.0060942530893624775,0.01151205158240936,0.7081624564213319,0.41268145554811364,0.07004473960979316,0.02130304506349241,0.47330510507362794,VALID,pope,Trajectory Platt (17D),Target Adapted (Saerens-EM)
0.5032218677780639,50.32218677780639,0.5032218677780639,50.32218677780639,0.5032218677780577,0.3396204829331736,-0.04504964562034369,0.09719008264462813,0.014256234892353762,0.2575507587306296,0.8123346841709336,0.8786045047525163,0.7692956973931079,0.06380104428469302,0.9417221874778997,COLLAPSED,pope,Best 5D Trajectory,Zero-Shot Base
0.890906003749481,89.09060037494811,0.890906003749481,89.09060037494811,0.890906003749481,0.8909034160749458,-0.5963325787621159,0.09719008264462813,0.0,0.7937135075168703,0.8123346841709336,11.303471008988614,0.769298057587925,7.839118377399514e-07,1.0,COLLAPSED,pope,Best 5D Trajectory,Target Adapted (Saerens-EM)
0.5032218677780639,50.32218677780639,0.5032218677780639,50.32218677780639,0.5032218677780577,0.3396204829331736,-0.04504964562034369,0.09719008264462813,0.014256234892353762,0.2575507587306296,0.8123346841709336,0.8786045047525163,0.7692956973931079,0.06380104428469302,0.9417221874778997,COLLAPSED,pope,Two-Stage Residual,Zero-Shot Base
0.890906003749481,89.09060037494811,0.890906003749481,89.09060037494811,0.890906003749481,0.8909034160749458,-0.5963325787621159,0.09719008264462813,0.0,0.7937135075168703,0.8123346841709336,11.303471008988614,0.769298057587925,7.839118377399514e-07,1.0,COLLAPSED,pope,Two-Stage Residual,Target Adapted (Saerens-EM)
0.49929892108617985,49.929892108617985,0.4992989210861798,49.92989210861798,0.4992989210861733,0.3356934839816861,-0.04112264666885618,0.09719008264462813,0.013585015339433003,0.2532529943415908,0.8120232635265761,0.8703466873160219,0.7694424650067143,0.06476961387737588,0.9348041504454562,COLLAPSED,pope,VCPS-5D (Our Method),Zero-Shot Base
0.8909053794423155,89.09053794423156,0.8909053794423156,89.09053794423156,0.8909053794423155,0.8909022675233198,-0.5963314302104898,0.09719008264462813,0.0,0.7937123951192562,0.8120232635265761,11.140037742591954,0.7694879871053062,9.56546653053607e-07,1.0,COLLAPSED,pope,VCPS-5D (Our Method),Target Adapted (Saerens-EM)
0.49017163057305535,49.01716305730554,0.4901716305730555,49.01716305730555,0.4901716305730487,0.32612643267817587,-0.03155559536534597,0.09719008264462813,0.014912470587958965,0.24441327225864437,0.7985876871557184,0.8509398579671855,0.7676384142886318,0.07190012280102143,0.8740844107650094,COLLAPSED,pope,VCPS-17D (Our Method),Zero-Shot Base
0.8909041284653888,89.09041284653888,0.8909041284653889,89.0904128465389,0.885164491732073,0.8908999533340557,-0.5963291160212258,0.09719008264462813,0.0,0.793710166116674,0.7985876871557184,10.884643775139791,0.7702085081577367,1.3800820522016756e-06,0.8740844107650094,COLLAPSED,pope,VCPS-17D (Our Method),Target Adapted (Saerens-EM)
0.2144188324958086,21.441883249580858,0.21441883249580865,21.441883249580865,0.2291339183479407,0.23673225700505832,0.023120885212278647,0.237231,0.05069359868105409,0.05314194100757206,0.798952287011394,0.7475846547451842,0.1683133636682182,0.1916050597750042,1.0,VALID,scienceqa,Naive Confidence (NC),Zero-Shot Base
0.3869998661038878,38.699986610388784,0.38699986610388787,38.699986610388784,0.3869998661038878,0.38699987591726326,-0.1271467336999263,0.237231,0.0,0.14976889636442708,0.6738685079100117,6.09944024018727,0.2776433992313812,7.139827616653262e-08,1.0,COLLAPSED,scienceqa,Naive Confidence (NC),Target Adapted (Saerens-EM)
0.18358763758671984,18.358763758671984,0.19412820525628605,19.412820525628604,0.18383854402304828,0.22905476216580686,0.0307983800515301,0.237231,0.04625523052843533,0.041347998918646114,0.798952287011394,0.6509197152461368,0.1683133636682182,0.03066951781357913,1.0,VALID,scienceqa,Temperature Scaling (TS),Zero-Shot Base
0.38699806862023556,38.69980686202356,0.38699806862023567,38.699806862023564,0.38699806862023556,0.38699839136950365,-0.12714524915216668,0.237231,0.0,0.14976750511579254,0.798952287011394,5.064484675907425,0.1720091823668836,2.3134718523044468e-07,1.0,COLLAPSED,scienceqa,Temperature Scaling (TS),Target Adapted (Saerens-EM)
0.24025633469097316,24.025633469097315,0.24234832941065199,24.2348329410652,0.24025633469097166,0.269745755056006,-0.009892612838669046,0.237231,0.05908883674223018,0.09305005984452709,0.798952287011394,0.733412608771738,0.41505075832573374,0.058895997319994016,1.0,COLLAPSED,scienceqa,Platt Scaling (1D),Zero-Shot Base
0.6129984446052501,61.29984446052501,0.6129984446052501,61.29984446052501,0.6129984446052501,0.6129978954283878,-0.3531447532110508,0.237231,0.0,0.3757670930884559,0.798952287011394,8.156969850305451,0.41590394558026356,4.159033952631679e-07,1.0,COLLAPSED,scienceqa,Platt Scaling (1D),Target Adapted (Saerens-EM)
0.16213697140309227,16.21369714030923,0.16429623585787853,16.42962358578785,0.1536808907797954,0.23369674035032945,0.026156401867007517,0.237231,0.04048540560152425,0.03695335838489584,0.7076341203299736,0.6643269515896371,0.3230329523735262,0.1555361103485648,0.7846360352474858,VALID,scienceqa,Trajectory LR,Zero-Shot Base
0.13753396292646516,13.753396292646517,0.14404628671551928,14.404628671551928,0.13007903025688983,0.22557545537435303,0.034277686842983934,0.237231,0.039082971164467746,0.027735547065852732,0.7076341203299736,0.6465607448060671,0.3001318015255702,0.15787240250232193,0.7846360352474858,VALID,scienceqa,Trajectory LR,Target Adapted (Saerens-EM)
0.16179229388684496,16.179229388684497,0.1572906164855432,15.729061648554321,0.15096591960686795,0.2342282315098907,0.02562491070744627,0.237231,0.039987440691192554,0.037321433291889645,0.7059701303792506,0.6654968340199586,0.3250895856212986,0.15118420976907898,0.7822787711564019,VALID,scienceqa,Trajectory LR (No Bias),Zero-Shot Base
0.13835669449972504,13.835669449972505,0.1301744514309338,13.017445143093381,0.11927292818311888,0.22193538887608164,0.03791775334125533,0.237231,0.039115757808797884,0.024494323980853255,0.7059701303792506,0.6385979054239665,0.2907479210474605,0.1544828018763095,0.7822787711564019,VALID,scienceqa,Trajectory LR (No Bias),Target Adapted (Saerens-EM)
0.16166250426508488,16.166250426508487,0.1642836837861687,16.42836837861687,0.15366673762933916,0.2336938795090498,0.026159262708287168,0.237231,0.04008270335271419,0.03667533053000057,0.7076246359034021,0.6643210103267565,0.3230202966047693,0.155537694232257,0.7846117832414047,VALID,scienceqa,Trajectory Platt (5D),Zero-Shot Base
0.13708234082725326,13.708234082725326,0.14393658632770986,14.393658632770986,0.1299567032753179,0.22553424306081865,0.03431889915651831,0.237231,0.03885626200126338,0.02747942839067861,0.7076246359034021,0.6464705764739271,0.3000395413084996,0.1578842027062294,0.7846117832414047,VALID,scienceqa,Trajectory Platt (5D),Target Adapted (Saerens-EM)
0.20415622606361286,20.415622606361286,0.20116634493554014,20.116634493554013,0.1987202195314581,0.25564467230753435,0.004208469909802615,0.237231,0.030004715017534277,0.049116141908273854,0.6416277805177232,0.7129076566697475,0.3992197363639772,0.16712581438623003,0.5559147306456187,VALID,scienceqa,Trajectory Platt (17D),Zero-Shot Base
0.2577723368772355,25.777233687723548,0.257582931113509,25.7582931113509,0.25662953361198176,0.2869304353693235,-0.027077293151986537,0.237231,0.029491526543389778,0.07942523234790654,0.6416277805177232,0.7824438027179295,0.44971341698618306,0.15906360159385993,0.5559147306456187,COLLAPSED,scienceqa,Trajectory Platt (17D),Target Adapted (Saerens-EM)
0.21892865404933082,21.892865404933083,0.21799717620403464,21.799717620403463,0.21799717620403197,0.25497507147661114,0.004878070740725826,0.237231,0.049011953439311945,0.06871642933326826,0.7795229122669466,0.7034192055830247,0.41073922997581724,0.07910613372129478,0.9501284892447187,VALID,scienceqa,Best 5D Trajectory,Zero-Shot Base
0.6129975605434211,61.29975605434211,0.6129975605434211,61.29975605434211,0.6129975605434211,0.6129966383208606,-0.35314349610352364,0.237231,0.0,0.3757660092321853,0.7795229122669466,7.880261426374397,0.4259944560331904,8.192847776808031e-07,1.0,COLLAPSED,scienceqa,Best 5D Trajectory,Target Adapted (Saerens-EM)
0.21892865404933082,21.892865404933083,0.21799717620403464,21.799717620403463,0.21799717620403197,0.25497507147661114,0.004878070740725826,0.237231,0.049011953439311945,0.06871642933326826,0.7795229122669466,0.7034192055830247,0.41073922997581724,0.07910613372129478,0.9501284892447187,VALID,scienceqa,Two-Stage Residual,Zero-Shot Base
0.6129975605434211,61.29975605434211,0.6129975605434211,61.29975605434211,0.6129975605434211,0.6129966383208606,-0.35314349610352364,0.237231,0.0,0.3757660092321853,0.7795229122669466,7.880261426374397,0.4259944560331904,8.192847776808031e-07,1.0,COLLAPSED,scienceqa,Two-Stage Residual,Target Adapted (Saerens-EM)
0.21580285159663948,21.580285159663948,0.21507913624988506,21.507913624988507,0.2150791367489123,0.25371896658470383,0.006134175632633132,0.237231,0.047632004557360906,0.06660771483692997,0.778781019344015,0.7008441534561768,0.40849454954004955,0.07932894799739422,0.947943242196768,VALID,scienceqa,VCPS-5D (Our Method),Zero-Shot Base
0.61299691987798,61.299691987798,0.6129969198779801,61.29969198779801,0.6072611462207586,0.6129957556439488,-0.35314261342661185,0.237231,0.0,0.37576522377989063,0.778781019344015,7.737545767102208,0.4264534251042852,1.038804835286549e-06,0.947943242196768,COLLAPSED,scienceqa,VCPS-5D (Our Method),Target Adapted (Saerens-EM)
0.21733552112665053,21.733552112665052,0.21733552112665058,21.73355211266506,0.21733554519161824,0.2548001287267641,0.005053013490572855,0.237231,0.04518683842797681,0.06451890226444257,0.7649896092837782,0.7034236731507102,0.4134647607707884,0.08767515555351019,0.9284885530685046,VALID,scienceqa,VCPS-17D (Our Method),Zero-Shot Base
0.6129971373625562,61.299713736255626,0.6129971373625562,61.299713736255626,0.6072605309876125,0.6129960468242878,-0.3531429046069508,0.237231,0.0,0.37576549041468865,0.7649896092837782,7.786651074831265,0.43393577805559413,1.0512038199467005e-06,0.9284885530685046,COLLAPSED,scienceqa,VCPS-17D (Our Method),Target Adapted (Saerens-EM)
0.32349381918927267,32.349381918927264,0.3234938191892727,32.34938191892727,0.3176827972550033,0.32349859646245,-0.056558833200398895,0.21884775,0.0,0.10464825105366184,0.5096414059545963,4.995713885099009,0.33068367226590717,0.00014980322258568852,1.0,COLLAPSED,seedbench,Naive Confidence (NC),Zero-Shot Base
0.3234999000000003,32.34999000000003,0.3234999000000003,32.34999000000003,0.3234999000000003,0.3234999353000101,-0.05656017203795899,0.21884775,0.0,0.10465218530001018,0.5,5.214204010905298,0.3395391128916975,2.220446049250313e-16,1.0,COLLAPSED,seedbench,Naive Confidence (NC),Target Adapted (Saerens-EM)
0.008531018002696964,0.8531018002696964,0.02582016367286343,2.582016367286343,0.009534432670671026,0.21875745045666758,0.048182312805383515,0.21884775,0.00015480854979270706,0.00012745012523390916,0.5096414059545963,0.6292743631656051,0.33068367226590717,0.01342600335941007,1.0,COLLAPSED,seedbench,Temperature Scaling (TS),Zero-Shot Base
0.32349987327799634,32.34998732779963,0.32349987327799634,32.34998732779963,0.32349987327799634,0.3234999178101521,-0.05656015454810098,0.21884775,0.0,0.10465216801087969,0.5096414059545963,5.137462954644007,0.33068367226590717,8.384449586586916e-09,1.0,COLLAPSED,seedbench,Temperature Scaling (TS),Target Adapted (Saerens-EM)
0.01990235332950073,1.990235332950073,0.028787722269281123,2.8787722269281124,0.021561701947239477,0.2191298833844394,0.047809879877611705,0.21884775,0.00038023899517158357,0.0006761458952658183,0.5096414059545963,0.6301268377858302,0.33068567552367856,0.02682933026036662,1.0,VALID,seedbench,Platt Scaling (1D),Zero-Shot Base
0.3234997966689136,32.34997966689136,0.323499796668914,32.3499796668914,0.3234997966689136,0.32349986778286516,-0.05656010452081406,0.21884775,0.0,0.10465211844482844,0.5096414059545963,4.985740045847199,0.33068367226590717,2.9471339214387293e-08,1.0,COLLAPSED,seedbench,Platt Scaling (1D),Target Adapted (Saerens-EM)
0.0538180437341299,5.38180437341299,0.05786286861384405,5.786286861384405,0.05573515170937293,0.21540743698751977,0.05153232627453133,0.21884775,0.008042645649942276,0.004629977133401684,0.5934839403192402,0.6213477112208314,0.29014373574786706,0.13211459946170778,0.4068207981652596,VALID,seedbench,Trajectory LR,Zero-Shot Base
0.32349940870678195,32.349940870678196,0.3234994087067821,32.34994087067821,0.32349940870678195,0.3234995462531222,-0.05655978299107112,0.21884775,0.0,0.10465186743363755,0.5934839403192402,4.6509635831540175,0.27696677298585154,4.2965514493636164e-07,1.0,COLLAPSED,seedbench,Trajectory LR,Target Adapted (Saerens-EM)
0.04918077009652387,4.918077009652387,0.05530604175181572,5.530604175181572,0.0519308652551265,0.21560387272648307,0.05133589053556803,0.21884775,0.007968130482071446,0.004425609811628599,0.5907411659475594,0.6222658063325933,0.2961111565161517,0.13100076612606343,0.391388130270156,VALID,seedbench,Trajectory LR (No Bias),Zero-Shot Base
0.32349945556553594,32.34994555655359,0.323499455565536,32.3499455565536,0.32349945556553594,0.32349957696909976,-0.056559813707048656,0.21884775,0.0,0.10465189775119817,0.5907411659475594,4.685531297550153,0.2824788643758,4.77083578349269e-07,1.0,COLLAPSED,seedbench,Trajectory LR (No Bias),Target Adapted (Saerens-EM)
0.05383768062293528,5.383768062293528,0.05788572047650813,5.788572047650813,0.055760973636334414,0.2154118389831856,0.05152792427886549,0.21884775,0.008042645649942276,0.004634323593822258,0.5934142571719381,0.621357016256584,0.2903686131658893,0.1321334077143503,0.40682191815869784,VALID,seedbench,Trajectory Platt (5D),Zero-Shot Base
0.3234994059721128,32.34994059721128,0.3234994059721128,32.34994059721128,0.3234994059721128,0.32349954414327114,-0.056559780881220045,0.21884775,0.0,0.10465186566430985,0.5934142571719381,4.649480636403172,0.27705240552459737,4.317080897371145e-07,1.0,COLLAPSED,seedbench,Trajectory Platt (5D),Target Adapted (Saerens-EM)
0.05274933508783579,5.274933508783579,0.0603403400555253,6.03403400555253,0.057977517673983646,0.21609162590078176,0.050848137361269335,0.21884775,0.007330091856817018,0.00450543237239977,0.5891635851865052,0.6238689854721403,0.28608915673817603,0.13990376194818827,0.40462401740976717,VALID,seedbench,Trajectory Platt (17D),Zero-Shot Base
0.32349966932313645,32.34996693231365,0.32349966932313645,32.34996693231365,0.32349966932313645,0.3234997460309099,-0.05655998276885882,0.21884775,0.0,0.10465203605217863,0.5891635851865052,4.850150432962164,0.28278380314630885,2.615651191407238e-07,1.0,COLLAPSED,seedbench,Trajectory Platt (17D),Target Adapted (Saerens-EM)
0.025797533578707642,2.5797533578707643,0.05526050152221874,5.526050152221874,0.039404370534967106,0.2146553841817388,0.052284379080312304,0.21884775,0.005604169051666014,0.0025325239149927743,0.6024502193876794,0.6197884562430581,0.2635699102062534,0.04113275453766667,0.5242203064961309,VALID,seedbench,Best 5D Trajectory,Zero-Shot Base
0.3234998207448355,32.34998207448355,0.3234998207448355,32.34998207448355,0.3234998207448355,0.32349987858615414,-0.056560115324103044,0.21884775,0.0,0.10465213402194071,0.6024502193876793,5.017149930916331,0.2635681584545057,3.801018542513439e-08,1.0,COLLAPSED,seedbench,Best 5D Trajectory,Target Adapted (Saerens-EM)
0.025797533578707642,2.5797533578707643,0.05526050152221874,5.526050152221874,0.039404370534967106,0.2146553841817388,0.052284379080312304,0.21884775,0.005604169051666014,0.0025325239149927743,0.6024502193876794,0.6197884562430581,0.2635699102062534,0.04113275453766667,0.5242203064961309,VALID,seedbench,Two-Stage Residual,Zero-Shot Base
0.3234998207448355,32.34998207448355,0.3234998207448355,32.34998207448355,0.3234998207448355,0.32349987858615414,-0.056560115324103044,0.21884775,0.0,0.10465213402194071,0.6024502193876793,5.017149930916331,0.2635681584545057,3.801018542513439e-08,1.0,COLLAPSED,seedbench,Two-Stage Residual,Target Adapted (Saerens-EM)
0.034815072136029,3.4815072136029004,0.045839762890169826,4.583976289016983,0.033323426872820514,0.21281786974966832,0.05412189351238278,0.21884775,0.007499161960642829,0.0016166655702562964,0.6029277202987009,0.6158387693769546,0.26587318662156767,0.05472922992383175,0.49264918424425536,VALID,seedbench,VCPS-5D (Our Method),Zero-Shot Base
0.3234997795170007,32.34997795170007,0.32349977951700054,32.349977951700055,0.3234997795170007,0.3234998476957795,-0.0565600844337284,0.21884775,0.0,0.10465210734754807,0.6029277202987009,4.948415691123811,0.26587345439082244,5.990627546958142e-08,1.0,COLLAPSED,seedbench,VCPS-5D (Our Method),Target Adapted (Saerens-EM)
0.03492806369362236,3.492806369362236,0.0445067389131713,4.4506738913171295,0.033802244981599096,0.2129784300694462,0.053961333192604904,0.21884775,0.007367014908170096,0.0015757207243293674,0.600117547473072,0.6162086032995909,0.2689210461282504,0.05436704639829942,0.5155573513889774,VALID,seedbench,VCPS-17D (Our Method),Zero-Shot Base
0.32349977008906694,32.34997700890669,0.323499770089067,32.3499770089067,0.32349977008906694,0.32349984142815325,-0.056560078166102146,0.21884775,0.0,0.10465210124767917,0.6001763783269418,4.935193966013971,0.2699774978798805,6.195752825136212e-08,1.0,COLLAPSED,seedbench,VCPS-17D (Our Method),Target Adapted (Saerens-EM)
0.08511946489910803,8.511946489910803,0.08669619956029519,8.66961995602952,0.08615295114513279,0.1716529939182646,0.08575615052114421,0.24234375,0.08193229094866208,0.011903453082826454,0.8366751773049645,0.5068687778352353,0.1282810077231914,0.2544495146103487,1.0,VALID,textvqa,Naive Confidence (NC),Zero-Shot Base
0.41249014624992286,41.249014624992284,0.41249014624992286,41.249014624992284,0.40690948452334497,0.4124861356716699,-0.1550769912322611,0.24234375,0.0,0.17014812075328276,0.8366798194713089,4.757010117520947,0.1728238691126535,1.8364529593961854e-05,0.9999513365537689,COLLAPSED,textvqa,Naive Confidence (NC),Target Adapted (Saerens-EM)
0.08740032187958963,8.740032187958963,0.24881777156538387,24.881777156538387,0.2050341123928658,0.23663900392052625,0.02077014051888257,0.24234375,0.03562782528737314,0.03488692075033342,0.8366751773049645,0.6663567030270702,0.1282810077231914,0.021900873369019132,1.0,VALID,textvqa,Temperature Scaling (TS),Zero-Shot Base
0.4124963633853067,41.24963633853067,0.4124963633853067,41.24963633853067,0.4124963633853067,0.41249683252169195,-0.15508768808228313,0.24234375,0.0,0.170153249806103,0.8366751773049645,5.144519054429435,0.17295085840884694,3.1179694453750805e-07,1.0,COLLAPSED,textvqa,Temperature Scaling (TS),Target Adapted (Saerens-EM)
0.27200319947178203,27.200319947178205,0.29210072813770555,29.210072813770555,0.2763688323938067,0.2934798538453101,-0.03607070940590129,0.24234375,0.060913450538201394,0.11590263454129941,0.8366751773049645,0.783462835667128,0.3574229799170552,0.041784002382343685,1.0,COLLAPSED,textvqa,Platt Scaling (1D),Zero-Shot Base
0.5874995232641111,58.74995232641111,0.5874995232641111,58.74995232641111,0.5874995232641111,0.5874993903513482,-0.3300902459119394,0.24234375,0.0,0.3451556898355579,0.8366751773049645,8.512359661929613,0.3574229799170552,9.62622671091257e-08,1.0,COLLAPSED,textvqa,Platt Scaling (1D),Target Adapted (Saerens-EM)
0.2831790113163644,28.317901131636443,0.2831790113163644,28.317901131636443,0.28292556647225353,0.2676413245369646,-0.010232180097555776,0.24234375,0.059126338224623806,0.08572873053484215,0.7856577691811735,0.7691408423740304,0.3449804509992109,0.20541220945358318,0.7045269126317282,COLLAPSED,textvqa,Trajectory LR,Zero-Shot Base
0.5874982419393316,58.749824193933165,0.5874982419393315,58.74982419393315,0.5817717842912171,0.5874971151865951,-0.33008797074718627,0.24234375,0.0,0.34515418428180544,0.7856613797549967,7.8680323121670375,0.3929660887070553,2.0292378839515838e-06,0.7045309226936762,COLLAPSED,textvqa,Trajectory LR,Target Adapted (Saerens-EM)
0.2743212714088354,27.432127140883537,0.27432127140883544,27.432127140883544,0.2737696536885422,0.26139677484325086,-0.003987630403842035,0.24234375,0.059810340452753505,0.07977574101591,0.7855164410058028,0.7623586982482161,0.33925199416058494,0.20909594256494216,0.6970108127527032,COLLAPSED,textvqa,Trajectory LR (No Bias),Zero-Shot Base
0.5874979266368934,58.749792663689334,0.5874979266368935,58.74979266368935,0.5817756270216091,0.5874966064669858,-0.33008746202757694,0.24234375,0.0,0.34515381380264853,0.7855613152804642,7.769315071610244,0.3949114608869719,2.2832959179645513e-06,0.6969975610027094,COLLAPSED,textvqa,Trajectory LR (No Bias),Target Adapted (Saerens-EM)
0.2831677804719656,28.31677804719656,0.28316778047196567,28.316778047196568,0.28291416861815316,0.2676345931651321,-0.010225448725723285,0.24234375,0.05906937362942616,0.08571288404904061,0.7856577691811735,0.7691154593832893,0.34497577569454585,0.20541226121329695,0.7045369626342406,COLLAPSED,textvqa,Trajectory Platt (5D),Zero-Shot Base
0.5874982376833214,58.74982376833214,0.5874982376833215,58.749823768332156,0.5817718397007822,0.5874971081966374,-0.33008796375722854,0.24234375,0.0,0.34515417928100844,0.7856613797549968,7.866613633567286,0.39296678847708505,2.0342218299166623e-06,0.7045409726972666,COLLAPSED,textvqa,Trajectory Platt (5D),Target Adapted (Saerens-EM)
0.25277791056042775,25.277791056042776,0.2527779105604277,25.27779105604277,0.25065846418885923,0.25706762274469985,0.0003415216947089683,0.24234375,0.05171430613471504,0.06638451277138033,0.7641996131528046,0.7491198770305645,0.35655343979243836,0.21235322937716625,0.6445148061287015,COLLAPSED,textvqa,Trajectory Platt (17D),Zero-Shot Base
0.5874936515019489,58.74936515019489,0.5874936515019489,58.74936515019489,0.5818277817912808,0.5874897056075559,-0.33008056116814705,0.24234375,0.0,0.34514879055509334,0.7642027079303674,7.147986302295922,0.4207906835700517,7.885599271056115e-06,0.6445248750906079,COLLAPSED,textvqa,Trajectory Platt (17D),Target Adapted (Saerens-EM)
0.28134107631294525,28.134107631294526,0.2814479932701352,28.14479932701352,0.2813410763129426,0.2862418878199818,-0.028832743380572956,0.24234375,0.06933545314441009,0.11508617042271929,0.8193568020631851,0.7698696325895433,0.3652630383519545,0.0792800352777248,0.8508674907168727,COLLAPSED,textvqa,Best 5D Trajectory,Zero-Shot Base
0.5874996118550708,58.74996118550708,0.5874996118550708,58.74996118550708,0.5874996118550708,0.5874994659630738,-0.33009032152366496,0.24234375,0.0,0.3451557939298589,0.8193568020631851,8.616453138906039,0.36539384740608927,1.5442623466954536e-07,1.0,COLLAPSED,textvqa,Best 5D Trajectory,Target Adapted (Saerens-EM)
0.28134107631294525,28.134107631294526,0.2814479932701352,28.14479932701352,0.2813410763129426,0.2862418878199818,-0.028832743380572956,0.24234375,0.06933545314441009,0.11508617042271929,0.8193568020631851,0.7698696325895433,0.3652630383519545,0.0792800352777248,0.8508674907168727,COLLAPSED,textvqa,Two-Stage Residual,Zero-Shot Base
0.5874996118550708,58.74996118550708,0.5874996118550708,58.74996118550708,0.5874996118550708,0.5874994659630738,-0.33009032152366496,0.24234375,0.0,0.3451557939298589,0.8193568020631851,8.616453138906039,0.36539384740608927,1.5442623466954536e-07,1.0,COLLAPSED,textvqa,Two-Stage Residual,Target Adapted (Saerens-EM)
0.2782117762786728,27.82117762786728,0.2797405620814314,27.97405620814314,0.27821177627866983,0.28519105434892844,-0.02778190990951962,0.24234375,0.06810505288125597,0.11293363598290822,0.8184830431979369,0.7675701040646481,0.3666611440674834,0.07834018427794599,0.8447218916804728,COLLAPSED,textvqa,VCPS-5D (Our Method),Zero-Shot Base
0.5874994635054966,58.74994635054966,0.5874994635054966,58.74994635054966,0.5874994635054966,0.5874992638376716,-0.33009011939826277,0.24234375,0.0,0.3451556196192464,0.8184830431979369,8.427819154725439,0.36693915601834626,2.125519421477523e-07,1.0,COLLAPSED,textvqa,VCPS-5D (Our Method),Target Adapted (Saerens-EM)
0.2691015119536144,26.910151195361443,0.2703390046395988,27.03390046395988,0.26920885819910517,0.27746560957176897,-0.020056465132360146,0.24234375,0.07139670897952553,0.10786507265382077,0.8202728562217925,0.7506950412817968,0.3629861895822564,0.08409403196087173,0.8747470181867544,COLLAPSED,textvqa,VCPS-17D (Our Method),Zero-Shot Base
0.5874994873983751,58.74994873983751,0.5874994873983751,58.74994873983751,0.5874994873983751,0.5874992903414733,-0.3300901459020645,0.24234375,0.0,0.3451556476933535,0.8202728562217925,8.451676734392073,0.36379097558052576,2.1151447892369084e-07,1.0,COLLAPSED,textvqa,VCPS-17D (Our Method),Target Adapted (Saerens-EM)
0.17025630069669112,17.025630069669113,0.1702563006966912,17.02563006966912,0.17146198328326254,0.21184841978901842,0.034661011426206506,0.24,0.06065076105255628,0.03310931155818222,0.7890927083333334,0.6140270678690894,0.22423216578296967,0.2397794106743584,1.0,VALID,vizwiz-vqa,Naive Confidence (NC),Zero-Shot Base
0.44796440154864764,44.79644015486476,0.44796440154864775,44.796440154864776,0.4618315801873264,0.4041963994339816,-0.1576869682187567,0.24,0.054095455572343465,0.2203292991965246,0.7890927083333334,1.1913658035896901,0.36731877126559753,0.14288792568082107,1.0,COLLAPSED,vizwiz-vqa,Naive Confidence (NC),Target Adapted (Saerens-EM)
0.1532865206285997,15.328652062859971,0.22479695178589146,22.479695178589147,0.18857909250845373,0.24312814773988464,0.00338128347534028,0.24,0.018846529814271748,0.027005972789821277,0.7890927083333334,0.6793813425059884,0.22423216578296967,0.017394169157007568,1.0,COLLAPSED,vizwiz-vqa,Temperature Scaling (TS),Zero-Shot Base
0.5999459890583978,59.99459890583978,0.5999459890583977,59.994598905839766,0.5942767720505916,0.599933434094528,-0.3534240028793031,0.24,0.0,0.3599351897872592,0.7890927083333334,5.880634811539126,0.36981109384475963,3.6833407740472584e-06,1.0,COLLAPSED,vizwiz-vqa,Temperature Scaling (TS),Target Adapted (Saerens-EM)
0.1662691219934888,16.62691219934888,0.18023725108667984,18.023725108667985,0.16343588811943377,0.23102141231200116,0.015488018903223766,0.24,0.04514234693295774,0.039579727968203256,0.7890927083333334,0.6529325446731109,0.2058479472720713,0.03075225850635054,1.0,VALID,vizwiz-vqa,Platt Scaling (1D),Zero-Shot Base
0.3999993923265955,39.99993923265955,0.3999993923265955,39.99993923265955,0.3999993923265955,0.3999994723115394,-0.15349004109631445,0.24,0.0,0.15999951386164565,0.7890927083333334,5.696627732078984,0.2058479472720713,8.830963496948061e-08,1.0,COLLAPSED,vizwiz-vqa,Platt Scaling (1D),Target Adapted (Saerens-EM)
0.0884455156504675,8.84455156504675,0.09846707411609136,9.846707411609136,0.08465027852539353,0.22231006671834638,0.02419936449687854,0.24,0.02821808639878093,0.011399992123336599,0.6737041666666667,0.6440227257377087,0.26725723645919086,0.1719038053688019,0.551870444631514,VALID,vizwiz-vqa,Trajectory LR,Zero-Shot Base
0.3999989377471449,39.999893774714494,0.39999893774714496,39.999893774714494,0.3999989377471449,0.3999988644915114,-0.15348943327628647,0.24,0.0,0.1599991501988443,0.6737156249999999,5.518029711558348,0.2829230500301332,9.349717929032349e-07,1.0,COLLAPSED,vizwiz-vqa,Trajectory LR,Target Adapted (Saerens-EM)
0.0747973917485709,7.47973917485709,0.09104147889571985,9.104147889571985,0.07192874443658966,0.22209151523208248,0.02441791598314244,0.24,0.027116296270300985,0.009776827733820208,0.6733947916666666,0.6460842454674839,0.2698990420414965,0.17168477184008676,0.5467045093361558,VALID,vizwiz-vqa,Trajectory LR (No Bias),Zero-Shot Base
0.399998735739241,39.9998735739241,0.39999873573924094,39.99987357392409,0.3942578303353197,0.399998662012659,-0.15348923079743407,0.24,0.0,0.15999898859299116,0.6734036458333333,5.449070970063987,0.2867128372657026,1.0613118434122077e-06,0.5467279701229824,COLLAPSED,vizwiz-vqa,Trajectory LR (No Bias),Target Adapted (Saerens-EM)
0.08842750273272397,8.842750273272397,0.09841198838874698,9.841198838874698,0.08462080825066128,0.22230930947712635,0.024200121738098573,0.24,0.02822879736012748,0.011373598559015386,0.6736854166666668,0.6440042337635621,0.2672622222276297,0.17189849516774755,0.5518000406138602,VALID,vizwiz-vqa,Trajectory Platt (5D),Zero-Shot Base
0.399998925682604,39.9998925682604,0.399998925682604,39.9998925682604,0.399998925682604,0.3999988517401634,-0.1534894205249385,0.24,0.0,0.15999914054723735,0.6736958333333334,5.5134955813703455,0.28292543710472384,9.451597885141849e-07,1.0,COLLAPSED,vizwiz-vqa,Trajectory Platt (5D),Target Adapted (Saerens-EM)
0.04605380852613597,4.605380852613597,0.05198949323687703,5.198949323687703,0.04351335656184206,0.22538528932028395,0.021124141894940968,0.24,0.019096306885308452,0.004074402002897252,0.6592229166666667,0.6498547992625513,0.28942018876468867,0.18426735736142902,0.5204715217582342,VALID,vizwiz-vqa,Trajectory Platt (17D),Zero-Shot Base
0.3999883884370461,39.99883884370461,0.39998838843704604,39.998838843704604,0.3943242268189119,0.3999879216586034,-0.1534784904433785,0.24,0.0,0.15999071088446526,0.6592229166666667,4.588658416452854,0.2999327252279064,1.1855215045035567e-05,0.5204715217582342,COLLAPSED,vizwiz-vqa,Trajectory Platt (17D),Target Adapted (Saerens-EM)
0.10157780833652957,10.157780833652957,0.11187639126479981,11.187639126479981,0.10348054287616572,0.22477063820324147,0.02173879301198345,0.24,0.035924320217907056,0.02295135925105415,0.72765,0.6393146922058062,0.24475686606542843,0.06291118640081035,0.7620929593448097,VALID,vizwiz-vqa,Best 5D Trajectory,Zero-Shot Base
0.3999995408150167,39.99995408150167,0.39999954081501665,39.99995408150166,0.3999995408150167,0.39999957748766213,-0.1534901462724372,0.24,0.0,0.15999963265222422,0.72765,5.797994291687053,0.2447971553145743,1.3812586560095308e-07,1.0,COLLAPSED,vizwiz-vqa,Best 5D Trajectory,Target Adapted (Saerens-EM)
0.10157780833652957,10.157780833652957,0.11187639126479981,11.187639126479981,0.10348054287616572,0.22477063820324147,0.02173879301198345,0.24,0.035924320217907056,0.02295135925105415,0.72765,0.6393146922058062,0.24475686606542843,0.06291118640081035,0.7620929593448097,VALID,vizwiz-vqa,Two-Stage Residual,Zero-Shot Base
0.3999995408150167,39.99995408150167,0.39999954081501665,39.99995408150166,0.3999995408150167,0.39999957748766213,-0.1534901462724372,0.24,0.0,0.15999963265222422,0.72765,5.797994291687053,0.2447971553145743,1.3812586560095308e-07,1.0,COLLAPSED,vizwiz-vqa,Two-Stage Residual,Target Adapted (Saerens-EM)
0.0966862310949969,9.66862310949969,0.11054648538163607,11.054648538163606,0.10226889259533153,0.22461093963563092,0.021898491579594004,0.24,0.03611407780057771,0.022920962323937456,0.7262916666666668,0.6391958014180122,0.24640376206395817,0.06146255346123706,0.7564023449178882,VALID,vizwiz-vqa,VCPS-5D (Our Method),Zero-Shot Base
0.3999996349775349,39.99996349775349,0.3999996349775349,39.99996349775349,0.3999996349775349,0.39999966514260055,-0.15349023392737562,0.24,0.0,0.15999970798216115,0.7262916666666668,5.890682195114396,0.24647170081526948,1.0764534192020713e-07,1.0,COLLAPSED,vizwiz-vqa,VCPS-5D (Our Method),Target Adapted (Saerens-EM)
0.10059613142585985,10.059613142585984,0.10090491325874688,10.090491325874689,0.0966891617496457,0.22177995909081163,0.024729472124413288,0.24,0.03880171213792164,0.02242975356301368,0.7326937500000001,0.6331658433866333,0.25136100795536115,0.0698939375662632,0.8018742128199591,VALID,vizwiz-vqa,VCPS-17D (Our Method),Zero-Shot Base
0.39999939293383285,39.999939293383285,0.39999939293383285,39.999939293383285,0.39999939293383285,0.3999994336426759,-0.15349000242745095,0.24,0.0,0.1599995143474348,0.7326937500000001,5.683918580234095,0.2516201258764581,2.002044187974895e-07,1.0,COLLAPSED,vizwiz-vqa,VCPS-17D (Our Method),Target Adapted (Saerens-EM)
0.0791043341383338,7.91043341383338,0.07694375851005317,7.694375851005317,0.07459267694167451,0.13703950364680173,0.14612370512539247,0.1659,0.03636130063570209,0.007815675542577597,0.7643505123568415,0.5079465405170804,0.1100730355228424,0.24028386061097884,1.0,VALID,vqav2,Naive Confidence (NC),Zero-Shot Base
0.20999970256283595,20.999970256283596,0.20999970256283607,20.999970256283607,0.20999970256283595,0.20999971755487054,0.07316349121732366,0.1659,0.0,0.04409987507647957,0.763248191681736,3.1042050478774237,0.10247390244916163,4.6939564827369164e-07,1.0,COLLAPSED,vqav2,Naive Confidence (NC),Target Adapted (Saerens-EM)
0.2600330395043669,26.003303950436692,0.2921745697989844,29.217456979898436,0.27702927205788036,0.2262985500081386,0.05686465876405561,0.1659,0.008787869057399584,0.07227868913972127,0.7643505123568415,0.645476402428666,0.1100730355228424,0.0324093261974615,1.0,VALID,vqav2,Temperature Scaling (TS),Zero-Shot Base
0.20999846460645355,20.999846460645355,0.20999846460645355,20.999846460645355,0.20999846460645355,0.2099993030398331,0.07316390573236109,0.1659,0.0,0.044099355137067926,0.7643505123568415,2.796328135535754,0.11137368910534229,1.9106491564296596e-07,1.0,COLLAPSED,vqav2,Temperature Scaling (TS),Target Adapted (Saerens-EM)
0.45738631928093954,45.73863192809395,0.4573863192809396,45.73863192809396,0.45755199806042224,0.36337100903536185,-0.08020780026316765,0.1659,0.03108398605584687,0.2303603009578622,0.7643505123568415,0.9328164812513604,0.6063636353556499,0.06811357401193847,1.0,COLLAPSED,vqav2,Platt Scaling (1D),Zero-Shot Base
0.7899990211029528,78.99990211029528,0.7899990211029527,78.99990211029527,0.7899990211029528,0.7899983836047233,-0.506835174832529,0.1659,0.0,0.6240984533436237,0.7643505123568415,10.931756606260667,0.6073222369756991,3.3842561843273344e-07,1.0,COLLAPSED,vqav2,Platt Scaling (1D),Target Adapted (Saerens-EM)
0.3679300343671107,36.79300343671107,0.3679300343671107,36.79300343671107,0.3678622993621051,0.274879744786751,0.008283463985443218,0.1659,0.029575437736147344,0.13863884041224564,0.7860533453887883,0.7611477789791636,0.45515088577908747,0.17920047338472864,0.7061868284004476,VALID,vqav2,Trajectory LR,Zero-Shot Base
0.5378648303292068,53.786483032920685,0.5378648303292067,53.78648303292067,0.5382989001031517,0.4316745940084852,-0.14851138523629098,0.1659,0.027462298671634945,0.29430015678065413,0.7860533453887883,1.1609833762132677,0.6255816188155222,0.13915310801279795,0.7061868284004476,COLLAPSED,vqav2,Trajectory LR,Target Adapted (Saerens-EM)
0.36288292005331335,36.288292005331336,0.3628829200533133,36.28829200533133,0.36274753367739926,0.2712896636897396,0.011873545082454584,0.1659,0.029345924248752618,0.1350339709572496,0.784376130198915,0.7544216717353579,0.4514070156785643,0.17335487578387082,0.70894673909767,VALID,vqav2,Trajectory LR (No Bias),Zero-Shot Base
0.5118722780719668,51.18722780719668,0.511872278071967,51.1872278071967,0.5122147413399031,0.40386796076118164,-0.12070475198898745,0.1659,0.028473602068474668,0.26666556229314825,0.784376130198915,1.0810714607911887,0.6238558674369333,0.1412366385793169,0.70894673909767,COLLAPSED,vqav2,Trajectory LR (No Bias),Target Adapted (Saerens-EM)
0.3679082348737866,36.79082348737866,0.36790823487378665,36.79082348737867,0.36784052816572926,0.2748636302604447,0.008299578511749506,0.1659,0.029575437736147344,0.13862243392443913,0.786054852320675,0.7611088261666008,0.45509787168758986,0.17919893484720165,0.7061431468894125,VALID,vqav2,Trajectory Platt (5D),Zero-Shot Base
0.5377057793428532,53.77057793428533,0.5377057793428531,53.77057793428531,0.5381385942064064,0.43149898078771887,-0.14833577201552467,0.1659,0.027489325338263513,0.2941373192446102,0.786054852320675,1.1604739582073484,0.6255260423944339,0.13920334209525675,0.7061431468894125,COLLAPSED,vqav2,Trajectory Platt (5D),Target Adapted (Saerens-EM)
0.3629764195414027,36.29764195414027,0.3629764195414028,36.29764195414028,0.3597432790641007,0.28144683140837334,0.0017163773638208535,0.1659,0.025406796218285198,0.14112456089055814,0.7540430982519591,0.8096788891365052,0.4601612512212633,0.20357066770825175,0.550311133978717,VALID,vqav2,Trajectory Platt (17D),Zero-Shot Base
0.46367089680482226,46.36708968048222,0.46367089680482226,46.36708968048222,0.461082423727592,0.36457657281819,-0.0814133640459958,0.1659,0.024372668432947907,0.22235933620641338,0.7540430982519591,1.022638970874579,0.5957464936083499,0.1842485167422776,0.550311133978717,COLLAPSED,vqav2,Trajectory Platt (17D),Target Adapted (Saerens-EM)
0.4399917899002065,43.999178990020646,0.43999178990020643,43.999178990020646,0.4399917899002014,0.3401610589222759,-0.056997850150081686,0.1659,0.027687733942032087,0.20361472858401047,0.7829701627486436,0.884050533296421,0.609124035061134,0.08602095096858181,0.9433183670558026,COLLAPSED,vqav2,Best 5D Trajectory,Zero-Shot Base
0.789998697483799,78.99986974837991,0.789998697483799,78.99986974837991,0.789998697483799,0.789997797518216,-0.5068345887460217,0.1659,0.0,0.624097942026099,0.7829701627486436,10.702684178910243,0.613289765025379,5.197352779265945e-07,1.0,COLLAPSED,vqav2,Best 5D Trajectory,Target Adapted (Saerens-EM)
0.4399917899002065,43.999178990020646,0.43999178990020643,43.999178990020646,0.4399917899002014,0.3401610589222759,-0.056997850150081686,0.1659,0.027687733942032087,0.20361472858401047,0.7829701627486436,0.884050533296421,0.609124035061134,0.08602095096858181,0.9433183670558026,COLLAPSED,vqav2,Two-Stage Residual,Zero-Shot Base
0.789998697483799,78.99986974837991,0.789998697483799,78.99986974837991,0.789998697483799,0.789997797518216,-0.5068345887460217,0.1659,0.0,0.624097942026099,0.7829701627486436,10.702684178910243,0.613289765025379,5.197352779265945e-07,1.0,COLLAPSED,vqav2,Two-Stage Residual,Target Adapted (Saerens-EM)
0.43879022673395346,43.87902267339535,0.4382438021782729,43.82438021782729,0.43824380217826775,0.3383867701571313,-0.055223561384937114,0.1659,0.02802687616685614,0.20215996597535424,0.7879611211573236,0.8802165358787706,0.6067275062305147,0.08646856585630153,0.9353852790517061,COLLAPSED,vqav2,VCPS-5D (Our Method),Zero-Shot Base
0.7899987357517128,78.99987357517128,0.7899987357517128,78.99987357517128,0.7899987357517128,0.7899978594869194,-0.5068346507147252,0.1659,0.0,0.6240980024893045,0.7879611211573236,10.72645753268179,0.6119323958241835,5.108527895244707e-07,1.0,COLLAPSED,vqav2,VCPS-5D (Our Method),Target Adapted (Saerens-EM)
0.4340349838204798,43.40349838204798,0.43403498382047984,43.403498382047985,0.43404887190294145,0.3335156392204582,-0.050352430448263985,0.1659,0.026792271178552082,0.19597013537033048,0.7832172995780591,0.870952867161272,0.6146071195773766,0.09303145586515461,0.9143070247268122,COLLAPSED,vqav2,VCPS-17D (Our Method),Zero-Shot Base
0.7899982962753704,78.99982962753704,0.7899982962753704,78.99982962753704,0.7899982962753704,0.7899971014176699,-0.5068338926454756,0.1659,0.0,0.6240973081179879,0.7832172995780591,10.493855639512338,0.6224236361550002,7.194438957659138e-07,1.0,COLLAPSED,vqav2,VCPS-17D (Our Method),Target Adapted (Saerens-EM)
