ece,ece_percent,adaptive_ece,adaptive_ece_percent,kde_ece,brier,brier_gain,murphy_uncertainty,murphy_resolution,murphy_reliability,auroc,nll,aurc,prob_std,spearman_rho,status,dataset,method,seed
0.24338895663619042,24.33889566361904,0.2430934526026249,24.30934526026249,0.23695209473866222,0.28618307566222934,-0.03740807566222931,0.248775,0.03369988391163855,0.0734873542532175,0.7049542759521655,0.9369491536737773,0.27953008071852303,0.20736864881085218,1.0,COLLAPSED,ai2d,Naive Confidence (NC),42
0.11043261283537503,11.043261283537504,0.13474321031438993,13.474321031438993,0.09960810261722075,0.22817466197020714,0.020600338029792886,0.248775,0.03465100570161546,0.014977531466479425,0.7049542759521655,0.6436590148375694,0.27953008071852303,0.12447009064278655,1.0,VALID,ai2d,Temperature Scaling (TS),42
0.07885393032596273,7.885393032596273,0.0952350217393827,9.523502173938269,0.05733977043973424,0.2171533681025948,0.03162163189740522,0.248775,0.04273279914529915,0.01079342096814977,0.7049542759521655,0.6213367984446242,0.2366306493038367,0.22569547835670123,1.0,VALID,ai2d,Platt Scaling (1D),42
0.062358292953019694,6.235829295301969,0.09679202478379244,9.679202478379244,0.05850073690583705,0.2179808084174835,0.030794191582516534,0.248775,0.038504499224180075,0.008052577660703015,0.7049542759521656,0.6278983811839258,0.23609579827853994,0.2319036688451061,0.9996294907372685,VALID,ai2d,Quadratic Platt (Logit-Only),42
0.07108465547596358,7.108465547596358,0.10197510496272376,10.197510496272375,0.06215506166083094,0.218164354121562,0.030610645878438036,0.248775,0.038011120604541655,0.007740620241363941,0.7002311325494924,0.6262200079854865,0.237564661139525,0.2333769900593016,0.922379059476487,VALID,ai2d,Beta Calibration,42
0.08715997736219805,8.715997736219805,0.08983442051978238,8.983442051978239,0.09303935380391169,0.22911596306066748,0.019659036939332547,0.248775,0.040677725563909764,0.021853626906150444,0.6987237463571501,0.6563631598573497,0.2740879128453316,0.2289592935642579,0.9846858586148194,VALID,ai2d,Spline Calibration,42
0.11610186829116857,11.610186829116858,0.13921975767940975,13.921975767940975,0.09968182751671877,0.22803471147627918,0.02074028852372084,0.248775,0.0350171052631579,0.015757755615772633,0.7051552607778112,0.643299643073741,0.2797738535568568,0.12630058619684315,0.9996849921248032,VALID,ai2d,Adaptive TS (ATS),42
5.9532803987294436e-05,0.005953280398729444,0.14780462048477117,14.780462048477116,0.007756921276316366,0.24878593670304563,-1.0936703045610896e-05,0.248775,0.0,3.5441547505896204e-09,0.45342176665661743,0.6907171628985003,0.5355488800619078,0.000143865914956318,0.22908540667070704,COLLAPSED,ai2d,Probability Margin (1D),42
0.019250688060237706,1.9250688060237706,0.019250688060237706,1.9250688060237706,0.026276344831925084,0.2352815777467392,0.013493422253260834,0.248775,0.014998443223443226,0.0015050209701824443,0.6158175057783137,0.6632569082137499,0.343532964384914,0.1070761509275648,0.5760226201086789,VALID,ai2d,MSSC (Multi-Scale Proxy),42
0.025443281700264386,2.5443281700264384,0.1654259335549946,16.54259335549946,0.003086247504185221,0.24851025170167734,0.0002647482983226812,0.248775,0.001285822510822511,0.0011340288225927249,0.6540046226509898,0.6901629054179927,0.30832128648447876,0.002507007170834194,0.5973974349358735,COLLAPSED,ai2d,MSE-EIGEN (Multi-Scale),42
0.08210562685076918,8.210562685076917,0.11340965374559141,11.34096537455914,0.05527664165921545,0.21637203884208367,0.032402961157916355,0.248775,0.043160233330355284,0.011598125576863879,0.7086724952266104,0.6195033776673586,0.23351593280570518,0.22376818710362928,0.9977064426610666,VALID,ai2d,Residual Calibrator,42
0.100661420624977,10.0661420624977,0.09916987134195425,9.916987134195425,0.07566235802597047,0.21994048230691862,0.028834517693081402,0.248775,0.040568803418803416,0.012839871689066296,0.6905838609185007,0.6282545615618589,0.24131311580089548,0.23529479879148996,0.9091787294682369,VALID,ai2d,Trajectory LR,42
0.11489460857691677,11.489460857691677,0.11879415614438846,11.879415614438846,0.08571063215046966,0.22392965292394534,0.02484534707605468,0.248775,0.04438891402714932,0.020037231792251392,0.6843533313234851,0.6360862456732014,0.25160797602997736,0.21660358958569165,0.8701657541438538,VALID,ai2d,Trajectory LR (No Bias),42
0.07212654472733895,7.212654472733895,0.11041645367588411,11.04164536758841,0.05849228978756759,0.2167257399319297,0.03204926006807032,0.248775,0.04022918621233839,0.00934231089503615,0.7085720028137875,0.6207119532686791,0.23321333811058154,0.2278543537515176,0.9967959198979975,VALID,ai2d,VCPS-5D (Our Method),42
0.06999149603214382,6.999149603214382,0.08516324349672356,8.516324349672356,0.06093633121629763,0.2168090863030714,0.03196591369692861,0.248775,0.039307060096765975,0.008078415916961384,0.7066626469701537,0.6203132925626974,0.232466316960929,0.22926427150409218,0.992150303757594,VALID,ai2d,VCPS-17D (Our Method),42
0.2533440259099007,25.334402590990067,0.24608951717615124,24.608951717615124,0.23643180034968597,0.2885442539516258,-0.03976925395162578,0.248775,0.04160685576175101,0.08184331777089374,0.697517837403276,0.9214479242135285,0.27501429716801135,0.21670902022749922,1.0,COLLAPSED,ai2d,Naive Confidence (NC),43
0.12757111185377484,12.757111185377484,0.14288256926075824,14.288256926075823,0.10459622131584102,0.2269678985619864,0.02180710143801362,0.248775,0.039871711159211155,0.018356098219993216,0.697517837403276,0.6398037704676095,0.27501429716801135,0.12460330228499196,1.0,VALID,ai2d,Temperature Scaling (TS),43
0.08254868985329862,8.254868985329862,0.10552026180431998,10.552026180431998,0.07191478142506548,0.21633570632929686,0.03243929367070317,0.248775,0.041201398111005406,0.008404087164589248,0.697517837403276,0.6166330852119883,0.2322178569391871,0.2274608432814494,1.0,VALID,ai2d,Platt Scaling (1D),43
0.06998955941367395,6.998955941367395,0.08998584161507492,8.998584161507491,0.05832421253029523,0.21319382147544455,0.035581178524555473,0.248775,0.04456921212455646,0.008543443908916152,0.697517837403276,0.6075341654094477,0.2272801810711932,0.2275211495985406,1.0,VALID,ai2d,Quadratic Platt (Logit-Only),43
0.0739063140508416,7.39063140508416,0.10565184444936779,10.56518444493678,0.06016266487835796,0.21352383123920282,0.0352511687607972,0.248775,0.04264373662735733,0.009654641148969526,0.6980202994673901,0.6093759261514983,0.22717303391979377,0.22920124580932225,0.950278256956424,VALID,ai2d,Beta Calibration,43
0.09267311745634617,9.267311745634617,0.10889445041918178,10.889445041918178,0.10618615337855652,0.22791722509294066,0.020857774907059368,0.248775,0.037594841835522516,0.015867154203216244,0.6891769671389809,0.6534957147168611,0.27489721181514504,0.23180130042333177,0.9916716116493614,VALID,ai2d,Spline Calibration,43
0.12694420640625634,12.694420640625633,0.1475389308137387,14.753893081373871,0.10473290612368073,0.22638168728948505,0.02239331271051498,0.248775,0.041932847365999545,0.018577492627253948,0.6997286704853783,0.6383053496781098,0.2733624969019703,0.12561271425920748,0.9997014925373136,VALID,ai2d,Adaptive TS (ATS),43
0.0001547602464849751,0.01547602464849751,0.16784537480868483,16.784537480868483,0.009788362644522283,0.24884297982150308,-6.797982150305582e-05,0.248775,0.0,2.395073389209025e-08,0.4705557230429102,0.6908320668900414,0.5242734208408685,0.0008855766383685507,0.3271455513183877,COLLAPSED,ai2d,Probability Margin (1D),43
0.028457384310312174,2.8457384310312173,0.028457384310312174,2.8457384310312173,0.037451094663661186,0.23180578557298392,0.0169692144270161,0.248775,0.01899629186602871,0.0020270774390126153,0.6308411214953272,0.656278209780244,0.34476586260478265,0.09911162889043854,0.49824347848104855,VALID,ai2d,MSSC (Multi-Scale Proxy),43
0.07646761591340914,7.646761591340915,0.1864714141994643,18.64714141994643,0.009700562302533786,0.2483126920083491,0.0004623079916509232,0.248775,0.010074950257005468,0.009712112145534763,0.7006331022007839,0.6897660434314575,0.27911634287776654,0.0020982800568909825,0.5948278706967676,COLLAPSED,ai2d,MSE-EIGEN (Multi-Scale),43
0.08340258784348305,8.340258784348304,0.10930246090172725,10.930246090172725,0.06975076906926789,0.2157664489255307,0.03300855107446932,0.248775,0.04128084954261425,0.00797870994964236,0.6974173449904532,0.6153621944618929,0.23215656413566021,0.22615230475220238,0.9993699842496063,VALID,ai2d,Residual Calibrator,43
0.11715422654542194,11.715422654542195,0.11613647182377326,11.613647182377326,0.07006747613410616,0.21352529619250882,0.035249703807491206,0.248775,0.05349973211056802,0.016980237328757253,0.6968143905135161,0.6108349608186644,0.22886300448849298,0.23553922829235516,0.9693647341183531,VALID,ai2d,Trajectory LR,43
0.1484365554669327,14.843655546693272,0.14585220555994047,14.585220555994047,0.07848743014762674,0.21511910876231302,0.033655891237687,0.248775,0.06142367864613202,0.028706686462425475,0.6913878002210833,0.6140344613456901,0.23179915829882491,0.23342887005689286,0.9547288682217057,VALID,ai2d,Trajectory LR (No Bias),43
0.0735164842379547,7.351648423795471,0.1194750130517694,11.94750130517694,0.07150552653848019,0.21551901991935987,0.03325598008064015,0.248775,0.04148086031546761,0.007021278959922153,0.698120791880213,0.6147218791468885,0.23055882912560804,0.22877547305145857,0.9991959798994976,VALID,ai2d,VCPS-5D (Our Method),43
0.06844204015739426,6.844204015739426,0.09399775725462171,9.399775725462172,0.06836217088719414,0.21392093897946352,0.03485406102053651,0.248775,0.041781844734785925,0.005441684117173447,0.7030449201085317,0.6109368110798417,0.22498463540785138,0.22937378816088563,0.9978144453611343,VALID,ai2d,VCPS-17D (Our Method),43
0.2484509550035,24.845095500350002,0.24857500120997428,24.85750012099743,0.25444862598236556,0.2618170343145477,-0.013042034314547701,0.248775,0.06677277045000665,0.08112466929175532,0.7900713496131041,0.8035177015413837,0.21954763531092836,0.2165856062398693,1.0,COLLAPSED,ai2d,Naive Confidence (NC),44
0.16036170303614025,16.036170303614025,0.16781756038641638,16.78175603864164,0.14704450985741882,0.21082371207005035,0.03795128792994967,0.248775,0.06948452380952382,0.03267329508786415,0.7900713496131041,0.60515949213332,0.21954763531092836,0.11706321344586638,1.0,VALID,ai2d,Temperature Scaling (TS),44
0.07452401991901487,7.452401991901487,0.08358242191709567,8.358242191709566,0.05816468537247436,0.18439059611742933,0.06438440388257069,0.248775,0.07238446516368044,0.009255360693578884,0.7900713496131041,0.5471042769580348,0.15678230082139644,0.2081738529601456,1.0,VALID,ai2d,Platt Scaling (1D),44
0.06662454213640337,6.662454213640337,0.085406681362839,8.5406681362839,0.05356062352240631,0.1846846464352478,0.06409035356475223,0.248775,0.06894802142302142,0.00616600344256761,0.7890664254848758,0.5440742535353835,0.15401481449983467,0.20852912528557785,0.9997374934373362,VALID,ai2d,Quadratic Platt (Logit-Only),44
0.07214818739436994,7.2148187394369945,0.07256640844480082,7.256640844480082,0.05322092208519188,0.18373856286177692,0.0650364371382231,0.248775,0.06989170417704901,0.00664226610486079,0.7833383579539744,0.5432639408166327,0.15606101746862852,0.21024871353811442,0.9269706742668569,VALID,ai2d,Beta Calibration,44
0.08225150868542601,8.2251508685426,0.10944649688440693,10.944649688440693,0.08417836302736714,0.19350974225529818,0.05526525774470184,0.248775,0.06713318713450292,0.01438782640884866,0.7868555924027736,0.5709464053004712,0.17413977335473685,0.21607511827668868,0.992618069695671,VALID,ai2d,Spline Calibration,44
0.16607232365752098,16.607232365752097,0.16676998878686589,16.67699887868659,0.1470525744871228,0.21047866352587405,0.038296336474125975,0.248775,0.07301686217008799,0.035004957585645154,0.790774796502864,0.604258025880119,0.21937912979893776,0.11818051762789912,0.9997059926498164,VALID,ai2d,Adaptive TS (ATS),44
6.820263624962575e-05,0.006820263624962575,0.17270722618635612,17.270722618635613,0.01244966013945837,0.24896378634863098,-0.00018878634863095378,0.248775,0.0,4.651599591398764e-09,0.5610993869962818,0.6910763375271262,0.46618196159255576,0.0022901424132454017,0.34358487806766036,COLLAPSED,ai2d,Probability Margin (1D),44
0.013007401940949565,1.3007401940949566,0.013007401940949567,1.3007401940949566,0.026079293950636954,0.23547376186422514,0.013301238135774884,0.248775,0.014894947848761414,0.0015937097129865325,0.6130037182192745,0.6636657643600331,0.34481789216926184,0.10429101972402025,0.5483367675843575,VALID,ai2d,MSSC (Multi-Scale Proxy),44
0.03498792461681842,3.498792461681842,0.19602940235867447,19.602940235867447,0.007940727073097401,0.2483527778740942,0.00042222212590581343,0.248775,0.0024240655053529283,0.00224041656358125,0.7149030248216259,0.6898465325594378,0.26801599225117595,0.002228042011944459,0.5410545263631592,COLLAPSED,ai2d,MSE-EIGEN (Multi-Scale),44
0.10477402860214577,10.477402860214577,0.08623257678432204,8.623257678432203,0.06229182790391052,0.18399833863578763,0.0647766613642124,0.248775,0.07843720293724164,0.014341567707145631,0.7924831675208521,0.5465066733177255,0.15484689921038308,0.20589661100442,0.9977034425860648,VALID,ai2d,Residual Calibrator,44
0.0928832159668451,9.28832159668451,0.08916261402949235,8.916261402949235,0.06321139903268883,0.18638419604454753,0.06239080395545249,0.248775,0.07686515218497979,0.01393923259303629,0.7805245703949351,0.5509700518292538,0.162288416548357,0.2146127530992558,0.9266151653791346,VALID,ai2d,Trajectory LR,44
0.09572039634034508,9.572039634034509,0.10320271175623401,10.3202711756234,0.08027736168860618,0.19489323925331997,0.05388176074668005,0.248775,0.06769685592185593,0.012496870814602467,0.765651693297156,0.5698248740465228,0.17831327213204234,0.19653256875897343,0.8636345908647717,VALID,ai2d,Trajectory LR (No Bias),44
0.10172969742895752,10.172969742895752,0.0849341355440414,8.49341355440414,0.06189784545531318,0.18359658653408226,0.06517841346591777,0.248775,0.07939784798534799,0.014408653724176997,0.7927846447593205,0.5453340777503309,0.15487561244099307,0.2088667579481064,0.9969504237605942,VALID,ai2d,VCPS-5D (Our Method),44
0.08684033676276633,8.684033676276632,0.09853770496280241,9.85377049628024,0.060975326575228195,0.1835297985038407,0.06524520149615931,0.248775,0.07132312413471135,0.009422291442731368,0.7910762737413325,0.5447002573064332,0.1560987327212121,0.21071925265193306,0.9923723093077327,VALID,ai2d,VCPS-17D (Our Method),44
0.2626391296088696,26.26391296088696,0.2528526808321475,25.285268083214753,0.25262561745347617,0.27051346046130453,-0.021738460461304565,0.248775,0.07569761904761904,0.09787094973272106,0.7660536629484473,0.8348656583180823,0.2387443181046397,0.2154909212341124,1.0,COLLAPSED,ai2d,Naive Confidence (NC),45
0.15548019592779722,15.548019592779722,0.17319370241395704,17.319370241395703,0.1436811015627486,0.2148127399004599,0.033962260099540065,0.248775,0.060903922583526164,0.02742996140685889,0.7660536629484473,0.6136990430498198,0.2387443181046397,0.11897585318574004,1.0,VALID,ai2d,Temperature Scaling (TS),45
0.07513146978615542,7.513146978615542,0.1072196259675341,10.721962596753409,0.061295579675840955,0.19148582460628735,0.057289175393712616,0.248775,0.07009565134870863,0.011231828287447666,0.7660536629484473,0.5632967236921878,0.17843128835542074,0.21305311161451213,1.0,VALID,ai2d,Platt Scaling (1D),45
0.09877829322510034,9.877829322510035,0.10531677561711168,10.531677561711168,0.051527201752591935,0.1887867030801567,0.05998829691984328,0.248775,0.0728230533862887,0.012941875436352435,0.7660536629484473,0.5575215640149308,0.17379790148116192,0.21319372011382068,1.0,VALID,ai2d,Quadratic Platt (Logit-Only),45
0.08160361177464419,8.160361177464418,0.08799944918745271,8.799944918745272,0.04974955207274544,0.18821206865440374,0.06056293134559623,0.248775,0.07267381444720153,0.011476096813182977,0.7748969952768565,0.5549197834631286,0.16397476785073178,0.21492742869321924,0.9564494112352809,VALID,ai2d,Beta Calibration,45
0.08573693086165785,8.573693086165784,0.13751318041378852,13.751318041378852,0.08169816337993518,0.2049831839347041,0.04379181606529586,0.248775,0.05988034645509178,0.018518362462159647,0.7696713898100693,0.5961170024770368,0.20081743461605997,0.2158632011847343,0.9847235612151769,VALID,ai2d,Spline Calibration,45
0.16319123782076647,16.319123782076648,0.17130122394266847,17.13012239426685,0.14432359229970398,0.21457368157753656,0.034201318422463406,0.248775,0.0637778873868388,0.029415887250393888,0.7665561250125614,0.6130523661091811,0.2384263852743455,0.11975926217501831,0.999620490512263,VALID,ai2d,Adaptive TS (ATS),45
0.000150582372372976,0.0150582372372976,0.23766809266853622,23.766809266853624,0.017677493862760955,0.2492640858794909,-0.0004890858794909247,0.248775,0.0,2.2675050869473605e-08,0.518490603959401,0.691684701436161,0.5172255884280524,0.00392486402848429,0.33284569595955843,COLLAPSED,ai2d,Probability Margin (1D),45
0.10261638110621477,10.261638110621476,0.10261638110621477,10.261638110621476,0.1018939368582446,0.2223843214453111,0.02639067855468888,0.248775,0.03864541170634921,0.012281087481184918,0.6915887850467289,0.6372994574275558,0.25472647634927,0.08607731905582265,0.5834463393528236,VALID,ai2d,MSSC (Multi-Scale Proxy),45
0.08081457401472401,8.0814574014724,0.2408981541638967,24.08981541638967,0.014069965210854787,0.24819906172493808,0.000575938275061888,0.248775,0.011884496810772506,0.011561388787267552,0.7677620339664355,0.6895377388290924,0.25073236120907133,0.0018084551601507688,0.6771964299107479,COLLAPSED,ai2d,MSE-EIGEN (Multi-Scale),45
0.09057485751762782,9.057485751762782,0.1206889923642792,12.068899236427919,0.06567012845225025,0.19133330954693364,0.057441690453066324,0.248775,0.0740202707139408,0.015270425682554722,0.766355140186916,0.5630188890513121,0.17677986629895776,0.2088486745193603,0.997001425035626,VALID,ai2d,Residual Calibrator,45
0.1276119692117751,12.76119692117751,0.10774893454238868,10.774893454238867,0.0808584996770737,0.19237143807654022,0.056403561923459744,0.248775,0.0810235413137587,0.024497318244678625,0.7546980202994675,0.5642808152236825,0.18010227572598428,0.21524817658112969,0.9398799969999252,VALID,ai2d,Trajectory LR,45
0.11469925803293082,11.469925803293082,0.12595396005428058,12.595396005428059,0.06967226899122703,0.19646202746934116,0.05231297253065881,0.248775,0.07014733772961158,0.017658530186274862,0.7605265802431916,0.5733585125576063,0.1871504783678977,0.20735120352049385,0.914361359033976,VALID,ai2d,Trajectory LR (No Bias),45
0.0991682706524564,9.91682706524564,0.11920030680909428,11.920030680909429,0.06581938277395326,0.19093632963747814,0.05783867036252183,0.248775,0.07698961817050054,0.018429412659156385,0.7666566174253843,0.5618989418670407,0.17578370493307216,0.21411856880099922,0.9966354158853973,VALID,ai2d,VCPS-5D (Our Method),45
0.1331815870460105,13.31815870460105,0.13841856926769575,13.841856926769575,0.06749136109461402,0.1903090659188386,0.05846593408116138,0.248775,0.08416585469501539,0.024701930684713966,0.7682644960305497,0.5603759884071924,0.17389256015039967,0.2134922188222288,0.9916822920573015,VALID,ai2d,VCPS-17D (Our Method),45
0.24355955481529232,24.355955481529232,0.24404353201389312,24.404353201389313,0.24419788641702356,0.2718383375065271,-0.023063337506527115,0.248775,0.061481408969210186,0.08742326347774489,0.7637423374535222,0.8441776499640653,0.23056146806892025,0.21621421940751642,1.0,COLLAPSED,ai2d,Naive Confidence (NC),46
0.14654167874263418,14.654167874263418,0.16521973551936292,16.52197355193629,0.1379430140740193,0.21556235784592034,0.033212642154079625,0.248775,0.06047885932150638,0.028190787822713538,0.7637423374535222,0.6141889948852656,0.23056146806892025,0.12193322335330391,1.0,VALID,ai2d,Temperature Scaling (TS),46
0.08674099198815907,8.674099198815908,0.09538740421888901,9.538740421888901,0.06082895650907982,0.19415541862810642,0.054619581371893544,0.248775,0.06250398036797204,0.009826806633064516,0.7637423374535222,0.5654139817028377,0.16939259197758408,0.21871852319748755,1.0,VALID,ai2d,Platt Scaling (1D),46
0.08600907719304,8.600907719304,0.08647606632987816,8.647606632987817,0.05030860097703684,0.1912768032385218,0.05749819676147816,0.248775,0.0725313782564861,0.014340954479581685,0.7637423374535222,0.5558714194192953,0.1667845950369835,0.21974202994043568,1.0,VALID,ai2d,Quadratic Platt (Logit-Only),46
0.06338705956854501,6.3387059568545014,0.08825949782077654,8.825949782077654,0.0579515313830516,0.19201946147082474,0.056755538529175226,0.248775,0.06747424812030076,0.011078397979757808,0.7393226811375742,0.5586969749246115,0.18063640728511376,0.2216171752515751,0.9433855846396161,VALID,ai2d,Beta Calibration,46
0.09477378160351015,9.477378160351014,0.1009117235223599,10.09117235223599,0.0959593174233226,0.2135648753065712,0.03521012469342877,0.248775,0.06352705989442255,0.029025689100901707,0.7484172444980404,0.614569042359303,0.2424191945482253,0.22558782035290387,0.9794322243968976,VALID,ai2d,Spline Calibration,46
0.14173478844024806,14.173478844024807,0.16428589428966942,16.42858942896694,0.13722709296909438,0.21522055049165384,0.03355444950834613,0.248775,0.06018063994828702,0.028007145340375225,0.7637423374535222,0.6131689196995178,0.2302885024510929,0.12338853531719372,0.9995184879621991,VALID,ai2d,Adaptive TS (ATS),46
0.010908071337696303,1.0908071337696303,0.20750579828330834,20.750579828330835,0.005488300028186438,0.24880786223850307,-3.286223850310077e-05,0.248775,0.0016576530612244906,0.0014859946059240965,0.4752286202391719,0.6907604456737974,0.5327339752606561,0.002771956859239438,-0.20844958872704672,COLLAPSED,ai2d,Probability Margin (1D),46
0.01844144707814488,1.844144707814488,0.01844144707814488,1.844144707814488,0.026473585593510464,0.23359295679172326,0.015182043208276708,0.248775,0.016209912757493405,0.0010278695492166809,0.6246608381067229,0.6598865009565645,0.34858690577494056,0.10473946129630053,0.5266310526009582,VALID,ai2d,MSSC (Multi-Scale Proxy),46
0.04648731478209167,4.648731478209167,0.1904431555950445,19.044315559504447,0.009019581610313828,0.24832593807547332,0.0004490619245266503,0.248775,0.0038123072458961997,0.0035927760884992476,0.7126921917395237,0.6897925955928081,0.2646270914299472,0.0021498662634841592,0.5918742968574215,COLLAPSED,ai2d,MSE-EIGEN (Multi-Scale),46
0.07867992203894772,7.867992203894772,0.10786997828205956,10.786997828205957,0.06120651092567032,0.194874178523564,0.05390082147643596,0.248775,0.06633162946760016,0.013373814287694357,0.7560044216661641,0.567311766433697,0.1739112456407031,0.2164752402753842,0.994364359108978,VALID,ai2d,Residual Calibrator,46
0.10329909076147493,10.329909076147494,0.12463129094334457,12.463129094334457,0.07769124844393235,0.1963864903696063,0.05238850963039368,0.248775,0.07128970722260196,0.017720956708019233,0.740528590091448,0.570999816413802,0.1871017001043035,0.2313146929118841,0.9177769444236107,VALID,ai2d,Trajectory LR,46
0.11541514614226579,11.54151461422658,0.13894154029131955,13.894154029131956,0.0826952100585906,0.19989529844145204,0.04887970155854793,0.248775,0.07308635531135531,0.02276027127137886,0.7347000301477238,0.5790137940301769,0.19445787751046806,0.2265741848893345,0.8897502437560941,VALID,ai2d,Trajectory LR (No Bias),46
0.06173224193236731,6.173224193236731,0.12636167704370657,12.636167704370656,0.060462639942178896,0.19482549946104386,0.05394950053895611,0.248775,0.061201776179579385,0.008262767776310062,0.7545975278866445,0.5664834011097344,0.17505957152809237,0.22254928062112364,0.9934043351083778,VALID,ai2d,VCPS-5D (Our Method),46
0.10114436608901266,10.114436608901265,0.10445902274707893,10.445902274707892,0.06357383009662737,0.1942122449704727,0.05456275502952726,0.248775,0.07175790598290599,0.01625975605614655,0.7556024520148729,0.5650467187836123,0.17367008920120844,0.22422996385565228,0.9850041251031277,VALID,ai2d,VCPS-17D (Our Method),46
0.24328326672315598,24.328326672315598,0.24342254430055615,24.342254430055615,0.24440963254445508,0.2689161281479655,-0.020141128147965537,0.248775,0.05176282263488148,0.07188293880799194,0.7542960506481761,0.8363361265067359,0.24294385875518537,0.20781301209546912,1.0,COLLAPSED,ai2d,Naive Confidence (NC),47
0.13475118057230806,13.475118057230805,0.1362148746343878,13.62148746343878,0.12429771417913034,0.21721740361421574,0.03155759638578423,0.248775,0.0520025695910254,0.02130438016885332,0.7542960506481761,0.6191282437422863,0.24294385875518537,0.11708218132291827,1.0,VALID,ai2d,Temperature Scaling (TS),47
0.047777441727970237,4.777744172797024,0.07026370586437361,7.026370586437361,0.03724270271044526,0.19682864231930658,0.05194635768069339,0.248775,0.05644569396928733,0.004311543753021545,0.7542960506481761,0.5740141016825494,0.18450138861502957,0.21114015647454518,1.0,VALID,ai2d,Platt Scaling (1D),47
0.053348950839887666,5.3348950839887666,0.07316875864815124,7.316875864815124,0.03345553423256249,0.1969381668727077,0.05183683312729226,0.248775,0.05559554261098379,0.0044917915878973855,0.7541955582353532,0.5719839955749799,0.18537120993581507,0.21407505151613712,0.999977499437486,VALID,ai2d,Quadratic Platt (Logit-Only),47
0.05626423293525528,5.626423293525528,0.060855925078804204,6.0855925078804205,0.03895109871159428,0.1971875082732251,0.051587491726774876,0.248775,0.057254288685171045,0.0048589419104578145,0.7443473017787157,0.5731112803112397,0.18851634117316463,0.21714403812346117,0.922572564314108,VALID,ai2d,Beta Calibration,47
0.06842724099368915,6.8427240993689145,0.10461421726592007,10.461421726592008,0.07720202528281032,0.20754227879847897,0.041232721201520994,0.248775,0.04738152654263164,0.008196706109555524,0.7478645362275149,0.6029665084395099,0.23538971046006185,0.2174179695101585,0.9884808684849112,VALID,ai2d,Spline Calibration,47
0.13618275754481235,13.618275754481235,0.1446768343333706,14.467683433337061,0.12325705739855836,0.21685771645222324,0.03191728354777673,0.248775,0.054221870589427824,0.022234825500931192,0.7549994975379359,0.6181573194689514,0.24236969582231963,0.1187388719719082,0.9996369909247733,VALID,ai2d,Adaptive TS (ATS),47
0.005985650774119035,0.5985650774119035,0.18282478334042704,18.282478334042704,0.007282863221458575,0.24877268069620925,2.3193037907154324e-06,0.248775,0.0006193316412859557,0.0005956990957853081,0.46432519344789464,0.6906905152641325,0.528863931384909,0.0005206637275794606,-0.18273613692948745,COLLAPSED,ai2d,Probability Margin (1D),47
0.022266728549801693,2.2266728549801695,0.022266728549801693,2.2266728549801695,0.026216034498773046,0.23416488042961653,0.01461011957038344,0.248775,0.016362971762150423,0.0017528521917668963,0.6211938498643352,0.6609991628746411,0.3226027618919367,0.10577817380813034,0.6127470960685801,VALID,ai2d,MSSC (Multi-Scale Proxy),47
0.04112648747869918,4.112648747869918,0.18212737621459862,18.212737621459862,0.00953776269458226,0.24832149418732358,0.00045350581267639134,0.248775,0.0030737804878048797,0.0028738057735185505,0.6767159079489499,0.6897840551807357,0.28924737069142015,0.002226862732676434,0.6229745743643592,COLLAPSED,ai2d,MSE-EIGEN (Multi-Scale),47
0.05018395414263961,5.018395414263961,0.08399698898052377,8.399698898052376,0.03597778373699044,0.19660236616510665,0.05217263383489332,0.248775,0.056646660224601394,0.003385645768987937,0.7549994975379357,0.5736890142857765,0.184149348521331,0.20989031422983462,0.9953393834845873,VALID,ai2d,Residual Calibrator,47
0.05767983960564217,5.767983960564218,0.07195362442058001,7.195362442058001,0.0421813615594966,0.20123567290676903,0.04753932709323094,0.248775,0.05159599043429689,0.004348787853834711,0.7440458245402473,0.5831549428785536,0.19465809091808772,0.22895411298995413,0.9076576914422861,VALID,ai2d,Trajectory LR,47
0.07184964400519264,7.184964400519264,0.080206603703698,8.0206603703698,0.040685963900290105,0.20051945469836674,0.04825554530163323,0.248775,0.05403706402293358,0.0057733350388698215,0.7412320369812079,0.5822444052787091,0.19747925581383027,0.22603347911813318,0.898994974874372,VALID,ai2d,Trajectory LR (No Bias),47
0.05179310243928461,5.179310243928461,0.075520704728491,7.5520704728491,0.0352178499634459,0.19637733893939407,0.05239766106060589,0.248775,0.057259428272257225,0.0037385057113705662,0.7546980202994673,0.5728992579519943,0.18519578464908382,0.21378453736897357,0.9945968649216231,VALID,ai2d,VCPS-5D (Our Method),47
0.06394813916841913,6.394813916841913,0.10286972344511464,10.286972344511463,0.03387239296152434,0.19627349325214077,0.052501506747859195,0.248775,0.06060985008485008,0.0069008055997477336,0.7544970354738217,0.5723439071393558,0.18559539514986043,0.21470657751040992,0.9898252456311408,VALID,ai2d,VCPS-17D (Our Method),47
0.2393018262088299,23.930182620882988,0.2390338431298733,23.90338431298733,0.2350967000808193,0.2839954170103912,-0.03522041701039119,0.248775,0.04364396114721193,0.07915964152821231,0.7197266606371219,0.9000548586050898,0.2576566381758916,0.22332018696653516,1.0,COLLAPSED,ai2d,Naive Confidence (NC),48
0.1377077225064568,13.77077225064568,0.1454668195739251,14.54668195739251,0.11848849383914453,0.22246813679913438,0.026306863200865643,0.248775,0.05042838484603852,0.024080815353214977,0.7197266606371219,0.6293648134434447,0.2576566381758916,0.1251185007762612,1.0,VALID,ai2d,Temperature Scaling (TS),48
0.08894766885730994,8.894766885730993,0.10977720369638645,10.977720369638645,0.06655720185940081,0.20743025900052126,0.04134474099947877,0.248775,0.056020615495615496,0.013799659338760525,0.7197266606371219,0.5957247047278319,0.20732938953660476,0.22777600538699722,1.0,VALID,ai2d,Platt Scaling (1D),48
0.10578424110316054,10.578424110316053,0.09116979906794428,9.116979906794429,0.05450698605140397,0.20261460755346214,0.046160392446537885,0.248775,0.061412782356532344,0.01603225311078622,0.7197266606371219,0.5821941179105677,0.2041544498619764,0.22412290846995048,1.0,VALID,ai2d,Quadratic Platt (Logit-Only),48
0.08964572433734153,8.964572433734153,0.08647806497743814,8.647806497743813,0.05454552146627958,0.2025617350158261,0.04621326498417391,0.248775,0.0592147661162367,0.012977807426900526,0.7184202592704251,0.5830425240849288,0.20333259454033306,0.22596705835347253,0.9850176254406362,VALID,ai2d,Beta Calibration,48
0.08745168522378254,8.745168522378254,0.12189399110918064,12.189399110918064,0.1089275171947371,0.22601215055854368,0.022762849441456345,0.248775,0.050018505268547724,0.026476095124979917,0.7137976082805747,0.6466046751264005,0.2433236273776322,0.23049468983478485,0.9895501403349938,VALID,ai2d,Spline Calibration,48
0.1272204754723877,12.722047547238772,0.14445324220092437,14.445324220092438,0.11699437461431907,0.2221055243597357,0.026669475640264312,0.248775,0.048529562466518995,0.02239692678886518,0.7194251833986534,0.6284406292053624,0.2575131878546403,0.12647928317282117,0.9996234905872649,VALID,ai2d,Adaptive TS (ATS),48
0.006015849604711172,0.6015849604711172,0.1689733840699537,16.89733840699537,0.010943796244135578,0.2492246522071069,-0.00044965220710688203,0.248775,0.0014383165829145728,0.001922923426000744,0.5432619837202292,0.6916204858131982,0.4674225332239337,0.006410787520188504,0.38000723780867385,COLLAPSED,ai2d,Probability Margin (1D),48
0.0451723701451298,4.51723701451298,0.0451723701451298,4.51723701451298,0.05064488031048681,0.24582975993108414,0.0029452400689158886,0.248775,0.005565834613415262,0.002396900077009488,0.5708471510400964,0.684942433912887,0.39204127237102315,0.11644960261337374,0.4830755005948043,VALID,ai2d,MSSC (Multi-Scale Proxy),48
0.021778475384563074,2.1778475384563074,0.17094881262991882,17.094881262991883,0.0027504475914696303,0.24851181972688907,0.00026318027311095227,0.248775,0.0008818875893437303,0.0007726066353293513,0.6446588282584664,0.6901660814208053,0.30510033469612413,0.0022870623361052884,0.5218150453761344,COLLAPSED,ai2d,MSE-EIGEN (Multi-Scale),48
0.10942986538677535,10.942986538677534,0.14354426117826674,14.354426117826675,0.06250466779284293,0.206214883344497,0.04256011665550302,0.248775,0.05923295339412361,0.0165685847608345,0.7234448799115666,0.5930626007508488,0.20480464132358256,0.22588114931710623,0.9963849096227406,VALID,ai2d,Residual Calibrator,48
0.08060199994947462,8.060199994947462,0.09838629395595311,9.83862939559531,0.06071094055786271,0.20485398736663632,0.043921012633363704,0.248775,0.05499478926870231,0.01073318883074961,0.7323887046527987,0.5894971100341607,0.19777330787414132,0.23316648632814788,0.9327098177454438,VALID,ai2d,Trajectory LR,48
0.06668494310502535,6.668494310502535,0.0938386265353999,9.38386265353999,0.06295029182197241,0.2060584996217492,0.04271650037825081,0.248775,0.049080264833206,0.006489519920652798,0.7239473419756808,0.593191166994175,0.20555331929209567,0.23073356495191283,0.9143943598589966,VALID,ai2d,Trajectory LR (No Bias),48
0.10951682954120397,10.951682954120397,0.1436795141414463,14.367951414144631,0.06400320283546644,0.20636441610071235,0.042410583899287674,0.248775,0.05677665416941733,0.01589437601877396,0.7236458647372123,0.5932617158742641,0.20407895204729234,0.22880812665662434,0.9959573989349735,VALID,ai2d,VCPS-5D (Our Method),48
0.11397294580018727,11.397294580018727,0.12796314278325951,12.796314278325951,0.06384275832458881,0.2060854133874393,0.042689586612560726,0.248775,0.05997326238576239,0.018757072219794536,0.7241483268013263,0.5925666658314402,0.20353230198930194,0.22939143362581607,0.9923633090827271,VALID,ai2d,VCPS-17D (Our Method),48
0.24975164368748673,24.975164368748672,0.24994377031922344,24.994377031922344,0.24981776041812231,0.2704102426797255,-0.021635242679725553,0.248775,0.05065225468975469,0.07589366789831335,0.7706763139382976,0.8412384456759071,0.22613820871232712,0.21548698527455007,1.0,COLLAPSED,ai2d,Naive Confidence (NC),49
0.16277434598644222,16.277434598644223,0.1892774969819967,18.92774969819967,0.14650650834185683,0.2137076869521237,0.035067313047876275,0.248775,0.06293112535612536,0.030691266302950118,0.7706763139382976,0.6089864299930902,0.22613820871232712,0.1243113437790346,1.0,VALID,ai2d,Temperature Scaling (TS),49
0.1105923051549333,11.059230515493331,0.11769254913214738,11.769254913214738,0.0516684798061148,0.1907881640004071,0.05798683599959287,0.248775,0.07458099738494475,0.017275821870328237,0.7706763139382976,0.5555184319595866,0.16114957143895872,0.22014953534546738,1.0,VALID,ai2d,Platt Scaling (1D),49
0.09393140173892703,9.393140173892704,0.1038017498389844,10.38017498389844,0.047880144977249066,0.18800429866556168,0.06077070133443829,0.248775,0.07252763625263625,0.012805850335434172,0.7706763139382976,0.5445264971832033,0.1616568315963442,0.2226434731289122,1.0,VALID,ai2d,Quadratic Platt (Logit-Only),49
0.06622449115808161,6.622449115808162,0.11691018947471393,11.691018947471393,0.05292966223552284,0.1896721744251775,0.059102825574822465,0.248775,0.06800148832539431,0.009715345614932279,0.7615315043714199,0.5491024344223784,0.16586591089157443,0.2244432899210111,0.9437965949148729,VALID,ai2d,Beta Calibration,49
0.11330983150394358,11.330983150394358,0.13962202182278174,13.962202182278174,0.09022521375235237,0.2138922320299407,0.034882767970059264,0.248775,0.05776744678932179,0.024728707127224726,0.7550999899507587,0.6190121777735279,0.22050988545474215,0.21440927624387368,0.9802638792344761,VALID,ai2d,Spline Calibration,49
0.16780488751754652,16.780488751754653,0.17886350684652846,17.886350684652847,0.146995403855268,0.21337501044058776,0.035399989559412204,0.248775,0.06491300366300366,0.03169306418930092,0.7729876394332227,0.6081127576707399,0.22419345592958143,0.12497136635523601,0.9995289882247058,VALID,ai2d,Adaptive TS (ATS),49
0.0001213289125482353,0.01213289125482353,0.22200499059306342,22.200499059306342,0.008670744827767266,0.24881428744839368,-3.928744839371001e-05,0.248775,0.0,1.472070502013733e-08,0.5375339161893277,0.6907741798238591,0.5055944092865583,0.00037910268179971985,0.308777585231247,COLLAPSED,ai2d,Probability Margin (1D),49
0.02168252296576205,2.1682522965762048,0.02168252296576205,2.1682522965762048,0.03461332001529597,0.2407935155354707,0.00798148446452926,0.248775,0.008602818132902878,0.0006213336683735766,0.5910963722238971,0.6745972944440272,0.3982024951194403,0.11316877530604913,0.47444413812056146,VALID,ai2d,MSSC (Multi-Scale Proxy),49
0.08203878522478317,8.203878522478316,0.21125830031957812,21.12583003195781,0.013760542236262212,0.24821401765280782,0.0005609823471921516,0.248775,0.011271751137102019,0.010884877994114797,0.7361069239272434,0.6895679316089485,0.25366862760338327,0.002251148958887905,0.564827120678017,COLLAPSED,ai2d,MSE-EIGEN (Multi-Scale),49
0.06759224594084032,6.759224594084031,0.11282810135750004,11.282810135750005,0.0520052039860657,0.19017072481394068,0.05860427518605929,0.248775,0.06595898692810458,0.00866623871371512,0.774696010451211,0.5542812258911528,0.15992251024748932,0.21768281164248568,0.9976029400735019,VALID,ai2d,Residual Calibrator,49
0.0905517528312405,9.05517528312405,0.10793122715345896,10.793122715345897,0.07807145719413038,0.19957985297235356,0.04919514702764641,0.248775,0.06587457444516268,0.016370936834518752,0.7458546879710581,0.5731177157911023,0.18050348630980853,0.22796011507245698,0.9163894097352435,VALID,ai2d,Trajectory LR,49
0.10183033806514487,10.183033806514487,0.09666019940801421,9.666019940801421,0.075580991258157,0.19532161047758553,0.053453389522414435,0.248775,0.06879083383936326,0.016169070961637895,0.7553009747764045,0.5632770084740819,0.16899583969795465,0.2287813593667868,0.8882997074926874,VALID,ai2d,Trajectory LR (No Bias),49
0.08679570498755,8.679570498755,0.12221423900332606,12.221423900332606,0.05258157860457965,0.1900080060795979,0.05876699392040208,0.248775,0.07152306531838609,0.013000601920379377,0.7762033966435534,0.5533117516046149,0.15924441658047878,0.22153312312223553,0.9969114227855699,VALID,ai2d,VCPS-5D (Our Method),49
0.10062234786026056,10.062234786026055,0.0972281662627645,9.72281662627645,0.05379068307093224,0.19009730635882088,0.058677693641179085,0.248775,0.07211274814273536,0.014767674489465874,0.7721837001306401,0.5530596704576483,0.16228101084697186,0.22209458824856018,0.9919522988074703,VALID,ai2d,VCPS-17D (Our Method),49
0.26512016654014586,26.512016654014587,0.2700480312108994,27.00480312108994,0.26557750728753615,0.29141171137108357,-0.0426367113710836,0.248775,0.05053783536326578,0.0943467478497236,0.7223394633705156,0.9223597864957525,0.26686531064098273,0.21343146240402558,1.0,COLLAPSED,ai2d,Naive Confidence (NC),50
0.1411622597689552,14.11622597689552,0.14381930337602858,14.381930337602858,0.11856622028557418,0.22514192179633613,0.023633078203663838,0.248775,0.04688946599377634,0.0241015686185228,0.7223394633705156,0.6364397337157337,0.26686531064098273,0.11943486594191241,1.0,VALID,ai2d,Temperature Scaling (TS),50
0.0848436681871768,8.48436681871768,0.08480595891849155,8.480595891849156,0.06125505567287943,0.20829300026543143,0.040481999734568536,0.248775,0.05137701171377642,0.0120583018103428,0.7223394633705156,0.6017091653651756,0.2223371734703118,0.21530950650818773,1.0,VALID,ai2d,Platt Scaling (1D),50
0.08269979730155202,8.269979730155203,0.08673683694464031,8.673683694464032,0.04452021337258906,0.2043103488167536,0.044464651183246356,0.248775,0.054430163727754464,0.00860585276953422,0.7223394633705156,0.5924017671309411,0.21343327945441176,0.21259989336981852,1.0,VALID,ai2d,Quadratic Platt (Logit-Only),50
0.09071814963352111,9.07181496335211,0.08315915143006081,8.31591514300608,0.04008863331061664,0.2032625026678714,0.04551249733212856,0.248775,0.05815836427166214,0.01142012278557231,0.7309818108732791,0.589753109021725,0.20656022569799443,0.2151494044705675,0.9839480987024677,VALID,ai2d,Beta Calibration,50
0.11151831784906464,11.151831784906465,0.12274852508163164,12.274852508163164,0.10873766214231234,0.22196859978014996,0.026806400219850007,0.248775,0.05582804696612033,0.0294528953945937,0.7214852778615215,0.6386442309499017,0.24360597254790597,0.22169070281498943,0.9939006217731977,VALID,ai2d,Spline Calibration,50
0.1260582699562077,12.60582699562077,0.1469238967182882,14.69238967182882,0.11915737788917437,0.22498932026340468,0.02378567973659529,0.248775,0.043161211124016,0.021340332338625364,0.7225404481961613,0.6360282501247058,0.26654553883875964,0.1201294472553672,0.9992724818120455,VALID,ai2d,Adaptive TS (ATS),50
0.004131667094874321,0.4131667094874321,0.17774145638475672,17.774145638475673,0.00765127866556851,0.24878155893084686,-6.55893084688941e-06,0.248775,0.000264001692047377,0.0002803330086020071,0.4574917093759421,0.6907083414779087,0.5354898513740209,0.0005306629813771695,-0.2014696810489438,COLLAPSED,ai2d,Probability Margin (1D),50
0.02246154688319303,2.246154688319303,0.02246154688319303,2.246154688319303,0.034592298686145675,0.24119321287316706,0.007581787126832912,0.248775,0.008086568061568064,0.0005047809347351318,0.5868254446789267,0.675451242016394,0.38433602220191226,0.11107714836144617,0.6128814073859816,VALID,ai2d,MSSC (Multi-Scale Proxy),50
0.024978490212902372,2.497849021290237,0.22193278325307034,22.193278325307034,0.008534830820980641,0.24833156638410994,0.0004434336158900265,0.248775,0.0012790827436037024,0.0011419856397824276,0.706461662144508,0.6898040580721693,0.2826677186934799,0.002383594235703876,0.5780484512112803,COLLAPSED,ai2d,MSE-EIGEN (Multi-Scale),50
0.07690075723077032,7.690075723077032,0.08219801491594506,8.219801491594506,0.06206512095791643,0.20803441742651407,0.040740582573485895,0.248775,0.05128794522470993,0.01140624509749966,0.719023213747362,0.6013030160166377,0.22464804842765385,0.21272367477637194,0.9961509037725944,VALID,ai2d,Residual Calibrator,50
0.09655944828218582,9.655944828218582,0.1056010846045235,10.56010846045235,0.062339632377771105,0.2088452908984616,0.03992970910153837,0.248775,0.05413431144878513,0.01458693409008924,0.7217365088935785,0.6033995912341182,0.2224206452175425,0.22176650787513144,0.9418630465761645,VALID,ai2d,Trajectory LR,50
0.07904207541394576,7.904207541394576,0.09533516203145352,9.533516203145352,0.062464192154167576,0.2080837408291206,0.040691259170879374,0.248775,0.05264752458798511,0.012261308341598066,0.7239473419756809,0.6014738366545191,0.22085515895936078,0.22057672347178672,0.9333053326333158,VALID,ai2d,Trajectory LR (No Bias),50
0.0863105696705335,8.631056967053349,0.09546477519341262,9.546477519341263,0.06329204508279246,0.2079703910881544,0.040804608911845563,0.248775,0.05302094017094018,0.012234823413044276,0.7189227213345392,0.6012132139430598,0.22299854714769185,0.21699221444187974,0.9948053701342535,VALID,ai2d,VCPS-5D (Our Method),50
0.0858942892069974,8.58942892069974,0.10585490611673139,10.585490611673139,0.06332292909859202,0.2078035042687282,0.04097149573127176,0.248775,0.05392198945723614,0.012870139594820215,0.7189227213345393,0.6010257823162326,0.22318608482547575,0.2183611474252811,0.9863391584789621,VALID,ai2d,VCPS-17D (Our Method),50
0.2626342114806175,26.26342114806175,0.2596553531289101,25.965535312891006,0.25341940590512735,0.2785214974240727,-0.02974649742407265,0.248775,0.05558014705882354,0.08571232441425904,0.7498743844839715,0.9162069470855542,0.25914743416478914,0.20693946425751028,1.0,COLLAPSED,ai2d,Naive Confidence (NC),51
0.13254824969867277,13.254824969867277,0.1596296151961157,15.962961519611572,0.1209499684573018,0.2223486518240905,0.026426348175909525,0.248775,0.052592112469111066,0.029083413715486305,0.7498743844839715,0.6313615489212347,0.25914743416478914,0.11906444951575207,1.0,VALID,ai2d,Temperature Scaling (TS),51
0.09796367355644092,9.796367355644092,0.09651293153475012,9.651293153475011,0.035277338182551125,0.20304810131779383,0.045726898682206196,0.248775,0.06043007518796993,0.015305021492111421,0.7498743844839715,0.589611451117083,0.20418444258925275,0.21271227193568099,1.0,VALID,ai2d,Platt Scaling (1D),51
0.07127761354799109,7.127761354799109,0.10107479275778214,10.107479275778214,0.030842934017393703,0.20376436922407287,0.04501063077592715,0.248775,0.05354169000933707,0.008910005862559899,0.7503768465480856,0.5952817660465085,0.2061779265067305,0.21500069261246532,0.9985509637740945,VALID,ai2d,Quadratic Platt (Logit-Only),51
0.056021271021527284,5.602127102152728,0.09880805616869252,9.880805616869253,0.04353994983435902,0.20585816159265272,0.04291683840734731,0.248775,0.04459444458979109,0.004904160485147856,0.7317857501758617,0.5967789131310146,0.21586385405858363,0.21973941968376032,0.9190339758493965,VALID,ai2d,Beta Calibration,51
0.1470043191082247,14.70043191082247,0.14010390815843943,14.010390815843943,0.10514253536107757,0.2260238003725964,0.02275119962740363,0.248775,0.06532758192100296,0.043253816616553205,0.7442468093658928,0.650950108085999,0.23304051041947518,0.2182246477384039,0.9876063913116421,VALID,ai2d,Spline Calibration,51
0.1306092279504269,13.06092279504269,0.16958837599932935,16.958837599932934,0.12090362062088972,0.22206232465811862,0.026712675341881403,0.248775,0.050140128047855226,0.025978965458810354,0.7505778313737312,0.6306031828649101,0.2586886775875211,0.12073339634037676,0.9997929948248708,VALID,ai2d,Adaptive TS (ATS),51
9.839787179044546e-05,0.009839787179044546,0.1782450794900516,17.82450794900516,9.839787179044546e-05,0.2487750095658059,-9.565805869637956e-09,0.248775,0.0,9.682141172888943e-09,0.4991458144910059,0.6906951950208243,0.5054038389781171,3.5557602856786943e-09,1.0,COLLAPSED,ai2d,Probability Margin (1D),51
0.03956240166380067,3.9562401663800673,0.03280298014735549,3.280298014735549,0.04140011356868417,0.23099482138697794,0.017780178613022085,0.248775,0.02331246848980215,0.005532289876780078,0.6346095869761832,0.65467241572858,0.318864759574932,0.10003800341689822,0.5799315059924988,VALID,ai2d,MSSC (Multi-Scale Proxy),51
0.030987802183419462,3.0987802183419464,0.19154868143831044,19.154868143831045,0.008969352186002151,0.2483363397190785,0.00043866028092151566,0.248775,0.0018000677506775091,0.0016413430678895817,0.6876695809466384,0.6898137052332365,0.2982557091994945,0.002207516783680397,0.5997089927248183,COLLAPSED,ai2d,MSE-EIGEN (Multi-Scale),51
0.09135625011758097,9.135625011758098,0.09460793359229033,9.460793359229033,0.03145140041486716,0.20256285701796656,0.046212142982033466,0.248775,0.0606388538748833,0.014280268877943968,0.7517837403276051,0.5887671346455822,0.20397138381545862,0.21000668799060468,0.9977589439735994,VALID,ai2d,Residual Calibrator,51
0.08797833641724406,8.797833641724406,0.09053611052489066,9.053611052489066,0.0524481205429726,0.20571196734497388,0.043063032655026146,0.248775,0.05175446844603569,0.010951877084184656,0.7303788563963421,0.5953281715150649,0.21321040785413406,0.2205839856800894,0.9318772969324235,VALID,ai2d,Trajectory LR,51
0.08275166484511773,8.275166484511773,0.10253184021392507,10.253184021392507,0.06863839054257616,0.20964441057790012,0.039130589422099904,0.248775,0.051832656395891685,0.010022148330172433,0.7269621143603657,0.6034956206589295,0.22292932878650668,0.2054787219043789,0.8978189454736369,VALID,ai2d,Trajectory LR (No Bias),51
0.09498483850414259,9.498483850414258,0.10489912268487682,10.489912268487682,0.03240177846790732,0.20256279290309187,0.04621220709690815,0.248775,0.06032180063658392,0.01442427656387835,0.7516832479147826,0.5886935128951423,0.20459404723432123,0.21474689036307462,0.9974379359483988,VALID,ai2d,VCPS-5D (Our Method),51
0.09027950009309665,9.027950009309665,0.13905790542705906,13.905790542705907,0.03215073134745265,0.20208818602831088,0.04668681397168914,0.248775,0.05820687676915299,0.012792893100765505,0.7509798010250225,0.5875090946246685,0.20424271267572364,0.21621316219661918,0.9934613365334135,VALID,ai2d,VCPS-17D (Our Method),51
0.6298816737160087,62.988167371600866,0.6298816737160088,62.98816737160088,0.5578580302028538,0.5705211437599526,-0.4726195812599525,0.0979,0.005446791443850267,0.47876145681410964,0.466802860061287,2.2442251061035914,0.8290205706587219,0.26784503707437846,1.0,COLLAPSED,chartqa,Naive Confidence (NC),42
0.41543102512090346,41.54310251209034,0.4154310251209035,41.54310251209035,0.41543102512501545,0.271833183508085,-0.17393162100808496,0.0979,0.0018567099567099567,0.1761222667520001,0.466802860061287,0.7370297510795843,0.8290205706587219,0.02948346782884513,1.0,COLLAPSED,chartqa,Temperature Scaling (TS),42
0.028287244008199004,2.8287244008199,0.07043089526431406,7.043089526431406,0.029053197260532806,0.09801887420460967,-0.00011731170460964335,0.0979,0.0012285215926861543,0.002447288167865144,0.5331971399387131,0.3473417686282032,0.10999465093061397,0.022657079979338975,-1.0,COLLAPSED,chartqa,Platt Scaling (1D),42
0.028553678022844996,2.8553678022844995,0.07049615945825127,7.049615945825128,0.029356982892667208,0.09802392933207077,-0.0001223668320707444,0.0979,0.0012285215926861543,0.002453826457728171,0.5331971399387131,0.34727714118121183,0.10999465093061397,0.022694114673650123,-1.0,COLLAPSED,chartqa,Quadratic Platt (Logit-Only),42
0.024611331502524605,2.4611331502524605,0.06309300885437726,6.309300885437725,0.02598363882655996,0.09731986054941057,0.0005817019505894583,0.0979,0.0017095019929445178,0.0006326678509143907,0.608273748723187,0.34737084157029713,0.0997831379577401,0.033238867619307305,-0.5815705392634817,COLLAPSED,chartqa,Beta Calibration,42
0.06577630219141926,6.577630219141926,0.07065893886870359,7.0658938868703585,0.06577630259334671,0.10200727243372258,-0.004105709933722557,0.0979,0.00012222222222222221,0.004366931640895783,0.5125127681307458,0.36236018105971884,0.09443111139091728,0.01057411029601329,0.7816594685591162,COLLAPSED,chartqa,Spline Calibration,42
0.4153237858092395,41.532378580923954,0.4153237858092395,41.532378580923954,0.4153237858097595,0.2717347202829679,-0.17383315778296787,0.0979,0.0017899159054661448,0.17590388449356542,0.466802860061287,0.7368299745930079,0.8290205706587219,0.02935961526430007,1.0,COLLAPSED,chartqa,Adaptive TS (ATS),42
0.005430092001905533,0.5430092001905533,0.08099085244443299,8.0990852444433,0.00937179397422734,0.09795893633394162,-5.7373833941595787e-05,0.0979,6.0804020100502516e-05,0.00011973467428231145,0.6414708886618998,0.34679947295211283,0.06870604245512099,0.0023732517389466637,0.0615556312242967,COLLAPSED,chartqa,Probability Margin (1D),42
0.037291748688947066,3.7291748688947064,0.03729174868894704,3.7291748688947037,0.03590871389959392,0.09539520320800164,0.0025063592919983835,0.0979,0.0038443425736166535,0.0014700525522713197,0.6719867211440246,0.3340778835734433,0.06425021992195923,0.02435758357028096,0.06089790990619766,SCRAMBLED,chartqa,MSSC (Multi-Scale Proxy),42
0.0013180673451500952,0.13180673451500952,0.06174299199893126,6.1742991998931265,0.007848041326420687,0.09789805051682132,3.5119831787028266e-06,0.0979,0.0,1.73730152635102e-06,0.5459652706843718,0.34650528469310243,0.10705137594784643,0.00011382242474826905,-0.7458231455786397,COLLAPSED,chartqa,MSE-EIGEN (Multi-Scale),42
0.017628675176934443,1.7628675176934443,0.05964250557541077,5.964250557541077,0.0283697219120869,0.09722168700086378,0.0006798754991362427,0.0979,0.0008288463851798387,0.0016109306651061902,0.5893769152196119,0.34336811828614744,0.09501094306014041,0.02218128981950938,-0.9732078301957551,COLLAPSED,chartqa,Residual Calibrator,42
0.035219982724153755,3.5219982724153756,0.06317955413606541,6.317955413606541,0.02923098192848909,0.09033850362413663,0.007563058875863393,0.0979,0.011096404969600846,0.0030432506313265184,0.7454034729315628,0.31117996306656026,0.045019540484779096,0.06316028012044655,-0.3125238130953274,SCRAMBLED,chartqa,Trajectory LR,42
0.08749856690819069,8.749856690819069,0.12106365688327797,12.106365688327797,0.09042458794472479,0.1077554793122279,-0.009853916812227873,0.0979,0.0078035087719298245,0.016410609009226154,0.41394279877425944,0.3927717302979666,0.14194577252910123,0.08306008612860123,-0.6655066376659416,COLLAPSED,chartqa,Trajectory LR (No Bias),42
0.006149737781295493,0.6149737781295493,0.06954611818038893,6.954611818038893,0.037355288325705394,0.098219907737285,-0.000318345237284981,0.0979,0.0002308270676691729,0.00023465165555100888,0.5076608784473953,0.3482720533707475,0.09688675167590315,0.02471041613445624,0.985191629790745,COLLAPSED,chartqa,VCPS-5D (Our Method),42
0.006602103582260287,0.6602103582260287,0.06808111795028561,6.8081117950285615,0.027281727558686998,0.09746604245758762,0.0004355200424124017,0.0979,0.0008467084639498434,0.00038628030909453265,0.5457099080694586,0.3442781018702301,0.08564478166536502,0.02403844980765533,0.921276531913298,COLLAPSED,chartqa,VCPS-17D (Our Method),42
0.6459949957206845,64.59949957206845,0.6427361867949367,64.27361867949367,0.5604857904202682,0.6045241346979884,-0.5066225721979883,0.0979,0.023941025834630487,0.531137986845483,0.3991317671092952,2.4533973784364624,0.8487060695056656,0.2767562828146349,1.0,COLLAPSED,chartqa,Naive Confidence (NC),43
0.42157633928147437,42.15763392814743,0.43177650241972376,43.17765024197237,0.4176861711725678,0.2750275138584617,-0.17712595135846168,0.0979,0.006516615067079463,0.18351199302431054,0.3991317671092952,0.74345181566691,0.8487060695056656,0.03076658463153023,1.0,COLLAPSED,chartqa,Temperature Scaling (TS),43
0.021124740720659643,2.112474072065964,0.09754035992570091,9.754035992570092,0.04605027768865769,0.09714523699686278,0.0007563255031372285,0.0979,0.00045653099228518227,0.0010439959891230023,0.6008682328907049,0.34274722281516873,0.09721856489086554,0.018552596063611544,-1.0,COLLAPSED,chartqa,Platt Scaling (1D),43
0.021139020314999965,2.1139020314999963,0.09753967761115057,9.753967761115057,0.046092690631913166,0.09714537329752528,0.0007561892024747358,0.0979,0.00045653099228518227,0.0010455384664495976,0.6008682328907049,0.34274231071824957,0.09721856489086554,0.018553978592390143,-1.0,COLLAPSED,chartqa,Quadratic Platt (Logit-Only),43
0.08382827721060258,8.382827721060258,0.09065487293941027,9.065487293941027,0.060158005316443386,0.09607207544230692,0.001829487057693091,0.0979,0.009046723646723648,0.0073786439519033815,0.6823289070480082,0.34053343575288336,0.08905461506878079,0.030570608744033664,-0.5048391209780245,SCRAMBLED,chartqa,Beta Calibration,43
0.05153783071885989,5.1537830718859885,0.05505656448146362,5.505656448146362,0.05153783029506727,0.10028107262879761,-0.002379510128797599,0.0979,9.375000000000001e-06,0.0027534032055605176,0.5218335035750766,0.3562000964936096,0.09923638307854456,0.009177676568828192,0.7603507107447742,COLLAPSED,chartqa,Spline Calibration,43
0.4214642218261179,42.14642218261179,0.43166365701113574,43.16636570111358,0.41756477535680303,0.27491477446191614,-0.17701321196191613,0.0979,0.006417598343685301,0.18324770147751623,0.3991317671092952,0.7432230514394306,0.8487060695056656,0.030637250010513175,1.0,COLLAPSED,chartqa,Adaptive TS (ATS),43
0.010688852746304147,1.0688852746304147,0.05692594329409227,5.692594329409227,0.015267652875423941,0.09990106257169427,-0.001999500071694263,0.0979,0.00018426395939086294,0.002185338019739899,0.5510725229826354,0.35156184738591006,0.10130132784453569,0.03578360131355804,0.013627891801985132,COLLAPSED,chartqa,Probability Margin (1D),43
0.027036174589233214,2.7036174589233215,0.02771394618097889,2.7713946180978892,0.02813881238853313,0.0986645395433944,-0.0007629770433943833,0.0979,7.932217932217943e-05,0.0008249398145093645,0.5271961184882533,0.35007751721858027,0.10230451587059589,0.03825782806738868,-0.010597140310544768,COLLAPSED,chartqa,MSSC (Multi-Scale Proxy),43
0.0011657360825478302,0.11657360825478302,0.05285939612891537,5.285939612891537,0.008009662004408759,0.0979020665046362,-5.040046361926009e-07,0.0979,0.0,1.3589406141539618e-06,0.381511746680286,0.3465259686036397,0.15503223423753465,9.006188153766262e-06,0.7374649366234157,COLLAPSED,chartqa,MSE-EIGEN (Multi-Scale),43
0.01493430212035447,1.493430212035447,0.1020740752654241,10.20740752654241,0.04365382943279879,0.09680721526402834,0.0010943472359716683,0.0979,9.696969696969698e-05,0.0004690071830095886,0.6320224719101124,0.34102113635709097,0.0922334083876022,0.01960157566328768,-0.9672826820670518,COLLAPSED,chartqa,Residual Calibrator,43
0.04375026173225674,4.375026173225674,0.07748119728905441,7.748119728905441,0.04576055240750731,0.09754199574121128,0.0003595667587887319,0.0979,0.006324398424398424,0.006508941914151805,0.6432584269662921,0.3391044325610249,0.06521767341042953,0.07969458522759068,-0.3272601815045376,COLLAPSED,chartqa,Trajectory LR,43
0.06788785768516023,6.788785768516023,0.08505386632996188,8.505386632996188,0.07013736112681261,0.10790533494483714,-0.010003772444837133,0.0979,0.0008549411162314388,0.010661138684248894,0.46807967313585297,0.38366124241752486,0.12625852411548125,0.0830573239471632,-0.6378234455861398,COLLAPSED,chartqa,Trajectory LR (No Bias),43
0.012765734595972118,1.2765734595972118,0.08895631770624743,8.895631770624743,0.06965404305083281,0.0995951781227993,-0.0016936156227992938,0.0979,3.896103896103898e-06,0.00028064475369161035,0.4024514811031665,0.3553581620522739,0.12382554932600837,0.02510106525114042,0.9744303607590191,COLLAPSED,chartqa,VCPS-5D (Our Method),43
0.013784177022710519,1.378417702271052,0.06697946785876499,6.697946785876499,0.05123764280707305,0.09910119017323055,-0.0011996276732305355,0.0979,0.0007640441683919944,0.0013445671622267811,0.4389683350357507,0.3527034964525153,0.12153250779320894,0.025015882690224193,0.9114812870321758,COLLAPSED,chartqa,VCPS-17D (Our Method),43
0.6267853390425444,62.678533904254444,0.6267853390425445,62.67853390425445,0.5453447532267173,0.5828439346951437,-0.4849423721951437,0.0979,0.010762564133397467,0.49598921485090003,0.40168539325842695,2.395179506537059,0.863585821869917,0.2815021716056544,1.0,COLLAPSED,chartqa,Naive Confidence (NC),44
0.4162286730602377,41.62286730602377,0.4162286730602376,41.62286730602376,0.4162286730449102,0.2743023226524226,-0.1764007601524226,0.0979,0.0024,0.178934365547695,0.40168539325842695,0.742021538317197,0.863585821869917,0.030797937969654778,1.0,COLLAPSED,chartqa,Temperature Scaling (TS),44
0.0019806848555146443,0.19806848555146442,0.08125167868747787,8.125167868747788,0.023971988032663247,0.09703735781448426,0.0008642046855157487,0.0979,0.00017777777777777773,1.8665886327012216e-05,0.5983146067415731,0.3417323956177755,0.07394639589648005,0.016643327230267308,-1.0,COLLAPSED,chartqa,Platt Scaling (1D),44
0.011124788520515912,1.1124788520515911,0.07494297272182221,7.494297272182221,0.023752755506565963,0.09766745396509197,0.00023410853490804517,0.0979,1.9267822736030625e-07,0.0002735775644524413,0.5934627170582227,0.34467961952865084,0.08403278451466262,0.02061693219845086,-0.8993354833870848,COLLAPSED,chartqa,Quadratic Platt (Logit-Only),44
0.03719133928506123,3.719133928506123,0.06467903891682643,6.467903891682643,0.019921635958257643,0.09602384607830788,0.0018777164216921272,0.0979,0.003910271996306698,0.0022421260856504074,0.6611338100102147,0.3365132930140106,0.06559655849928427,0.02633260977723574,-0.4903877596939924,SCRAMBLED,chartqa,Beta Calibration,44
0.05625931833267872,5.625931833267872,0.06335131035711478,6.335131035711478,0.05625931871876183,0.10106846208598658,-0.0031668995859865656,0.0979,0.00012222222222222221,0.003222328273817663,0.5107252298263535,0.359113721250781,0.11249068526341888,0.008959034061941219,0.7916821767709094,COLLAPSED,chartqa,Spline Calibration,44
0.4161181003888462,41.61181003888462,0.41611810038884633,41.611810038884634,0.4161181003700467,0.2741930588478239,-0.1762914963478239,0.0979,0.0023010879799142173,0.17867047059248556,0.40168539325842695,0.7417994816099176,0.863585821869917,0.030668370330490607,1.0,COLLAPSED,chartqa,Adaptive TS (ATS),44
0.005403109787437986,0.5403109787437986,0.09620886689169209,9.62088668916921,0.009339710054701177,0.09795085773628291,-4.929523628290078e-05,0.0979,6.0804020100502516e-05,0.00011168293513071819,0.6292134831460674,0.34676519761398483,0.07483602842649262,0.00195604977016374,0.04688743976878744,COLLAPSED,chartqa,Probability Margin (1D),44
0.018248219135151622,1.8248219135151622,0.0386138755526264,3.86138755526264,0.03328377103471595,0.09860283744892445,-0.0007012749489244408,0.0979,0.0002981595780496017,0.00036948189685975016,0.48748723186925436,0.35109352305775404,0.13234251301524969,0.03740470248252622,0.13536850345438683,COLLAPSED,chartqa,MSSC (Multi-Scale Proxy),44
0.0011660009616212968,0.11660009616212968,0.0659237509244225,6.59237509244225,0.008069225088943189,0.09790352287294005,-1.96037294003526e-06,0.0979,0.0,1.3595582425017889e-06,0.32788559754851887,0.3465334787249259,0.17714258195776408,1.483384000692383e-05,0.7503037575939399,COLLAPSED,chartqa,MSE-EIGEN (Multi-Scale),44
0.002243858397594822,0.2243858397594822,0.07874233236518983,7.874233236518983,0.03566945365624512,0.09655356982868253,0.00134799267131748,0.0979,9.375000000000001e-06,1.0757839396844792e-05,0.6552604698672114,0.33931836681795396,0.06356939360239207,0.01584579713463981,-0.9528958223955599,COLLAPSED,chartqa,Residual Calibrator,44
0.03785878836585409,3.785878836585409,0.05506350012548943,5.5063500125489435,0.030950975864911898,0.09411827063062592,0.0037832918693740947,0.0979,0.0056679252479023634,0.0020945688610095412,0.6772216547497446,0.3281962586296034,0.06374604068430223,0.05423478845281077,-0.07994599864996627,SCRAMBLED,chartqa,Trajectory LR,44
0.05377634629506269,5.377634629506269,0.08792376962188257,8.792376962188257,0.045622139144508564,0.10142779981000864,-0.0035262373100086314,0.0979,0.0029449472738449904,0.00762897159967275,0.5612870275791624,0.3559572824135755,0.08550431571941966,0.07396590452865116,-0.7084467111677794,COLLAPSED,chartqa,Trajectory LR (No Bias),44
0.03199322562110357,3.199322562110357,0.06459576629608092,6.459576629608092,0.052392448700096836,0.10005871886565525,-0.0021571563656552356,0.0979,0.0005506614404703577,0.0014240117179996413,0.427732379979571,0.35694587577722486,0.11824702703933891,0.02593056893795175,0.9869511737793446,COLLAPSED,chartqa,VCPS-5D (Our Method),44
0.029611844741665182,2.9611844741665183,0.05640587391826686,5.640587391826686,0.037951157496613916,0.09938700977012818,-0.0014854472701281707,0.0979,0.0005402668491276087,0.0012345815120661393,0.46578140960163433,0.3533860477125964,0.10848773595814,0.026230141663795326,0.9565904147603692,COLLAPSED,chartqa,VCPS-17D (Our Method),44
0.6516719596460463,65.16719596460463,0.6516719596460463,65.16719596460463,0.5680216060342714,0.6025266674496725,-0.5046251049496725,0.0979,0.015864994775339602,0.5205374679872581,0.3940245148110316,2.482493807774126,0.872251591680547,0.2644293973480478,1.0,COLLAPSED,chartqa,Naive Confidence (NC),45
0.41830700205036475,41.83070020503648,0.4183070020503647,41.83070020503647,0.41830700201581056,0.2758920531220345,-0.1779904906220345,0.0979,0.0031665157439802424,0.18169726226639032,0.3940245148110316,0.7452112635448649,0.872251591680547,0.029960272924611255,1.0,COLLAPSED,chartqa,Temperature Scaling (TS),45
0.015931378803456915,1.5931378803456915,0.08520108307072233,8.520108307072233,0.03358822150496987,0.0970811592944733,0.000820403205526718,0.0979,0.000636842105263158,0.0010265215879641286,0.6059754851889683,0.3419055103186032,0.07833099655959944,0.01621824950654045,-1.0,COLLAPSED,chartqa,Platt Scaling (1D),45
0.025162792432585037,2.5162792432585035,0.0896925312070766,8.96925312070766,0.04413354935543569,0.09787070187523643,3.0860624763581757e-05,0.0979,0.0005149131767109294,0.0014113352206432013,0.6207865168539326,0.3453364143353811,0.06352916120582855,0.01880244043327914,-0.8541903547588691,COLLAPSED,chartqa,Quadratic Platt (Logit-Only),45
0.05279593258657717,5.279593258657718,0.0808119212989173,8.08119212989173,0.045334812073761256,0.0954862669305362,0.0024152955694638073,0.0979,0.008614642144282862,0.007232126120133599,0.7374872318692544,0.33442161229350476,0.06090244576450101,0.023307949217861064,-0.6823325583139579,SCRAMBLED,chartqa,Beta Calibration,45
0.057160581020505634,5.716058102050563,0.05716058102050557,5.716058102050557,0.05716058136221043,0.10078572323484963,-0.0028841607348496223,0.0979,0.00012222222222222221,0.0033240989424246086,0.5617977528089888,0.35806346920085536,0.086089690290103,0.007547074578228901,0.7431761620034609,COLLAPSED,chartqa,Spline Calibration,45
0.4181876445003112,41.81876445003112,0.4181876445003113,41.81876445003113,0.4181876444558792,0.2757758000365381,-0.1778742375365381,0.0979,0.0030517027863777085,0.18140983682927456,0.3940245148110316,0.7449750906358221,0.872251591680547,0.02983435362901345,1.0,COLLAPSED,chartqa,Adaptive TS (ATS),45
0.005725862352583846,0.5725862352583846,0.07894734814258267,7.894734814258267,0.009681241440380236,0.09806599273045755,-0.00016443023045753513,0.0979,6.0804020100502516e-05,0.00022673533905836652,0.5263023493360572,0.3471773791056125,0.0969745599274498,0.006797361392579109,-0.047147749415412554,COLLAPSED,chartqa,Probability Margin (1D),45
0.04682556680492765,4.682556680492765,0.04682556680492765,4.682556680492765,0.04472185704466207,0.09521077645501244,0.00269078604498757,0.0979,0.004932880709235776,0.002449131399851975,0.7019918283963228,0.33312754927633575,0.055077139669359024,0.021361895027030415,0.06278663152802175,SCRAMBLED,chartqa,MSSC (Multi-Scale Proxy),45
0.001277954358242392,0.1277954358242392,0.06653927510336545,6.653927510336545,0.007948457511756723,0.09790058351300257,9.789869974408116e-07,0.0979,0.0,1.6331673417507237e-06,0.5661389172625129,0.3465182591564583,0.09693736376793693,0.00021950859805423145,-0.7800165004125105,COLLAPSED,chartqa,MSE-EIGEN (Multi-Scale),45
0.016972107998208048,1.6972107998208048,0.09884891584131439,9.884891584131438,0.03939421976125455,0.09680362582658032,0.0010979366734196888,0.0979,0.0002931623931623933,0.0007821530104972848,0.63585291113381,0.3405290330459009,0.07571889568202994,0.018280553087392837,-0.9399624990624766,COLLAPSED,chartqa,Residual Calibrator,45
0.047232239421227104,4.7232239421227105,0.07294357514756053,7.294357514756053,0.039889673149551816,0.0969172180870189,0.0009843444129811058,0.0979,0.009834313725490196,0.008475943961658051,0.6986721144024515,0.33167244824386144,0.057854821883608736,0.07505966903049473,-0.2601605040126004,COLLAPSED,chartqa,Trajectory LR,45
0.03667946276221406,3.667946276221406,0.07840548454327731,7.840548454327731,0.047299723971036746,0.10276590666909759,-0.004864344169097576,0.0979,0.0026319172113289757,0.007641791144392543,0.54341164453524,0.35823304824552255,0.08552905259268327,0.06812708949281962,-0.5041506037650942,COLLAPSED,chartqa,Trajectory LR (No Bias),45
0.034780147199441294,3.4780147199441296,0.10889604465663913,10.889604465663913,0.06829845590657076,0.10021847052665697,-0.002316908026656961,0.0979,0.0008171075837742504,0.002136971794447894,0.40040858018386105,0.35705134254950743,0.11128831704947426,0.025680803897728324,0.9497832445811146,COLLAPSED,chartqa,VCPS-5D (Our Method),45
0.037110698638595174,3.7110698638595174,0.08251876267600042,8.251876267600041,0.059863715362121525,0.10056419246440881,-0.0026626299644088025,0.0979,0.0009250709555345319,0.002517405816426061,0.4121552604698672,0.35732342488689994,0.11405218736479163,0.032774827077219085,0.8112277806945174,COLLAPSED,chartqa,VCPS-17D (Our Method),45
0.632456856071949,63.2456856071949,0.6324568560719489,63.24568560719489,0.5515009837484038,0.5901332006373873,-0.49223163813738724,0.0979,0.015541550522648082,0.5078871140047039,0.40602655771195095,2.3611183138531278,0.8471440381629202,0.2736798069736548,1.0,COLLAPSED,chartqa,Naive Confidence (NC),46
0.4164281016234901,41.64281016234901,0.41642810162349003,41.642810162349,0.41642810163939015,0.2737851479923314,-0.17588358549233138,0.0979,0.0009425795783381564,0.1766072323767139,0.40602655771195095,0.7409482302919667,0.8471440381629202,0.029911841171046137,1.0,COLLAPSED,chartqa,Temperature Scaling (TS),46
0.0214270404676527,2.14270404676527,0.08184808257831831,8.18480825783183,0.033759918200444564,0.09723917624462483,0.0006623862553751803,0.0979,0.0005149131767109294,0.0010992833151532342,0.593973442288049,0.34322662026003037,0.09569527838949131,0.018637524125293674,-1.0,COLLAPSED,chartqa,Platt Scaling (1D),46
0.02299103820200142,2.299103820200142,0.08175526751160327,8.175526751160326,0.03489268387721235,0.0972372299367605,0.0006643325632395142,0.0979,0.0005750184229918938,0.0012246454960629593,0.593973442288049,0.34315200268495444,0.09569527838949131,0.01869870412073513,-1.0,COLLAPSED,chartqa,Quadratic Platt (Logit-Only),46
0.053430006511508005,5.343000651150801,0.07671791123794817,7.671791123794818,0.034817669305645935,0.09680626041780815,0.0010953020821918569,0.0979,0.0043556277056277055,0.002973354972523063,0.6018896833503575,0.34288044207461765,0.09350924666447061,0.030583207334616138,-0.525187129678242,SCRAMBLED,chartqa,Beta Calibration,46
0.06893880790966508,6.8938807909665085,0.10125809952171366,10.125809952171366,0.06893880752816006,0.10226018856069262,-0.004358626060692608,0.0979,0.0003102564102564103,0.004825818718985028,0.43105209397344224,0.36301750877038175,0.11862959375640819,0.014901618222358887,0.7867213440995684,COLLAPSED,chartqa,Spline Calibration,46
0.4163166383287836,41.63166383287836,0.41631663832878363,41.63166383287836,0.4163166383520317,0.27367810541945603,-0.17577654291945602,0.0979,0.0008785247432306256,0.17638119232561547,0.40602655771195095,0.7407311138218033,0.8471440381629202,0.029785976430787568,1.0,COLLAPSED,chartqa,Adaptive TS (ATS),46
0.004746200348524689,0.4746200348524689,0.07728462777448922,7.728462777448922,0.012315028605821211,0.09721584246703423,0.0006857200329657837,0.0979,0.0039804020100502515,0.0032962208800514235,0.4648876404494382,0.3437320905553672,0.13480698365720395,0.005776847432532606,0.08336639678449376,COLLAPSED,chartqa,Probability Margin (1D),46
0.024658759729933047,2.4658759729933046,0.034500919015993156,3.4500919015993157,0.024298295301323356,0.0956802654274511,0.0022212970725489084,0.0979,0.002744804318488528,0.0008498944163643097,0.6680286006128703,0.3352838431289337,0.06155213941268183,0.024240540539611954,0.03713228778709504,SCRAMBLED,chartqa,MSSC (Multi-Scale Proxy),46
0.0012957925088821348,0.12957925088821348,0.07979996062164295,7.979996062164295,0.008238473256631795,0.09790767865177262,-6.116151772608824e-06,0.0979,0.0,1.6790782260750574e-06,0.47931562819203266,0.3465548191980899,0.10209583095612204,0.0001908410659536167,-0.783817595439886,COLLAPSED,chartqa,MSE-EIGEN (Multi-Scale),46
0.00657953148716269,0.657953148716269,0.07487641756229906,7.487641756229905,0.03036628825131251,0.09663793477785816,0.0012636277221418496,0.0979,1.2210012210012123e-07,8.475659511646407e-05,0.6289581205311543,0.3401775728380392,0.08307311589540795,0.01861388540330822,-0.9501177529438237,COLLAPSED,chartqa,Residual Calibrator,46
0.04425649852890278,4.425649852890278,0.05597961628089309,5.597961628089309,0.03607339069468778,0.09445314866168719,0.0034484138383128193,0.0979,0.00967195056317995,0.006271459825774484,0.7124616956077631,0.32253072194276067,0.047629363402756954,0.06169852884442596,-0.31339833495837405,SCRAMBLED,chartqa,Trajectory LR,46
0.07585679260798434,7.585679260798433,0.1035442452636901,10.35442452636901,0.07283904356747008,0.10608855649300276,-0.008186993993002753,0.0979,0.004256060606060606,0.012598956521741443,0.47829417773238003,0.37847754401452915,0.12416355069684032,0.08430060723676995,-0.5127443186079652,COLLAPSED,chartqa,Trajectory LR (No Bias),46
0.005070476449586317,0.5070476449586316,0.0816103792615456,8.16103792615456,0.057023377871407294,0.09914084133330515,-0.0012392788333051435,0.0979,0.0004962236746550474,0.00010285712496439779,0.43309499489274766,0.3531276941170132,0.11267315989521409,0.024415418033917176,0.9846471161779046,COLLAPSED,chartqa,VCPS-5D (Our Method),46
0.008391711670359594,0.8391711670359594,0.08101288073563141,8.101288073563142,0.05472643684226624,0.0992640303670356,-0.0013624678670355883,0.0979,0.001175261324041812,0.0002793572356104791,0.43130745658835545,0.3536966066768763,0.11567610188706696,0.02517415475972169,0.8896422410560265,COLLAPSED,chartqa,VCPS-17D (Our Method),46
0.608803455606103,60.88034556061031,0.6088034556061029,60.880345560610294,0.5197499751301068,0.5556314255177047,-0.4577298630177047,0.0979,0.017240225361058695,0.4757130946840763,0.45914198161389175,2.338272216808893,0.8284345947977452,0.2886323911894457,1.0,COLLAPSED,chartqa,Naive Confidence (NC),47
0.4154641716488655,41.54641716488655,0.4154641716488656,41.54641716488656,0.41546417165019905,0.2729127223886312,-0.17501115988863117,0.0979,0.00251344537815126,0.17872253665376817,0.45914198161389175,0.7392446024571904,0.8284345947977452,0.031899589558658126,1.0,COLLAPSED,chartqa,Temperature Scaling (TS),47
0.03276616026212304,3.276616026212304,0.08884824848248153,8.884824848248153,0.04600239160450689,0.09752987807660839,0.00037168442339162444,0.0979,0.0011140039447731752,0.002081553212339052,0.5408580183861081,0.3440493537369029,0.09561759853052589,0.02140256510536544,-1.0,COLLAPSED,chartqa,Platt Scaling (1D),47
0.043929090953846894,4.39290909538469,0.10579248209624321,10.579248209624321,0.05736509033237364,0.09852431036535311,-0.0006227478653531016,0.0979,0.001484010840108401,0.0034963997232305083,0.5610316649642493,0.3477873898573059,0.07732486783351616,0.025174822502658425,-0.9069481737043427,COLLAPSED,chartqa,Quadratic Platt (Logit-Only),47
0.05792572816781803,5.792572816781803,0.08733497518539912,8.733497518539913,0.049423571520694244,0.09572170222399269,0.00217986027600732,0.0979,0.006014641635995384,0.004758454547591446,0.715270684371808,0.3363053598149201,0.0718529769410935,0.02552003229386791,-0.6584609615240382,SCRAMBLED,chartqa,Beta Calibration,47
0.042975274113254094,4.29752741132541,0.051402332654544476,5.140233265454448,0.04297527378637117,0.09945271186428783,-0.0015511493642878238,0.0979,0.0,0.0018468741851093275,0.5653728294177732,0.3531037247935679,0.07450708803624695,0.004480279370684265,0.8237657220042107,COLLAPSED,chartqa,Spline Calibration,47
0.41535692054224344,41.53569205422434,0.41535692054224355,41.535692054224356,0.41535692054387285,0.27280926379750947,-0.17490770129750946,0.0979,0.00251344537815126,0.1786149946570256,0.45914198161389175,0.7390341166477313,0.8284345947977452,0.03176552011417585,1.0,COLLAPSED,chartqa,Adaptive TS (ATS),47
0.004698654268045817,0.4698654268045817,0.08984644109481263,8.984644109481263,0.01434254225312966,0.09524702525685885,0.0026545372431411585,0.0979,0.0040363636363636365,0.0013600169221452427,0.6381511746680286,0.33950457724304584,0.08946472015423135,0.03607396678195511,0.056469652910381286,SCRAMBLED,chartqa,Probability Margin (1D),47
0.028364102398990676,2.8364102398990676,0.03440324731841298,3.440324731841298,0.027527541201959597,0.09563799998767332,0.0022635625123266917,0.0979,0.002949691390312794,0.0008105935434684296,0.652962206332993,0.3352950904337028,0.07390135350293298,0.02671176448450653,0.18334172284282219,VALID,chartqa,MSSC (Multi-Scale Proxy),47
0.0012814119064662732,0.12814119064662732,0.07066741663098877,7.0667416630988775,0.008065611493600569,0.09790340449467529,-1.841994675275127e-06,0.0979,0.0,1.642016474033529e-06,0.5395812053115424,0.346532856774122,0.09310983222942082,0.00014428881206614538,-0.7118817970449262,COLLAPSED,chartqa,MSE-EIGEN (Multi-Scale),47
0.023711489868612656,2.3711489868612654,0.0945441617297509,9.45441617297509,0.044986518380819476,0.09650878204640215,0.0013927804535978638,0.0979,0.0004499231950844853,0.0010891719828702807,0.6075076608784473,0.3393989928266767,0.08103431858552129,0.021417525103368192,-0.9596549913747845,SCRAMBLED,chartqa,Residual Calibrator,47
0.028779598894916155,2.8779598894916156,0.06498727222921068,6.498727222921068,0.018665478875328937,0.09183460198211069,0.006066960517889325,0.0979,0.011888681205934969,0.0046735610151261014,0.7295709908069459,0.31637402470444576,0.04742626004420744,0.06456115724721398,-0.19738543463586594,SCRAMBLED,chartqa,Trajectory LR,47
0.09893569782596784,9.893569782596783,0.11514116454236242,11.514116454236243,0.10013388418024662,0.11553395448886333,-0.017632391988863322,0.0979,0.0033994317188319636,0.022426967038680707,0.38891726251276815,0.4090427890315984,0.13794177705495658,0.0996070613863932,-0.648190204755119,COLLAPSED,chartqa,Trajectory LR (No Bias),47
0.016307902192123087,1.6307902192123087,0.08758329005119002,8.758329005119002,0.05087211993699066,0.09900216293967659,-0.00110060043967658,0.0979,0.00012436459246275197,0.0005347173535887663,0.49106230847803883,0.35124750495379176,0.094195668279518,0.026602568710386975,0.9798454961374036,COLLAPSED,chartqa,VCPS-5D (Our Method),47
0.016384214198329358,1.6384214198329357,0.0706034300625077,7.06034300625077,0.046723284217909306,0.09888986930675013,-0.0009883068067501194,0.0979,0.00031505297771282424,0.0005325146381281547,0.4821246169560776,0.3506413194363786,0.09399770457659505,0.02614354585556674,0.9199579989499739,COLLAPSED,chartqa,VCPS-17D (Our Method),47
0.6179935048520565,61.79935048520565,0.6147360308468341,61.47360308468342,0.5265793459580438,0.579602809936183,-0.4817012474361829,0.0979,0.018974714919227118,0.5009742479065926,0.3909601634320735,2.3298495236976096,0.8545964000907944,0.2928225002545171,1.0,COLLAPSED,chartqa,Naive Confidence (NC),48
0.41489672084052776,41.48967208405278,0.41489672084052776,41.48967208405278,0.4148967208462401,0.27319674114361253,-0.1752951786436125,0.0979,0.0016701529557668461,0.17664944515271147,0.3909601634320735,0.7397720028662401,0.8545964000907944,0.030331182584863673,1.0,COLLAPSED,chartqa,Temperature Scaling (TS),48
0.027176549770768298,2.7176549770768297,0.09402642756857271,9.402642756857272,0.03468359740902577,0.09700870588542733,0.0008928566145726957,0.0979,0.0013444444444444445,0.0020690917716469476,0.6090398365679265,0.3416653770176585,0.07623545045430671,0.016379710718066515,-1.0,COLLAPSED,chartqa,Platt Scaling (1D),48
0.026811586567501867,2.6811586567501866,0.0969331525356121,9.693315253561211,0.054213588831906814,0.09747699287417888,0.00042456962582114455,0.0979,0.00042976190476190463,0.0014035022512528315,0.608273748723187,0.3433822639387104,0.07929313635807542,0.020701831790984195,-0.9622500562514065,COLLAPSED,chartqa,Quadratic Platt (Logit-Only),48
0.021896466401372064,2.1896466401372066,0.06855068700646143,6.855068700646143,0.03168399211892566,0.09579378804089446,0.002107774459105566,0.0979,0.002533920296570899,0.001400787659593626,0.6802860061287028,0.3355737166072555,0.06440951290928741,0.022904921995494244,-0.45213680342008555,SCRAMBLED,chartqa,Beta Calibration,48
0.06250795073331693,6.250795073331693,0.10514953950784232,10.514953950784232,0.06250795111824882,0.10119293918225866,-0.003291376682258637,0.0979,0.000636842105263158,0.004096188420061023,0.45326864147088863,0.35910233368270394,0.10452054330777993,0.016289910405222537,0.8150500645145621,COLLAPSED,chartqa,Spline Calibration,48
0.4147916890760956,41.47916890760956,0.4147916890760957,41.47916890760957,0.41479168908641756,0.27309242901232755,-0.17519086651232751,0.0979,0.0016701529557668461,0.17654743241154042,0.3909601634320735,0.7395603522160971,0.8545964000907944,0.030203358450039595,1.0,COLLAPSED,chartqa,Adaptive TS (ATS),48
0.0040174840120407234,0.40174840120407235,0.0792859200000303,7.9285920000030305,0.011307271070145012,0.095127161638238,0.002774400861762019,0.0979,0.0039804020100502515,0.0011872439880666274,0.5734167517875383,0.3388234983263074,0.11440801762457169,0.02867199574085794,0.019623564177608094,SCRAMBLED,chartqa,Probability Margin (1D),48
0.0014824394531498938,0.14824394531498938,0.011244814197415968,1.1244814197415969,0.006590669439759448,0.09694598005092087,0.0009555824490791592,0.0979,0.000848891904115785,2.250235675201696e-06,0.5887385086823289,0.3416626534036358,0.07436366605043175,0.03125567932186962,-0.04627617494557106,COLLAPSED,chartqa,MSSC (Multi-Scale Proxy),48
0.001344286690111468,0.1344286690111468,0.0827976181723477,8.27976181723477,0.007805757903787198,0.09789702319901028,4.5393009897448655e-06,0.0979,0.0,1.807106705210846e-06,0.5903983656792645,0.34649995972822906,0.08057248603204352,6.899585685582226e-05,-0.6987834695867398,COLLAPSED,chartqa,MSE-EIGEN (Multi-Scale),48
0.00473517921858245,0.473517921858245,0.07531432061148227,7.5314320611482275,0.03351671724610895,0.09632636079719177,0.0015752017028082543,0.0979,1.2210012210012123e-07,7.573424037035965e-05,0.6519407558733401,0.33869839983420247,0.07406982648600069,0.016779420859985714,-0.9387384684617116,COLLAPSED,chartqa,Residual Calibrator,48
0.036181556534871345,3.6181556534871344,0.05760726746184863,5.760726746184863,0.037518132989218606,0.09592071174392647,0.001980850756073557,0.0979,0.006538839285714286,0.005112198526072082,0.6381511746680286,0.3364967736204267,0.06979861941337778,0.07985407679442097,-0.23332483312082805,SCRAMBLED,chartqa,Trajectory LR,48
0.07842007604231649,7.842007604231648,0.10837037570314953,10.837037570314953,0.06303838969252207,0.10380292995999324,-0.005901367459993215,0.0979,0.007939374515801567,0.015219462565811127,0.5638406537282943,0.3593357283022813,0.0765019190279049,0.08875617442115381,-0.6320843021075527,COLLAPSED,chartqa,Trajectory LR (No Bias),48
0.023096169466801618,2.309616946680162,0.09378304732454541,9.378304732454541,0.05469913345704457,0.09979334504017863,-0.0018917825401786048,0.0979,0.00016292335115864528,0.0007852994334760824,0.42824310520939735,0.35565479795801025,0.10863821482685207,0.024589428419771107,0.9758673966849173,COLLAPSED,chartqa,VCPS-5D (Our Method),48
0.019507744648447543,1.9507744648447543,0.07340802838421892,7.340802838421892,0.043934644294566436,0.09929116821093753,-0.0013896057109375054,0.0979,0.0002734939759036144,0.0005400220773752508,0.46092951991828396,0.35288854908160194,0.10047848068643794,0.024415211986966445,0.9366504162604067,COLLAPSED,chartqa,VCPS-17D (Our Method),48
0.667273481823504,66.7273481823504,0.6661537361517549,66.61537361517549,0.5848834745920546,0.622071794305917,-0.5241702318059169,0.0979,0.01162420634920635,0.5362349975233267,0.44790602655771194,2.562162384281842,0.8533150702533026,0.2643323305021424,1.0,COLLAPSED,chartqa,Naive Confidence (NC),49
0.42031502757535505,42.031502757535506,0.4203150275753551,42.03150275753551,0.42031502757200323,0.27647822803364674,-0.17857666553364673,0.0979,0.000404596527068437,0.1787703187279634,0.44790602655771194,0.7463725002629309,0.8533150702533026,0.030108783606651913,1.0,COLLAPSED,chartqa,Temperature Scaling (TS),49
0.015391811960552481,1.5391811960552482,0.08628549477276365,8.628549477276366,0.03104900379339497,0.09763118065128969,0.00027038184871032434,0.0979,0.00015181598062953997,0.0003814806183675667,0.552093973442288,0.3453369645077863,0.10465982298484622,0.02121666039367393,-1.0,COLLAPSED,chartqa,Platt Scaling (1D),49
0.015030055544960237,1.5030055544960237,0.08614235540974861,8.614235540974862,0.03129932310296839,0.09763091112124662,0.0002706513787533865,0.0979,8.833600856072768e-05,0.00037026937765312676,0.552093973442288,0.34524511789976164,0.10465982298484622,0.021211248963877563,-1.0,COLLAPSED,chartqa,Quadratic Platt (Logit-Only),49
0.06362323520443355,6.362323520443355,0.060239228483272796,6.023922848327279,0.03605325475975554,0.097350061825435,0.0005515006745650114,0.0979,0.005147671099090978,0.0042630884433500675,0.59244126659857,0.34687726674417546,0.09891573068292536,0.03417297505347679,-0.6670201755043877,COLLAPSED,chartqa,Beta Calibration,49
0.07487902410021949,7.487902410021949,0.08065997694949481,8.06599769494948,0.07487902445191125,0.10340723729753926,-0.005505674797539245,0.0979,0.0003102564102564103,0.005676801712669067,0.5021705822267619,0.3669900383813337,0.10285855526060211,0.014213723706562553,0.7248831881006138,COLLAPSED,chartqa,Spline Calibration,49
0.42018719972029084,42.01871997202908,0.42018719972029095,42.018719972029096,0.42018719971389756,0.2763588975647282,-0.1784573350647282,0.0979,0.0003651924651924649,0.1785574186426882,0.44790602655771194,0.7461303058668822,0.8533150702533026,0.029982207026709295,1.0,COLLAPSED,chartqa,Adaptive TS (ATS),49
0.0036239393734002444,0.36239393734002445,0.08182383602271309,8.18238360227131,0.016943467184538954,0.09459909333583011,0.003302469164169902,0.0979,0.0040363636363636365,0.0007354202711906328,0.6550051072522983,0.33790983000830066,0.08698637922278182,0.051561633647244476,0.03970605221042825,SCRAMBLED,chartqa,Probability Margin (1D),49
0.03510722618312084,3.5107226183120845,0.04171037931455171,4.171037931455171,0.03705403920297875,0.09935561089750708,-0.0014540483975070684,0.0979,0.0002497267759562841,0.0013262133786669686,0.48672114402451483,0.35420696290549664,0.10535676377337047,0.037878818795088455,-0.04422031839214975,COLLAPSED,chartqa,MSSC (Multi-Scale Proxy),49
0.0013002123917373737,0.13002123917373737,0.07127039357851885,7.127039357851885,0.007879179342289962,0.09789887588274045,2.68661725956465e-06,0.0979,0.0,1.6905522636274218e-06,0.5347293156281921,0.3465094577595286,0.09871062021933771,0.00019093960117466183,-0.8162964074101855,COLLAPSED,chartqa,MSE-EIGEN (Multi-Scale),49
0.010087186437884331,1.008718643788433,0.060558358763764995,6.0558358763764994,0.032604538111907506,0.09658427491640004,0.0013172875835999742,0.0979,6.548157724628313e-05,0.00014090683168437094,0.5878447395301327,0.34095524764347634,0.10312057486153636,0.021686938702055812,-0.9541183529588242,SCRAMBLED,chartqa,Residual Calibrator,49
0.03423885034547725,3.4238850345477254,0.06381984118043253,6.3819841180432535,0.03847941942864823,0.09413019237633272,0.0037713701236672947,0.0979,0.00479128027348452,0.0026407391149450114,0.6238508682328907,0.3352220134864122,0.07002332106661127,0.07688961040903339,-0.3590504762619066,SCRAMBLED,chartqa,Trajectory LR,49
0.07710509551218143,7.710509551218143,0.0937819708694423,9.37819708694423,0.07509425970053589,0.10169349277955435,-0.003791930279554337,0.0979,0.006712085809933731,0.01100622731689725,0.5196629213483146,0.3655389713685557,0.10325846169909024,0.1072855943177743,-0.5022845571139279,COLLAPSED,chartqa,Trajectory LR (No Bias),49
0.009544742121265114,0.9544742121265114,0.06541834773802607,6.5418347738026075,0.04451836288070223,0.09840921734169468,-0.0005076548416946686,0.0979,0.0010862745098039214,0.00017968868982490212,0.49387129724208373,0.349061663449888,0.10528025228916359,0.02546353405750437,0.9647416185404636,COLLAPSED,chartqa,VCPS-5D (Our Method),49
0.006622097947567341,0.6622097947567341,0.06111311706972024,6.111311706972024,0.03577329155998375,0.09832666067368104,-0.00042509817368102665,0.0979,0.0009864197530864197,0.0005294064200134826,0.5140449438202247,0.34783530522530287,0.09906572974350303,0.026746494014282553,0.892297307432686,COLLAPSED,chartqa,VCPS-17D (Our Method),49
0.6307092176750303,63.07092176750303,0.6289245047047736,62.89245047047736,0.5527627262154683,0.575019372001857,-0.477117809501857,0.0979,0.012675058275058276,0.4897230411972004,0.43922369765066394,2.2496797131518957,0.821500772307484,0.26632443059218697,1.0,COLLAPSED,chartqa,Naive Confidence (NC),50
0.4152170169316881,41.52170169316881,0.415217016931688,41.5217016931688,0.4160348850794072,0.2721471064950602,-0.17424554399506015,0.0979,0.0013468263976460695,0.17618832137879148,0.43922369765066394,0.7376335625881327,0.821500772307484,0.028916377608441613,1.0,COLLAPSED,chartqa,Temperature Scaling (TS),50
0.009851066629458265,0.9851066629458265,0.08473087092350917,8.473087092350918,0.04196176916757911,0.09755356703022003,0.0003479954697799964,0.0979,2.5565309922851817e-05,0.00026224116438042797,0.5607763023493361,0.3450282145122985,0.11948284176542756,0.020142490914712374,-1.0,COLLAPSED,chartqa,Platt Scaling (1D),50
0.009522173446380868,0.9522173446380868,0.08471223322867788,8.471223322867788,0.04145889082912889,0.09756090189107099,0.0003406606089290387,0.0979,0.0039928303905832,0.0045924208210678654,0.5607763023493361,0.3453564421788256,0.11948284176542756,0.020024231382168942,-1.0,COLLAPSED,chartqa,Quadratic Platt (Logit-Only),50
0.054976950053299,5.4976950053299,0.10063851229662765,10.063851229662765,0.048946005793039905,0.09667065931524135,0.0012309031847586721,0.0979,0.004483102350300087,0.0030819364362959898,0.6521961184882534,0.34434659471550993,0.10770979170839132,0.031215342297350235,-0.5550978774469363,SCRAMBLED,chartqa,Beta Calibration,50
0.04817431627232026,4.8174316272320254,0.04899887445567537,4.899887445567537,0.04817431662922982,0.10009652438572667,-0.00219496188572664,0.0979,0.0,0.0023207647483055403,0.54902962206333,0.35558161586043807,0.09606060737458436,0.004811175683548827,0.7712226459390571,COLLAPSED,chartqa,Spline Calibration,50
0.4151106056973882,41.511060569738824,0.4151106056973883,41.51106056973883,0.4159073169539317,0.27204738826645797,-0.17414582576645793,0.0979,0.0013468263976460695,0.17608712451951822,0.43922369765066394,0.7374315934821066,0.821500772307484,0.028794650759122076,1.0,COLLAPSED,chartqa,Adaptive TS (ATS),50
0.005402892314819141,0.5402892314819141,0.09351347569823085,9.351347569823085,0.009340103792801879,0.09795086729199827,-4.930479199824478e-05,0.0979,6.0804020100502516e-05,0.00011168098883677089,0.6611338100102145,0.346765247987437,0.06867676907268616,0.001956041634203462,-0.026768369972777,COLLAPSED,chartqa,Probability Margin (1D),50
0.007264814817606767,0.7264814817606766,0.023204124662307885,2.3204124662307883,0.008312729266076645,0.09716196698649693,0.0007395955135030968,0.0979,0.0005554464703132307,5.298384871426619e-05,0.5858018386108274,0.3426626127881242,0.08898759079495179,0.031308100373733806,0.04270201691506769,COLLAPSED,chartqa,MSSC (Multi-Scale Proxy),50
0.0011690171156597956,0.11690171156597956,0.06177046112708201,6.177046112708201,0.008030537126383502,0.09790257570936273,-1.0132093627018834e-06,0.0979,0.0,1.366601016705548e-06,0.4425434116445352,0.3465285947252456,0.1418638607489304,1.6328890634734776e-05,0.6922268056701417,COLLAPSED,chartqa,MSE-EIGEN (Multi-Scale),50
0.010047725956099388,1.0047725956099387,0.09217624987552295,9.217624987552295,0.0439244556453836,0.09694782822348381,0.0009537342765162105,0.0979,2.5565309922851817e-05,0.0002503101860226797,0.6144024514811032,0.342058116301193,0.10796333821851892,0.019737403015723038,-0.9418570464261607,COLLAPSED,chartqa,Residual Calibrator,50
0.013136606029662308,1.3136606029662308,0.045984062398629164,4.598406239862916,0.027421517761822202,0.09557361871733086,0.0023279437826691646,0.0979,0.004687157287157287,0.0017843209936291473,0.6496424923391215,0.33256266336803847,0.06392535220340996,0.06602732753705719,-0.28315007875196885,SCRAMBLED,chartqa,Trajectory LR,50
0.07661334192456656,7.661334192456656,0.09387311826346113,9.387311826346114,0.06596958384791242,0.1050899980913174,-0.007188435591317377,0.0979,0.003355944055944056,0.011014565416823958,0.49004085801838615,0.39681027323242596,0.12638560659216933,0.07359147676623422,-0.43370884272106813,COLLAPSED,chartqa,Trajectory LR (No Bias),50
0.02022466547475835,2.022466547475835,0.08140663940061327,8.140663940061327,0.06253755027698032,0.09858383558352264,-0.0006822730835226165,0.0979,0.00022510687912942088,0.0005931786534101069,0.46450459652706844,0.3504421708159892,0.10414488863754796,0.02337356911127747,0.9785014625365636,COLLAPSED,chartqa,VCPS-5D (Our Method),50
0.005019419408793757,0.5019419408793757,0.09357138053217309,9.357138053217309,0.0585238328371624,0.0977506830907019,0.0001508794092981297,0.0979,0.00044876177953101016,7.341399516076805e-05,0.4994892747701737,0.3463066085253824,0.09743137409544164,0.0240790175379171,0.9037065926648168,COLLAPSED,chartqa,VCPS-17D (Our Method),50
0.6242644612491131,62.42644612491131,0.6242644612491132,62.426446124911315,0.5497945356831218,0.5758089821701649,-0.4779074196701648,0.0979,0.015474723887223889,0.4927332517263395,0.38636363636363635,2.2690422279534035,0.8551247614259931,0.27031602176077396,1.0,COLLAPSED,chartqa,Naive Confidence (NC),51
0.4148044185296248,41.48044185296248,0.4148044185296248,41.48044185296248,0.41480441847834854,0.2727230981512637,-0.17482153565126368,0.0979,0.0015209587513935342,0.17618155731199484,0.38636363636363635,0.7388290199142005,0.8551247614259931,0.029617685709033448,1.0,COLLAPSED,chartqa,Temperature Scaling (TS),51
0.02792531387477678,2.792531387477678,0.08582210988800047,8.582210988800048,0.03586744775679365,0.09712974123331757,0.0007718212666824598,0.0979,0.0014195530726256983,0.002127339335731959,0.6136363636363636,0.34237709078445816,0.08348891774826306,0.016963025651090112,-1.0,COLLAPSED,chartqa,Platt Scaling (1D),51
0.024737306105197584,2.4737306105197585,0.09511238579439034,9.511238579439034,0.04817622602624473,0.09734323996119,0.0005583225388100244,0.0979,0.0006367424242424242,0.0014709704818970503,0.6200204290091931,0.3429901838234698,0.0693100488966441,0.017999036526131683,-0.9953588839720994,COLLAPSED,chartqa,Quadratic Platt (Logit-Only),51
0.04628666696352621,4.628666696352621,0.05624089145007034,5.6240891450070345,0.0382458806018455,0.09588676000276301,0.0020148024972370115,0.0979,0.004039848667470201,0.0024385140383414573,0.6882022471910112,0.3370703257267629,0.07332292735472934,0.026317899306205116,-0.5041611040276007,SCRAMBLED,chartqa,Beta Calibration,51
0.06000837472672068,6.000837472672068,0.080628869610232,8.0628869610232,0.06000837427140623,0.10089580659441807,-0.00299424409441805,0.0979,0.0005701570680628271,0.0038220533992961736,0.4853166496424923,0.3582462437833793,0.09845733890836617,0.012277487810176645,0.7603507107447742,COLLAPSED,chartqa,Spline Calibration,51
0.4146998265648569,41.46998265648569,0.4146998265648569,41.46998265648569,0.4146998265075055,0.2726210251624013,-0.17471946266240124,0.0979,0.0015209587513935342,0.17608122946182833,0.38636363636363635,0.7386217818520819,0.8551247614259931,0.029493217949446683,1.0,COLLAPSED,chartqa,Adaptive TS (ATS),51
0.007854060276826247,0.7854060276826247,0.08585384864155818,8.585384864155818,0.011282444715863565,0.09862619190788197,-0.000724629407881941,0.0979,0.00012222222222222221,0.0008484161478794698,0.4427987742594484,0.34864340009378625,0.16432870457147367,0.019431602218846954,-0.03507992961817435,COLLAPSED,chartqa,Probability Margin (1D),51
0.014266748571032339,1.426674857103234,0.020425494809964667,2.042549480996467,0.013994149518165843,0.09611230793323731,0.0017892545667627102,0.0979,0.0018016544117647059,0.0002496933901892975,0.6335546475995916,0.3374926533518458,0.06591841136563241,0.02743777462514675,0.060633900167827846,SCRAMBLED,chartqa,MSSC (Multi-Scale Proxy),51
0.00132263250373367,0.132263250373367,0.06647120013422879,6.647120013422879,0.007800396326617064,0.09789689737180439,4.665128195635582e-06,0.0979,0.0,1.7493567399327967e-06,0.5753319713993872,0.34649931464234757,0.08562604549205348,0.00010229972204591395,-0.6891772294307359,COLLAPSED,chartqa,MSE-EIGEN (Multi-Scale),51
0.026994739541692375,2.6994739541692376,0.09377589765499703,9.377589765499703,0.036594144656847336,0.09673641163055499,0.0011651508694450335,0.0979,0.0013444444444444445,0.0021012663417075386,0.6427477017364658,0.34045841384057285,0.07746219315137579,0.01752037702806425,-0.9440786019650493,COLLAPSED,chartqa,Residual Calibrator,51
0.0234218641537987,2.34218641537987,0.06674333846875691,6.67433384687569,0.02810823174095754,0.09659488380062684,0.00130667869937319,0.0979,0.004948758376034687,0.003901779424808012,0.6514300306435138,0.3347574300641342,0.06386064178313106,0.07312005507645873,-0.28265206630165757,SCRAMBLED,chartqa,Trajectory LR,51
0.08240434351244291,8.240434351244291,0.09549163541922406,9.549163541922406,0.07680807380056925,0.10723037956491872,-0.009328817064918699,0.0979,0.006109683438707412,0.017110936212505062,0.4742083758937692,0.3772903859707307,0.10603036302445844,0.08538738060266354,-0.4936458411460287,COLLAPSED,chartqa,Trajectory LR (No Bias),51
0.0208506557002176,2.0850655700217597,0.0807121923348598,8.07121923348598,0.06075634665456645,0.09970913349205163,-0.001807570992051602,0.0979,0.0002083832335329341,0.0007730817248664114,0.40781409601634316,0.355429933019665,0.11480622721940595,0.02457893611976054,0.9752073801845047,COLLAPSED,chartqa,VCPS-5D (Our Method),51
0.005955839272903769,0.5955839272903769,0.08099376282821955,8.099376282821954,0.051192603134264644,0.09923285585080642,-0.001331293350806395,0.0979,0.0005516258677383998,0.000297745458748124,0.44228804902962204,0.3533657077053296,0.11484337594935504,0.025380140671798623,0.8560519012975326,COLLAPSED,chartqa,VCPS-17D (Our Method),51
0.5118214463628828,51.182144636288285,0.5118214463628828,51.182144636288285,0.4803943231432439,0.3844907180175366,-0.3460907180175366,0.0384,0.008408658008658011,0.3543933327461769,0.6438802083333334,1.2907140603023215,0.6537711800520025,0.3117580949235147,1.0,COLLAPSED,docvqa,Naive Confidence (NC),42
0.4662578642689532,46.625786426895324,0.46625786426895327,46.625786426895324,0.4662578640113768,0.2556857372841892,-0.21728573728418918,0.0384,6.386083052749717e-05,0.217941212980914,0.6438802083333334,0.7045746235400796,0.6537711800520025,0.02519921800927988,1.0,COLLAPSED,docvqa,Temperature Scaling (TS),42
0.004663956640045929,0.46639566400459287,0.05040036950770113,5.040036950770113,0.007338607050297363,0.03827055703664189,0.0001294429633581229,0.0384,4.9484536082474225e-05,0.00015229426284718594,0.6438802083333334,0.16541363664558617,0.019929348426575365,0.010950138770392746,1.0,COLLAPSED,docvqa,Platt Scaling (1D),42
0.014898278764311618,1.4898278764311619,0.042696680131728566,4.269668013172857,0.0072798584705620105,0.03760991035958606,0.0007900896404139518,0.0384,0.0011705627705627707,0.00041099765795898593,0.69921875,0.1554711015207433,0.016506014874656742,0.02234468060398251,0.6425845646141154,COLLAPSED,docvqa,Quadratic Platt (Logit-Only),42
0.0120549546819442,1.20549546819442,0.05717227123530494,5.717227123530494,0.0100174112062708,0.03760098016645877,0.000799019833541241,0.0384,0.0009481764612199394,0.00024042976770274644,0.7447916666666666,0.1551454808433433,0.014787824754745462,0.02391017348539524,0.6329363234080854,COLLAPSED,docvqa,Beta Calibration,42
0.010711766720138571,1.0711766720138571,0.024787042710762115,2.4787042710762113,0.010831499123196756,0.038092288837765255,0.0003077111622347556,0.0384,0.0,0.00011474194626666824,0.662109375,0.16325315292103482,0.0148587126157885,0.014461116326163741,0.939340358447206,COLLAPSED,docvqa,Spline Calibration,42
0.4662314425381102,46.62314425381102,0.4662314425381101,46.62314425381101,0.4662314422891459,0.25565890826636983,-0.21725890826636982,0.0384,6.386083052749717e-05,0.21791287984712,0.6438802083333334,0.70452023274694,0.6537711800520025,0.02509246753864255,1.0,COLLAPSED,docvqa,Adaptive TS (ATS),42
0.00012621896425780293,0.012621896425780293,0.04774986183840695,4.774986183840695,0.006885529900756537,0.03837699041996841,2.3009580031603527e-05,0.0384,0.0,1.5931226938312534e-08,0.4921875,0.16759075109475424,0.03335824360608285,0.0021243127680746813,-0.01567770073400634,COLLAPSED,docvqa,Probability Margin (1D),42
0.015903799774269044,1.5903799774269045,0.01637214655566865,1.637214655566865,0.013582824077981776,0.037681049572009996,0.0007189504279900144,0.0384,0.0011100271002710024,0.00040368138244631515,0.6979166666666666,0.16005857104415064,0.015071546314460789,0.013744183413236447,0.3320245279451831,COLLAPSED,docvqa,MSSC (Multi-Scale Proxy),42
3.784003925905166e-05,0.003784003925905166,0.04228835525144761,4.228835525144762,0.006663900516180429,0.03837094588973343,2.9054110266581168e-05,0.0384,0.0,1.431868571126571e-09,0.634765625,0.16757353807177297,0.022762586912619363,0.000533742610607402,-0.25865896647416187,COLLAPSED,docvqa,MSE-EIGEN (Multi-Scale),42
0.005246842492474052,0.5246842492474052,0.04156345147994289,4.156345147994289,0.005080146499412066,0.038092707267799744,0.00030729273220026637,0.0384,5.803108808290156e-05,0.00017903121859683759,0.6744791666666667,0.16342599925738802,0.018307920829750652,0.011621821624513003,0.9760729018225457,COLLAPSED,docvqa,Residual Calibrator,42
0.012132440804816387,1.2132440804816387,0.02847113290428015,2.847113290428015,0.014424053582238373,0.037102862288523,0.001297137711477013,0.0384,0.0036761904761904774,0.0024601398637955135,0.7760416666666667,0.1490496239811584,0.013522470476930906,0.04404472374854143,0.29007725193129835,VALID,docvqa,Trajectory LR,42
0.01910992270126882,1.9109922701268818,0.02735265332304987,2.735265332304987,0.02105736634275675,0.036745448949295476,0.001654551050704535,0.0384,0.0043498834498834505,0.002681236153716846,0.7272135416666666,0.15098915491941756,0.014953776107621532,0.04803689953642115,0.25933398334958374,VALID,docvqa,Trajectory LR (No Bias),42
0.004141062213372288,0.4141062213372288,0.04154254201481678,4.154254201481678,0.004734727579388143,0.038081618220552296,0.00031838177944771423,0.0384,4.102564102564103e-05,0.00013047787903583484,0.6731770833333334,0.16332138949872652,0.01833176545250996,0.011567203779839812,0.9754263856596417,COLLAPSED,docvqa,VCPS-5D (Our Method),42
0.00149152460353122,0.149152460353122,0.03567008336707843,3.567008336707843,0.009761548925410432,0.03778981531852311,0.0006101846814769024,0.0384,9.477581242287129e-05,2.3193810362643946e-06,0.68359375,0.16095655197122638,0.017857951945945423,0.015585460183879046,0.9271806795169881,COLLAPSED,docvqa,VCPS-17D (Our Method),42
0.5333601043559612,53.336010435596116,0.5333601043559612,53.336010435596116,0.5017232204509957,0.41215217009044525,-0.37375217009044526,0.0384,0.002080000555000555,0.37522014558188704,0.6686197916666667,1.3862606882906554,0.6799836563657371,0.3223443844975797,1.0,COLLAPSED,docvqa,Naive Confidence (NC),43
0.4679634229524052,46.796342295240514,0.4679634229524051,46.796342295240514,0.4679634228547218,0.25708893126620913,-0.2186889312662091,0.0384,0.0003500244977951985,0.21899178835240873,0.6686197916666667,0.7073938827810348,0.6799836563657371,0.026348250471212826,1.0,COLLAPSED,docvqa,Temperature Scaling (TS),43
0.002538181729112258,0.2538181729112258,0.04600323798887247,4.600323798887247,0.004550566295033623,0.03817091202432017,0.00022908797567983835,0.0384,3.265306122448979e-05,0.00011552753698429219,0.6686197916666667,0.16439222103516987,0.018568959144296845,0.010692270363595114,1.0,COLLAPSED,docvqa,Platt Scaling (1D),43
0.013210610933582114,1.3210610933582114,0.028021954005047877,2.8021954005047878,0.014400568992644747,0.03801645290642206,0.0003835470935779489,0.0384,2.0025031289111383e-06,0.0002496067406673976,0.6490885416666666,0.15874925549567784,0.01956307289740078,0.024620815298087264,0.5347558688967226,COLLAPSED,docvqa,Quadratic Platt (Logit-Only),43
0.003991370153483845,0.39913701534838447,0.029209717605943125,2.9209717605943126,0.013785187201510186,0.037979967080721586,0.00042003291927842495,0.0384,0.00017444027256292578,2.3144257041503283e-05,0.65625,0.15836989056112313,0.019476693568935236,0.025640305320001968,0.5262296557413936,COLLAPSED,docvqa,Beta Calibration,43
0.014251899458076839,1.4251899458076838,0.019876145932187565,1.9876145932187566,0.014293325386033753,0.03809172963354005,0.000308270366459959,0.0384,0.0,0.00020311663816313089,0.6969401041666666,0.1633204404500271,0.013744271046485654,0.016217839935317058,0.9270390957436079,COLLAPSED,docvqa,Spline Calibration,43
0.467929795458093,46.7929795458093,0.46792979545809293,46.792979545809295,0.4679297953601903,0.2570558285460735,-0.2186558285460735,0.0384,0.00037534976682211847,0.21895865962262914,0.6686197916666667,0.7073267753871662,0.6799836563657371,0.02623672652964707,1.0,COLLAPSED,docvqa,Adaptive TS (ATS),43
0.00019561801349462365,0.019561801349462365,0.053466237242644515,5.346623724264451,0.007047849284974388,0.03838031280076062,1.9687199239393216e-05,0.0384,0.0,3.826640720358276e-08,0.49088541666666663,0.16763360814585815,0.03337028464653681,0.0021330145319409474,-0.029732287905662954,COLLAPSED,docvqa,Probability Margin (1D),43
0.0006783849097218922,0.06783849097218922,0.039570996790433334,3.9570996790433335,0.024395898922092037,0.037460336350851234,0.0009396636491487767,0.0384,0.0,4.602060857383798e-07,0.8102213541666666,0.15728609853653794,0.01108865882504301,0.008820929887338244,0.313712216020181,COLLAPSED,docvqa,MSSC (Multi-Scale Proxy),43
5.756896222935265e-05,0.005756896222935265,0.04786306247946756,4.786306247946756,0.007896163822633012,0.03840421312049704,-4.21312049703193e-06,0.0384,0.0,3.314185412164632e-09,0.4134114583333333,0.1679975473353582,0.04599780525337255,0.0006459848832531867,-0.2836165904147604,COLLAPSED,docvqa,MSE-EIGEN (Multi-Scale),43
0.0032675279635222838,0.32675279635222837,0.04175256806057866,4.175256806057866,0.004002456010727886,0.03807524887159844,0.0003247511284015722,0.0384,4.102564102564103e-05,0.0001401959735140225,0.6842447916666666,0.16327857481629965,0.017150885328528542,0.011303540276391596,0.97716792919823,COLLAPSED,docvqa,Residual Calibrator,43
0.024469601028376222,2.446960102837622,0.04877886210483503,4.877886210483503,0.025771280110488105,0.03847918843243432,-7.918843243431145e-05,0.0384,0.0010035911602209943,0.0020910055508894776,0.7864583333333334,0.15564719087250523,0.010428605011924831,0.043392654154686135,0.4157068926723169,COLLAPSED,docvqa,Trajectory LR,43
0.051574432737245504,5.15744327372455,0.05851630836389969,5.851630836389969,0.07851979789988182,0.044385022717590115,-0.005985022717590105,0.0384,0.006437593984962406,0.012701628862522962,0.853515625,0.1595906743868451,0.008996329887471705,0.13434870186351391,-0.009711242781069527,COLLAPSED,docvqa,Trajectory LR (No Bias),43
0.0034507563897279185,0.34507563897279186,0.0415334102091563,4.15334102091563,0.003754481369415767,0.038068095079309645,0.00033190492069036515,0.0384,4.102564102564103e-05,0.00014587409994184667,0.6842447916666666,0.16316758584806246,0.01721562871568616,0.011676521774313943,0.9781129528238208,COLLAPSED,docvqa,VCPS-5D (Our Method),43
0.00521447289699662,0.5214472896996619,0.03549790159560435,3.549790159560435,0.010558229524484528,0.03800857825836664,0.00039142174163336874,0.0384,2.3931623931623915e-05,8.140000011053747e-05,0.6783854166666666,0.16212745572138107,0.017328055535857978,0.018538202043360374,0.9302122553063827,COLLAPSED,docvqa,VCPS-17D (Our Method),43
0.5227438354305922,52.27438354305922,0.5227438354305923,52.27438354305923,0.48789838568465743,0.4101258585682111,-0.3717258585682111,0.0384,0.0037948412698412693,0.3752477933378105,0.5579427083333333,1.3647526553038416,0.6883412591704279,0.32439095248744065,1.0,COLLAPSED,docvqa,Naive Confidence (NC),44
0.46699394898638996,46.699394898639,0.4669939489863899,46.69939489863899,0.46699394898387986,0.25688678963735295,-0.21848678963735294,0.0384,6.0628019323671504e-05,0.21869309795912453,0.5579427083333333,0.7069805516058948,0.6883412591704279,0.025770968659173006,1.0,COLLAPSED,docvqa,Temperature Scaling (TS),44
0.0074963152061610205,0.749631520616102,0.05278852901338227,5.278852901338227,0.015193624442782392,0.03856404675411097,-0.0001640467541109622,0.0384,8.421052631578948e-05,0.00029184276369945285,0.5579427083333333,0.1684713612634691,0.024962457289423957,0.013558084968639994,1.0,COLLAPSED,docvqa,Platt Scaling (1D),44
0.014932320598435559,1.4932320598435558,0.046945633715026164,4.694563371502617,0.0153588350189913,0.03803101600561088,0.0003689839943891299,0.0384,2.1624543857277812e-07,0.00030336192731521906,0.6315104166666667,0.1588008255216603,0.019843452691639014,0.02470091811316251,0.7299287482187055,COLLAPSED,docvqa,Quadratic Platt (Logit-Only),44
0.0019715022512387104,0.19715022512387104,0.026333907740898426,2.633390774089843,0.008618159500718255,0.037810257060745436,0.0005897429392545742,0.0384,0.0002064516129032258,4.984013789551978e-06,0.6751302083333334,0.15660915725118335,0.017968154792917614,0.024902750521356664,0.7033750843771096,COLLAPSED,docvqa,Beta Calibration,44
0.0104307606817612,1.04307606817612,0.025861373836200637,2.5861373836200636,0.01252840875621476,0.03799316805594237,0.00040683194405764095,0.0384,0.0,0.00010880076840017539,0.6220703125,0.16118552768056504,0.019423065577486836,0.019233818734085324,0.9313208007775028,COLLAPSED,docvqa,Spline Calibration,44
0.46696440137272344,46.69644013727235,0.4669644013727235,46.69644013727235,0.466964401373379,0.2568546971380926,-0.2184546971380926,0.0384,6.0628019323671504e-05,0.21866158851406362,0.5579427083333333,0.7069155847010751,0.6883412591704279,0.02566178200068736,1.0,COLLAPSED,docvqa,Adaptive TS (ATS),44
0.00015460514498395056,0.015460514498395056,0.03776634097521512,3.776634097521512,0.007154007193325317,0.03837159903138383,2.840096861617819e-05,0.0384,0.0,2.3902750855508374e-08,0.3958333333333333,0.16733469676124174,0.053324154799184176,0.004399540227067645,-0.12102620719462683,COLLAPSED,docvqa,Probability Margin (1D),44
0.005604516109187224,0.5604516109187224,0.015667779342835298,1.5667779342835297,0.006678885708966746,0.03789951757706149,0.000500482422938521,0.0384,0.0004765414599574771,5.380135155691112e-05,0.6656901041666667,0.16222239440780029,0.03278357960194089,0.014999519217816148,0.2402859584407144,COLLAPSED,docvqa,MSSC (Multi-Scale Proxy),44
4.4035898424575615e-05,0.0044035898424575615,0.04737755866810315,4.737755866810315,0.006747800214583146,0.03837394029843399,2.6059701566022442e-05,0.0384,0.0,1.939160350059541e-09,0.6901041666666666,0.16760741167598084,0.018790408992035105,0.0005821950404281698,-0.33316732918322967,COLLAPSED,docvqa,MSE-EIGEN (Multi-Scale),44
0.0012066691191702605,0.12066691191702605,0.039305305756448444,3.9305305756448443,0.011459319467366004,0.03837839195499887,2.1608045001141052e-05,0.0384,0.00011985815602836878,6.033439585830247e-06,0.6028645833333333,0.16619889412272573,0.022015661363163557,0.014204775652974384,0.989078226955674,COLLAPSED,docvqa,Residual Calibrator,44
0.01693257836922358,1.6932578369223579,0.024342315338515545,2.4342315338515546,0.016674141406103456,0.03636758444728972,0.00203241555271029,0.0384,0.002677380952380953,0.001487385651135775,0.7955729166666666,0.14555565209697177,0.010748680410123198,0.03740533966522089,0.4336548413710343,VALID,docvqa,Trajectory LR,44
0.022465359790547982,2.2465359790547983,0.029921155068088512,2.992115506808851,0.026194548857973773,0.03617056693036007,0.0022294330696399425,0.0384,0.009366917697686928,0.007256905056136617,0.70703125,0.1530628320042376,0.018179767860612272,0.05369250402932877,0.3026325658141454,VALID,docvqa,Trajectory LR (No Bias),44
0.0009447410958137398,0.09447410958137398,0.03930822997499499,3.9308229974994986,0.011635883764964047,0.03836572446197562,3.427553802438921e-05,0.0384,0.00011985815602836878,5.776785262900446e-06,0.6048177083333334,0.1661117586691154,0.02190775270262332,0.014267764575359578,0.9890602265056627,COLLAPSED,docvqa,VCPS-5D (Our Method),44
0.007834014117521356,0.7834014117521356,0.042594748209756686,4.259474820975669,0.01879120339866674,0.03816376707896394,0.00023623292103606974,0.0384,1.1111111111111117e-05,0.000143066344620092,0.611328125,0.16442043107292242,0.021821384990160154,0.020292117338880426,0.9587009675241882,COLLAPSED,docvqa,VCPS-17D (Our Method),44
0.5116125671565532,51.16125671565533,0.5116125671565533,51.161256715655334,0.4791544424905184,0.3916066978328315,-0.3532066978328315,0.0384,0.004705555555555555,0.35810349097639227,0.5397135416666666,1.3033050987978323,0.6704121557846745,0.30955717891151613,1.0,COLLAPSED,docvqa,Naive Confidence (NC),45
0.46608730141439375,46.60873014143937,0.4660873014143938,46.60873014143938,0.4660873013961703,0.25628189164118315,-0.21788189164118313,0.0384,0.0003393939393939394,0.21849873164885905,0.5397135416666666,0.7057705971084525,0.6704121557846745,0.024815646536960546,1.0,COLLAPSED,docvqa,Temperature Scaling (TS),45
0.01143495603426584,1.143495603426584,0.05435571201758971,5.435571201758971,0.02161719617476223,0.038781423507771626,-0.0003814235077716152,0.0384,0.00012043010752688175,0.0004428924230605853,0.5397135416666666,0.17062798878728422,0.02581495381179017,0.014435594712044735,1.0,COLLAPSED,docvqa,Platt Scaling (1D),45
0.02368374919423759,2.3683749194237587,0.033505951000854295,3.3505951000854295,0.013804460696241673,0.0380163317670641,0.00038366823293591035,0.0384,0.00031616766467065875,0.0009895655381000129,0.6315104166666667,0.15922604892895922,0.019946560443994902,0.023254964113202495,0.7761734043351085,COLLAPSED,docvqa,Quadratic Platt (Logit-Only),45
0.0037203033123384154,0.37203033123384155,0.03046410526722253,3.046410526722253,0.00503132911689352,0.037751609223471316,0.0006483907765286942,0.0384,7.257264351523743e-05,2.4328575192938724e-05,0.681640625,0.15663771253271117,0.017679544151913498,0.023982185576123697,0.7577094427360684,COLLAPSED,docvqa,Beta Calibration,45
0.00966528701239059,0.966528701239059,0.052680539944875836,5.268053994487584,0.00971312262878007,0.03818967784435084,0.000210322155649173,0.0384,0.0,9.341777303188621e-05,0.5397135416666666,0.1643891376178887,0.02581495381179017,0.013121343837149121,0.9953612503008469,COLLAPSED,docvqa,Spline Calibration,45
0.46606160587807083,46.60616058780708,0.466061605878071,46.606160587807096,0.46606160585901957,0.25625262946880667,-0.21785262946880665,0.0384,0.0003393939393939394,0.21846937155192886,0.5397135416666666,0.7057112936087264,0.6704121557846745,0.024710543945043205,1.0,COLLAPSED,docvqa,Adaptive TS (ATS),45
0.0001224247662667613,0.01224247662667613,0.04283552360519612,4.283552360519613,0.007421179895643154,0.03838205806615289,1.7941933847118174e-05,0.0384,0.0,1.4987823395471135e-08,0.40755208333333337,0.1675344700818617,0.05102223699728024,0.003788589360738203,-0.0034830870771769304,COLLAPSED,docvqa,Probability Margin (1D),45
0.00643432513193384,0.643432513193384,0.02110425125698601,2.110425125698601,0.006603145812303686,0.03781445557996897,0.0005855444200310381,0.0384,0.0005121393576483398,8.144603581906402e-05,0.7054036458333333,0.1610085339752677,0.027811499535460214,0.014145131489238764,0.3422618590012295,COLLAPSED,docvqa,MSSC (Multi-Scale Proxy),45
8.389373023742763e-05,0.008389373023742763,0.04787397360501454,4.787397360501454,0.006867092309629768,0.038376773650498984,2.3226349501026533e-05,0.0384,0.0,7.03815797315028e-09,0.6458333333333334,0.16764574897863327,0.025365309050934814,0.0004396127925162666,-0.2987189679741994,COLLAPSED,docvqa,MSE-EIGEN (Multi-Scale),45
0.011767593870379187,1.1767593870379187,0.0482586150692461,4.82586150692461,0.018587922012704223,0.038649648643007545,-0.00024964864300753425,0.0384,0.00012043010752688175,0.00045833958284390535,0.5865885416666667,0.16877624568471444,0.02269044409300917,0.01500638021761422,0.9834395859896499,COLLAPSED,docvqa,Residual Calibrator,45
0.010747968331987375,1.0747968331987374,0.04278537401333992,4.278537401333992,0.020288778206003114,0.036322278260580695,0.002077721739419315,0.0384,0.002430994152046784,0.0011206840615956798,0.7141927083333333,0.15341978734032266,0.018623582345703316,0.033501945485452087,0.40389709742743574,VALID,docvqa,Trajectory LR,45
0.018753194332262656,1.8753194332262655,0.03489050434887757,3.4890504348877567,0.028074633124165665,0.035262549225999355,0.003137450774000655,0.0384,0.009339934656948982,0.0057697949039029126,0.6536458333333333,0.16283135817986527,0.029765963718974636,0.040030413595080305,0.3175174379359485,VALID,docvqa,Trajectory LR (No Bias),45
0.012201710862907349,1.220171086290735,0.048248126589924584,4.8248126589924585,0.019002157188170034,0.03866419170438338,-0.00026419170438336803,0.0384,0.00012043010752688175,0.0004696901230922826,0.5872395833333334,0.16890403570890158,0.022657549356167064,0.015267413046251366,0.9841701042526064,COLLAPSED,docvqa,VCPS-5D (Our Method),45
0.017093129141823867,1.7093129141823866,0.040571056157108425,4.057105615710842,0.017923075309471202,0.038697870206809856,-0.0002978702068098457,0.0384,0.0001391304347826087,0.0006896715988409436,0.5989583333333333,0.168688835790974,0.022479017029973458,0.019236510561516863,0.9614970374259358,COLLAPSED,docvqa,VCPS-17D (Our Method),45
0.5301475500501692,53.01475500501692,0.5301475500501693,53.01475500501694,0.49095104494394426,0.41649767204723614,-0.37809767204723616,0.0384,0.004344514834758737,0.3824524652904606,0.5859375,1.4248256059083804,0.6985738141986,0.323543832194116,1.0,COLLAPSED,docvqa,Naive Confidence (NC),46
0.4682082038341133,46.82082038341133,0.46820820383411343,46.820820383411345,0.4682082036969601,0.25792612664451,-0.21952612664450996,0.0384,3.924050632911394e-05,0.2194527955330119,0.5859375,0.7090758352332652,0.6985738141986,0.026544346667634926,1.0,COLLAPSED,docvqa,Temperature Scaling (TS),46
0.007668625203319941,0.7668625203319941,0.0410063850941524,4.10063850941524,0.01093217866389736,0.03849451408812642,-9.451408812641282e-05,0.0384,9.312169312169312e-05,0.0003427650962965217,0.5859375,0.167704290638345,0.023674073835463327,0.014125656553644029,1.0,COLLAPSED,docvqa,Platt Scaling (1D),46
0.013554227530132978,1.3554227530132978,0.030675200524407184,3.0675200524407185,0.019839843840115633,0.03811981914432013,0.00028018085567987905,0.0384,3.6137775268210045e-06,0.0002448703094566836,0.625,0.1593929477822229,0.02015066435866025,0.02478878342152597,0.6096077401935049,COLLAPSED,docvqa,Quadratic Platt (Logit-Only),46
0.016089613777183716,1.6089613777183716,0.03528821532648973,3.5288215326489727,0.017783008547335506,0.038024288733967834,0.00037571126603217625,0.0384,2.1624543857277812e-07,0.0003300884288361544,0.6510416666666667,0.15820483187980242,0.019077269965617302,0.025440796263456508,0.631769294232356,COLLAPSED,docvqa,Beta Calibration,46
0.013821231570995473,1.3821231570995474,0.02841459054099169,2.841459054099169,0.017000314347863782,0.03807760660513162,0.00032239339486839214,0.0384,0.00023441558441558436,0.00019899569525919255,0.6207682291666666,0.1619864115008649,0.02301364408781625,0.020977354031849506,0.9313208007775028,COLLAPSED,docvqa,Spline Calibration,46
0.46817355553399137,46.81735555339914,0.4681735555339913,46.81735555339913,0.4681735553930362,0.25788943003805914,-0.21948943003805912,0.0384,4.489598451862603e-05,0.2193976419158815,0.5859375,0.7090014432854369,0.6985738141986,0.026431988199937025,1.0,COLLAPSED,docvqa,Adaptive TS (ATS),46
6.802951799375623e-05,0.006802951799375623,0.0423256911572106,4.23256911572106,0.007012759704941744,0.038372571392149,2.742860785100859e-05,0.0384,0.0,4.628015318462802e-09,0.4635416666666667,0.16742747701850946,0.03902276673710123,0.0035997266988351114,-0.06676016935533839,COLLAPSED,docvqa,Probability Margin (1D),46
0.006990871371926715,0.6990871371926716,0.01839838884200799,1.8398388842007989,0.008452670872034277,0.038362853487469255,3.714651253075574e-05,0.0384,5.311653116531164e-05,0.00010065641326922118,0.6223958333333333,0.16678803792357264,0.02693935702852347,0.01786509421543118,0.31417426762767636,COLLAPSED,docvqa,MSSC (Multi-Scale Proxy),46
2.4229441281366226e-05,0.0024229441281366226,0.04776744538628925,4.776744538628925,0.005946100407681009,0.03835203035507459,4.7969644925420496e-05,0.0384,0.0,5.870658248071738e-10,0.7161458333333333,0.1673298976295613,0.021192196049754076,0.0005627159018481952,-0.29688592214805376,COLLAPSED,docvqa,MSE-EIGEN (Multi-Scale),46
0.0012426294514029565,0.12426294514029565,0.03728407281508494,3.7284072815084937,0.00719030641033688,0.03831664443664593,8.33555633540789e-05,0.0384,7.434715821812594e-05,2.867672455283562e-06,0.619140625,0.16567670348823121,0.02155612566373244,0.014861091025394634,0.9875631890797272,COLLAPSED,docvqa,Residual Calibrator,46
0.008703469333211231,0.8703469333211231,0.03167014093780164,3.167014093780164,0.020562644125510874,0.037145295723604414,0.0012547042763955962,0.0384,0.0019182296390350083,0.0011918390580730996,0.765625,0.14938615854668125,0.01324411554925135,0.04676207417387912,0.40687767194179864,VALID,docvqa,Trajectory LR,46
0.06694616751658729,6.694616751658729,0.08101985977108879,8.101985977108878,0.0709689783774129,0.04795085244192007,-0.009550852441920062,0.0384,0.00025633478899546015,0.00900131824574861,0.43945312500000006,0.23837796946483233,0.053776544658541967,0.07699066768255655,0.01279831995799895,COLLAPSED,docvqa,Trajectory LR (No Bias),46
0.001076678075593194,0.1076678075593194,0.03728490360011738,3.728490360011738,0.007213401338798678,0.03830190491376239,9.809508623762064e-05,0.0384,7.434715821812594e-05,3.0070597313762873e-06,0.6223958333333334,0.1655365488472981,0.021371975958394806,0.015086593665407069,0.98732768319208,COLLAPSED,docvqa,VCPS-5D (Our Method),46
0.0017068327996088923,0.17068327996088922,0.047345058337440654,4.734505833744065,0.01616537080920505,0.03774205478437273,0.00065794521562728,0.0384,0.00022857142857142857,4.19526302667656e-06,0.6575520833333334,0.161247591683725,0.019856582150390302,0.020937715249202484,0.9407620190504764,COLLAPSED,docvqa,VCPS-17D (Our Method),46
0.5198898891359568,51.988988913595676,0.5198898891359568,51.988988913595676,0.4946041785968667,0.3921505030149006,-0.35375050301490063,0.0384,0.0028042366946778707,0.355651557255495,0.5950520833333333,1.2670629530044326,0.6572195123929787,0.3029823315303414,1.0,COLLAPSED,docvqa,Naive Confidence (NC),47
0.4662760821038613,46.62760821038613,0.4662760821038613,46.62760821038613,0.46627608200473625,0.2558403493061918,-0.21744034930619183,0.0384,0.0001857142857142857,0.21743386910484064,0.5950520833333333,0.7048761873756894,0.6572195123929787,0.02389362294748468,1.0,COLLAPSED,docvqa,Temperature Scaling (TS),47
0.00493888396797395,0.493888396797395,0.047706843910927305,4.770684391092731,0.0064693729870785675,0.038326770196922634,7.32298030773626e-05,0.0384,4.9484536082474225e-05,0.0001583405722117387,0.5950520833333333,0.16633646114242887,0.023608650741419338,0.010954758581663063,1.0,COLLAPSED,docvqa,Platt Scaling (1D),47
0.026077570698433368,2.6077570698433368,0.04848214602217813,4.848214602217813,0.018979806742762548,0.03829919027008561,0.00010080972991438619,0.0384,0.0001515592515592516,0.0009495527135812591,0.5904947916666666,0.16199173319717133,0.022680078785068794,0.0251403302242926,0.6598004950123754,COLLAPSED,docvqa,Quadratic Platt (Logit-Only),47
0.012052485056774538,1.2052485056774538,0.03147569917896526,3.147569917896526,0.015595375909603134,0.038252343481855924,0.00014765651814407227,0.0384,4.2857142857142883e-05,0.00021132475723505356,0.6171875,0.1614473457699707,0.02159951472100663,0.02665906269758057,0.6454181354533864,COLLAPSED,docvqa,Beta Calibration,47
0.014825658941661199,1.48256589416612,0.020223067195787182,2.0223067195787183,0.014901097942359734,0.03823891160271912,0.00016108839728087854,0.0384,0.0,0.00021980016305445866,0.6497395833333333,0.16483607481033866,0.026001717527206106,0.01563442124231306,0.933392618646898,COLLAPSED,docvqa,Spline Calibration,47
0.4662495551977725,46.62495551977725,0.4662495551977725,46.62495551977725,0.46624955508819566,0.2558130993922861,-0.2174130993922861,0.0384,0.00020582949813719042,0.2174012011160727,0.5950520833333333,0.7048210550806258,0.6572195123929787,0.023792380577486016,1.0,COLLAPSED,docvqa,Adaptive TS (ATS),47
3.9120762662811503e-05,0.00391207626628115,0.04815437317102101,4.815437317102101,0.007312458421480876,0.03837869007258793,2.1309927412067886e-05,0.0384,0.0,1.5304340713200266e-09,0.42252604166666663,0.1674767327490482,0.053908869504929915,0.0039307677935638465,-0.1618102588379633,COLLAPSED,docvqa,Probability Margin (1D),47
0.00726253163444619,0.726253163444619,0.02538609124498099,2.538609124498099,0.012968750509129528,0.037986464652140985,0.000413535347859012,0.0384,0.000635294117647059,0.00011498356876239186,0.5445963541666666,0.16407752127065223,0.048973941581426594,0.015128439329167409,0.2873243478464041,COLLAPSED,docvqa,MSSC (Multi-Scale Proxy),47
6.179537562770593e-05,0.006179537562770593,0.04829793110910892,4.829793110910892,0.007364480938913762,0.03839011045216576,9.889547834235346e-06,0.0384,0.0,3.818668448969272e-09,0.5162760416666666,0.1678163203509962,0.03744148193001471,0.0005092385255476405,-0.3384654616365409,COLLAPSED,docvqa,MSE-EIGEN (Multi-Scale),47
0.005007926193732791,0.5007926193732791,0.03826493530535723,3.826493530535723,0.005405147447438386,0.038274921038333035,0.00012507896166696203,0.0384,4.9484536082474225e-05,0.00015974011247546222,0.6100260416666666,0.16563687203889216,0.022634000770558636,0.011418973817792836,0.9755823895597392,COLLAPSED,docvqa,Residual Calibrator,47
0.036312055139381134,3.6312055139381134,0.052164773891633265,5.216477389163327,0.03155560355452193,0.040515448846856136,-0.0021154488468561397,0.0384,0.00021818181818181818,0.0029692850550759693,0.5625,0.1845515539644582,0.03249336424289299,0.045112981073991275,0.28204905122628066,COLLAPSED,docvqa,Trajectory LR,47
0.06757954048251139,6.757954048251139,0.08057796399578429,8.057796399578429,0.08604974698078194,0.05644450335517551,-0.01804450335517551,0.0384,0.0014421377183967108,0.018947112185090546,0.5006510416666667,0.2568141914936182,0.04554404585151921,0.13202514746340951,-0.027011175279381988,COLLAPSED,docvqa,Trajectory LR (No Bias),47
0.00532310000172224,0.5323100001722241,0.038169642851741084,3.8169642851741084,0.005737805925155186,0.03828059974806548,0.00011940025193451359,0.0384,4.9484536082474225e-05,0.00016409710254291753,0.609375,0.16566777984241576,0.022695729165620362,0.011666938077439968,0.9760504012600316,COLLAPSED,docvqa,VCPS-5D (Our Method),47
0.013468749795110785,1.3468749795110786,0.03903523664195594,3.903523664195594,0.009976727082961366,0.038261436823060005,0.0001385631769399917,0.0384,0.00012043010752688175,0.0004823804623698766,0.6438802083333333,0.16469987934647123,0.020727968607364027,0.01606587114398904,0.9317932948323709,COLLAPSED,docvqa,VCPS-17D (Our Method),47
0.5460131459496915,54.60131459496915,0.5460131459496916,54.60131459496916,0.5097258319536909,0.423245608755286,-0.384845608755286,0.0384,0.0026122252747252744,0.38698562691290234,0.6341145833333333,1.4497395998282814,0.7065428737079851,0.31598128126243,1.0,COLLAPSED,docvqa,Naive Confidence (NC),48
0.4691806225984217,46.918062259842166,0.4691806225984215,46.91806225984215,0.4691806225452049,0.25852808843856445,-0.22012808843856443,0.0384,5.131578947368421e-05,0.22041043173254612,0.6341145833333333,0.7102936034769701,0.7065428737079851,0.026625200822562454,1.0,COLLAPSED,docvqa,Temperature Scaling (TS),48
0.004837966054867915,0.4837966054867915,0.040251127169776135,4.025112716977613,0.00871017248981952,0.038343249253903706,5.675074609630404e-05,0.0384,6.666666666666667e-05,0.00024527116334776286,0.6341145833333333,0.16580895655902592,0.02043277094177948,0.01315051672418115,1.0,COLLAPSED,docvqa,Platt Scaling (1D),48
0.0016460392270039824,0.16460392270039825,0.02920172339776101,2.920172339776101,0.0040179225382220764,0.037602300840517085,0.0007976991594829258,0.0384,0.00026256781193490045,2.7124991044438444e-06,0.7252604166666666,0.15523027362792152,0.015255192618029533,0.02300250123435875,0.5478376959423986,COLLAPSED,docvqa,Quadratic Platt (Logit-Only),48
0.013540123027966354,1.3540123027966355,0.042542533094237875,4.254253309423787,0.005627414568368034,0.03759840261307303,0.0008015973869269777,0.0384,0.0009481764612199394,0.0002618493145994617,0.7291666666666667,0.15505472070343762,0.015241028595495433,0.024007994613116965,0.5147903697592441,COLLAPSED,docvqa,Beta Calibration,48
0.012883860184468555,1.2883860184468556,0.022550825602369585,2.2550825602369584,0.012924638439132698,0.03819976454590792,0.00020023545409209031,0.0384,0.0,0.00016599385325293412,0.6901041666666667,0.16483044991409557,0.01832065806173056,0.012857937022563172,0.9248277583742643,COLLAPSED,docvqa,Spline Calibration,48
0.4691418807748587,46.91418807748587,0.4691418807748587,46.91418807748587,0.4691418807243439,0.258488798422653,-0.22008879842265297,0.0384,5.131578947368421e-05,0.22037132265553402,0.6341145833333333,0.7102138421488132,0.7065428737079851,0.026512722735616157,1.0,COLLAPSED,docvqa,Adaptive TS (ATS),48
2.8378460480996126e-05,0.0028378460480996126,0.04806381455952964,4.806381455952964,0.006960717933008588,0.03837487015183428,2.5129848165730828e-05,0.0384,0.0,8.053370192714589e-10,0.5592447916666666,0.16750070885948937,0.03260082185305597,0.0030848733578186663,-0.10751534915687362,COLLAPSED,docvqa,Probability Margin (1D),48
0.009508352601006811,0.9508352601006811,0.014201440461376466,1.4201440461376467,0.008744500967755938,0.037783821133029034,0.0006161788669709761,0.0384,0.0006250034765679321,9.421015295008162e-05,0.6962890625,0.16091412005492742,0.0170111435607319,0.016319664253025397,0.4120498712183373,COLLAPSED,docvqa,MSSC (Multi-Scale Proxy),48
5.4847538690068476e-05,0.005484753869006848,0.04747374039020753,4.7473740390207535,0.006186953800064328,0.038356986995400494,4.301300459951668e-05,0.0384,0.0,3.008252500358558e-09,0.611328125,0.16740119619915894,0.028516238527068773,0.0004994089904299015,-0.3531178279456987,COLLAPSED,docvqa,MSE-EIGEN (Multi-Scale),48
0.007477120812427146,0.7477120812427146,0.045341772356618654,4.534177235661866,0.005167440936102691,0.03816103346928429,0.00023896653071572155,0.0384,0.00010212765957446807,0.0003599449302228488,0.6647135416666666,0.16379467248290983,0.01867170151393087,0.014221433615240631,0.9825155628890724,COLLAPSED,docvqa,Residual Calibrator,48
0.026812673579996657,2.6812673579996655,0.03799570164368872,3.799570164368872,0.021409057527291313,0.036094295176062524,0.0023057048239374864,0.0384,0.005446178343949045,0.003542013593379134,0.7591145833333333,0.14653760737294014,0.014359479438258695,0.040434853522389215,0.43337883447086184,VALID,docvqa,Trajectory LR,48
0.010435501860878884,1.0435501860878884,0.04322614395706631,4.322614395706631,0.022441955183220008,0.03550268669284181,0.0028973133071582002,0.0384,0.006035057471264368,0.003183489808562125,0.7278645833333334,0.14590381318384957,0.015064642007021723,0.045885878662452514,0.313110327758194,VALID,docvqa,Trajectory LR (No Bias),48
0.00774515239138584,0.774515239138584,0.03531831727950271,3.5318317279502707,0.0045679043392038605,0.03814555378960756,0.0002544462103924519,0.0384,0.00010212765957446807,0.0003613819607489543,0.6666666666666666,0.16364240244564052,0.01858932745162424,0.01426474391234058,0.9821060526513165,COLLAPSED,docvqa,VCPS-5D (Our Method),48
0.007416664633930498,0.7416664633930499,0.04181105813035828,4.181105813035828,0.018937980235853684,0.037554918485164714,0.0008450815148352969,0.0384,0.0005654815772462831,0.00024102421579204586,0.6575520833333334,0.159939035743749,0.0197208911464855,0.01840225385068192,0.9285937148428711,COLLAPSED,docvqa,VCPS-17D (Our Method),48
0.5255976086109876,52.55976086109876,0.5255976086109877,52.559760861098766,0.4967765242055206,0.40093384715096975,-0.36253384715096976,0.0384,0.0025586921850079738,0.3646865056025452,0.6731770833333333,1.299562508506159,0.6664911171475941,0.31915618738325097,1.0,COLLAPSED,docvqa,Naive Confidence (NC),49
0.46676936657564816,46.676936657564816,0.46676936657564827,46.67693665756482,0.46676936655600976,0.2558586040325899,-0.2174586040325899,0.0384,0.00011035508458821342,0.2179415083290116,0.6731770833333333,0.7049120827844735,0.6664911171475941,0.024707717003713867,1.0,COLLAPSED,docvqa,Temperature Scaling (TS),49
0.0010230174474339822,0.10230174474339822,0.050919636459753094,5.0919636459753095,0.004617801783232818,0.038144649540400304,0.0002553504595997069,0.0384,8.040201005025127e-06,2.894657442587562e-05,0.6731770833333333,0.16419315077793542,0.018228552754986596,0.009192151331428864,1.0,COLLAPSED,docvqa,Platt Scaling (1D),49
0.005426950753245305,0.5426950753245305,0.04396579343487865,4.396579343487865,0.010418670014589545,0.037774486349325856,0.0006255136506741546,0.0384,0.0005055402026582445,3.1401678968115624e-05,0.6901041666666666,0.15677691757834286,0.01705375524051251,0.023865182951178752,0.6428080702017552,COLLAPSED,docvqa,Quadratic Platt (Logit-Only),49
0.003097149101011461,0.3097149101011461,0.03704209993889384,3.7042099938893838,0.01414616387845922,0.0378611229099831,0.0005388770900169107,0.0384,0.00017444027256292578,1.880372241954999e-05,0.658203125,0.1569477353169758,0.01867067983474399,0.025165420448461002,0.6051811295282382,COLLAPSED,docvqa,Beta Calibration,49
0.015784044730722868,1.5784044730722868,0.028179655661997816,2.8179655661997813,0.01585397183833693,0.038052597137647595,0.0003474028623524153,0.0384,0.00023441558441558436,0.0002494853639282522,0.6627604166666667,0.1624322327816444,0.021235381215050253,0.01934616204736579,0.933392618646898,COLLAPSED,docvqa,Spline Calibration,49
0.46674074002446425,46.674074002446424,0.4667407400244644,46.67407400244644,0.46674074000463683,0.25583107874632477,-0.21743107874632475,0.0384,0.00012256097560975614,0.2179010823731168,0.6731770833333333,0.7048564074643616,0.6664911171475941,0.02460298841745121,1.0,COLLAPSED,docvqa,Adaptive TS (ATS),49
0.00010695429082375335,0.010695429082375335,0.05468912704632776,5.468912704632776,0.01227193291295161,0.0387544539539026,-0.0003544539539025865,0.0384,0.0,1.143922032561201e-08,0.39388020833333326,0.2889142550238354,0.05958084858615337,0.007597508725254477,-0.07772623462979214,COLLAPSED,docvqa,Probability Margin (1D),49
0.016343927215546228,1.6343927215546228,0.019955992805220882,1.9955992805220881,0.0130083362328456,0.03763926382427181,0.0007607361757282008,0.0384,0.0011100271002710024,0.00043611841356831885,0.7399088541666666,0.1592999528693897,0.01881271414631877,0.01293380867888265,0.36615700858484435,COLLAPSED,docvqa,MSSC (Multi-Scale Proxy),49
2.0463748724323938e-05,0.002046374872432394,0.04220023627129468,4.220023627129469,0.006402058724027023,0.038363964741803584,3.603525819642628e-05,0.0384,0.0,4.187650118522696e-10,0.6477864583333333,0.16748397840800258,0.02278198457507866,0.0006048019959340699,-0.34711617790444765,COLLAPSED,docvqa,MSE-EIGEN (Multi-Scale),49
0.0010459078191452597,0.10459078191452596,0.04352635249175571,4.352635249175571,0.004868263710228187,0.037981275946581135,0.00041872405341887575,0.0384,8.040201005025127e-06,2.823008612807197e-05,0.705078125,0.1622971289455598,0.015984652845651707,0.00985590180085442,0.9767824195604892,COLLAPSED,docvqa,Residual Calibrator,49
0.016165211900352305,1.6165211900352305,0.02622368532949703,2.622368532949703,0.028568908519564562,0.03736014860991939,0.001039851390080622,0.0384,0.0025740558292282434,0.002436767458139355,0.8033854166666666,0.14634110633995095,0.012431876398971522,0.047056918446809384,0.35443636090902275,VALID,docvqa,Trajectory LR,49
0.08213181649324967,8.213181649324968,0.09887993872617408,9.887993872617407,0.08341830261355353,0.04940495078687853,-0.01100495078687852,0.0384,0.0006453703703703703,0.01076614347895551,0.27083333333333337,0.2922862492587269,0.0729326731356241,0.07273519404137184,-0.08351008775219382,COLLAPSED,docvqa,Trajectory LR (No Bias),49
0.0011889524192355305,0.11889524192355305,0.04348367303507091,4.348367303507091,0.00482099165988555,0.03797087716792854,0.0004291228320714713,0.0384,8.040201005025127e-06,2.857259159105097e-05,0.7076822916666666,0.16218293232168177,0.015874795745695582,0.00994454000345022,0.9766969174229357,COLLAPSED,docvqa,VCPS-5D (Our Method),49
0.01163667879200493,1.1636678792004929,0.03476402722676472,3.476402722676472,0.012191410278208673,0.03750760212641525,0.0008923978735847632,0.0384,0.0015646305991855727,0.0008790617495302021,0.7350260416666667,0.15791076513860286,0.014224384448628526,0.014742871545814698,0.9143853596339909,COLLAPSED,docvqa,VCPS-17D (Our Method),49
0.5074692459776997,50.74692459776997,0.5074692459776997,50.74692459776997,0.4726735141820357,0.39195166349920724,-0.35355166349920725,0.0384,0.0023163981443393208,0.35524047101663125,0.6243489583333333,1.3312613034578598,0.660537785384511,0.32566029106131444,1.0,COLLAPSED,docvqa,Naive Confidence (NC),50
0.4663434793947258,46.63434793947258,0.4663434793947258,46.63434793947258,0.4663434792848869,0.25582881827092635,-0.21742881827092633,0.0384,0.00035512820512820524,0.21748066068628266,0.6243489583333333,0.7048640826555845,0.660537785384511,0.02640863829156941,1.0,COLLAPSED,docvqa,Temperature Scaling (TS),50
0.00257597033753956,0.257597033753956,0.04152279144802175,4.152279144802175,0.004128485760929817,0.038256076909933955,0.00014392309006605597,0.0384,2.4365482233502535e-05,8.993312641358994e-05,0.6243489583333333,0.1655354196551624,0.02214663097399549,0.01174915282154996,1.0,COLLAPSED,docvqa,Platt Scaling (1D),50
0.02146392161491792,2.146392161491792,0.034676081367189984,3.4676081367189986,0.020619692238682975,0.03840579755684832,-5.797556848312346e-06,0.0384,4.994425863991082e-05,0.0006181678793713172,0.5989583333333333,0.1637164872676105,0.022587550738691505,0.024461998554328148,0.629531238280957,COLLAPSED,docvqa,Quadratic Platt (Logit-Only),50
0.019481141833199885,1.9481141833199884,0.03385268027993043,3.385268027993043,0.020892088265125626,0.03842530195977089,-2.5301959770879234e-05,0.0384,2.770562770562772e-05,0.0005241512273404281,0.6009114583333334,0.1644636255570164,0.02303669904532299,0.02576648664124016,0.6286117152928824,COLLAPSED,docvqa,Beta Calibration,50
0.013726816628462896,1.3726816628462895,0.02049478625955976,2.049478625955976,0.013872081809826105,0.03820845533162713,0.0001915446683728797,0.0384,0.0,0.00018842549475144545,0.6295572916666666,0.16420004952675002,0.022533954534781554,0.016837201171112537,0.9517419005781624,COLLAPSED,docvqa,Spline Calibration,50
0.4663167137017616,46.63167137017616,0.46631671370176153,46.63167137017615,0.4663167135939976,0.25580112529938026,-0.21740112529938024,0.0384,0.00035512820512820524,0.21745533343528045,0.6243489583333333,0.7048079197313123,0.660537785384511,0.026296775190695027,1.0,COLLAPSED,docvqa,Adaptive TS (ATS),50
0.00043546578673505504,0.043546578673505504,0.04769708847916654,4.769708847916654,0.006757801752127113,0.03836013709888801,3.986290111199914e-05,0.0384,0.0,1.8963045141678042e-07,0.5657552083333334,0.1671510130231561,0.02828490384862304,0.004676305260114319,-0.09264276158746171,COLLAPSED,docvqa,Probability Margin (1D),50
0.002855468747671649,0.2855468747671649,0.020119885819255636,2.0119885819255634,0.00882241855036752,0.03827450518695592,0.00012549481304408722,0.0384,0.00014228675136116153,1.1619473149862921e-05,0.59765625,0.1664059349642795,0.026695038359023357,0.015879031973517258,0.3575454055813344,COLLAPSED,docvqa,MSSC (Multi-Scale Proxy),50
3.254248077261268e-08,3.254248077261268e-06,0.048136358382513705,4.81363583825137,0.0065732610636112555,0.038369391775514655,3.060822448535533e-05,0.0384,0.0,1.0590130548358661e-15,0.6888020833333333,0.16754847590319344,0.024356591473722232,0.0005853222671052258,-0.24110102752568818,COLLAPSED,docvqa,MSE-EIGEN (Multi-Scale),50
0.0029141197471665324,0.29141197471665325,0.03255877062858621,3.2558770628586213,0.004583735901224781,0.03817556759257706,0.00022443240742295312,0.0384,3.265306122448979e-05,0.00011492347139223502,0.6204427083333334,0.16494062905042767,0.025239779427273314,0.01253208671903274,0.9864216605415136,COLLAPSED,docvqa,Residual Calibrator,50
0.01157174497749119,1.157174497749119,0.03495920545935346,3.4959205459353457,0.01590326572053129,0.03867862287555417,-0.00027862287555415616,0.0384,0.0009485029940119761,0.0012183617629732374,0.697265625,0.16604813225523396,0.02494413070418841,0.04542429251745982,0.2969009225230631,COLLAPSED,docvqa,Trajectory LR,50
0.01355659577770334,1.355659577770334,0.04442939934275603,4.4429399342756035,0.028721551671575727,0.03781710845698081,0.0005828915430192011,0.0384,0.001071754380815404,0.0005260987567306072,0.6236979166666666,0.16709414918985155,0.025630458374129722,0.04774480774756908,0.2652156303907598,COLLAPSED,docvqa,Trajectory LR (No Bias),50
0.0017602380332240848,0.1760238033224085,0.039928763921336506,3.9928763921336508,0.004457328348413963,0.03816794682355799,0.0002320531764420236,0.0384,1.6161616161616165e-05,6.557502905557585e-05,0.6243489583333334,0.16489188509335906,0.025209549816101226,0.012025718560670985,0.9852561314032853,COLLAPSED,docvqa,VCPS-5D (Our Method),50
0.00025454388648121177,0.025454388648121176,0.03705627364013502,3.7056273640135022,0.0070323357943859665,0.03784294485710184,0.0005570551428981732,0.0384,0.00011985815602836878,6.565610914172993e-08,0.65625,0.16193738319920917,0.024086600164148944,0.017427791533994205,0.9289612240306009,COLLAPSED,docvqa,VCPS-17D (Our Method),50
0.5280375714600086,52.80375714600086,0.5280375714600086,52.80375714600086,0.48863346266481034,0.4138928444844485,-0.37549284448444853,0.0384,0.0042405103668261565,0.37878173747110405,0.5670572916666666,1.4922003717062033,0.6950105095921415,0.32286943066149226,1.0,COLLAPSED,docvqa,Naive Confidence (NC),51
0.46883656469696106,46.883656469696106,0.4688365646969611,46.88365646969611,0.46883656464059076,0.25872882994322594,-0.22032882994322592,0.0384,6.427546628407462e-05,0.22022070505892063,0.5670572916666666,0.7107238625071883,0.6950105095921415,0.02871843146881929,1.0,COLLAPSED,docvqa,Temperature Scaling (TS),51
0.012792292945290419,1.279229294529042,0.05560114123184801,5.5601141231848015,0.01433196496685571,0.03876841105638276,-0.0003684110563827517,0.0384,0.0001486338797814208,0.0007116540390493954,0.5670572916666666,0.16929283793606587,0.025242849909546564,0.01909372012226817,1.0,COLLAPSED,docvqa,Platt Scaling (1D),51
0.017833471370533708,1.783347137053371,0.04409473513770937,4.409473513770937,0.014593388471266785,0.037927901444893226,0.0004720985551067841,0.0384,3.2791327913279156e-05,0.00045557742760360913,0.6412760416666667,0.15734981753133465,0.019529444404258016,0.023610841189063276,0.5647671191779795,COLLAPSED,docvqa,Quadratic Platt (Logit-Only),51
0.0020063837740587477,0.20063837740587476,0.036775604819399614,3.6775604819399614,0.013281516875265768,0.03787302218679162,0.0005269778132083874,0.0384,0.0003558154645873944,1.3377702979553469e-05,0.658203125,0.1567422457383278,0.01884324537426597,0.024205624441002643,0.5840291007275183,COLLAPSED,docvqa,Beta Calibration,51
0.012735018011284911,1.273501801128491,0.028700944452791224,2.8700944452791224,0.014495602757100228,0.038125407526435916,0.0002745924735640948,0.0384,0.0,0.0001621806837477511,0.6057942708333333,0.163039295700396,0.023893226998298146,0.017623554349682078,0.9354193579536298,COLLAPSED,docvqa,Spline Calibration,51
0.4687993897902947,46.87993897902947,0.46879938979029473,46.879938979029475,0.46879938973851903,0.25868834513565786,-0.22028834513565784,0.0384,6.427546628407462e-05,0.22018204921022755,0.5670572916666666,0.7106413337966528,0.6950105095921415,0.028597296486573564,1.0,COLLAPSED,docvqa,Adaptive TS (ATS),51
0.00010142132180037539,0.010142132180037539,0.05293193797391451,5.293193797391451,0.007081850180698261,0.038377983241190544,2.2016758809466352e-05,0.0384,0.0,1.02862845157353e-08,0.45377604166666663,0.1675536458556255,0.04149266700107988,0.0029214531081742804,0.004359115516566093,COLLAPSED,docvqa,Probability Margin (1D),51
0.010611163029552676,1.0611163029552677,0.028866864742678643,2.886686474267864,0.010484884456576596,0.03832088288346509,7.911711653491721e-05,0.0384,1.1613094356391648e-05,0.0002276092676421743,0.6953125,0.16540616981254785,0.015605842571157769,0.0186930048050148,0.36967321202809733,COLLAPSED,docvqa,MSSC (Multi-Scale Proxy),51
2.01401075505675e-05,0.00201401075505675,0.05818698579482166,5.818698579482167,0.006383382822752134,0.038363968743486875,3.603125651313599e-05,0.0384,0.0,4.05623932148426e-10,0.7610677083333333,0.1674810140794686,0.013535821924203975,0.0005779673383904066,-0.20397059926498168,COLLAPSED,docvqa,MSE-EIGEN (Multi-Scale),51
0.005537542860554324,0.5537542860554324,0.049020732505915245,4.902073250591524,0.013463245470930427,0.03866920272004818,-0.00026920272004817003,0.0384,1.871508379888269e-05,0.0002475062931109535,0.5859375,0.16815014139207918,0.023855224616902083,0.020221218625107684,0.9891022275556891,COLLAPSED,docvqa,Residual Calibrator,51
0.02419649845055192,2.4196498450551918,0.0338889939924689,3.3888993992468897,0.020515905302260086,0.03785855622693706,0.0005414437730629496,0.0384,0.005063594470046083,0.0047239549423886956,0.69140625,0.15988140346659907,0.0204372201777956,0.04674686195009493,0.4534643366084153,COLLAPSED,docvqa,Trajectory LR,51
0.0170850628779144,1.7085062877914399,0.0403825200398002,4.038252003980021,0.026221749921610103,0.03739123860108104,0.0010087613989189712,0.0384,0.004631538286753011,0.003645594942291025,0.705078125,0.16426662450607948,0.0360507563524846,0.06558494012089482,0.3338693467336684,VALID,docvqa,Trajectory LR (No Bias),51
0.005892405548560422,0.5892405548560422,0.04902499202853869,4.9024992028538685,0.013699455147294806,0.03865862961739808,-0.0002586296173980665,0.0384,1.871508379888269e-05,0.0002572677651829718,0.587890625,0.16805877975931047,0.023804396848487782,0.02052061365863196,0.9887362184054603,COLLAPSED,docvqa,VCPS-5D (Our Method),51
0.006566238568842195,0.6566238568842195,0.049523171450448135,4.952317145044813,0.02679300371746101,0.038386059208879324,1.3940791120686802e-05,0.0384,0.0001547439298102428,0.00040281998022216944,0.6139322916666667,0.1662199465335323,0.022544498628878428,0.027708276076813535,0.9616680417010426,COLLAPSED,docvqa,VCPS-17D (Our Method),51
0.13639716334640978,13.639716334640978,0.09867418415844438,9.867418415844439,0.049900530796075815,0.1864972549998442,0.0394793075001558,0.22597499999999998,0.061421780639715436,0.02332906646146006,0.7571634030313088,0.5703408012805338,0.16568464862430834,0.23267790024270169,1.0,VALID,gqa,Naive Confidence (NC),42
0.09210576206484883,9.210576206484882,0.10144751875739395,10.144751875739395,0.045105738751032395,0.18595294957871192,0.04002361292128809,0.22597499999999998,0.049859273231349706,0.011419331242257746,0.7571634030313088,0.5560332511904552,0.16568464862430834,0.2077836026187929,1.0,VALID,gqa,Temperature Scaling (TS),42
0.09555654636998193,9.555654636998193,0.10271881435664475,10.271881435664474,0.04650234634882132,0.18605052578980338,0.03992603671019662,0.22597499999999998,0.05077870555770927,0.01264491127526865,0.7571634030313088,0.5561780084447342,0.16676819742605928,0.21143596139117482,1.0,VALID,gqa,Platt Scaling (1D),42
0.12085723532700532,12.085723532700532,0.09837749448377008,9.837749448377007,0.04785979754902459,0.18482492649734628,0.04115163600265373,0.22597499999999998,0.06036402227000053,0.020117050792832557,0.7571634030313088,0.551256188836452,0.16609934969599616,0.22115582657231417,1.0,VALID,gqa,Quadratic Platt (Logit-Only),42
0.11833080173131566,11.833080173131567,0.09595719605157045,9.595719605157045,0.04718831147413028,0.18450333723086004,0.04147322526913996,0.22597499999999998,0.05814823669846552,0.017597077284892935,0.7571634030313088,0.5488130038690038,0.16387326942860445,0.22118044062338058,1.0,VALID,gqa,Beta Calibration,42
0.10805121126240372,10.805121126240373,0.09775506945942891,9.77550694594289,0.07660935758940428,0.1918153270897168,0.03416123541028321,0.22597499999999998,0.05246350051144355,0.019187246973466472,0.7482022347604824,0.5754604679529541,0.20034241522513238,0.17624623806676504,0.9926226032540325,VALID,gqa,Spline Calibration,42
0.09133541585021057,9.133541585021057,0.09105348010276709,9.105348010276709,0.044844907863630996,0.18582546130119376,0.040151101198806244,0.22597499999999998,0.04860103871224562,0.010596925515322639,0.7573846664454033,0.556121691884162,0.16638276631528714,0.20874351612659223,0.9997734943373585,VALID,gqa,Adaptive TS (ATS),42
0.004119299570789674,0.4119299570789674,0.11922224233813211,11.92222423381321,0.012651970375409008,0.2262310420107138,-0.0002544795107138065,0.22597499999999998,0.00024267676767676771,0.00010161118359662725,0.3957296161079765,0.6448492910699081,0.4271350982668563,0.007660461464912096,-0.2661572432918818,COLLAPSED,gqa,Probability Margin (1D),42
0.03497754354956231,3.497754354956231,0.034977543549562305,3.4977543549562307,0.03155356672749857,0.21632757401874392,0.009648988481256088,0.22597499999999998,0.012038612639847042,0.0027980917661874325,0.6173249253235978,0.6232899135125787,0.2761803316626671,0.08374252526745035,0.4633902478519528,VALID,gqa,MSSC (Multi-Scale Proxy),42
0.0021742171811659984,0.21742171811659985,0.11298084559943487,11.298084559943486,0.0014984311801245131,0.2257649105232992,0.0002116519767008107,0.22597499999999998,0.0005981155778894471,0.0005550043040455315,0.5457462108640336,0.6438310454172503,0.2951344138189641,0.002231735565946935,0.17029925748143704,COLLAPSED,gqa,MSE-EIGEN (Multi-Scale),42
0.0990904881431738,9.90904881431738,0.09258966668139487,9.258966668139488,0.04696506378030456,0.18617174257660235,0.039804819923397655,0.22597499999999998,0.05106444755049461,0.013490873895311714,0.7568315079101672,0.5566543806396616,0.16722427261903977,0.21239449161268403,0.9994989874746871,VALID,gqa,Residual Calibrator,42
0.10318322290093311,10.318322290093311,0.13036315039537452,13.036315039537453,0.0638580500736496,0.18607902955734354,0.039897532942656466,0.22597499999999998,0.05420726211353147,0.015924276064169716,0.7616993030202457,0.5564015404691841,0.16617344496266487,0.2131272092372254,0.9885577139428486,VALID,gqa,Trajectory LR,42
0.11416222757965938,11.416222757965938,0.13007573525309885,13.007573525309885,0.0631079207542893,0.18607113243531476,0.03990543006468525,0.22597499999999998,0.056703713610950474,0.018101405964606285,0.7607036176568205,0.555730766429471,0.1658344029785064,0.21013788327674446,0.9889582239555991,VALID,gqa,Trajectory LR (No Bias),42
0.09820821076296421,9.82082107629642,0.09217485146770989,9.217485146770988,0.04658730993769569,0.1860687383284023,0.03990782417159772,0.22597499999999998,0.04897384719031725,0.012387599225914049,0.7581590883947339,0.5567266235332626,0.16695863610181724,0.21279600506104135,0.9994884872121804,VALID,gqa,VCPS-5D (Our Method),42
0.08048064422607833,8.048064422607833,0.0962611587236856,9.62611587236856,0.0474283720113242,0.1861156538137592,0.039860908686240815,0.22597499999999998,0.046729356049274376,0.008662480328530354,0.7581590883947339,0.5602391182653021,0.16804795240319786,0.21436654755939416,0.9978804470111754,VALID,gqa,VCPS-17D (Our Method),42
0.10286012224853039,10.286012224853039,0.11468651540577414,11.468651540577413,0.06754423768799396,0.1793547851530302,0.046621777346969845,0.22597499999999998,0.06490437308956218,0.02049736606189627,0.7798429029759929,0.5285392761254026,0.13849134332216764,0.25531270285678875,1.0,VALID,gqa,Naive Confidence (NC),43
0.08401975980591443,8.401975980591443,0.11692795648884169,11.692795648884168,0.0430774434083599,0.17662436989850772,0.04935219260149232,0.22597499999999998,0.06610497620863753,0.017493304597472812,0.7798429029759929,0.5183837644209953,0.13849134332216764,0.22652053877878237,1.0,VALID,gqa,Temperature Scaling (TS),43
0.08535070999123753,8.535070999123754,0.11605519392415069,11.605519392415069,0.04440032504238314,0.17668470080172555,0.049291861698274486,0.22597499999999998,0.06843842011251487,0.01875709635012019,0.7798429029759929,0.5184157329681508,0.13826989935418443,0.22976748027353042,1.0,VALID,gqa,Platt Scaling (1D),43
0.0890359405844632,8.90359405844632,0.11593019641277064,11.593019641277063,0.05719696138169033,0.17839756387947317,0.04757899862052686,0.22597499999999998,0.06273595378164565,0.015556772697163459,0.7791791127337094,0.5232888825419298,0.13834157723930182,0.24281013292282103,0.99644791119778,VALID,gqa,Quadratic Platt (Logit-Only),43
0.09756294105497743,9.756294105497743,0.11854895858976215,11.854895858976215,0.05874062845748444,0.1789356952281543,0.04704086727184573,0.22597499999999998,0.06639958521870286,0.020016982023130753,0.7798429029759929,0.5227912860720337,0.13556934135191237,0.2468812769431547,1.0,VALID,gqa,Beta Calibration,43
0.10325799043424144,10.325799043424144,0.13003611203529053,13.003611203529053,0.05530464634275258,0.18768993745657234,0.0382866250434277,0.22597499999999998,0.06461470588235294,0.02566678531010929,0.7739794225024893,0.55217107544839,0.15854120766068847,0.19265936521381521,0.9826897485872892,VALID,gqa,Spline Calibration,43
0.08809516876187691,8.809516876187692,0.11720395765582764,11.720395765582763,0.04241997580216425,0.1767878131300044,0.04918874936999562,0.22597499999999998,0.06772402382768515,0.019028735197030494,0.7796216395618984,0.5187443078759604,0.1387754869117377,0.22612986246307218,0.9998664966624168,VALID,gqa,Adaptive TS (ATS),43
0.001174356190155934,0.1174356190155934,0.13354530332729675,13.354530332729675,0.009997764850293956,0.22609238036446558,-0.00011581786446554498,0.22597499999999998,0.0,1.3791124613575604e-06,0.4008186746321496,0.6445503277785075,0.4382996198540776,0.002483659991818166,-0.27300861087920214,COLLAPSED,gqa,Probability Margin (1D),43
0.02627295591445962,2.627295591445962,0.02632680824591685,2.632680824591685,0.022170393508258446,0.21534557004182478,0.010630992458175254,0.22597499999999998,0.012233964398531545,0.001504304873712211,0.6230224582365307,0.621000744917356,0.2762469959494801,0.08554151849189592,0.6055381793698313,VALID,gqa,MSSC (Multi-Scale Proxy),43
0.001449585367847006,0.1449585367847006,0.10329127734065319,10.329127734065318,0.0017327975052784839,0.2258071573206119,0.00016940517938812683,0.22597499999999998,0.0,2.10129773867614e-06,0.5172032304458458,0.6439248225216128,0.3052140155272769,0.0019912983448974273,0.1498252456311408,COLLAPSED,gqa,MSE-EIGEN (Multi-Scale),43
0.0779417652469108,7.794176524691079,0.10558130883369511,10.558130883369511,0.04627986998085601,0.17720870863865926,0.048767853861340776,0.22597499999999998,0.06143713822297414,0.012665815401258813,0.7797322712689457,0.5195310452719231,0.13831056551042964,0.23363358042093887,0.9994449861246533,VALID,gqa,Residual Calibrator,43
0.0650470010109837,6.504700101098369,0.0891690450598037,8.916904505980371,0.05145619729563972,0.1843193119861711,0.04165725051382893,0.22597499999999998,0.04658377753604736,0.007342256117454418,0.7607036176568204,0.5353134687033322,0.15308301111452738,0.22696347465347452,0.9732948323708095,VALID,gqa,Trajectory LR,43
0.10795575758754675,10.795575758754675,0.07679845549776551,7.679845549776551,0.029046143362018138,0.17914656934929887,0.04682999315070116,0.22597499999999998,0.06321248455706661,0.016320024402783757,0.7767452151786702,0.5251253698985563,0.14286078604394453,0.21490656560628785,0.9875136878421962,VALID,gqa,Trajectory LR (No Bias),43
0.07067403252275836,7.067403252275836,0.1063465496341364,10.63465496341364,0.04417265448737498,0.17726434090919188,0.04871222159080815,0.22597499999999998,0.06310875739798891,0.01430163379493733,0.7796216395618986,0.5196731106196143,0.13867103059680813,0.230501769449937,0.9993219830495763,VALID,gqa,VCPS-5D (Our Method),43
0.07512729473801956,7.512729473801956,0.11117165206444986,11.117165206444986,0.04447341741011726,0.1774891702448862,0.04848739225511384,0.22597499999999998,0.06442630828251032,0.015353416940349621,0.7786259541984732,0.5204616908549228,0.13853902112041264,0.23245686268556587,0.9990384759618993,VALID,gqa,VCPS-17D (Our Method),43
0.08789435833692552,8.789435833692552,0.09868426591157914,9.868426591157913,0.04648411493015651,0.19269988989738593,0.033276672602614105,0.22597499999999998,0.04449868191085819,0.010408220485149559,0.7467640225688683,0.5695477343310013,0.1673101675836967,0.22250583385659523,1.0,VALID,gqa,Naive Confidence (NC),44
0.09240160678358675,9.240160678358675,0.08706150175822815,8.706150175822815,0.025324790759365255,0.19080865443048506,0.035167908069514975,0.22597499999999998,0.0461467959459895,0.012773993810835644,0.7467640225688683,0.556671165443947,0.1673101675836967,0.2021316847599589,1.0,VALID,gqa,Temperature Scaling (TS),44
0.11298592275666205,11.298592275666206,0.08806402486035847,8.806402486035847,0.02759890630339485,0.1908974164102121,0.03507914608978793,0.22597499999999998,0.050651923645614355,0.01724974753468918,0.7467640225688683,0.5568404957317241,0.16791639015419468,0.20601224561908948,1.0,VALID,gqa,Platt Scaling (1D),44
0.08783066359182627,8.783066359182627,0.0948468374906441,9.48468374906441,0.035213098827859876,0.19129114111483234,0.0346854213851677,0.22597499999999998,0.05023850403981983,0.016458229311016512,0.7466533908618209,0.5585349410516631,0.16771115390242952,0.21027004127485313,0.9993939848496214,VALID,gqa,Quadratic Platt (Logit-Only),44
0.07598613088335994,7.598613088335994,0.09263041644768587,9.263041644768586,0.03693795511687458,0.19128821424591763,0.0346883482540824,0.22597499999999998,0.04751483154526633,0.011879674321779898,0.7467640225688683,0.5567963213916799,0.16765464580697134,0.20978036552338994,1.0,VALID,gqa,Beta Calibration,44
0.09168273816570235,9.168273816570235,0.09020644723819898,9.020644723819899,0.060478386380976384,0.19575709656432458,0.030219465935675455,0.22597499999999998,0.05038987286765301,0.019816996708208762,0.7400708042925102,0.5762590245891049,0.20584456418566527,0.1773809846269992,0.9930667925881742,VALID,gqa,Spline Calibration,44
0.09198430617257927,9.198430617257927,0.10759421577495387,10.759421577495388,0.025710999100333854,0.19080328921704295,0.03517327328295708,0.22597499999999998,0.0461586859377182,0.012800682084289248,0.7473171811041044,0.5578481910184537,0.16745543209602642,0.20311067991351522,0.9996519912997827,VALID,gqa,Adaptive TS (ATS),44
0.0018545229522507096,0.18545229522507095,0.07389490962819902,7.3894909628199015,0.009056572970133656,0.22598746764592512,-1.090514592508307e-05,0.22597499999999998,0.0005981155778894471,0.0005526406820229857,0.5160969133753734,0.6443229696134961,0.3479682775752527,0.0014903522410673784,0.09282803907698566,COLLAPSED,gqa,Probability Margin (1D),44
0.07852109429630492,7.8521094296304925,0.07852109429630492,7.8521094296304925,0.06473736793763836,0.22654406293814902,-0.0005675004381489879,0.22597499999999998,0.00604120830150242,0.006610271239651404,0.5573625401039938,0.6462053781293281,0.331179869422905,0.09612848698621394,0.4378120737951074,COLLAPSED,gqa,MSSC (Multi-Scale Proxy),44
0.008577542689453132,0.8577542689453133,0.11127417088443241,11.127417088443242,0.008051875144353232,0.22582947225524067,0.00014709024475936805,0.22597499999999998,0.0018125634517766503,0.0016352261147939099,0.47848213297931186,0.6439700418952805,0.3349086366210378,0.002738822075985573,0.1188764719117978,COLLAPSED,gqa,MSE-EIGEN (Multi-Scale),44
0.10021723361239644,10.021723361239644,0.08930295811930407,8.930295811930407,0.030825141902575917,0.1911566189444692,0.034819943555530836,0.22597499999999998,0.0488660133929191,0.015900557496652545,0.7461002323265847,0.5580281730536941,0.16781311650625488,0.20912701872659645,0.998325958148954,VALID,gqa,Residual Calibrator,44
0.0681228863195182,6.812288631951819,0.07036962424560265,7.036962424560265,0.03864385612132327,0.19367266691970564,0.032303895580294395,0.22597499999999998,0.0376711377592435,0.006811099830156184,0.7330456908950106,0.5675864663722051,0.17486583093130068,0.21213463719658193,0.9639120978024451,VALID,gqa,Trajectory LR,44
0.04073960526346516,4.073960526346516,0.07942949816646287,7.942949816646287,0.028627645362921377,0.19057633570559085,0.035400226794409184,0.22597499999999998,0.037343589784398605,0.002447368812359845,0.7403473835601283,0.5606306739017238,0.17062710630480626,0.20746514275761754,0.970977274431861,VALID,gqa,Trajectory LR (No Bias),44
0.09431362990344146,9.431362990344146,0.08017156746344353,8.017156746344353,0.027871299678235296,0.1910449190959808,0.03493164340401925,0.22597499999999998,0.044703729603729606,0.012971028485743209,0.7458789689124903,0.558611458133678,0.1680994014877123,0.20688353488640715,0.9981024525613141,VALID,gqa,VCPS-5D (Our Method),44
0.0957789224566898,9.57789224566898,0.10285122797591231,10.285122797591232,0.02850846735962996,0.19198972646387535,0.03398683603612468,0.22597499999999998,0.04545564933169298,0.014775274593087286,0.7422281225799313,0.5611897297369224,0.1700025825656101,0.20649354365834996,0.9957818945473639,VALID,gqa,VCPS-17D (Our Method),44
0.09333242222666743,9.333242222666744,0.08808604761958123,8.808604761958124,0.03844488244862813,0.17658522001184815,0.049391342488151885,0.22597499999999998,0.05840420282154618,0.011544624453235725,0.7841575395508353,0.5298114422212262,0.1420964313437671,0.22901081866289744,1.0,VALID,gqa,Naive Confidence (NC),45
0.07520965299301206,7.520965299301206,0.09941856105820933,9.941856105820932,0.04483298561184045,0.17962814924705062,0.046348413252949416,0.22597499999999998,0.05545054406377936,0.008607191331119186,0.7841575395508353,0.5326661682398054,0.1420964313437671,0.19732024861710193,1.0,VALID,gqa,Temperature Scaling (TS),45
0.09168172875884704,9.168172875884704,0.10132475962684534,10.132475962684534,0.04935376152630854,0.18004353568298143,0.04593302681701861,0.22597499999999998,0.056202335164835165,0.01198236583549727,0.7841575395508353,0.5334529850909335,0.142617917641994,0.20208973056656568,1.0,VALID,gqa,Platt Scaling (1D),45
0.09474786732484744,9.474786732484745,0.09350125482242161,9.350125482242161,0.046720274560154214,0.17767894239329401,0.04829762010670602,0.22597499999999998,0.05874437459936954,0.011949901489036362,0.7841575395508353,0.5287757779400646,0.14291058922285022,0.21255112007191282,0.9999984999624993,VALID,gqa,Quadratic Platt (Logit-Only),45
0.09232760935953842,9.232760935953841,0.09082251267425874,9.082251267425875,0.04591524389698687,0.17712014521686995,0.04885641728313009,0.22597499999999998,0.06797908090934406,0.018996908488413615,0.7841575395508353,0.526576579720301,0.14230118582061374,0.21312996730559353,1.0,VALID,gqa,Beta Calibration,45
0.07459886030529969,7.459886030529969,0.08992329264512247,8.992329264512247,0.05337619424186991,0.18106024365525236,0.04491631884474767,0.22597499999999998,0.050054621095750124,0.008199958081492039,0.7811151676070363,0.5410683076490063,0.16139353337669574,0.17863529755107319,0.9970819195576951,VALID,gqa,Spline Calibration,45
0.07626852510023834,7.626852510023833,0.10723125749745951,10.723125749745952,0.04612289115582455,0.18011843103475716,0.04585813146524287,0.22597499999999998,0.05585419254658387,0.009118574440386716,0.7850425932072133,0.534976854119211,0.14283583264102623,0.19861988828816363,0.999450986274657,VALID,gqa,Adaptive TS (ATS),45
0.001291651803098981,0.1291651803098981,0.1287899310855768,12.87899310855768,0.010236766283749104,0.22609161999026206,-0.00011505749026202716,0.22597499999999998,0.0,1.6683643804488486e-06,0.481081978094922,0.6445490755334423,0.4032634230786502,0.0024751729453353064,-0.1905947686989957,COLLAPSED,gqa,Probability Margin (1D),45
0.046762693738509845,4.676269373850984,0.046762693738509845,4.676269373850984,0.045955844563121954,0.21232164783810525,0.01365491466189478,0.22597499999999998,0.016079537610597407,0.00242618544870266,0.6464210642770218,0.6139859266253453,0.22371581413851696,0.0787703749993029,0.48484202907526114,VALID,gqa,MSSC (Multi-Scale Proxy),45
0.0055883995590675275,0.5588399559067527,0.12238913492240733,12.238913492240734,0.00678189314389905,0.22586753725006234,0.00010902524993769425,0.22597499999999998,0.0012022727272727276,0.0010884035243320224,0.48998783051222483,0.6440558497410029,0.33075413875070836,0.002927048529416062,0.18337508437710948,COLLAPSED,gqa,MSE-EIGEN (Multi-Scale),45
0.08009454449154828,8.009454449154827,0.09198749660895664,9.198749660895663,0.051651910104376544,0.17994855043082578,0.04602801206917426,0.22597499999999998,0.051992551892551905,0.008878961981223942,0.783604381015599,0.5335369122684049,0.14352860536819323,0.20508716001864516,0.9987324683117079,VALID,gqa,Residual Calibrator,45
0.07433876962215248,7.4338769622152485,0.07823134113735485,7.823134113735485,0.05390556886884616,0.18054343581835933,0.045433126681640706,0.22597499999999998,0.05299631202131202,0.008875004576971714,0.7813917468746542,0.538533930434308,0.14641032468605203,0.20573717537586025,0.9744753618840474,VALID,gqa,Trajectory LR,45
0.08599584525680214,8.599584525680214,0.0935369473696532,9.35369473696532,0.04819128471288708,0.18084142255345179,0.04513513994654825,0.22597499999999998,0.05571793982951478,0.010803181439084732,0.781723641995796,0.540542207094887,0.1474802342017802,0.19975819220290436,0.9825815645391135,VALID,gqa,Trajectory LR (No Bias),45
0.08013397045030407,8.013397045030407,0.08257359089237565,8.257359089237564,0.051793700206299004,0.18036456716300253,0.0456119953369975,0.22597499999999998,0.05117905470419909,0.008995092442432392,0.7836043810155991,0.5356381369153533,0.14398453723704574,0.20419193171943859,0.9983769594239857,VALID,gqa,VCPS-5D (Our Method),45
0.08676167893026135,8.676167893026134,0.08626936492369522,8.626936492369522,0.05384924646574481,0.18106545048486752,0.04491111201513251,0.22597499999999998,0.05209703258669811,0.009663788952692823,0.7827193273592211,0.5390715754950226,0.14528720510168075,0.20536111523557826,0.9961569039225983,VALID,gqa,VCPS-17D (Our Method),45
0.08297672115266323,8.297672115266323,0.08516881816089153,8.516881816089153,0.047929062082420947,0.17052514746952185,0.05545141503047815,0.22597499999999998,0.0668121791547835,0.011368095236289935,0.7988715565881181,0.5099651006788641,0.128202367866692,0.22714570732544442,1.0,VALID,gqa,Naive Confidence (NC),46
0.09330353246130244,9.330353246130244,0.08271167846011394,8.271167846011394,0.04182833650783247,0.1722227193204571,0.053753843179542904,0.22597499999999998,0.06839351551226551,0.01567015215494001,0.7988715565881181,0.5110929120912054,0.128202367866692,0.19988725510765779,1.0,VALID,gqa,Temperature Scaling (TS),46
0.093726020615492,9.3726020615492,0.08283611501766623,8.283611501766623,0.04185595175146417,0.17227192738579114,0.053704635114208865,0.22597499999999998,0.06837545311489276,0.015728394925680955,0.7988715565881181,0.5112252791379751,0.1283542779604678,0.19943823151734497,1.0,VALID,gqa,Platt Scaling (1D),46
0.07345995760384555,7.345995760384555,0.07917771138989958,7.917771138989958,0.03863556564942475,0.1700105396563394,0.05596602284366062,0.22597499999999998,0.06387527929143329,0.008554410692402014,0.7988715565881181,0.5073568963541102,0.12695077894333845,0.2052735992221503,0.9999834995874898,VALID,gqa,Quadratic Platt (Logit-Only),46
0.07285113840801155,7.285113840801155,0.07909130965921479,7.909130965921479,0.034649316216175494,0.16934473470281397,0.056631827797186035,0.22597499999999998,0.0647128616339614,0.008658011833487692,0.7988715565881181,0.5053307369718162,0.12557081767795603,0.20460196405777598,1.0,VALID,gqa,Beta Calibration,46
0.12895424886784174,12.895424886784173,0.12568655682963575,12.568655682963575,0.06735364428598045,0.1826373122181256,0.04333925028187441,0.22597499999999998,0.07124685326750543,0.028837317658972694,0.7965482907401262,0.5447821401103654,0.14976145245137484,0.17379622694271754,0.9916776621537063,VALID,gqa,Spline Calibration,46
0.0933496841227068,9.33496841227068,0.08267693352614104,8.267693352614105,0.04141912356963476,0.17226147543297096,0.053715087067029044,0.22597499999999998,0.06838893675768677,0.01572150375806703,0.7985396614669764,0.5113217331779359,0.12823652644422517,0.19992360189440936,0.9998034950873773,VALID,gqa,Adaptive TS (ATS),46
0.001648033351415612,0.1648033351415612,0.12852698282383473,12.852698282383473,0.010200021882779338,0.22619662381061914,-0.00022006131061913514,0.22597499999999998,0.0,2.716013927378174e-06,0.443245934284766,0.6447703745446342,0.42869736940638054,0.005294289534732168,-0.2171821181122897,COLLAPSED,gqa,Probability Margin (1D),46
0.05246670173772494,5.246670173772494,0.05246670173772494,5.246670173772494,0.04311292794067909,0.21549337460719506,0.010483187892804946,0.22597499999999998,0.020030305305305304,0.009726550319254826,0.6234649850647196,0.6217690177083856,0.23437753256750482,0.08243783548814916,0.4857606258438062,VALID,gqa,MSSC (Multi-Scale Proxy),46
0.008811572385254977,0.8811572385254978,0.09004295706307963,9.004295706307964,0.004304489601513841,0.22570806957297113,0.0002684929270288794,0.22597499999999998,0.0018125634517766503,0.0016640297738830458,0.5264962938378139,0.6437025322503217,0.29590242876374895,0.0024240102124655845,0.1642856071401785,COLLAPSED,gqa,MSE-EIGEN (Multi-Scale),46
0.08936589275918284,8.936589275918285,0.08811977334169509,8.811977334169509,0.041207194481480525,0.1720430839451769,0.05393347855482311,0.22597499999999998,0.06775842513221547,0.014521828597697411,0.796990817568315,0.5105260160426379,0.1277755671084531,0.2015895903043546,0.9985314632865823,VALID,gqa,Residual Calibrator,46
0.08949518037503192,8.949518037503191,0.10308556327731462,10.308556327731463,0.036364557646750645,0.17291554958442534,0.05306101291557466,0.22597499999999998,0.06687425924823373,0.014974995039321677,0.7915698639230003,0.5123956541974064,0.12964466631131835,0.19934725718044283,0.9751428785719645,VALID,gqa,Trajectory LR,46
0.07557888751858916,7.557888751858916,0.08183913012959314,8.183913012959314,0.03862791535171939,0.17297336917954353,0.05300319332045647,0.22597499999999998,0.06234554435838762,0.009418753501576897,0.7947781834273703,0.5134215942180225,0.13144799090772716,0.19318606389252913,0.984324608115203,VALID,gqa,Trajectory LR (No Bias),46
0.07621151665073704,7.621151665073704,0.08841777649253746,8.841777649253746,0.04069546824501967,0.17222213719592944,0.05375442530407057,0.22597499999999998,0.06452925309457569,0.011547117703078882,0.7965482907401261,0.5111371150466248,0.12821141090181845,0.19996477967654622,0.9984819620490514,VALID,gqa,VCPS-5D (Our Method),46
0.06917429339488547,6.917429339488547,0.08792135091838081,8.79213509183808,0.04013096437864497,0.1722015642780924,0.053774998221907594,0.22597499999999998,0.06303141000874267,0.010760815428462195,0.7972120809824096,0.5110437993816807,0.12732119578651094,0.2000348582003203,0.9974769369234231,VALID,gqa,VCPS-17D (Our Method),46
0.11525505468249321,11.525505468249321,0.10516657590866088,10.516657590866089,0.05897525006668534,0.19650412616776072,0.029472436332239282,0.22597499999999998,0.05018792218989588,0.022976291102119774,0.7260758933510344,0.57662537355034,0.17513637465640383,0.21785229443450244,1.0,VALID,gqa,Naive Confidence (NC),47
0.0679202004269945,6.792020042699449,0.08960496324650741,8.960496324650741,0.03453666051668143,0.19382440341692012,0.03215215908307989,0.22597499999999998,0.03843502449562822,0.006340521081647338,0.7260758933510344,0.5632322760059826,0.17513637465640383,0.19656762084636442,1.0,VALID,gqa,Temperature Scaling (TS),47
0.05204267700363175,5.204267700363175,0.08969688021772612,8.969688021772612,0.03689374150359761,0.19391331371180637,0.03206324878819364,0.22597499999999998,0.03829755955688619,0.004777756879003464,0.7260758933510344,0.5632824716441767,0.17595528368300684,0.19983162524965326,1.0,VALID,gqa,Platt Scaling (1D),47
0.11884815522617254,11.884815522617254,0.09411728545628742,9.411728545628742,0.04475195636145201,0.19457521727371874,0.03140134522628127,0.22597499999999998,0.06169463442474278,0.02904702364960955,0.7260758933510344,0.5657207427261158,0.174397666104249,0.20692399026143585,0.9999429985749645,VALID,gqa,Quadratic Platt (Logit-Only),47
0.11929155014024853,11.929155014024854,0.09271762158444574,9.271762158444574,0.04687206807426964,0.19447017919479306,0.03150638330520694,0.22597499999999998,0.06271621261407789,0.031687564517982936,0.7260758933510344,0.5639766495681938,0.1727854713539292,0.206205763214952,1.0,VALID,gqa,Beta Calibration,47
0.09422995172934667,9.422995172934668,0.11623897661763477,11.623897661763477,0.08203375971134033,0.20442426591299998,0.02155229658700003,0.22597499999999998,0.0332545222486298,0.012846222071444053,0.7195486226352472,0.5989486818655141,0.18676661674786463,0.1671012085347321,0.9942910616956607,VALID,gqa,Spline Calibration,47
0.07877444499184823,7.877444499184823,0.1026971053101661,10.26971053101661,0.034891490809875574,0.19394329383784925,0.032033268662150755,0.22597499999999998,0.04046373598022206,0.00881444695706029,0.7264077884721761,0.5641543392591464,0.17553303516125987,0.19764102749373214,0.9994704867621692,VALID,gqa,Adaptive TS (ATS),47
0.028034978519308237,2.803497851930824,0.09832073148825847,9.832073148825847,0.029171408790631015,0.227616705417877,-0.0016401429178770077,0.22597499999999998,0.005141666666666666,0.007042430364682826,0.5126120146033853,0.6482005763895011,0.3596363456004993,0.012886775288306384,0.11377302097515303,COLLAPSED,gqa,Probability Margin (1D),47
0.010531153653114292,1.0531153653114291,0.025211300962494104,2.5211300962494105,0.02658849072326127,0.21960014943672415,0.006376413063275854,0.22597499999999998,0.0060272674611055906,0.00011517670814170365,0.5901648412435004,0.6303357375326477,0.317036873503886,0.08809772725058612,0.4865930707222351,VALID,gqa,MSSC (Multi-Scale Proxy),47
0.002047322487926222,0.2047322487926222,0.11605827709717975,11.605827709717975,0.004620238254433466,0.22580973588420514,0.00016682661579486835,0.22597499999999998,0.0005981155778894471,0.0005410090768603792,0.5312534572408452,0.643928528265513,0.3116474410148858,0.0023726178839250035,0.19028125703142582,COLLAPSED,gqa,MSE-EIGEN (Multi-Scale),47
0.07526846007898845,7.526846007898845,0.08812007562904016,8.812007562904016,0.037839408527936325,0.19397983715038003,0.031996725349619975,0.22597499999999998,0.04277443259355025,0.01120791580016505,0.7256333665228454,0.5637027656641534,0.1756205440870087,0.20113625681171568,0.9990489762244057,VALID,gqa,Residual Calibrator,47
0.05526372584777511,5.52637258477751,0.08310008685465024,8.310008685465025,0.039413097208654296,0.19394064519604193,0.03203591730395808,0.22597499999999998,0.03548629426129427,0.005526685067333768,0.7265184201792234,0.5660287212207844,0.17647104651863743,0.20343435449159228,0.9722898072451812,VALID,gqa,Trajectory LR,47
0.08186162517383515,8.186162517383515,0.08180922414833765,8.180922414833764,0.029987772442567735,0.19415403954054433,0.031822522959455674,0.22597499999999998,0.042441460351242966,0.010628149585149084,0.7270715787144595,0.5648375999664905,0.17541382031323174,0.19504377054792318,0.9909172729318234,VALID,gqa,Trajectory LR (No Bias),47
0.0776339877540649,7.76339877540649,0.10343889732878103,10.343889732878104,0.037485910911996705,0.19404297247876365,0.03193359002123636,0.22597499999999998,0.043444627594627604,0.012097355229728534,0.7254121031087509,0.5644550654095802,0.17632917871212206,0.20105048025103242,0.9987729693242332,VALID,gqa,VCPS-5D (Our Method),47
0.09151648793315013,9.151648793315013,0.09437584935608871,9.437584935608871,0.03860120938969642,0.19427482624252676,0.031701736257473245,0.22597499999999998,0.043870370903842784,0.01288206136687051,0.7245270494523731,0.5660234899017963,0.17687276569885413,0.201785715769351,0.9967314182854573,VALID,gqa,VCPS-17D (Our Method),47
0.052397126927971834,5.239712692797183,0.04918808050453663,4.918808050453663,0.03582980928626744,0.16665302192177026,0.05932354057822975,0.22597499999999998,0.06682801321485532,0.005833690285685672,0.8118154663126452,0.4860573943416847,0.11732495654623973,0.23220196345920113,1.0,VALID,gqa,Naive Confidence (NC),48
0.05382650183915603,5.382650183915603,0.05071513916061445,5.071513916061445,0.03546335374491246,0.1670208383605859,0.058955724139414106,0.22597499999999998,0.06401867041100538,0.004539989792781618,0.8118154663126452,0.49259878001502355,0.11732495654623973,0.2008411902933129,1.0,VALID,gqa,Temperature Scaling (TS),48
0.05670478627148053,5.670478627148054,0.05330120788776445,5.330120788776445,0.03822366009560045,0.167338045251241,0.058638517248759014,0.22597499999999998,0.06269618408767016,0.004468644709289529,0.8118154663126452,0.49342364261820615,0.11782126788706627,0.19818711731248656,1.0,VALID,gqa,Platt Scaling (1D),48
0.06965449848263291,6.965449848263291,0.05107511358155104,5.107511358155104,0.034934517273103205,0.1670117972025012,0.058964765297498806,0.22597499999999998,0.06449142830031578,0.0066914484526887814,0.8118154663126452,0.4951413645735425,0.1165655015067493,0.2076436873575726,0.9995784894622366,VALID,gqa,Quadratic Platt (Logit-Only),48
0.07368197288847741,7.368197288847742,0.05684700379366342,5.684700379366342,0.038174091432983254,0.1681506805214859,0.0578258819785141,0.22597499999999998,0.06444657350446824,0.00800544447680281,0.8118154663126452,0.4982944075593676,0.11646474607287106,0.20941212202361606,1.0,VALID,gqa,Beta Calibration,48
0.10636406353119414,10.636406353119414,0.10987085758105272,10.987085758105271,0.07998238036506174,0.1805461111442505,0.045430451355749496,0.22597499999999998,0.06379537050787051,0.017432450125406722,0.8047903529151456,0.5317392768418009,0.15741721689806024,0.16091239150726033,0.9864110832561794,VALID,gqa,Spline Calibration,48
0.05380353398243789,5.3803533982437886,0.04949371960614774,4.949371960614775,0.034999946470551116,0.167172053779774,0.058804508720225995,0.22597499999999998,0.06410294973677078,0.004421568493113124,0.8122579931408342,0.49298882943544875,0.11755838576218662,0.20087467226892583,0.9998454961374036,VALID,gqa,Adaptive TS (ATS),48
0.0011984667429069118,0.11984667429069118,0.15896953731109595,15.896953731109594,0.0075413179618701535,0.22596751861144607,9.043888553939006e-06,0.22597499999999998,0.0,1.4363225338539018e-06,0.5725743998229892,0.644279672686692,0.32220225790783386,0.0006342775780268676,0.19377569842310333,COLLAPSED,gqa,Probability Margin (1D),48
0.04714955521984036,4.714955521984035,0.047149555219840364,4.714955521984036,0.038183530401143716,0.2171635102067237,0.008813052293276308,0.22597499999999998,0.01356892747924858,0.004935360724098876,0.6100785485120036,0.6254091273454452,0.27359099926318886,0.08667412275534414,0.44692640585988824,VALID,gqa,MSSC (Multi-Scale Proxy),48
0.0011762374270725129,0.11762374270725129,0.15503343049105983,15.503343049105982,0.0030200919055554496,0.22570126555980885,0.00027529694019115536,0.22597499999999998,0.0,1.383534484846165e-06,0.5485120035402146,0.6436896856205467,0.27898763530462856,0.001972632986592467,0.2069946748668717,COLLAPSED,gqa,MSE-EIGEN (Multi-Scale),48
0.06338779730329056,6.338779730329056,0.0534477010542806,5.3447701054280605,0.03804979392361066,0.1672708011210812,0.05870576137891881,0.22597499999999998,0.06448065871509895,0.005966703925801483,0.8131430467972122,0.4931999670794721,0.11747170824864209,0.19934266816292326,0.9995454886372162,VALID,gqa,Residual Calibrator,48
0.11744340017046458,11.744340017046458,0.07878033410756204,7.878033410756204,0.053627588056860596,0.16979883071027935,0.05617773178972066,0.22597499999999998,0.07624473937468283,0.021949050030790205,0.8055094590109526,0.4981058708222495,0.12370493626522237,0.20244095211921956,0.9767209180229507,VALID,gqa,Trajectory LR,48
0.10200097612653837,10.200097612653837,0.09632819357066888,9.632819357066888,0.05148743138038816,0.16937787078808722,0.056598691711912785,0.22597499999999998,0.0711514424648578,0.01629659025521172,0.8060626175461887,0.497331200171374,0.12198019361591277,0.20598705656516192,0.9769834245856148,VALID,gqa,Trajectory LR (No Bias),48
0.06399472970336012,6.399472970336012,0.05415964384865874,5.415964384865874,0.038267827355927694,0.16749951460394708,0.05847704789605293,0.22597499999999998,0.06448065871509895,0.006051050958462551,0.8124792565549286,0.4938559399786894,0.11772153945581396,0.1985990959276071,0.9995424885622143,VALID,gqa,VCPS-5D (Our Method),48
0.06509570875766953,6.509570875766952,0.060605949976654694,6.060594997665469,0.04066620135272532,0.16700107624248495,0.05897548625751506,0.22597499999999998,0.06548853928299009,0.006698796261778206,0.813585573625401,0.49282816013916886,0.11727508396155921,0.19931129077365084,0.9988179704492613,VALID,gqa,VCPS-17D (Our Method),48
0.08131604805588724,8.131604805588724,0.08442020073533059,8.442020073533058,0.028143765335575045,0.1735141838220246,0.05246237867797543,0.22597499999999998,0.06642549783470837,0.013987856282472884,0.7921230224582365,0.515784116001146,0.13242096682161814,0.2279361815304763,1.0,VALID,gqa,Naive Confidence (NC),49
0.05257227903953367,5.257227903953367,0.09750692751828376,9.750692751828376,0.029102332513971166,0.1752751824139149,0.05070138008608513,0.22597499999999998,0.0559452380952381,0.007151037587296133,0.7921230224582365,0.5173325532127513,0.13242096682161814,0.19963781428470256,1.0,VALID,gqa,Temperature Scaling (TS),49
0.057395610315503255,5.739561031550325,0.09780458187948296,9.780458187948296,0.030359626122531555,0.1752851663857408,0.05069139611425924,0.22597499999999998,0.05730089285714285,0.008515091216005013,0.7921230224582365,0.5173337236569739,0.13245588929909674,0.2007384519830705,1.0,VALID,gqa,Platt Scaling (1D),49
0.07935999066515612,7.9359990665156115,0.08985392520850972,8.985392520850972,0.024779303989888972,0.1732071056293796,0.05276945687062043,0.22597499999999998,0.06361146459375863,0.011413017895720074,0.7921230224582365,0.5155012295147776,0.131734956997608,0.2074937009282647,0.9990504762619067,VALID,gqa,Quadratic Platt (Logit-Only),49
0.08648519803427131,8.648519803427131,0.08811359779583391,8.811359779583391,0.02331092856169999,0.17265780953834928,0.053318752961650756,0.22597499999999998,0.06664523108470477,0.013203369859012225,0.7921230224582365,0.512490768020551,0.13133058324019325,0.20822195788898654,1.0,VALID,gqa,Beta Calibration,49
0.08852310707816292,8.852310707816292,0.09589159642786135,9.589159642786136,0.05888840491926435,0.18068592516847284,0.04529063733152719,0.22597499999999998,0.06487469756018349,0.01985312431327803,0.7833831176015046,0.5393523308044964,0.17856855059741872,0.17275333267751058,0.9916776621537063,VALID,gqa,Spline Calibration,49
0.05274153472503929,5.274153472503929,0.08483142195818111,8.483142195818111,0.029226456057292242,0.17538886789123093,0.05058769460876911,0.22597499999999998,0.05590952380952381,0.007459561354452718,0.7914592322159532,0.5175962161198655,0.13291949047229978,0.19961191813311036,0.9998244956123905,VALID,gqa,Adaptive TS (ATS),49
0.00721471024258954,0.7214710242589539,0.11676319705447151,11.67631970544715,0.011324415950192146,0.22656359685604074,-0.000587034356040711,0.22597499999999998,0.0012022727272727276,0.0017918559193050626,0.4725080207987609,0.6455392238438185,0.40585582106314627,0.008057014191825949,-0.21564391966785643,COLLAPSED,gqa,Probability Margin (1D),49
0.04175546834207418,4.175546834207418,0.04175546834207417,4.175546834207418,0.02889097067743044,0.21462371171937278,0.011352850780627255,0.22597499999999998,0.014970709647495355,0.0035371671926725666,0.632426153335546,0.6194062733717565,0.29454228128475657,0.0818382384584664,0.5101255071925157,VALID,gqa,MSSC (Multi-Scale Proxy),49
0.0012387238821327529,0.12387238821327529,0.1602663008858028,16.02663008858028,0.003917819301478295,0.22567305860014086,0.0003035038998591699,0.22597499999999998,0.0,1.5344368561660383e-06,0.5356787255227349,0.6436271797883749,0.27182339777505793,0.0018397847137788055,0.16154203855096383,COLLAPSED,gqa,MSE-EIGEN (Multi-Scale),49
0.051878205143392433,5.1878205143392435,0.11354369678753283,11.354369678753283,0.03115173549797441,0.17558979933192398,0.050386763168076054,0.22597499999999998,0.05396019536019536,0.005845978925966411,0.7909060736807169,0.5178812714313371,0.13337851081472232,0.2028724793127407,0.9987894697367435,VALID,gqa,Residual Calibrator,49
0.06554628376457632,6.554628376457631,0.09675233788196677,9.675233788196676,0.03519657142750037,0.18091530909541334,0.04506125340458669,0.22597499999999998,0.053566443414972825,0.007497729959888287,0.7701073127558358,0.529734035867787,0.1455926114360957,0.20419250906089023,0.9574484362109054,VALID,gqa,Trajectory LR,49
0.049321612852385774,4.932161285238577,0.09244981018890998,9.244981018890998,0.02703143433264074,0.178967363512999,0.04700919898700104,0.22597499999999998,0.04868059346567412,0.004779997918039307,0.7805066932182763,0.5262536785885357,0.14141414384536377,0.19475924916308876,0.9795379884497114,VALID,gqa,Trajectory LR (No Bias),49
0.04392013510187711,4.392013510187711,0.11370668702525169,11.370668702525169,0.030780968973567725,0.1758076470573821,0.05016891544261792,0.22597499999999998,0.053766847041847046,0.00538264821435085,0.7909060736807169,0.5184504576645438,0.13327946812981178,0.20118397500189267,0.9987114677866948,VALID,gqa,VCPS-5D (Our Method),49
0.050935235159893184,5.093523515989318,0.11302820632623448,11.302820632623447,0.031236475063061243,0.17634661877668886,0.04962994372331117,0.22597499999999998,0.0550819190139399,0.0064256965710307035,0.7876977541763469,0.5196235478893366,0.13516246877706756,0.2021628395640689,0.9973419335483388,VALID,gqa,VCPS-17D (Our Method),49
0.08877182245254515,8.877182245254515,0.09613907754421235,9.613907754421234,0.08229634308462085,0.20197377334143404,0.024002789158565963,0.22597499999999998,0.038740256025657754,0.014998377532428886,0.7158977763026882,0.5954268094324349,0.1877674131707059,0.23311510698093033,1.0,VALID,gqa,Naive Confidence (NC),50
0.07819658257926874,7.819658257926874,0.07101585207599961,7.101585207599961,0.054232560656877385,0.1978436636693086,0.028132898830691394,0.22597499999999998,0.039387344307739054,0.01101903576224599,0.7158977763026882,0.5773945178541358,0.1877674131707059,0.21148714809346217,1.0,VALID,gqa,Temperature Scaling (TS),50
0.06184052148568274,6.184052148568274,0.07045477722595957,7.045477722595956,0.05525163982814296,0.19835356211750757,0.027623000382492435,0.22597499999999998,0.037869847266970035,0.009460952617753936,0.7158977763026882,0.578637946603494,0.18875550817216002,0.21800271935296955,1.0,VALID,gqa,Platt Scaling (1D),50
0.09889848301548398,9.889848301548398,0.08335502116472789,8.335502116472789,0.07096729358558668,0.20174383888019992,0.024232723619800084,0.22597499999999998,0.04254876504357928,0.018160769758942326,0.7152339860604048,0.5825640692464361,0.19145212722372082,0.22855808469417085,0.9981354533863348,VALID,gqa,Quadratic Platt (Logit-Only),50
0.087024118944092,8.702411894409199,0.09030945533239779,9.030945533239779,0.07671011743020273,0.2033915483263417,0.022585014173658297,0.22597499999999998,0.0397831932033507,0.017806122189156618,0.7158977763026882,0.5859344547811196,0.18947424745263042,0.23184433669902307,1.0,VALID,gqa,Beta Calibration,50
0.09634765712189994,9.634765712189994,0.10684375347775688,10.684375347775688,0.08427019385269612,0.2074889293663963,0.018487633133603715,0.22597499999999998,0.036632363517489386,0.018300191706850145,0.7145701958181213,0.6041556433429703,0.18979127769203225,0.1858971963014521,0.9926226032540325,VALID,gqa,Spline Calibration,50
0.07551223967777984,7.551223967777984,0.07112543696760859,7.112543696760859,0.05420094132033025,0.19794594732479748,0.028030615175202528,0.22597499999999998,0.038488472402655176,0.00993224054195383,0.7163403031308773,0.5779382605428749,0.18766630320071984,0.21140573525735262,0.999834995874897,VALID,gqa,Adaptive TS (ATS),50
0.0016639703742551415,0.16639703742551415,0.137406732257963,13.740673225796298,0.008874034768428246,0.22600262285218042,-2.6060352180418134e-05,0.22597499999999998,0.0,2.7687974063987956e-06,0.5309215621197034,0.6443573978867347,0.3468399243838482,0.0010827733120845637,0.1880561696576666,COLLAPSED,gqa,Probability Margin (1D),50
0.00862829513289622,0.862829513289622,0.008628295132896228,0.8628295132896228,0.01921223840968398,0.2175423930343443,0.0084341694656557,0.22597499999999998,0.008534842331581456,0.00021820961188864454,0.6049341741343068,0.6258377057180039,0.28955889045607747,0.08716536307710306,0.5170703478629927,VALID,gqa,MSSC (Multi-Scale Proxy),50
0.0018648265297981127,0.18648265297981126,0.11003682757355311,11.00368275735531,0.0025695377107537104,0.22578897883636426,0.00018758366363574863,0.22597499999999998,0.0005981155778894471,0.0005443335166413327,0.5184201792233654,0.6438836246470092,0.30717702089287474,0.0021402072794474676,0.023009075226880674,COLLAPSED,gqa,MSE-EIGEN (Multi-Scale),50
0.06315198474308498,6.315198474308498,0.07181244810571748,7.181244810571748,0.0570900690394212,0.19889118568926922,0.027085376810730782,0.22597499999999998,0.037664923286652496,0.009825948900551834,0.7160084080097356,0.5802087677073411,0.1886551175222248,0.22017282523913728,0.9994689867246682,VALID,gqa,Residual Calibrator,50
0.07554796111987722,7.554796111987722,0.0769455058720953,7.6945505872095294,0.07011301802819285,0.20375457423065918,0.022221988269340825,0.22597499999999998,0.03306183644523303,0.010814827212784877,0.7076003982741452,0.5917599328224806,0.19558995469960283,0.22575295431205417,0.9816665416635417,VALID,gqa,Trajectory LR,50
0.0766317620627825,7.66317620627825,0.09608790030546398,9.608790030546398,0.07073383976841283,0.20356393190170802,0.022412630598291988,0.22597499999999998,0.03209848443776338,0.011132440558055172,0.708374820223476,0.5909215794541918,0.19490505753638532,0.22419859145418547,0.9811430285757144,VALID,gqa,Trajectory LR (No Bias),50
0.06410669545795351,6.4106695457953515,0.07152998010178001,7.152998010178001,0.05641399941345369,0.1988821967043875,0.0270943657956125,0.22597499999999998,0.036252003732866064,0.009300119551089022,0.7168934616661135,0.5803552841380768,0.18787777009296786,0.2192796841979761,0.9994314857871448,VALID,gqa,VCPS-5D (Our Method),50
0.07076457187070444,7.076457187070444,0.06840900972359595,6.840900972359595,0.058442801796370576,0.19915620741384846,0.02682035508615155,0.22597499999999998,0.03757752865514022,0.010437464858542108,0.7171147250802081,0.5809786455834925,0.18841172330278783,0.22147627138975187,0.9988089702242559,VALID,gqa,VCPS-17D (Our Method),50
0.07801679722964765,7.8016797229647645,0.06794979237020016,6.794979237020016,0.03893956345636173,0.1711485862562359,0.05482797624376409,0.22597499999999998,0.06342506814743656,0.009889472483851372,0.797875871224693,0.5169894731325904,0.13318619179770563,0.2322423280546412,1.0,VALID,gqa,Naive Confidence (NC),51
0.07893760839799341,7.893760839799341,0.08497834674936365,8.497834674936366,0.04327975734557088,0.17445150752234426,0.05152505497765575,0.22597499999999998,0.060031824968976674,0.00883270798943274,0.797875871224693,0.5209455618153931,0.13318619179770563,0.19915012467944468,1.0,VALID,gqa,Temperature Scaling (TS),51
0.08519667221503599,8.5196672215036,0.08465856549833861,8.46585654983386,0.04331739519695798,0.1745029875493831,0.05147357495061691,0.22597499999999998,0.060360494833384855,0.009609130211729674,0.797875871224693,0.521089099331156,0.1338961701886489,0.20186774521128464,1.0,VALID,gqa,Platt Scaling (1D),51
0.09038832021991887,9.038832021991887,0.07684794742061271,7.684794742061271,0.04360713796671152,0.1722981114947776,0.053678451005222394,0.22597499999999998,0.0659943953506647,0.012675035313990961,0.797875871224693,0.5166502127174661,0.1337250740375649,0.21192989165291934,0.999980499512488,VALID,gqa,Quadratic Platt (Logit-Only),51
0.08325086370605105,8.325086370605105,0.0750940392970128,7.50940392970128,0.045222629214207846,0.17218762891766987,0.05378893358233014,0.22597499999999998,0.06280211534270459,0.0096430628990001,0.797875871224693,0.5156716251565836,0.13408660798155875,0.2122694880899944,1.0,VALID,gqa,Beta Calibration,51
0.06426576787346917,6.426576787346917,0.06440817994456535,6.440817994456535,0.06495503076259525,0.17564453841614713,0.05033202408385287,0.22597499999999998,0.05787792678336157,0.008907740267488603,0.7915145480694766,0.5260297740241691,0.1674856622193819,0.1767439159048914,0.9939006217731977,VALID,gqa,Spline Calibration,51
0.08833867230310605,8.833867230310604,0.09431047887263906,9.431047887263906,0.04346668047443394,0.17455748443695554,0.051419078063044465,0.22597499999999998,0.06078472850678733,0.010242862654037269,0.7969908175683149,0.5214050642570074,0.13435840049755907,0.1992546293212107,0.9996819920498013,VALID,gqa,Adaptive TS (ATS),51
0.001213426933430295,0.1213426933430295,0.1257410883380492,12.574108833804921,0.008215944643538975,0.22598663197722196,-1.0069477221957834e-05,0.22597499999999998,0.0,1.4724049227740496e-06,0.44142051111848657,0.6443220307146567,0.44034254080657625,0.00021709485557187854,-0.24267366304201196,COLLAPSED,gqa,Probability Margin (1D),51
0.06639660177671008,6.639660177671009,0.06639660177671008,6.639660177671009,0.04809627975098936,0.21713354186674894,0.00884302063325107,0.22597499999999998,0.018656492023957777,0.009751226025341207,0.615112291182653,0.625427015511479,0.33281881570295735,0.08645279490473975,0.48479017418949694,VALID,gqa,MSSC (Multi-Scale Proxy),51
0.0020910059336115222,0.20910059336115222,0.11992313084864901,11.992313084864902,0.0032932497556192415,0.22579400637255884,0.00018255612744116911,0.22597499999999998,0.0005981155778894471,0.0005431317033024736,0.4931961500165948,0.6438942394285333,0.3181039547067064,0.002335860609931527,0.1308797719942999,COLLAPSED,gqa,MSE-EIGEN (Multi-Scale),51
0.06738505082092554,6.738505082092554,0.09338518686861641,9.33851868686164,0.04316659165720882,0.1741798339189655,0.05179672858103451,0.22597499999999998,0.05738148671074367,0.007396110888750916,0.7983183980528819,0.5203195303045876,0.13407890417136442,0.2048336805000347,0.9992484812120305,VALID,gqa,Residual Calibrator,51
0.07702117285086285,7.702117285086285,0.09154038597664468,9.154038597664469,0.04791202605932117,0.17362485103601585,0.05235171146398415,0.22597499999999998,0.05907150875440349,0.007813302401083353,0.795110078548512,0.5181375002378164,0.13460308953422634,0.20747040386773052,0.9720438010950275,VALID,gqa,Trajectory LR,51
0.08463761831683843,8.463761831683843,0.08849078907171282,8.849078907171283,0.04747422461593764,0.17347825329834232,0.052498309201657684,0.22597499999999998,0.0636515029327622,0.01125745052137176,0.7984290297599291,0.518583054885478,0.1338294308603978,0.19997028799148578,0.9766264156603917,VALID,gqa,Trajectory LR (No Bias),51
0.06998865466726815,6.998865466726816,0.09262064616607008,9.262064616607008,0.043516352986286005,0.1743984414494301,0.051578121050569914,0.22597499999999998,0.05761734321376264,0.00756158008532302,0.7976546078105984,0.5210431512375674,0.13490681966621518,0.20329720442192717,0.9991329783244582,VALID,gqa,VCPS-5D (Our Method),51
0.08192443269660515,8.192443269660515,0.09151399718980269,9.151399718980269,0.0430389501023395,0.17424390799290326,0.05173265450709674,0.22597499999999998,0.05750936362112833,0.008455975342442431,0.7975439761035512,0.5220665334872772,0.13596995810057377,0.20517822837489794,0.9983379584489613,VALID,gqa,VCPS-17D (Our Method),51
0.7550847510620952,75.50847510620952,0.7550847510620952,75.50847510620952,0.6663165681187643,0.6535007745943673,-0.6485195245943672,0.004975,2.450495049504951e-05,0.6483700612141801,0.7688442211055276,2.8726419018410105,0.9246092577029459,0.28410163792122745,1.0,COLLAPSED,infographicvqa,Naive Confidence (NC),42
0.5262594038961065,52.62594038961065,0.5262594038961065,52.62594038961065,0.5262594038964746,0.2826214488671088,-0.27764019886710883,0.004975,2.5e-05,0.2775019380103735,0.7688442211055276,0.7587536474658709,0.9246092577029459,0.031999165015860614,1.0,COLLAPSED,infographicvqa,Temperature Scaling (TS),42
0.0028488136271167417,0.2848813627116742,0.010944869793443706,1.0944869793443706,0.006830140158677773,0.004963173700012237,1.807629998776348e-05,0.004975,0.0,8.115739082046047e-06,0.7688442211055276,0.029358041179126014,0.001323064739202176,0.006042241697995149,1.0,COLLAPSED,infographicvqa,Platt Scaling (1D),42
0.0027882147153588553,0.27882147153588555,0.010770066750802875,1.0770066750802876,0.006521602692382063,0.004949643057402716,3.1606942597284075e-05,0.004975,0.0,7.774141298943663e-06,0.7688442211055276,0.028973402048098756,0.001323064739202176,0.00572376133703093,0.9989319732993326,COLLAPSED,infographicvqa,Quadratic Platt (Logit-Only),42
0.0026652905914126635,0.26652905914126634,0.010714610531128193,1.0714610531128193,0.0066954978288259834,0.004956086919112606,2.5163080887394794e-05,0.004975,0.0,7.103773936672865e-06,0.7688442211055276,0.029024355858589555,0.001323064739202176,0.0060234243655869464,1.0,COLLAPSED,infographicvqa,Beta Calibration,42
0.006049027855805481,0.6049027855805481,0.006049027855805479,0.6049027855805479,0.008886084825806361,0.004999228515318209,-1.7978515318208335e-05,0.004975,0.0,3.659073800031066e-05,0.7462311557788945,0.03204732064551074,0.00013941009377578555,0.005210326166358745,0.9313208007775028,COLLAPSED,infographicvqa,Spline Calibration,42
0.5261276948034466,52.61276948034465,0.5261276948034466,52.61276948034465,0.5261276948040065,0.2824756140504303,-0.2774943640504303,0.004975,2.5e-05,0.2773576970159796,0.7688442211055276,0.7584572337540035,0.9246092577029459,0.03186449192842345,1.0,COLLAPSED,infographicvqa,Adaptive TS (ATS),42
0.002479852602016568,0.2479852602016568,0.01145230555315289,1.1452305553152888,0.007645623841246622,0.004979766365516636,1.4836344833643253e-06,0.004975,0.0,6.149668927728343e-06,0.4522613065326633,0.03166975610135664,0.003964801726364643,0.0016995285888881727,0.06941283944032327,COLLAPSED,infographicvqa,Probability Margin (1D),42
0.0024847759498706308,0.24847759498706307,0.005956677787123552,0.5956677787123552,0.0075055030782518765,0.00497566512139207,5.584878607930652e-06,0.004975,0.0,6.1741115210554956e-06,0.7989949748743719,0.03157718057622511,0.00013941009377578555,0.00048688278945524814,0.18324037656788583,COLLAPSED,infographicvqa,MSSC (Multi-Scale Proxy),42
0.0025121997943074945,0.2512199794307495,0.01153555473827582,1.1535554738275822,0.0025121997943074945,0.004981306602629938,-5.660262993728571e-08,0.004975,0.0,6.3111478065186175e-06,0.8391959798994975,0.031958685543363875,0.0008866522342614961,8.506681334328276e-07,1.0,COLLAPSED,infographicvqa,MSE-EIGEN (Multi-Scale),42
0.002870455119976553,0.2870455119976553,0.01094261332447194,1.094261332447194,0.006834922372132025,0.004963906871246187,1.734312875381356e-05,0.004975,0.0,8.239512595799608e-06,0.7688442211055276,0.029308584774632086,0.001323064739202176,0.006232543138277573,0.9999744993624842,COLLAPSED,infographicvqa,Residual Calibrator,42
0.0029679146161485917,0.29679146161485914,0.010625173813407673,1.0625173813407673,0.005961266755483233,0.004935305508239936,4.594449176006411e-05,0.004975,0.0,8.808517168748442e-06,0.8944723618090452,0.028080008233321824,0.0005686268714738637,0.007053796377362431,0.9301552538813472,COLLAPSED,infographicvqa,Trajectory LR,42
0.004046184321339962,0.4046184321339962,0.012962564742297684,1.2962564742297684,0.009639926660568385,0.005051016743799378,-6.976674379937774e-05,0.004975,0.0,1.637160756225733e-05,0.5728643216080402,0.032961586743911565,0.002788686410466006,0.007302466229710321,0.44883822095552395,COLLAPSED,infographicvqa,Trajectory LR (No Bias),42
0.0028531589586760246,0.2853158958676025,0.010915153597250956,1.0915153597250955,0.006804835221294154,0.004963447275994052,1.7802724005948865e-05,0.004975,0.0,8.140516043473258e-06,0.7688442211055276,0.029245205619529594,0.001323064739202176,0.006318075598764407,0.999882997074927,COLLAPSED,infographicvqa,VCPS-5D (Our Method),42
0.002851720871386334,0.2851720871386334,0.01092052017242458,1.092052017242458,0.006799500856797242,0.004963342105427939,1.790789457206156e-05,0.004975,0.0,8.132311928300433e-06,0.7688442211055276,0.029236670767373307,0.001323064739202176,0.006326946534706253,0.9998874971874299,COLLAPSED,infographicvqa,VCPS-17D (Our Method),42
0.7449434058740736,74.49434058740736,0.7449434058740736,74.49434058740736,0.6498281922056953,0.6538661797479065,-0.6488849297479065,0.004975,2.1728971962616822e-05,0.6486518416970553,0.6834170854271358,2.914936942713095,0.9195602347877182,0.31037884820240647,1.0,COLLAPSED,infographicvqa,Naive Confidence (NC),43
0.5260195925991081,52.601959259910814,0.526019592599108,52.6019592599108,0.5260195925989922,0.28255683692904093,-0.27757558692904094,0.004975,2.1728971962616822e-05,0.27733030895189725,0.6834170854271358,0.7586375067417098,0.9195602347877182,0.033590880614703604,1.0,COLLAPSED,infographicvqa,Temperature Scaling (TS),43
0.003052579423508243,0.3052579423508243,0.011610002696455391,1.161000269645539,0.008097433974594821,0.0050042525790304345,-2.3002579030434976e-05,0.004975,0.0,9.318241136825917e-06,0.6834170854271358,0.03071540351725095,0.0019099421617496404,0.006855146327809425,1.0,COLLAPSED,infographicvqa,Platt Scaling (1D),43
0.002990864553758758,0.2990864553758758,0.011335333343708155,1.1335333343708156,0.0074191586052310176,0.004977977981553582,3.272018446417481e-06,0.004975,0.0,8.945270778930573e-06,0.6834170854271358,0.029905012630957902,0.0019099421617496404,0.006225089660458802,1.0,COLLAPSED,infographicvqa,Quadratic Platt (Logit-Only),43
0.0029247201867383414,0.29247201867383416,0.011238146901201887,1.1238146901201886,0.007385390642417939,0.004976841995216722,4.4080047832779565e-06,0.004975,0.0,8.55398817071476e-06,0.6834170854271358,0.029712799843569764,0.0019099421617496404,0.006468061117342504,1.0,COLLAPSED,infographicvqa,Beta Calibration,43
0.004960869241873815,0.4960869241873815,0.013162269314391632,1.3162269314391633,0.007949831236211301,0.004976240828160927,5.0091718390727485e-06,0.004975,0.0,2.461022363496968e-05,0.6834170854271358,0.03095273578472235,0.0019099421617496404,0.005183234226774657,0.9895501403349938,COLLAPSED,infographicvqa,Spline Calibration,43
0.5258889427410779,52.58889427410779,0.5258889427410779,52.58889427410779,0.5258889427409469,0.28241095448351167,-0.2774297044835117,0.004975,2.1728971962616822e-05,0.27718656420048715,0.6834170854271358,0.7583408267592398,0.9195602347877182,0.0334494514050209,1.0,COLLAPSED,infographicvqa,Adaptive TS (ATS),43
0.002291854519954328,0.2291854519954328,0.01118965570776498,1.118965570776498,0.007537572909963687,0.004977929949025423,3.320050974576355e-06,0.004975,0.0,5.252597140635084e-06,0.7437185929648241,0.03150565118513781,0.0014886421777010287,0.0018540589117200764,0.16702230189235384,COLLAPSED,infographicvqa,Probability Margin (1D),43
0.0024783813286850375,0.24783813286850376,0.005794528438038368,0.5794528438038368,0.007503264162247579,0.004975644359548899,5.60564045110068e-06,0.004975,0.0,6.1423740103746115e-06,0.7939698492462312,0.031574838081322026,0.0018012427043051231,0.0004965081386563315,0.25766375975557965,COLLAPSED,infographicvqa,MSSC (Multi-Scale Proxy),43
0.0025122067342331,0.25122067342331,0.011535561332199615,1.1535561332199615,0.0077125543192286755,0.0049813066815806795,-5.668158067993062e-08,0.004975,0.0,6.311182675526138e-06,0.8442211055276382,0.03195869081859505,0.0008568903294995915,1.0081187874968863e-06,0.7977949448736219,COLLAPSED,infographicvqa,MSE-EIGEN (Multi-Scale),43
0.0030686981594769238,0.30686981594769236,0.011624535646632243,1.1624535646632244,0.008168950111812378,0.005007972394080293,-2.6722394080293428e-05,0.004975,0.0,9.41690839397706e-06,0.6834170854271358,0.03072361700297991,0.0019099421617496404,0.007117894476993212,0.9999624990624767,COLLAPSED,infographicvqa,Residual Calibrator,43
0.0031513399458081197,0.315133994580812,0.011281375345322994,1.1281375345322995,0.007140881894313754,0.004979429918311073,1.8200816889269236e-06,0.004975,0.0,9.930943454045922e-06,0.7889447236180904,0.029384041832544828,0.0011944407264092708,0.0074723711584858766,0.9539623490587265,COLLAPSED,infographicvqa,Trajectory LR,43
0.0037127981524208284,0.3712798152420828,0.012711640424824054,1.2711640424824053,0.009695958401164169,0.00505292016944409,-7.167016944409008e-05,0.004975,0.0,1.3784870120619516e-05,0.5276381909547738,0.033220727429868945,0.0031980029340545756,0.007194505522831236,0.629126228155704,COLLAPSED,infographicvqa,Trajectory LR (No Bias),43
0.00308872889655912,0.30887288965591203,0.01163820780246214,1.163820780246214,0.00814698463758518,0.005007402279596598,-2.615227959659825e-05,0.004975,0.0,9.54024619643932e-06,0.6834170854271358,0.030687541189148564,0.0019099421617496404,0.00714008726874085,0.9998694967374187,COLLAPSED,infographicvqa,VCPS-5D (Our Method),43
0.003088308337861151,0.3088308337861151,0.011636331880890364,1.1636331880890365,0.008139568976109252,0.005007279035544361,-2.6029035544361187e-05,0.004975,0.0,9.537648389702706e-06,0.6834170854271358,0.030676082221072917,0.0019099421617496404,0.007148705614328594,0.9998874971874299,COLLAPSED,infographicvqa,VCPS-17D (Our Method),43
0.7239603942632675,72.39603942632675,0.7239603942632676,72.39603942632677,0.6333634083913183,0.623257400898584,-0.6182761508985839,0.004975,2.7083333333333332e-05,0.6181252261407801,0.8592964824120604,2.6966742053071915,0.9016351734207122,0.31117591027736685,1.0,COLLAPSED,infographicvqa,Naive Confidence (NC),44
0.523035979219002,52.303597921900206,0.523035979219002,52.303597921900206,0.5230359792189035,0.2792322271387735,-0.2742509771387735,0.004975,2.7083333333333332e-05,0.27413796431577564,0.8592964824120604,0.75193767835554,0.9016351734207122,0.032934482583745164,1.0,COLLAPSED,infographicvqa,Temperature Scaling (TS),44
0.0022423660446196925,0.22423660446196925,0.010434650762264162,1.0434650762264162,0.00598126757786066,0.004941929644912973,3.932035508702643e-05,0.004975,0.0,5.028205478063365e-06,0.8592964824120604,0.028424418222962457,0.0007686529998952692,0.005764753304457475,1.0,COLLAPSED,infographicvqa,Platt Scaling (1D),44
0.0022250173287798394,0.22250173287798394,0.010390213300521698,1.0390213300521698,0.0060803993337809215,0.004940115002107823,4.113499789217684e-05,0.004975,0.0,4.950702113370572e-06,0.9045226130653267,0.028494230887351802,0.000512916132802231,0.005399666876928444,0.9820160504012602,COLLAPSED,infographicvqa,Quadratic Platt (Logit-Only),44
0.0022178259132999596,0.22178259132999595,0.01035666780644536,1.035666780644536,0.0066426091692307135,0.004957600765392249,2.364923460775048e-05,0.004975,0.0,4.9187517817048e-06,0.7336683417085428,0.028839919539609786,0.0015564395669269897,0.006111842684122573,0.8584414610365261,COLLAPSED,infographicvqa,Beta Calibration,44
0.005473653998447147,0.5473653998447148,0.005473653998447148,0.5473653998447148,0.008531789138036044,0.004991839937237933,-1.058993723793318e-05,0.004975,0.0,2.996088809471644e-05,0.7613065326633166,0.03146822048838086,0.0005406939105800087,0.005669436405741163,0.9430891980247075,COLLAPSED,infographicvqa,Spline Calibration,44
0.5229178582222619,52.29178582222619,0.522917858222262,52.2917858222262,0.5229178582221158,0.27910121662721404,-0.27411996662721405,0.004975,2.763157894736842e-05,0.2740041857487081,0.8592964824120604,0.7516714017806223,0.9016351734207122,0.03279576910135424,1.0,COLLAPSED,infographicvqa,Adaptive TS (ATS),44
0.002449035650084381,0.24490356500843807,0.011418349729838692,1.1418349729838693,0.007660843305385792,0.0049804514091575805,7.985908424190322e-07,0.004975,0.0,5.997775615384226e-06,0.592964824120603,0.03162492685504137,0.0026169967772296044,0.002064199362247006,0.04546305147827709,COLLAPSED,infographicvqa,Probability Margin (1D),44
0.002378487769019693,0.2378487769019693,0.007582291087003803,0.7582291087003803,0.00791934194769215,0.0049882497143978665,-6.999714397866973e-06,0.004975,0.0,5.657204067376276e-06,0.4371859296482412,0.03235985160843138,0.004937543254508651,0.0011660611408409556,0.35522429475207035,COLLAPSED,infographicvqa,MSSC (Multi-Scale Proxy),44
0.002512124299475415,0.2512124299475415,0.011460356770956439,1.146035677095644,0.002512124299475415,0.004981305760270941,-5.5760270941361545e-08,0.004975,0.0,6.310768496014845e-06,0.9748743718592965,0.03195862903585604,0.00013941009377578555,9.784597464763221e-07,1.0,COLLAPSED,infographicvqa,MSE-EIGEN (Multi-Scale),44
0.002261518292996356,0.2261518292996356,0.010429204462786359,1.042920446278636,0.0059754476265606645,0.004942474915245802,3.877508475419716e-05,0.004975,0.0,5.114464989557152e-06,0.864321608040201,0.02836390894013794,0.0007395832324534087,0.0059847334470226,0.9999324983124579,COLLAPSED,infographicvqa,Residual Calibrator,44
0.0022908661593825487,0.22908661593825488,0.010233951398484743,1.0233951398484744,0.006434840713842526,0.0049921646234008,-1.0914623400800488e-05,0.004975,0.0,5.248067760204149e-06,0.8894472361809045,0.028377946536210796,0.0005967167591143134,0.00928926441858738,0.8429955748893725,COLLAPSED,infographicvqa,Trajectory LR,44
0.003743409743135942,0.3743409743135942,0.0112473455508992,1.12473455508992,0.0061603190966871505,0.004922101974398072,5.914802560192788e-05,0.004975,0.0,1.40131165050051e-05,0.914572864321608,0.028266052627224387,0.00045781929593743855,0.00675156466276725,0.583772594314858,COLLAPSED,infographicvqa,Trajectory LR (No Bias),44
0.002250805863079344,0.2250805863079344,0.01042349126055196,1.042349126055196,0.0059833122649195665,0.004943583021107754,3.7666978892245476e-05,0.004975,0.0,5.0661270332723505e-06,0.8592964824120604,0.028347832451724928,0.0007686529998952692,0.006103620628033678,0.999740493512338,COLLAPSED,infographicvqa,VCPS-5D (Our Method),44
0.0022503441058242197,0.22503441058242196,0.010422341680384164,1.0422341680384164,0.005981603494528982,0.004943531998331366,3.7718001668633934e-05,0.004975,0.0,5.064048594617806e-06,0.8592964824120604,0.02834495464665269,0.0007686529998952692,0.006105717415576143,0.9997179929498239,COLLAPSED,infographicvqa,VCPS-17D (Our Method),44
0.719336559139192,71.93365591391921,0.719336559139192,71.93365591391921,0.6381800592627977,0.6062008881812906,-0.6012196381812905,0.004975,3.055555555555556e-05,0.6010123865333367,0.7688442211055276,2.5470227911659364,0.8985316786235169,0.2939425494052775,1.0,COLLAPSED,infographicvqa,Naive Confidence (NC),45
0.5212960814473503,52.12960814473503,0.5212960814473502,52.129608144735016,0.5212960814469806,0.2774509260388408,-0.2724696760388408,0.004975,3.055555555555556e-05,0.27225753705789535,0.7688442211055276,0.7483461651870534,0.8985316786235169,0.03158396521736019,1.0,COLLAPSED,infographicvqa,Temperature Scaling (TS),45
0.0017195570780900128,0.17195570780900127,0.010308716964952362,1.0308716964952362,0.007183243397617594,0.004981857792051231,-6.077920512315843e-07,0.004975,0.0,2.9568765448094624e-06,0.7688442211055276,0.029815899502502782,0.001323064739202176,0.005927086953284612,1.0,COLLAPSED,infographicvqa,Platt Scaling (1D),45
0.001662402028428058,0.1662402028428058,0.010034685760516242,1.0034685760516242,0.006553749137158898,0.004961037714250565,2.0212285749434886e-05,0.004975,0.0,2.7635805041217217e-06,0.7688442211055276,0.028984188964411222,0.001323064739202176,0.005596749150195863,1.0,COLLAPSED,infographicvqa,Quadratic Platt (Logit-Only),45
0.0015274149640532196,0.15274149640532195,0.009838103150816612,0.9838103150816612,0.006433425088563972,0.004958505450571976,2.27445494280238e-05,0.004975,0.0,2.332996472413698e-06,0.7688442211055276,0.028638556752758105,0.001323064739202176,0.005956114377072574,1.0,COLLAPSED,infographicvqa,Beta Calibration,45
0.004144181528641776,0.41441815286417755,0.012366171654042683,1.2366171654042684,0.007214563880257221,0.004958891507229672,2.2358492770327247e-05,0.004975,0.0,1.7174240542335682e-05,0.7688442211055276,0.030158249300877706,0.001323064739202176,0.004918745456199112,0.9953616235708573,COLLAPSED,infographicvqa,Spline Calibration,45
0.521185244488046,52.11852444880461,0.5211852444880459,52.11852444880459,0.5211852444876365,0.27732814607372325,-0.27234689607372325,0.004975,3.055555555555556e-05,0.2721366750524694,0.7688442211055276,0.7480967287740339,0.8985316786235169,0.0314509628067493,1.0,COLLAPSED,infographicvqa,Adaptive TS (ATS),45
0.0022664929790548226,0.22664929790548227,0.011249266896163927,1.1249266896163927,0.007523876535852166,0.0049777212224073695,3.5287775926300807e-06,0.004975,0.0,5.136990424104804e-06,0.6984924623115578,0.03150848231414022,0.0018012427043051231,0.001775950780784307,0.06535869768823646,COLLAPSED,infographicvqa,Probability Margin (1D),45
0.002335620156477731,0.2335620156477731,0.010144203368635304,1.0144203368635303,0.008192481462613447,0.004996579155294532,-1.5329155294532132e-05,0.004975,0.0,5.455121515345061e-06,0.18090452261306528,0.03297874278505375,0.011150861216793574,0.001412555473922244,0.27075342369977473,COLLAPSED,infographicvqa,MSSC (Multi-Scale Proxy),45
0.00251195565683191,0.25119556568319096,0.011535323514837931,1.1535323514837932,0.007712400399120306,0.004981303932940994,-5.3932940994282086e-08,0.004975,0.0,6.309921221889831e-06,0.8140703517587939,0.03195850644210952,0.0010381785177565322,1.266171835827141e-06,0.7620503727970996,COLLAPSED,infographicvqa,MSE-EIGEN (Multi-Scale),45
0.0017149688129745816,0.17149688129745816,0.010419833422810974,1.0419833422810973,0.007276772284534368,0.004985474525619618,-4.224525619618731e-06,0.004975,0.0,2.9411180294754457e-06,0.7688442211055276,0.02987512126588735,0.001323064739202176,0.006131595428715614,0.9998889971416764,COLLAPSED,infographicvqa,Residual Calibrator,45
0.0011690031521919162,0.11690031521919163,0.010948178352320046,1.0948178352320046,0.009810441685860004,0.00507250942299857,-9.125942299857085e-05,0.004975,0.0,1.3665683698346365e-06,0.3266331658291457,0.037481234703972306,0.005581277145155298,0.007325306809888796,0.7874100258081647,COLLAPSED,infographicvqa,Trajectory LR,45
0.0034390482564944204,0.343904825649442,0.012673565905455063,1.2673565905455062,0.010222278317626766,0.005057204678610244,-7.595467861024486e-05,0.004975,0.0,1.1827052910497314e-05,0.33668341708542715,0.03466926183367301,0.0054308927037260805,0.00624324209653078,0.5663013322593057,COLLAPSED,infographicvqa,Trajectory LR (No Bias),45
0.0016449130003780166,0.16449130003780166,0.010250842154934917,1.0250842154934916,0.007454408232328225,0.004991871521879615,-1.0621521879615632e-05,0.004975,0.0,2.705738778812609e-06,0.7587939698492463,0.03004624002997916,0.0013886392146063723,0.006357035458495141,0.9995034872147959,COLLAPSED,infographicvqa,VCPS-5D (Our Method),45
0.0016400478801396074,0.16400478801396073,0.010244146956486747,1.0244146956486746,0.0074415259824019845,0.0049916377687650336,-1.0387768765033993e-05,0.004975,0.0,2.68975704915042e-06,0.7587939698492463,0.030024272256489695,0.0013886392146063723,0.006368533602394983,0.9995289878714376,COLLAPSED,infographicvqa,VCPS-17D (Our Method),45
0.7091650432720782,70.91650432720782,0.7091650432720781,70.9165043272078,0.6260349684728541,0.5965768745633343,-0.5915956245633343,0.004975,0.00019239130434782608,0.5912422136980076,0.49246231155778897,2.5002220304166927,0.8967966554843292,0.3006053733246206,1.0,COLLAPSED,infographicvqa,Naive Confidence (NC),46
0.5203035387548475,52.03035387548475,0.5203035387548475,52.03035387548475,0.5203035387547937,0.27669889628355504,-0.27171764628355505,0.004975,1.7016806722689072e-05,0.2717128082294605,0.49246231155778897,0.7468372152455244,0.8967966554843292,0.03171949814454285,1.0,COLLAPSED,infographicvqa,Temperature Scaling (TS),46
0.001398634089729644,0.1398634089729644,0.010926215113345227,1.0926215113345228,0.009672791503354164,0.005060356189683901,-7.910618968390033e-05,0.004975,0.0,1.95617731695387e-06,0.49246231155778897,0.03494799138379248,0.003541272202914171,0.007262873363265497,1.0,COLLAPSED,infographicvqa,Platt Scaling (1D),46
0.0012929023447611444,0.12929023447611443,0.010782920745779016,1.0782920745779017,0.009504286591654714,0.005048375588942884,-6.712558894288352e-05,0.004975,0.0,1.671596473088865e-06,0.49246231155778897,0.0344747469868993,0.003541272202914171,0.00667898720771252,1.0,COLLAPSED,infographicvqa,Quadratic Platt (Logit-Only),46
0.0011620349498654382,0.11620349498654382,0.010674222489954071,1.067422248995407,0.009641822666044042,0.005055542815506119,-7.429281550611847e-05,0.004975,0.0,1.3503252247087714e-06,0.49246231155778897,0.03457677756505121,0.003541272202914171,0.007197240197596865,1.0,COLLAPSED,infographicvqa,Beta Calibration,46
0.004036986335579774,0.4036986335579774,0.012064076585464125,1.2064076585464125,0.007876920336252079,0.004982637555754572,-1.387555754571966e-06,0.004975,0.0,1.6297258673657814e-05,0.49246231155778897,0.03031338146303174,0.003541272202914171,0.006528288180986987,0.9572392113117243,COLLAPSED,infographicvqa,Spline Calibration,46
0.5201968955923317,52.01968955923317,0.5201968955923317,52.01968955923317,0.5201968955922046,0.2765794782179997,-0.2715982282179997,0.004975,1.7016806722689072e-05,0.271594559121472,0.49246231155778897,0.7465945674785647,0.8967966554843292,0.03158591288111406,1.0,COLLAPSED,infographicvqa,Adaptive TS (ATS),46
0.002412394136235501,0.24123941362355011,0.0114094223817606,1.1409422381760599,0.007659036983597809,0.0049806082469150735,6.417530849268938e-07,0.004975,0.0,5.8196454685434296e-06,0.321608040201005,0.0316783043491577,0.005658200222078375,0.0018837819909223066,0.06632343295711596,COLLAPSED,infographicvqa,Probability Margin (1D),46
0.002507395645513679,0.25073956455136787,0.00554850467678456,0.554850467678456,0.007512269073731413,0.0049757154282880234,5.534571711976986e-06,0.004975,0.0,6.287032923140958e-06,0.7864321608040201,0.03157979404631038,0.001455085130721163,0.0005213211634230823,0.2413110749099005,COLLAPSED,infographicvqa,MSSC (Multi-Scale Proxy),46
0.002512090619384103,0.2512090619384103,0.011535457647159367,1.1535457647159366,0.002512090619384103,0.004981305943041556,-5.594304155597668e-08,0.004975,0.0,6.3105992799976056e-06,0.5577889447236181,0.03195864129079108,0.00292143670434229,9.727772038760009e-07,1.0,COLLAPSED,infographicvqa,MSE-EIGEN (Multi-Scale),46
0.0013476523921235953,0.13476523921235953,0.010912228276786095,1.0912228276786096,0.009811591268107385,0.005067204873023928,-8.595487302392752e-05,0.004975,0.0,1.8161669699964485e-06,0.49246231155778897,0.03530971960065503,0.003541272202914171,0.007591326876590481,0.999978999474987,COLLAPSED,infographicvqa,Residual Calibrator,46
0.0017558086764719628,0.17558086764719627,0.01125056754481095,1.125056754481095,0.010147771099277308,0.005089750264763085,-0.00010850026476308481,0.004975,0.0,3.082864108374226e-06,0.5628140703517588,0.034794563057500054,0.002876793847199433,0.00900789777659232,0.947350183754594,COLLAPSED,infographicvqa,Trajectory LR,46
0.0031879105224028375,0.31879105224028376,0.012338032751946622,1.2338032751946622,0.0102803388136258,0.005073790195276702,-9.254019527670139e-05,0.004975,0.0,1.0162773498846732e-05,0.46733668341708545,0.034154139406572775,0.003801745404472417,0.007918915781341445,0.7277701942548565,COLLAPSED,infographicvqa,Trajectory LR (No Bias),46
0.001382836487635642,0.1382836487635642,0.01094782416597776,1.094782416597776,0.009855474293915808,0.005068967023917169,-8.771702391716877e-05,0.004975,0.0,1.9122367515364794e-06,0.49246231155778897,0.03534033781728473,0.003541272202914171,0.0076795906899168,0.9998859971499288,COLLAPSED,infographicvqa,VCPS-5D (Our Method),46
0.0013631202441770204,0.13631202441770204,0.01094049989737055,1.094049989737055,0.009892555435094463,0.005071116012824312,-8.986601282431114e-05,0.004975,0.0,1.8580968000852196e-06,0.49246231155778897,0.03542944420737607,0.003541272202914171,0.0077923697119886325,0.9999024975624392,COLLAPSED,infographicvqa,VCPS-17D (Our Method),46
0.7611598084867002,76.11598084867002,0.7611598084867002,76.11598084867002,0.6682932445331355,0.6669055836479587,-0.6619243336479587,0.004975,2.1728971962616816e-05,0.6615209690928419,0.5628140703517588,2.959145028774525,0.9319139242095047,0.29085187157143705,1.0,COLLAPSED,infographicvqa,Naive Confidence (NC),47
0.5271961423990422,52.719614239904224,0.5271961423990424,52.719614239904246,0.5271961423988814,0.2838487482776481,-0.2788674982776481,0.004975,2.2169811320754717e-05,0.27851059763836356,0.5628140703517588,0.7612268823897224,0.9319139242095047,0.03233067933849199,1.0,COLLAPSED,infographicvqa,Temperature Scaling (TS),47
0.003196552418923076,0.3196552418923076,0.0122557366388892,1.22557366388892,0.009687599161809463,0.005049698806401442,-6.844880640144348e-05,0.004975,0.0,1.0217947366922968e-05,0.5628140703517588,0.032933649654904716,0.002876793847199433,0.007341349134180518,1.0,COLLAPSED,infographicvqa,Platt Scaling (1D),47
0.0031659748410449206,0.31659748410449207,0.012055860925144744,1.2055860925144744,0.00916945394582191,0.005029448542397757,-4.819854239775795e-05,0.004975,0.0,1.002339669412941e-05,0.5628140703517588,0.03206398666343899,0.002876793847199433,0.006856670909563088,1.0,COLLAPSED,infographicvqa,Quadratic Platt (Logit-Only),47
0.0031270213464408897,0.31270213464408897,0.011876265448144619,1.1876265448144618,0.008861318466283255,0.0050208390595943096,-3.958905959431085e-05,0.004975,0.0,9.778262501096994e-06,0.5628140703517588,0.0314102339603529,0.002876793847199433,0.007069601571074827,1.0,COLLAPSED,infographicvqa,Beta Calibration,47
0.005148319028249919,0.5148319028249919,0.013341063683306773,1.3341063683306773,0.008371551671879467,0.004989519425062823,-8.269425062824333e-06,0.004975,0.0,2.650518881664019e-05,0.5628140703517588,0.031548825100101034,0.002876793847199433,0.00498012515549883,0.9883609772929807,COLLAPSED,infographicvqa,Spline Calibration,47
0.5270604955663715,52.70604955663715,0.5270604955663714,52.70604955663713,0.5270604955662663,0.28369742439191087,-0.2787161743919109,0.004975,2.2169811320754717e-05,0.27836181314084596,0.5628140703517588,0.7609192490528955,0.9319139242095047,0.03219460928527949,1.0,COLLAPSED,infographicvqa,Adaptive TS (ATS),47
0.0023150506530517888,0.2315050653051789,0.011295694855485254,1.1295694855485254,0.007557963601900521,0.004978358217676291,2.8917823237080767e-06,0.004975,0.0,5.359459526195514e-06,0.3919597989949749,0.0315434419187225,0.004676049485120145,0.001816877798938712,0.11081772822664092,COLLAPSED,infographicvqa,Probability Margin (1D),47
0.0025528480556742325,0.2552848055674233,0.007636137426164875,0.7636137426164875,0.008062763573532224,0.004991250153755208,-1.0000153755209545e-05,0.004975,0.0,6.517033195359709e-06,0.38190954773869346,0.03255053961406921,0.0076276616375980846,0.0012477341092328017,0.22707651022211808,COLLAPSED,infographicvqa,MSSC (Multi-Scale Proxy),47
0.002512275670146351,0.2512275670146351,0.011535628877333946,1.1535628877333945,0.002512275670146351,0.004981307566532993,-5.756653299448383e-08,0.004975,0.0,6.311529042809298e-06,0.5879396984924623,0.031958750197357756,0.0026593696585855363,7.349662765760863e-07,1.0,COLLAPSED,infographicvqa,MSE-EIGEN (Multi-Scale),47
0.003230817629692341,0.32308176296923413,0.012304406058942742,1.230440605894274,0.009818751692038377,0.005054880097168494,-7.363009716849535e-05,0.004975,0.0,1.0438182556330838e-05,0.5527638190954773,0.033048033592683865,0.0029664817493873347,0.007577358725793489,0.9999414985374636,COLLAPSED,infographicvqa,Residual Calibrator,47
0.0038952545802290158,0.38952545802290156,0.012938060480724739,1.293806048072474,0.010853182464879036,0.005112255995294806,-0.00013100599529480752,0.004975,0.0,1.5173008244795126e-05,0.542713567839196,0.03386658551179551,0.0030578078544749076,0.010083939180391698,0.9112592814820372,COLLAPSED,infographicvqa,Trajectory LR,47
0.0040069249048906444,0.40069249048906447,0.012497828837192903,1.2497828837192904,0.008831500366607403,0.005027403627747504,-4.6153627747505185e-05,0.004975,0.0,1.60554471934329e-05,0.6934673366834171,0.03135625291265137,0.0018372139273267055,0.007816386147425724,0.7884857121428037,COLLAPSED,infographicvqa,Trajectory LR (No Bias),47
0.003242683547559233,0.3242683547559233,0.0123355904548388,1.23355904548388,0.009927975813344899,0.005059458114015165,-7.820811401516598e-05,0.004975,0.0,1.0514996589611331e-05,0.5628140703517588,0.033153253514928996,0.002876793847199433,0.007780177874557427,0.9995289882247058,COLLAPSED,infographicvqa,VCPS-5D (Our Method),47
0.0032418670123813232,0.3241867012381323,0.012335570923507354,1.2335570923507355,0.009921521543733226,0.005059399552051071,-7.814955205107197e-05,0.004975,0.0,1.0509701725966206e-05,0.5628140703517588,0.03313430517812222,0.002876793847199433,0.00779335742129941,0.9995844896122404,COLLAPSED,infographicvqa,VCPS-17D (Our Method),47
0.7558091248944402,75.58091248944402,0.7558091248944402,75.58091248944402,0.6704449117237005,0.6553445937310712,-0.6503633437310712,0.004975,2.5000000000000005e-05,0.6501756378609305,0.9698492462311558,2.817658802298609,0.9165108440431595,0.2854842806099485,1.0,COLLAPSED,infographicvqa,Naive Confidence (NC),48
0.5256186441668766,52.56186441668766,0.5256186441668766,52.56186441668766,0.5256186441672902,0.2817369218267976,-0.2767556718267976,0.004975,2.5505050505050507e-05,0.27678459715232273,0.9698492462311558,0.756965009992845,0.9165108440431595,0.03171231532988643,1.0,COLLAPSED,infographicvqa,Temperature Scaling (TS),48
0.0026565641960853495,0.2656564196085349,0.009861959039904784,0.9861959039904784,0.0049900063704609145,0.0048908422207066034,9.040777929339612e-05,0.004975,0.0,7.057333327922599e-06,0.9698492462311558,0.027254027199470437,0.00016518328965207414,0.005343604539273388,1.0,COLLAPSED,infographicvqa,Platt Scaling (1D),48
0.002567475652404073,0.2567475652404073,0.011363320217277255,1.1363320217277255,0.00871006403474466,0.0050119970580863125,-3.074705808631291e-05,0.004975,0.0,6.591931225687721e-06,0.46733668341708545,0.03220825742979801,0.003801745404472417,0.005217161854120183,0.7862834968000425,COLLAPSED,infographicvqa,Quadratic Platt (Logit-Only),48
0.0026170207233840595,0.261702072338406,0.011381189744834075,1.1381189744834075,0.009063132286435533,0.0050235466961620024,-4.229669616200287e-05,0.004975,0.0,6.848797466621626e-06,0.46733668341708545,0.032062128185675304,0.003801745404472417,0.006402954227687234,0.7004047854232246,COLLAPSED,infographicvqa,Beta Calibration,48
0.006123451950039175,0.6123451950039175,0.006123451950039174,0.6123451950039174,0.008960531913585335,0.00500112863826798,-1.987863826798022e-05,0.004975,0.0,3.7496663784438576e-05,0.7437185929648241,0.03212270589830651,0.0026593696585855363,0.005234257825437063,0.9292035476929966,COLLAPSED,infographicvqa,Spline Calibration,48
0.525489617308105,52.5489617308105,0.5254896173081051,52.548961730810504,0.5254896173088278,0.28159501618001526,-0.27661376618001526,0.004975,2.5505050505050507e-05,0.2766437382511502,0.9698492462311558,0.7566767053542226,0.9165108440431595,0.03157890958783047,1.0,COLLAPSED,infographicvqa,Adaptive TS (ATS),48
0.0025540803848218795,0.25540803848218796,0.011519464681727746,1.1519464681727745,0.007692002577151964,0.004980605477448855,6.445225511448813e-07,0.004975,0.0,6.52332661213188e-06,0.542713567839196,0.031712485230732466,0.0030578078544749076,0.0017657857588334127,0.010567827602801328,COLLAPSED,infographicvqa,Probability Margin (1D),48
0.0025011340606402284,0.2501134060640228,0.005548654105795512,0.5548654105795512,0.007510129065923237,0.004975695083204993,5.554916795006727e-06,0.004975,0.0,6.255671589294678e-06,0.7864321608040201,0.031578130699372445,0.002058651322467257,0.0005204432552239024,0.1871058141456537,COLLAPSED,infographicvqa,MSSC (Multi-Scale Proxy),48
0.0025120937673169573,0.25120937673169574,0.011460327937350617,1.1460327937350616,0.007712484298819255,0.004981305423093013,-5.542309301342224e-08,0.004975,0.0,6.310615095792703e-06,0.9849246231155779,0.03195860640246886,8.82588640531276e-05,1.126098779264824e-06,0.8012643825578508,COLLAPSED,infographicvqa,MSE-EIGEN (Multi-Scale),48
0.00266469384822846,0.266469384822846,0.009793080389228706,0.9793080389228705,0.0049423521593770815,0.004887268938914136,9.398106108586372e-05,0.004975,0.0,7.100593304786598e-06,0.9698492462311558,0.027117088163572566,0.00016518328965207414,0.0055283424458598684,0.9999564988798462,COLLAPSED,infographicvqa,Residual Calibrator,48
0.002754039403557333,0.27540394035573335,0.009224017729625684,0.9224017729625684,0.008386622157393287,0.004794788390728824,0.0001864616092711758,0.004975,0.0,7.584733036346432e-06,0.9849246231155779,0.02499516185018007,8.82588640531276e-05,0.006790775595326746,0.7904281035236657,COLLAPSED,infographicvqa,Trajectory LR,48
0.012125494847732232,1.2125494847732232,0.021988898641532507,2.1988898641532506,0.023286362658097148,0.006537876738069689,-0.0015566267380696898,0.004975,1.1780104712041887e-06,0.001280812681464682,0.26633165829145733,0.05171604962211387,0.006593095364478465,0.035446117509499026,-0.2791279375443918,COLLAPSED,infographicvqa,Trajectory LR (No Bias),48
0.0026686179198297947,0.2668617919829795,0.00979237902382864,0.9792379023828641,0.004929046140941518,0.00488625757542958,9.499242457041996e-05,0.004975,0.0,7.1215216020367e-06,0.9698492462311558,0.027091223313200172,0.00016518328965207414,0.005538716395661809,0.9999429985322124,COLLAPSED,infographicvqa,VCPS-5D (Our Method),48
0.0026726633054133175,0.26726633054133175,0.009792231489798542,0.9792231489798542,0.004928372987431054,0.004886013867102667,9.523613289733231e-05,0.004975,0.0,7.14312914410284e-06,0.9698492462311558,0.027084475433182736,0.00016518328965207414,0.00555028881531134,0.9999174978755704,COLLAPSED,infographicvqa,VCPS-17D (Our Method),48
0.7440664370357991,74.40664370357992,0.7440664370357991,74.40664370357992,0.6528321493753863,0.6463274487528042,-0.6413461987528042,0.004975,2.4019607843137255e-05,0.6411679585427635,0.8090452261306533,2.83262667784507,0.9159958828062951,0.3002810625590322,1.0,COLLAPSED,infographicvqa,Naive Confidence (NC),49
0.5252441498739263,52.52441498739263,0.5252441498739263,52.52441498739263,0.5252441498737958,0.28159385508816914,-0.27661260508816915,0.004975,2.4504950495049507e-05,0.2764517024850076,0.8090452261306533,0.7566923389716221,0.9159958828062951,0.032772679708807775,1.0,COLLAPSED,infographicvqa,Temperature Scaling (TS),49
0.002735912686052739,0.2735912686052739,0.01087263259476008,1.0872632594760079,0.006766863169307948,0.004964785411536072,1.6464588463928516e-05,0.004975,0.0,7.485218225704313e-06,0.8090452261306533,0.029253961045827497,0.0010690427152873965,0.006298030667351869,1.0,COLLAPSED,infographicvqa,Platt Scaling (1D),49
0.0026081047339403104,0.260810473394031,0.010729393549878313,1.0729393549878314,0.006379742138004789,0.004946332421122744,3.4917578877256654e-05,0.004975,0.0,6.802210303201858e-06,0.8090452261306533,0.0288345298727436,0.0010690427152873965,0.005567316926987693,0.9959648991224782,COLLAPSED,infographicvqa,Quadratic Platt (Logit-Only),49
0.002596400742158224,0.2596400742158224,0.010761303820900027,1.0761303820900026,0.006655519419999421,0.004955277096930246,2.5972903069754368e-05,0.004975,0.0,6.741296813879778e-06,0.8090452261306533,0.028980624129558884,0.0010690427152873965,0.005984514984050497,1.0,COLLAPSED,infographicvqa,Beta Calibration,49
0.005831822218284166,0.5831822218284166,0.0058318222182841654,0.5831822218284165,0.008777336107328122,0.0049973404196623945,-1.60904196623941e-05,0.004975,0.0,3.4010150385672856e-05,0.7437185929648241,0.03182916721707166,0.0015564395669269897,0.005478325208846233,0.9292031992328893,COLLAPSED,infographicvqa,Spline Calibration,49
0.525116738149904,52.5116738149904,0.525116738149904,52.5116738149904,0.5251167381497708,0.2814524224956293,-0.2764711724956293,0.004975,2.4504950495049507e-05,0.2763120892311902,0.8090452261306533,0.7564048082624036,0.9159958828062951,0.03263474240107709,1.0,COLLAPSED,infographicvqa,Adaptive TS (ATS),49
0.0025235126555670393,0.25235126555670395,0.01149693184790149,1.149693184790149,0.007684861077638515,0.004980594395450688,6.556045493120999e-07,0.004975,0.0,6.368116122807011e-06,0.39698492462311563,0.03171610262081427,0.004612758345879639,0.0017393971996915486,-0.002799074175468799,COLLAPSED,infographicvqa,Probability Margin (1D),49
0.0024815402519347447,0.24815402519347446,0.005794016781628206,0.5794016781628206,0.007504159839360656,0.004975649575722716,5.600424277284015e-06,0.004975,0.0,6.158042021972357e-06,0.7939698492462312,0.03157525452552065,0.000946712835949686,0.0004987014265074591,0.2769273904197733,COLLAPSED,infographicvqa,MSSC (Multi-Scale Proxy),49
0.0025121786616121577,0.2512178661612158,0.011535534674062603,1.1535534674062602,0.0025121786616121577,0.004981306366840393,-5.636684039227874e-08,0.004975,0.0,6.311041627859452e-06,0.8592964824120604,0.03195866972387109,0.0007686529998952692,9.068805019178597e-07,1.0,COLLAPSED,infographicvqa,MSE-EIGEN (Multi-Scale),49
0.0027567813009352496,0.275678130093525,0.010862916195214043,1.0862916195214043,0.006774875414660721,0.004966318629878449,1.4931370121551608e-05,0.004975,0.0,7.5998431411862475e-06,0.8090452261306533,0.02919441875603482,0.0010690427152873965,0.0065636215927466,0.9999624990624767,COLLAPSED,infographicvqa,Residual Calibrator,49
0.002841503870617111,0.2841503870617111,0.01049656913522542,1.049656913522542,0.005859317811303126,0.0049330328376930785,4.821716230692195e-05,0.004975,0.0,8.074144246732024e-06,0.8894472361809045,0.028001217160492954,0.0005967167591143134,0.006910449035337455,0.9537433435835897,COLLAPSED,infographicvqa,Trajectory LR,49
0.004491441049623074,0.44914410496230744,0.013360734429650946,1.3360734429650947,0.01001024866657035,0.005061633948616549,-8.038394861654887e-05,0.004975,0.0,2.0173042702239224e-05,0.5577889447236181,0.03333677331112663,0.00292143670434229,0.007547774323999988,0.5669526738168456,COLLAPSED,infographicvqa,Trajectory LR (No Bias),49
0.0027606415411354154,0.27606415411354157,0.010863552784954615,1.0863552784954615,0.006743775766030023,0.004965361699623015,1.5888300376985798e-05,0.004975,0.0,7.621141718642522e-06,0.8090452261306533,0.029155596767328915,0.0010690427152873965,0.00657455904762568,0.9998979974499363,COLLAPSED,infographicvqa,VCPS-5D (Our Method),49
0.0027717759818017473,0.27717759818017473,0.010869667747110524,1.0869667747110523,0.006746817166897781,0.004965505265839814,1.5744734160186465e-05,0.004975,0.0,7.68274209329304e-06,0.8090452261306533,0.02915449243222159,0.0010690427152873965,0.006598177355768192,0.9998949973749344,COLLAPSED,infographicvqa,VCPS-17D (Our Method),49
0.7318001989647747,73.18001989647746,0.7318001989647746,73.18001989647746,0.6382614707720442,0.628640181222617,-0.623658931222617,0.004975,2.6020408163265303e-05,0.6232622292619776,0.5778894472361809,2.824066619304619,0.9097488175096698,0.3007585871045271,1.0,COLLAPSED,infographicvqa,Naive Confidence (NC),50
0.5248373256297751,52.483732562977515,0.5248373256297751,52.483732562977515,0.5248373256297391,0.281420246545102,-0.276438996545102,0.004975,2.6020408163265303e-05,0.2760840763765034,0.5778894472361809,0.7563600900513933,0.9097488175096698,0.03349497645695064,1.0,COLLAPSED,infographicvqa,Temperature Scaling (TS),50
0.002879771123707486,0.2879771123707486,0.01198942705414953,1.198942705414953,0.009484674377043461,0.0050444816015535665,-6.32316015535669e-05,0.004975,0.0,8.293081724939475e-06,0.5778894472361809,0.032620852799879765,0.002745208149596441,0.00732640628386691,1.0,COLLAPSED,infographicvqa,Platt Scaling (1D),50
0.0028001750634528786,0.2800175063452879,0.01176458624699868,1.176458624699868,0.008999652631278218,0.005026560703692814,-4.531070369281475e-05,0.004975,0.0,7.840980385983333e-06,0.5778894472361809,0.03177067435908058,0.002745208149596441,0.006980670186941323,1.0,COLLAPSED,infographicvqa,Quadratic Platt (Logit-Only),50
0.002617235655371983,0.26172356553719833,0.01145084673558555,1.145084673558555,0.0086371896486397,0.005017297443108483,-3.6047443108483054e-05,0.004975,0.0,6.849922475750414e-06,0.5778894472361809,0.031017447963542624,0.002745208149596441,0.007226970130745933,1.0,COLLAPSED,infographicvqa,Beta Calibration,50
0.004601816196462555,0.46018161964625554,0.012892748073738847,1.2892748073738847,0.008032197718812896,0.004982967490150296,-1.7174901502962567e-06,0.004975,0.0,2.11767123060251e-05,0.5778894472361809,0.031089951767976867,0.002745208149596441,0.005152796450273223,0.9849954342026846,COLLAPSED,infographicvqa,Spline Calibration,50
0.52471168523384,52.471168523384,0.52471168523384,52.471168523384,0.5247116852338072,0.28127951821843644,-0.27629826821843645,0.004975,2.6020408163265303e-05,0.27594584394255706,0.5778894472361809,0.7560737743951261,0.9097488175096698,0.03335398270994455,1.0,COLLAPSED,infographicvqa,Adaptive TS (ATS),50
0.002393573422104762,0.23935734221047622,0.011370453212310542,1.137045321231054,0.0075912536853550705,0.004978787274070786,2.4627259292133927e-06,0.004975,0.0,5.729193727006302e-06,0.3869346733668342,0.03160194852374309,0.0047401520492227085,0.0017009498166612425,0.10491751637933365,COLLAPSED,infographicvqa,Probability Margin (1D),50
0.0024422435893833834,0.24422435893833835,0.007517111645919328,0.7517111645919329,0.007972652282011031,0.004989368348206474,-8.118348206474606e-06,0.004975,0.0,5.964553749884232e-06,0.4120603015075377,0.03243043000865289,0.0028325460595888135,0.0012037106928693452,0.26072791563556114,COLLAPSED,infographicvqa,MSSC (Multi-Scale Proxy),50
0.002512106814005215,0.2512106814005215,0.011535467728158718,1.1535467728158717,0.002512106814005215,0.004981305674337097,-5.5674337097119664e-08,0.004975,0.0,6.310680644971431e-06,0.6281407035175879,0.03195862327237778,0.0023300343960840587,9.762956923513759e-07,1.0,COLLAPSED,infographicvqa,MSE-EIGEN (Multi-Scale),50
0.0029306713463414106,0.2930671346341411,0.012050813540768977,1.2050813540768976,0.00963254809318589,0.005050141518901819,-6.88915189018197e-05,0.004975,0.0,8.588834540266577e-06,0.5778894472361809,0.03274331494137069,0.002745208149596441,0.007586768767040725,0.999956498912473,COLLAPSED,infographicvqa,Residual Calibrator,50
0.0030351795973350077,0.30351795973350076,0.012264850114295116,1.2264850114295116,0.010152540855937767,0.005083361165755471,-0.0001021111657554712,0.004975,0.0,9.2123151880787e-06,0.5879396984924623,0.03312508064469716,0.0026593696585855363,0.009249123045102321,0.9200930023250582,COLLAPSED,infographicvqa,Trajectory LR,50
0.00425444602972119,0.425444602972119,0.012287122257539317,1.2287122257539318,0.008215210296196325,0.005006439315469497,-2.518931546949786e-05,0.004975,0.0,1.8100311019810397e-05,0.7688442211055276,0.030638835741033037,0.001323064739202176,0.007730249723829186,0.6730923273081828,COLLAPSED,infographicvqa,Trajectory LR (No Bias),50
0.002906403947424225,0.29064039474242254,0.012047181444090888,1.2047181444090889,0.009750966278948418,0.005055439151254873,-7.418915125487376e-05,0.004975,0.0,8.447183905603119e-06,0.5778894472361809,0.032863650485669284,0.002745208149596441,0.00782775277855171,0.9995964899122479,COLLAPSED,infographicvqa,VCPS-5D (Our Method),50
0.0029096842601831095,0.29096842601831097,0.012050414722926773,1.2050414722926772,0.009748759642091287,0.005055520095995492,-7.427009599549235e-05,0.004975,0.0,8.46626249395733e-06,0.5778894472361809,0.03284794762381937,0.002745208149596441,0.007846232423254015,0.9996534913372835,COLLAPSED,infographicvqa,VCPS-17D (Our Method),50
0.7224693291261792,72.24693291261792,0.7224693291261793,72.24693291261794,0.6437573760694016,0.6095954901515367,-0.6046142401515366,0.004975,0.0003916666666666666,0.6044635148130041,0.5125628140703518,2.5374805370266085,0.9062849054061151,0.290176308943981,1.0,COLLAPSED,infographicvqa,Naive Confidence (NC),51
0.5211258027256629,52.11258027256629,0.5211258027256629,52.11258027256629,0.5211258027260944,0.27753610869323425,-0.27255485869323426,0.004975,1.8859649122807016e-05,0.2725699024777554,0.5125628140703518,0.7485170788008719,0.9062849054061151,0.031285563873187525,1.0,COLLAPSED,infographicvqa,Temperature Scaling (TS),51
0.0015434455159436377,0.15434455159436378,0.01110445140378754,1.1104451403787539,0.009820508259800123,0.0050661392416936355,-8.488924169363678e-05,0.004975,0.0,2.382224060686522e-06,0.5125628140703518,0.03511056111678432,0.003342242594070934,0.007520620490669534,1.0,COLLAPSED,infographicvqa,Platt Scaling (1D),51
0.0013808619931436157,0.13808619931436156,0.010917077168193836,1.0917077168193836,0.009560095521807638,0.0050500806816816245,-6.883068168162584e-05,0.004975,0.0,1.906779844108559e-06,0.5125628140703518,0.03456479882745553,0.003342242594070934,0.006722382684822226,1.0,COLLAPSED,infographicvqa,Quadratic Platt (Logit-Only),51
0.0012910991591756592,0.12910991591756593,0.010846163345352103,1.0846163345352104,0.009703083920844803,0.005057156868048291,-7.590686804829268e-05,0.004975,0.0,1.6669370388240942e-06,0.5125628140703518,0.03456050138034672,0.003342242594070934,0.007267906614778251,1.0,COLLAPSED,infographicvqa,Beta Calibration,51
0.004240100209940004,0.42401002099400037,0.012315042710683571,1.231504271068357,0.007966390187869458,0.004983575810109528,-2.3258101095290085e-06,0.004975,0.0,1.7978449790333264e-05,0.5125628140703518,0.030474186597938786,0.003342242594070934,0.006407922906867306,0.9480826554251681,COLLAPSED,infographicvqa,Spline Calibration,51
0.5210156775034188,52.10156775034188,0.5210156775034189,52.10156775034189,0.5210156775040583,0.2774130854657949,-0.2724318354657949,0.004975,1.8478260869565216e-05,0.2724430441206813,0.5125628140703518,0.7482671493209355,0.9062849054061151,0.031153864941132925,1.0,COLLAPSED,infographicvqa,Adaptive TS (ATS),51
0.0022697662094224857,0.22697662094224857,0.011252202834385149,1.125220283438515,0.007577647103547897,0.004979254411967132,1.9955880328666187e-06,0.004975,0.0,5.151838645436119e-06,0.27638190954773867,0.031538090859625154,0.006409593680976782,0.002059292645079731,-0.033886864031705835,COLLAPSED,infographicvqa,Probability Margin (1D),51
0.002502947407613484,0.2502947407613484,0.0053851275488101475,0.5385127548810148,0.007510452969489957,0.004975694395032136,5.555604967863101e-06,0.004975,0.0,6.264745725279059e-06,0.7814070351758794,0.03157737605444046,0.0011313486159085144,0.000533377734849699,0.2144964952376519,COLLAPSED,infographicvqa,MSSC (Multi-Scale Proxy),51
0.002511986410315227,0.2511986410315227,0.011535358209864708,1.1535358209864708,0.007712437100181617,0.004981304776379763,-5.477637976449706e-08,0.004975,0.0,6.3100757256083804e-06,0.5477386934673367,0.03195856298838893,0.0030119362948418803,1.3598349045251328e-06,0.7634575864396611,COLLAPSED,infographicvqa,MSE-EIGEN (Multi-Scale),51
0.0015300157629281608,0.15300157629281608,0.01111793047297292,1.111793047297292,0.009955447229775823,0.005072568515548343,-9.131851554834442e-05,0.004975,0.0,2.3409482348086418e-06,0.5125628140703518,0.03540192493945299,0.003342242594070934,0.007824294586813172,0.9999684992124804,COLLAPSED,infographicvqa,Residual Calibrator,51
0.0012872929398086907,0.12872929398086908,0.010781039298447056,1.0781039298447057,0.009533879934328306,0.0050623821833202095,-8.113218332021083e-05,0.004975,0.0,1.6571231128813013e-06,0.5527638190954773,0.034289404117717776,0.0029664817493873347,0.007749333499132038,0.9310042751068779,COLLAPSED,infographicvqa,Trajectory LR,51
0.00269640004025435,0.269640004025435,0.011837332438887276,1.1837332438887276,0.00983727875312317,0.005057467506568908,-7.621750656890917e-05,0.004975,0.0,7.2705731770836605e-06,0.4723618090452262,0.03376300817811489,0.0037485539151107155,0.007279397236249991,0.7955268881722044,COLLAPSED,infographicvqa,Trajectory LR (No Bias),51
0.0014657619328844306,0.14657619328844307,0.011070445364677006,1.1070445364677006,0.009971956954594125,0.005073965965175543,-9.271596517554468e-05,0.004975,0.0,2.148458043893102e-06,0.5125628140703518,0.035530442100929684,0.003342242594070934,0.007891315547240827,0.9998184954623868,COLLAPSED,infographicvqa,VCPS-5D (Our Method),51
0.0014680997933920236,0.14680997933920237,0.011073874430577028,1.1073874430577029,0.009982304203907114,0.005074710911644413,-9.346091164441454e-05,0.004975,0.0,2.1553170033577023e-06,0.5125628140703518,0.03552700023149262,0.003342242594070934,0.007938811889570102,0.9997839945998651,COLLAPSED,infographicvqa,VCPS-17D (Our Method),51
0.34599678188562394,34.59967818856239,0.34141675889492035,34.141675889492035,0.33984743773357146,0.3474465793224569,-0.15034501682245693,0.1971,0.016350088068599864,0.1684737767627845,0.5097031963470319,0.9647615364334388,0.6785672211971628,0.17831953586592822,1.0,COLLAPSED,lego-puzzles,Naive Confidence (NC),42
0.2368164501928984,23.68164501928984,0.24082329699119703,24.082329699119704,0.23681645045622124,0.2538740331744304,-0.05677247067443042,0.1971,0.0007363636363636362,0.0569762884523756,0.5097031963470319,0.7009036376054874,0.6785672211971628,0.011431380409829134,1.0,COLLAPSED,lego-puzzles,Temperature Scaling (TS),42
0.005988555592890421,0.5988555592890421,0.11700846889596954,11.700846889596955,0.015070557478485052,0.19679366132066536,0.0003079011793346298,0.1971,2.1929824561402535e-07,4.288185535097181e-05,0.490296803652968,0.5824593890797685,0.24613345462547334,0.007553039396206223,-1.0,COLLAPSED,lego-puzzles,Platt Scaling (1D),42
0.05994619512000979,5.994619512000979,0.09182652227148166,9.182652227148166,0.050310602886968585,0.19660786254214796,0.000493699957852034,0.1971,0.004145031352388653,0.00538459937643241,0.58162100456621,0.5828939010278941,0.2098352603587899,0.09212493149757518,0.18363547861357432,COLLAPSED,lego-puzzles,Quadratic Platt (Logit-Only),42
0.05549843742362012,5.549843742362012,0.10147498155524379,10.147498155524378,0.05003179435969128,0.19779134231046233,-0.0006897798104623376,0.1971,0.0025540043290043285,0.003916912258547834,0.5655124302384577,0.5860770394282937,0.21876538741781126,0.08986332337633336,0.12203039228260128,COLLAPSED,lego-puzzles,Beta Calibration,42
0.04154801137112117,4.154801137112117,0.05270256323804926,5.270256323804926,0.048181298423814085,0.19852585683572088,-0.0014242943357208881,0.1971,0.00014824561403508808,0.0017656105731319361,0.5224505327245053,0.5870164865065568,0.2686482095182128,0.02797192138235272,0.9270390388681182,COLLAPSED,lego-puzzles,Spline Calibration,42
0.2367874669440191,23.67874669440191,0.24079854254863126,24.079854254863125,0.23678746718756474,0.2538568200248727,-0.056755257524872704,0.1971,0.0007363636363636362,0.05696185945070292,0.5097031963470319,0.7008691027097476,0.6785672211971628,0.011382786223289018,1.0,COLLAPSED,lego-puzzles,Adaptive TS (ATS),42
0.005690987781892183,0.5690987781892183,0.10714587812952377,10.714587812952377,0.012916791420676484,0.19766569022032002,-0.0005641277203200235,0.1971,0.0007363636363636362,0.0012295690240575882,0.4211694571283612,0.5845912107366943,0.30432780423155914,0.008105252577798745,0.5179619722501455,COLLAPSED,lego-puzzles,Probability Margin (1D),42
0.0013354786404567998,0.13354786404567998,0.0013354786404567998,0.13354786404567998,0.008834595799740223,0.1971208138108845,-1.9251310884510486e-05,0.1971,0.0,1.7835031991163423e-06,0.49797057331303907,0.583310943328275,0.19327641624874953,0.0018922115939973094,-0.3261572021233055,COLLAPSED,lego-puzzles,MSSC (Multi-Scale Proxy),42
0.001250943394479176,0.1250943394479176,0.09574977990192701,9.574977990192702,0.001250943394479176,0.19710155918897482,3.3110251762558107e-09,0.1971,0.0,1.564859376191083e-06,0.5614535768645358,0.5832627878011805,0.23199990665001136,7.306519252921404e-08,1.0,COLLAPSED,lego-puzzles,MSE-EIGEN (Multi-Scale),42
0.018842105384446733,1.8842105384446732,0.09074803640548026,9.074803640548026,0.029824689280444093,0.1949889276337344,0.002112634866265589,0.1971,0.0012389482250025439,0.00036119935875120825,0.5850456621004566,0.5777774360523665,0.2020916212869082,0.019526302921108844,-0.6818373073106633,COLLAPSED,lego-puzzles,Residual Calibrator,42
0.02335926461351159,2.335926461351159,0.07955670539140942,7.955670539140942,0.025372669221384862,0.192904585057153,0.004196977442847,0.1971,0.006478907360045467,0.002972432483542541,0.6095256215119229,0.5707590010967045,0.18892085815985077,0.07971302774012283,0.006822925690336526,SCRAMBLED,lego-puzzles,Trajectory LR,42
0.04071680525844086,4.071680525844086,0.0619774297220337,6.19774297220337,0.028752128756432623,0.19323793758081517,0.0038636249191848215,0.1971,0.007036224489795918,0.0031572743826678846,0.6093987823439878,0.571317474896235,0.19073791764087522,0.08765297871798296,-6.675171885676056e-05,SCRAMBLED,lego-puzzles,Trajectory LR (No Bias),42
0.018194089878083807,1.8194089878083808,0.10691914604222912,10.691914604222912,0.024845199498919578,0.19531076077997217,0.0017908017200278237,0.1971,0.001018974782968168,0.00034584152959669646,0.5790842212075089,0.5787560537454277,0.21371138015026403,0.016657833016034785,0.4697858469855598,COLLAPSED,lego-puzzles,VCPS-5D (Our Method),42
0.029281590036264113,2.928159003626411,0.11800814283522951,11.80081428352295,0.04112254133784669,0.1928971540979382,0.004204408402061793,0.1971,0.0034288170922355385,0.0012154475487293663,0.6130771182141046,0.5724818995271902,0.18620244890456109,0.02939264249992079,-0.10089634808096308,SCRAMBLED,lego-puzzles,VCPS-17D (Our Method),42
0.33188826382160186,33.18882638216019,0.34169504284858704,34.169504284858704,0.3283355377807577,0.3336686545157546,-0.13656709201575465,0.1971,0.008893444458767039,0.14664265391742132,0.5206747843734145,0.9143747553528446,0.6559253533629221,0.16731616219346404,1.0,COLLAPSED,lego-puzzles,Naive Confidence (NC),43
0.23618741270290355,23.618741270290357,0.23931159437195804,23.931159437195802,0.23618741270937035,0.2530728590546855,-0.05597129655468555,0.1971,6.108291032148902e-05,0.05580293525033969,0.5206747843734145,0.6992983793609963,0.6559253533629221,0.010419449446023674,1.0,COLLAPSED,lego-puzzles,Temperature Scaling (TS),43
0.030837510443693046,3.0837510443693046,0.11065380543426714,11.065380543426715,0.026551896834355646,0.19716652019481523,-6.495769481526525e-05,0.1971,0.0005373586612392583,0.001044493376437099,0.4793252156265855,0.5833788007023503,0.261039361734757,0.01160098710811702,-1.0,COLLAPSED,lego-puzzles,Platt Scaling (1D),43
0.050615678200972083,5.061567820097208,0.11397294371537627,11.397294371537626,0.04912166085547383,0.197026988219247,7.457428075297035e-05,0.1971,0.002956106276616897,0.004191483276815594,0.5559360730593608,0.5836877747894257,0.22262503166606729,0.08476690192569922,0.32264156603915106,COLLAPSED,lego-puzzles,Quadratic Platt (Logit-Only),43
0.04651331632004081,4.651331632004081,0.11670569189661048,11.670569189661048,0.04724475961178502,0.19722614013162285,-0.00012457763162287971,0.1971,0.0025875400988531385,0.003269499037434417,0.541349568746829,0.5831800008511459,0.22627390521956928,0.08105239285460451,0.22987774694367363,COLLAPSED,lego-puzzles,Beta Calibration,43
0.03324009188380003,3.3240091883800034,0.06629281512766072,6.629281512766072,0.041409045812405475,0.19855272313538072,-0.001451160635380755,0.1971,9.059561128526665e-05,0.0011709914214469185,0.5280948756976155,0.586749397970512,0.2375107572330405,0.037700265785273586,0.939340358447206,COLLAPSED,lego-puzzles,Spline Calibration,43
0.23616109718561829,23.61610971856183,0.2392932628380768,23.92932628380768,0.23616109719681402,0.2530591737987579,-0.05595761129875795,0.1971,6.108291032148902e-05,0.055790633703845266,0.5206747843734145,0.6992709377470107,0.6559253533629221,0.01037514950042757,1.0,COLLAPSED,lego-puzzles,Adaptive TS (ATS),43
0.001308966259245814,0.1308966259245814,0.07830091547442494,7.830091547442494,0.008110937920959878,0.19709841469183098,3.147808168985078e-06,0.1971,0.0,1.7133926678439796e-06,0.523972602739726,0.5832548233554868,0.2507473938764862,8.636909655299313e-05,-0.42727453414586114,COLLAPSED,lego-puzzles,Probability Margin (1D),43
0.0008796457154254256,0.08796457154254256,0.0008796457154254256,0.08796457154254256,0.014865498283025847,0.19748560637350465,-0.00038404387350468583,0.1971,0.0,7.737765846663088e-07,0.4863013698630137,0.5842006425519631,0.26931005965780597,0.004742684833278489,-0.24249942298746557,COLLAPSED,lego-puzzles,MSSC (Multi-Scale Proxy),43
0.0012509571402403719,0.12509571402403719,0.10153767415032801,10.153767415032801,0.0012509571402403719,0.1971015594600373,3.0399626704813443e-09,0.1971,0.0,1.5648937667183694e-06,0.567351598173516,0.5832627884868105,0.23836423131842668,7.247323515779734e-08,1.0,COLLAPSED,lego-puzzles,MSE-EIGEN (Multi-Scale),43
0.018399452584343313,1.8399452584343314,0.08509326065252247,8.509326065252248,0.0317783323624912,0.1963224417813835,0.0007791207186164661,0.1971,2.5575447570331695e-07,0.0003424524276988591,0.5286656519533233,0.5811220400286559,0.23903808927328762,0.022873013966564607,-0.7013275331883297,COLLAPSED,lego-puzzles,Residual Calibrator,43
0.05689395369522666,5.689395369522666,0.0807192618813659,8.07192618813659,0.0346466080264747,0.1953509629655597,0.0017505995344402614,0.1971,0.006952038633168286,0.005901145230695363,0.5895484525621512,0.5784522713162004,0.2124904520306296,0.08817480221465228,0.10616965424135605,VALID,lego-puzzles,Trajectory LR,43
0.04160968854912188,4.160968854912188,0.06122678643025782,6.1226786430257825,0.03828303679914324,0.19576448571776348,0.0013370767822364904,0.1971,0.005466460012949117,0.0038793407901424517,0.5899289700659563,0.5792621675599318,0.21350063799840568,0.09347475506465756,0.09854646366159155,SCRAMBLED,lego-puzzles,Trajectory LR (No Bias),43
0.0032595515009341573,0.32595515009341575,0.08070260825049164,8.070260825049164,0.021930674038691617,0.1958791340819888,0.0012224284180111789,0.1971,0.00013431169904919355,1.1486837888634367e-05,0.5518772196854389,0.5802292152440317,0.2388320756912275,0.019033280522986838,0.3970074251856297,COLLAPSED,lego-puzzles,VCPS-5D (Our Method),43
0.0382914082766683,3.82914082766683,0.0703704442366992,7.03704442366992,0.029585282169676562,0.194546796042668,0.002554766457331964,0.1971,0.0062488095238095245,0.004414744470019656,0.5663368848300355,0.5768068791235803,0.22128943213339175,0.031589668003993834,0.030402760069001725,SCRAMBLED,lego-puzzles,VCPS-17D (Our Method),43
0.33965853333473206,33.965853333473206,0.32465630948543545,32.46563094854354,0.3195309945614812,0.3349693754573334,-0.1378678129573334,0.1971,0.03206536796536797,0.16914879949035913,0.5200405885337392,0.9476146201428719,0.6544967990221895,0.17998243285174492,1.0,COLLAPSED,lego-puzzles,Naive Confidence (NC),44
0.23614952693522104,23.614952693522103,0.2571838265064232,25.71838265064232,0.23614952688564536,0.25352588660532754,-0.05642432410532755,0.1971,0.0007363636363636362,0.05666908821009943,0.5200405885337392,0.7002089988237574,0.6544967990221895,0.011657948029289378,1.0,COLLAPSED,lego-puzzles,Temperature Scaling (TS),44
0.0069955940130122735,0.6995594013012274,0.1523034863989262,15.230348639892622,0.03536711553224344,0.1968183494490372,0.0002832130509627939,0.1971,2.1929824561402535e-07,5.561450294856122e-05,0.4799594114662608,0.5824886133634858,0.2370376077797489,0.008265888954745637,-1.0,COLLAPSED,lego-puzzles,Platt Scaling (1D),44
0.046705238304257074,4.670523830425707,0.08421264621521753,8.421264621521752,0.04435360657701317,0.18585039558551608,0.011251166914483912,0.1971,0.013314285714285713,0.0023082912177239748,0.6360984271943175,0.5506073012352745,0.16784953141138859,0.07625880676153718,0.21841746043651097,VALID,lego-puzzles,Quadratic Platt (Logit-Only),44
0.057333968450345205,5.7333968450345205,0.1092318256816922,10.923182568169219,0.05350217179965579,0.18701459174636745,0.010086970753632546,0.1971,0.013970710857065317,0.0035312095803692895,0.6169457128361238,0.554312434897834,0.17646735408655334,0.07301232237239721,0.15702092552313812,VALID,lego-puzzles,Beta Calibration,44
0.0237776638588517,2.37776638588517,0.06892135329560396,6.892135329560396,0.029890231613073116,0.19689296571546322,0.00020859678453677422,0.1971,0.0003154028691619029,0.0008093491852771255,0.5451547437848808,0.5825203012796173,0.22859440520860114,0.038095440233675004,0.951668609248275,COLLAPSED,lego-puzzles,Spline Calibration,44
0.23612338470211042,23.612338470211043,0.2571745626437179,25.71745626437179,0.23612338465424523,0.2535101775862497,-0.056408615086249725,0.1971,0.0007363636363636362,0.056656001335724036,0.5200405885337392,0.7001774510796253,0.6544967990221895,0.01160839466446468,1.0,COLLAPSED,lego-puzzles,Adaptive TS (ATS),44
0.002125598799920224,0.21255987999202242,0.08515874521878244,8.515874521878244,0.014296241074157817,0.19753703750472373,-0.0004354750047237399,0.1971,0.0003663316582914573,0.0005650081922240278,0.5143328259766615,0.5843121880892214,0.26036470451999455,0.005869037068870615,0.5009892821657612,COLLAPSED,lego-puzzles,Probability Margin (1D),44
0.010823164311383353,1.0823164311383353,0.010823164311383353,1.0823164311383353,0.01398566624209856,0.197319575877529,-0.0002180133775289972,0.1971,0.00045937500000000004,0.0006405991221264798,0.48902841197361746,0.5838303287919964,0.2793724070038022,0.003878747154461963,0.3297730886545677,COLLAPSED,lego-puzzles,MSSC (Multi-Scale Proxy),44
0.0012509482689307405,0.12509482689307405,0.09319966452206521,9.319966452206522,0.0012509482689307405,0.19710155896864776,3.5313522384061713e-09,0.1971,0.0,1.5648715715408163e-06,0.5800355149670218,0.5832627872438821,0.2300966825864431,6.981455667728721e-08,1.0,COLLAPSED,lego-puzzles,MSE-EIGEN (Multi-Scale),44
0.032144766412285836,3.2144766412285835,0.12838483213879984,12.838483213879984,0.06742514354837104,0.195994491244883,0.0011070712551169981,0.1971,0.00017881773399014734,0.0010596318018479328,0.523845763571791,0.5801141251624977,0.21721723229609352,0.023071356684943613,-0.724131103277582,SCRAMBLED,lego-puzzles,Residual Calibrator,44
0.05493911307492135,5.4939113074921355,0.09082925303016652,9.082925303016651,0.04426945694988432,0.19271592484292982,0.004385637657070174,0.1971,0.010759356869141893,0.006109883128859666,0.5782597666159308,0.5744318297128048,0.2360061191866359,0.07747808746305106,-0.07174379359483989,SCRAMBLED,lego-puzzles,Trajectory LR,44
0.05449401408688176,5.449401408688176,0.07500570529636154,7.500570529636154,0.04570135655134984,0.19118104061169533,0.005920521888304664,0.1971,0.01048380852145513,0.004687855046083812,0.5976661593099949,0.5702841479599629,0.21633030736152084,0.09055019771114622,-0.08666916672916823,SCRAMBLED,lego-puzzles,Trajectory LR (No Bias),44
0.019682493841715918,1.9682493841715918,0.12574977512516342,12.574977512516341,0.0548855582796753,0.1963884512851029,0.0007131112148970886,0.1971,4.9494949494949744e-05,0.00039881481050899005,0.5209284627092847,0.5816441390006271,0.28133889389969563,0.017096610160592916,0.2763234080852021,COLLAPSED,lego-puzzles,VCPS-5D (Our Method),44
0.016011958628836913,1.6011958628836913,0.09701589989618606,9.701589989618606,0.0455742275348829,0.19416895101093623,0.0029326114890637633,0.1971,0.0036940860215053757,0.0020930178066239096,0.5790208016235413,0.5757956169630893,0.2101005140070707,0.030978985949153943,-0.24738468461711546,SCRAMBLED,lego-puzzles,VCPS-17D (Our Method),44
0.35322366356849677,35.32236635684968,0.34655369281768805,34.655369281768806,0.34074259592247774,0.35752312396391034,-0.16042156146391034,0.1971,0.014417421227562434,0.17365616081223198,0.4811009639776763,0.9972076621971964,0.7004027941761304,0.1807741969563347,1.0,COLLAPSED,lego-puzzles,Naive Confidence (NC),45
0.237428902052334,23.7428902052334,0.2454590570951047,24.54590570951047,0.23742890200609498,0.2544417458189252,-0.05734018331892521,0.1971,8.163265306122467e-06,0.056418194692737116,0.4811009639776763,0.702040687331614,0.7004027941761304,0.011758644520194591,1.0,COLLAPSED,lego-puzzles,Temperature Scaling (TS),45
0.049945651265369276,4.994565126536927,0.10200116932199262,10.200116932199261,0.008016653361006484,0.19680341046821315,0.0002981520317868469,0.1971,0.0059910297580817815,0.005456674643510647,0.5188990360223237,0.5824960422445081,0.2316095744352408,0.004539311888676523,-1.0,COLLAPSED,lego-puzzles,Platt Scaling (1D),45
0.05330090751197346,5.330090751197345,0.07464648900575974,7.464648900575973,0.03337333955700663,0.19261172430468299,0.0044898381953170086,0.1971,0.008580757163457766,0.0055925971667338216,0.6024860476915271,0.5707039669062333,0.20036846912613604,0.08948008108639645,0.14450911272781822,VALID,lego-puzzles,Quadratic Platt (Logit-Only),45
0.059227757144026075,5.922775714402608,0.07922091183938633,7.922091183938633,0.03038570644372931,0.19323563549864942,0.0038659270013505775,0.1971,0.01034590007627765,0.007259317345564266,0.5853627600202943,0.5721658632193113,0.20476435441367105,0.0843454641728948,0.0776494412360309,SCRAMBLED,lego-puzzles,Beta Calibration,45
0.0229237249927248,2.29237249927248,0.08084953359377503,8.084953359377502,0.036884584308618934,0.19795641305266046,-0.0008548505526604633,0.1971,0.00018823529411764715,0.000609049519725398,0.500951293759513,0.5854534897572465,0.2764457636876441,0.0349553493967223,0.9849954342026846,COLLAPSED,lego-puzzles,Spline Calibration,45
0.2373973172139268,23.73973172139268,0.24543585668395385,24.543585668395384,0.23739731716810722,0.25442205277916735,-0.05732049027916736,0.1971,8.163265306122467e-06,0.05640297367347388,0.4811009639776763,0.7020011716914181,0.7004027941761304,0.011708666001725147,1.0,COLLAPSED,lego-puzzles,Adaptive TS (ATS),45
0.013080688548612596,1.3080688548612596,0.15373132051354144,15.373132051354144,0.019167634857968824,0.19882581949835335,-0.0017242569983533518,0.1971,0.0014877551020408158,0.003075421953254995,0.3696727549467275,0.5871812119871906,0.3312435393147555,0.017419143146994873,0.5108987140549052,COLLAPSED,lego-puzzles,Probability Margin (1D),45
0.0012256393052788583,0.12256393052788583,0.0012256393052788583,0.12256393052788583,0.008139080583899644,0.19709897748355984,2.5850164401541864e-06,0.1971,0.0,1.5021917066444425e-06,0.5024099441907661,0.5832562665739573,0.3074972836707487,0.00016322254331402995,-0.1848884058381431,COLLAPSED,lego-puzzles,MSSC (Multi-Scale Proxy),45
0.0012509703457070365,0.12509703457070365,0.09372492602232278,9.372492602232278,0.0012509703457070365,0.19710156263339737,-1.3339737647832806e-10,0.1971,0.0,1.5649268058383824e-06,0.5336123795027905,0.5832627965135697,0.24924699172825515,7.150260313399817e-08,1.0,COLLAPSED,lego-puzzles,MSE-EIGEN (Multi-Scale),45
0.06402156948532914,6.402156948532914,0.1392405586465551,13.92405586465551,0.03536094306905104,0.19533781780091758,0.0017637446990824146,0.1971,0.006440635025998451,0.0046000717365658585,0.5886605783866057,0.5787205769950537,0.19827889347721045,0.015148808325725675,-0.6486102152553814,COLLAPSED,lego-puzzles,Residual Calibrator,45
0.023468162224233258,2.3468162224233255,0.07742929193195096,7.742929193195096,0.03648057000453873,0.19388076384923225,0.003220798650767742,0.1971,0.01010916586860104,0.005986550318205335,0.5861237950279047,0.5772756912275031,0.2599952164361388,0.08121374312758131,-0.06495012375309384,SCRAMBLED,lego-puzzles,Trajectory LR,45
0.03469150744806736,3.469150744806736,0.05921973550578665,5.921973550578665,0.036521583770817524,0.19401094037995442,0.003090622120045572,0.1971,0.009817859008807285,0.006678048402827471,0.58701166920345,0.5776883549430625,0.25891344102081465,0.08342857545409552,-0.06714617865446637,SCRAMBLED,lego-puzzles,Trajectory LR (No Bias),45
0.009015409052187343,0.9015409052187343,0.1152630462551213,11.526304625512129,0.03654179393796987,0.19628761476995515,0.0008139477300448394,0.1971,1.4438502673796708e-05,8.20480587433997e-05,0.5440131912734653,0.5813138490221144,0.26231113964311714,0.015056557765704656,0.6538978474461863,COLLAPSED,lego-puzzles,VCPS-5D (Our Method),45
0.022421232273951566,2.2421232273951563,0.08157587954053802,8.157587954053803,0.04937625391754499,0.19236562109494484,0.00473594140505515,0.1971,0.001867676767676768,0.0005276978450120917,0.6321664129883309,0.571375063976257,0.1802581129410626,0.026169829475412684,-0.026333158328958228,SCRAMBLED,lego-puzzles,VCPS-17D (Our Method),45
0.3583431170880794,35.834311708807945,0.34768013134598735,34.76801313459873,0.3448960822043116,0.34752587505381954,-0.15042431255381955,0.1971,0.015779397263364654,0.1658280635651302,0.5138254693049213,0.9637531395464527,0.6978617221154699,0.16561049290584817,1.0,COLLAPSED,lego-puzzles,Naive Confidence (NC),46
0.23713477580647369,23.713477580647368,0.25107764108578706,25.107764108578706,0.2371347766072673,0.25403785566511516,-0.05693629316511517,0.1971,0.0003663316582914573,0.05667887797441455,0.5138254693049213,0.701231613374267,0.6978617221154699,0.010700197975729532,1.0,COLLAPSED,lego-puzzles,Temperature Scaling (TS),46
0.03156835630414555,3.156835630414555,0.13888876122639549,13.888876122639548,0.020175188830597747,0.1967925860151548,0.00030897648484518037,0.1971,0.0019303954969634126,0.0015098476083913375,0.48617453069507865,0.5824497542019388,0.2362750435513249,0.006515033628395683,-1.0,COLLAPSED,lego-puzzles,Platt Scaling (1D),46
0.05166455889706419,5.16645588970642,0.10603208629936295,10.603208629936296,0.020070115785026047,0.19035373779345702,0.006747824706542976,0.1971,0.009284258492129245,0.002995231471534913,0.6471334348046677,0.5638423973587077,0.1804492400011082,0.07995794171841761,0.22645166129153232,VALID,lego-puzzles,Quadratic Platt (Logit-Only),46
0.027675615579575683,2.7675615579575683,0.11712310094749481,11.712310094749482,0.016409265511033184,0.1911076331609075,0.005993929339092485,0.1971,0.006193364359286123,0.001294637419491481,0.6283612379502791,0.5663934540321254,0.18831187077203024,0.07614534877641117,0.1284542113552839,VALID,lego-puzzles,Beta Calibration,46
0.015965355224191867,1.5965355224191866,0.10313880698758729,10.313880698758728,0.030257539440560956,0.1964873272340506,0.0006142352659493922,0.1971,0.0008442922374429224,0.0002791060813919811,0.534627092846271,0.5817162251480558,0.2614884805981834,0.02806237315859657,0.9870837646111698,COLLAPSED,lego-puzzles,Spline Calibration,46
0.23710443409083368,23.710443409083368,0.2510518005084039,25.105180050840392,0.2371044348543703,0.254019995995829,-0.05691843349582898,0.1971,0.0003663316582914573,0.05666413429704439,0.5138254693049213,0.701195781373951,0.6978617221154699,0.010654715553460715,1.0,COLLAPSED,lego-puzzles,Adaptive TS (ATS),46
0.006651029843880347,0.6651029843880347,0.12598242030452445,12.598242030452445,0.011912249195123658,0.19720013482442542,-9.857232442542219e-05,0.1971,0.0005343434343434342,0.0007005357324516046,0.6359715880263825,0.5835157085932215,0.2014055835523541,0.0033797111672597634,-0.46985025819822696,COLLAPSED,lego-puzzles,Probability Margin (1D),46
0.008157113496500442,0.8157113496500442,0.008157113496500442,0.8157113496500442,0.010527974464727814,0.19715855978484043,-5.6997284840432094e-05,0.1971,0.00043333333333333353,0.0004918931181737127,0.49175545408422117,0.5834083202887304,0.27193188629980114,0.001323318598888534,0.2676461902769616,COLLAPSED,lego-puzzles,MSSC (Multi-Scale Proxy),46
0.001251026325543081,0.1251026325543081,0.07680035873761343,7.680035873761343,0.001251026325543081,0.1971015705510046,-8.05100461298558e-09,0.1971,0.0,1.5650668672018226e-06,0.46778285134449515,0.583262816540512,0.2999597125849971,9.665334124533186e-08,1.0,COLLAPSED,lego-puzzles,MSE-EIGEN (Multi-Scale),46
0.05518396830883995,5.518396830883995,0.09038487564069672,9.038487564069673,0.051500601380953547,0.1943704576805039,0.002731104819496094,0.1971,0.004856444827958149,0.003297383069868815,0.6367326230339929,0.5762374153115932,0.1770575982999627,0.015213626273287569,-0.6403075076876923,COLLAPSED,lego-puzzles,Residual Calibrator,46
0.029261751859199457,2.926175185919946,0.08306926975958864,8.306926975958865,0.03352565810922835,0.1913533867844398,0.005748175715560189,0.1971,0.0076867089259946425,0.002523204787313135,0.6188483003551496,0.567877242933987,0.1982110221821871,0.08271341282552426,0.10173254331358285,VALID,lego-puzzles,Trajectory LR,46
0.03064151272811434,3.0641512728114337,0.08296018600727269,8.296018600727269,0.033182851555026496,0.19129397551863106,0.005807586981368934,0.1971,0.007772579453067259,0.0024908677222156414,0.6187214611872146,0.5677386998804941,0.19829959915984458,0.0823225675398212,0.10127503187579691,VALID,lego-puzzles,Trajectory LR (No Bias),46
0.06004873630881773,6.0048736308817725,0.1037757183393267,10.37757183393267,0.04806172518402044,0.19445113295792837,0.0026504295420716195,0.1971,0.005606666666666668,0.0039260115027243015,0.6284880771182141,0.5766207528497246,0.19725380424969285,0.015379332245950474,0.5983094577364435,COLLAPSED,lego-puzzles,VCPS-5D (Our Method),46
0.08358474749221279,8.358474749221278,0.13087038648701727,13.087038648701727,0.07079222028335949,0.19131880217272587,0.005782760327274122,0.1971,0.010838508682328909,0.00714246621269034,0.6818873668188737,0.5687746501627889,0.17051974747902687,0.024255283314245417,0.07696092402310059,SCRAMBLED,lego-puzzles,VCPS-17D (Our Method),46
0.3168438306450844,31.68438306450844,0.31508119344711305,31.508119344711304,0.3122763916661181,0.3184322886881793,-0.1213307261881793,0.1971,0.013606404215432941,0.13611320908440072,0.5575849822425165,0.8833517307486863,0.6011041327695062,0.17288744598069328,1.0,COLLAPSED,lego-puzzles,Naive Confidence (NC),47
0.23531038420176906,23.531038420176905,0.23854652628642709,23.854652628642707,0.235310384194192,0.2523522184568634,-0.055250655956863404,0.1971,0.0005343434343434342,0.05577858053561762,0.5575849822425165,0.6978570247861086,0.6011041327695062,0.010766977825828862,1.0,COLLAPSED,lego-puzzles,Temperature Scaling (TS),47
0.05311199976839724,5.311199976839724,0.11509715058219638,11.509715058219639,0.05195153683439105,0.1977396002633596,-0.0006380377633596057,0.1971,0.0019912128861642024,0.003241736826493128,0.44241501775748354,0.5847829203706296,0.2864007303945096,0.015689791736421578,-1.0,COLLAPSED,lego-puzzles,Platt Scaling (1D),47
0.029793268760522316,2.9793268760522316,0.10509218714686337,10.509218714686337,0.0304859092187817,0.19475392108419304,0.002347641415806956,0.1971,0.0031008654170888213,0.0016410299098383288,0.5731861998985286,0.5794873380406435,0.22185244721485567,0.08663728097693903,0.3312817820445511,VALID,lego-puzzles,Quadratic Platt (Logit-Only),47
0.055402364471791685,5.5402364471791685,0.08127577195511013,8.127577195511012,0.03968323726515596,0.19542676059537306,0.0016748019046269325,0.1971,0.004597687624399952,0.003284821984597462,0.5511161846778285,0.5801282680104094,0.23167970543313393,0.08395027830553098,0.26856671416785427,VALID,lego-puzzles,Beta Calibration,47
0.02925952845396619,2.925952845396619,0.03922212164878775,3.922212164878775,0.03217152912966577,0.19713378075861826,-3.2218258618266216e-05,0.1971,0.0019311688311688308,0.0016028659129647726,0.5521943176052764,0.5830625904910807,0.2442261082532572,0.04937113512966691,0.9466710910627125,COLLAPSED,lego-puzzles,Spline Calibration,47
0.2352878029817165,23.52878029817165,0.23853145295838357,23.853145295838356,0.23528780298377205,0.25234161337638195,-0.05524005087638195,0.1971,0.0005343434343434342,0.05576845553434826,0.5575849822425165,0.6978357444448895,0.6011041327695062,0.010721199346535985,1.0,COLLAPSED,lego-puzzles,Adaptive TS (ATS),47
0.001252697896821524,0.1252697896821524,0.09929124687850213,9.929124687850214,0.009240652396533076,0.19712602207249205,-2.4459572492058212e-05,0.1971,8.163265306122467e-06,2.3283499085426207e-06,0.4544647387113141,0.5833257057794499,0.2918931821625731,0.0022295470967381896,-0.4889518760235903,COLLAPSED,lego-puzzles,Probability Margin (1D),47
0.0015340950693089606,0.15340950693089606,0.0015340950693089606,0.15340950693089606,0.010201846123851235,0.19718391273445943,-8.23502344594329e-05,0.1971,0.0,2.3534476816780645e-06,0.4945459157787925,0.5834673317899498,0.32101334727572883,0.003380921026562034,-0.3423553158499954,COLLAPSED,lego-puzzles,MSSC (Multi-Scale Proxy),47
0.0012509714503652347,0.12509714503652347,0.11101242559429528,11.101242559429528,0.0012509714503652347,0.19710156235435874,1.4564124906080167e-10,0.1971,0.0,1.564929569628899e-06,0.5025367833587011,0.5832627958077586,0.25031452198426735,8.216712398872154e-08,1.0,COLLAPSED,lego-puzzles,MSE-EIGEN (Multi-Scale),47
0.024292487867230914,2.4292487867230914,0.10147242818402305,10.147242818402304,0.05982532665178656,0.1985009996941997,-0.0013994371941997152,0.1971,0.001118896945726214,0.0017649168904368736,0.47425164890918325,0.5864690093362599,0.2629752351854164,0.031089581042716946,-0.7242121053026326,COLLAPSED,lego-puzzles,Residual Calibrator,47
0.0702533773473001,7.02533773473001,0.09360304799946013,9.360304799946013,0.06030778636872869,0.19975760134165965,-0.002656038841659658,0.1971,0.006481284930065418,0.00933353470991714,0.5407153729071538,0.590098402082258,0.2321618343498956,0.09194214486622564,-0.0892342308557714,COLLAPSED,lego-puzzles,Trajectory LR,47
0.0683842907306073,6.83842907306073,0.09976133638506351,9.97613363850635,0.06518494672255076,0.19947615255781223,-0.002374590057812237,0.1971,0.006771733087174263,0.009001814418032498,0.547945205479452,0.5900251689975278,0.23175100728924355,0.10084530456869378,-0.08748218705467638,COLLAPSED,lego-puzzles,Trajectory LR (No Bias),47
0.005085764998798762,0.5085764998798762,0.0742747982549215,7.42747982549215,0.03696376240138012,0.19717373794538406,-7.217544538407061e-05,0.1971,0.0008247474747474746,0.000603828031472519,0.5068493150684932,0.583505691394235,0.26465244132477633,0.023032681510802483,0.15348533713342835,COLLAPSED,lego-puzzles,VCPS-5D (Our Method),47
0.054212217402206955,5.4212217402206955,0.10851912132766364,10.851912132766364,0.04962840060684315,0.19790484012455473,-0.0008032776245547324,0.1971,0.0009421052631578943,0.0029944651737221803,0.5026636225266362,0.5851874302397713,0.2534080455376164,0.03820247900364616,-0.10173404335108378,COLLAPSED,lego-puzzles,VCPS-17D (Our Method),47
0.3504591614007949,35.04591614007949,0.3352184212207794,33.52184212207794,0.33291779060131743,0.3420742196970396,-0.14497265719703964,0.1971,0.044717809561712,0.1908076309097581,0.5397006595636733,0.9746084268849552,0.6530992845775224,0.185064718113374,1.0,COLLAPSED,lego-puzzles,Naive Confidence (NC),48
0.23688684090984596,23.688684090984598,0.287816198207449,28.781619820744904,0.23688699077289535,0.2538644529025404,-0.05676289040254043,0.1971,0.0018692307692307695,0.05839405043610003,0.5397006595636733,0.7008878954620557,0.6530992845775224,0.012199506810032804,1.0,COLLAPSED,lego-puzzles,Temperature Scaling (TS),48
0.05119075153567587,5.119075153567588,0.1560795399246433,15.60795399246433,0.037557366921790354,0.19683007169034497,0.00027149080965499506,0.1971,0.002477980720446475,0.003280299530224548,0.46029934043632675,0.582510640939995,0.2509983662788414,0.009168539362156227,-1.0,COLLAPSED,lego-puzzles,Platt Scaling (1D),48
0.06096283336657987,6.096283336657987,0.09790567185221641,9.79056718522164,0.031858926829770304,0.1875314499075197,0.009570112592480279,0.1971,0.012730146256504952,0.004494446510024792,0.6060375443937088,0.5542468645724669,0.17819395463708507,0.08705772099588135,0.11868446711167781,VALID,lego-puzzles,Quadratic Platt (Logit-Only),48
0.06939770364818813,6.939770364818814,0.10921291431128727,10.921291431128727,0.03988783247459423,0.18945290796585326,0.007648654534146704,0.1971,0.014055929521794594,0.006307067977766648,0.5823186199898529,0.5602673759175752,0.18915821960512208,0.08446364054713286,0.07523738093452338,SCRAMBLED,lego-puzzles,Beta Calibration,48
0.02443280472502353,2.443280472502353,0.06039445009603465,6.039445009603464,0.02966227732251064,0.19572143405052997,0.0013801284494699972,0.1971,0.0018630633762020637,0.0006147135779499723,0.5516235413495688,0.5797577466664064,0.26578457335247974,0.04022904964664652,0.9412311872895819,VALID,lego-puzzles,Spline Calibration,48
0.23685756692881427,23.685756692881426,0.2878042482710287,28.78042482710287,0.23685771011363296,0.25384721410175487,-0.056745651601754904,0.1971,0.0018692307692307695,0.05837835905760276,0.5397006595636733,0.7008532652982964,0.6530992845775224,0.012147660341472268,1.0,COLLAPSED,lego-puzzles,Adaptive TS (ATS),48
0.0012999893804797667,0.12999893804797666,0.10854866828149562,10.854866828149563,0.00898313071553552,0.19713568644099103,-3.4123940991059865e-05,0.1971,8.163265306122467e-06,2.563583968403028e-06,0.5224505327245054,0.5833522059141614,0.2560190981237833,0.0020178148367256035,-0.5075390999719039,COLLAPSED,lego-puzzles,Probability Margin (1D),48
0.02519991828409072,2.519991828409072,0.02519991828409072,2.519991828409072,0.02604772646685307,0.19826265014853178,-0.0011610876485318167,0.1971,0.003295410806809771,0.004396524288165195,0.4730466768138001,0.5864016040663641,0.30189586678885627,0.008942768927107861,0.30756120295974126,COLLAPSED,lego-puzzles,MSSC (Multi-Scale Proxy),48
0.0012509222750562432,0.12509222750562432,0.11153765005547953,11.153765005547953,0.0012509222750562432,0.19710155676830715,5.7316928148143376e-09,0.1971,0.0,1.5648065382318874e-06,0.5915778792491122,0.583262781678295,0.21618880129505186,7.81461132893469e-08,1.0,COLLAPSED,lego-puzzles,MSE-EIGEN (Multi-Scale),48
0.03853947737640574,3.853947737640574,0.12052570370816496,12.052570370816495,0.06582215056570359,0.19620058192386203,0.0009009805761379386,0.1971,0.0002919191919191919,0.0015017770157415746,0.5205479452054795,0.5806093145311773,0.2223735355768933,0.026365257421500785,-0.6289987249681243,COLLAPSED,lego-puzzles,Residual Calibrator,48
0.03404304988523795,3.404304988523795,0.09153460650674847,9.153460650674846,0.022212917165494117,0.19120693957425644,0.005894622925743526,0.1971,0.007865904058276939,0.0038966731465100526,0.6188483003551497,0.5681732817569132,0.2014032448600727,0.0856914133339006,-0.04145353633840847,SCRAMBLED,lego-puzzles,Trajectory LR,48
0.02975734685366076,2.975734685366076,0.09574864986202852,9.574864986202853,0.017858218836925215,0.19093597841340898,0.006165584086590986,0.1971,0.008552173176963091,0.003298773099204942,0.6232876712328766,0.5672094477876143,0.20023431769102829,0.09706232790067865,-0.03962649066226657,SCRAMBLED,lego-puzzles,Trajectory LR (No Bias),48
0.032439530019852225,3.2439530019852225,0.09208736389729338,9.208736389729339,0.036781716175801844,0.19638476881733105,0.0007167936826689147,0.1971,0.0002633881975110402,0.0010541380280638763,0.5176306443429731,0.5815837908141512,0.26148060625263264,0.020985799480322483,0.2711287782194555,COLLAPSED,lego-puzzles,VCPS-5D (Our Method),48
0.025220297096753316,2.5220297096753317,0.06080893903028938,6.080893903028938,0.03146015873506843,0.1946499337163274,0.0024516287836725548,0.1971,0.0030466299571133577,0.001451950947976087,0.5617706747843734,0.5769417331181171,0.2173201326410699,0.0359322989007526,-0.14304507612690318,SCRAMBLED,lego-puzzles,VCPS-17D (Our Method),48
0.3330086553096771,33.30086553096771,0.32451975792646415,32.451975792646415,0.31636878285660125,0.3170665633694156,-0.11996500086941558,0.1971,0.03192950878697427,0.15103908666217045,0.5815575849822425,0.8878869496658521,0.6103188205819483,0.1717217559977962,1.0,COLLAPSED,lego-puzzles,Naive Confidence (NC),49
0.23562114976192908,23.56211497619291,0.2587286473727657,25.87286473727657,0.23562114958494917,0.2524112533103536,-0.055309690810353584,0.1971,0.0011101522842639593,0.056880896229420885,0.5815575849822425,0.6979767339328157,0.6103188205819483,0.010794948747005415,1.0,COLLAPSED,lego-puzzles,Temperature Scaling (TS),49
0.07101085899769874,7.101085899769874,0.13144633108868833,13.144633108868833,0.07860088128991019,0.19795830821302793,-0.0008567457130279343,0.1971,0.004004761904761903,0.00583795398251528,0.4184424150177575,0.5852555765310423,0.28436356775064986,0.01664276649014582,-1.0,COLLAPSED,lego-puzzles,Platt Scaling (1D),49
0.031693505941693303,3.1693505941693303,0.11901760701333398,11.901760701333398,0.028308653633648817,0.19076407190319714,0.006337490596802858,0.1971,0.0067605734951323194,0.0012564443807152287,0.5903094875697615,0.5631588018412834,0.19316033264668014,0.07838270464131773,0.3110177754443861,VALID,lego-puzzles,Quadratic Platt (Logit-Only),49
0.04009952124465463,4.009952124465463,0.05515657959258465,5.515657959258466,0.039712679162770485,0.1922466774981676,0.004854885001832399,0.1971,0.0066911580594679184,0.0017983242829369918,0.5712836123795028,0.5674814971988963,0.20086212236277246,0.07610423556207783,0.2468551713792845,VALID,lego-puzzles,Beta Calibration,49
0.025890926501571876,2.5890926501571876,0.05293151805848121,5.293151805848121,0.029846878003670634,0.19469422112479634,0.002407341375203653,0.1971,0.004506417112299464,0.0013936312298506502,0.5735032978183664,0.5771790872803195,0.23617619129132322,0.04198473100818235,0.9430891980247075,VALID,lego-puzzles,Spline Calibration,49
0.23559724726875853,23.559724726875853,0.2587127997979683,25.871279979796828,0.23559724708649302,0.25240038681979,-0.055298824319789996,0.1971,0.0011101522842639593,0.05686850257125615,0.5815575849822425,0.6979549098257968,0.6103188205819483,0.01074905659189799,1.0,COLLAPSED,lego-puzzles,Adaptive TS (ATS),49
0.0010798462532637942,0.10798462532637942,0.10378498493329358,10.378498493329358,0.010613578337863982,0.19730836758597334,-0.0002068050859733439,0.1971,0.0,1.1660679306878544e-06,0.5268264840182648,0.5837656777423733,0.24953484205599058,0.0036416117531321004,0.5925488409756021,COLLAPSED,lego-puzzles,Probability Margin (1D),49
0.0013405836232183166,0.13405836232183166,0.0013405836232183166,0.13405836232183166,0.009064237572170846,0.19713714911119345,-3.558661119346107e-05,0.1971,0.0,1.7971644508411494e-06,0.497843734145104,0.5833511382488035,0.24700726562380804,0.002412416305887322,-0.33105682845026824,COLLAPSED,lego-puzzles,MSSC (Multi-Scale Proxy),49
0.0012509605326097573,0.12509605326097573,0.12356252870641665,12.356252870641665,0.0012509605326097573,0.19710156115066313,1.3493368644645898e-09,0.1971,0.0,1.5649022541472876e-06,0.5660832064941654,0.5832627927631138,0.24624059922227237,7.98046128539729e-08,1.0,COLLAPSED,lego-puzzles,MSE-EIGEN (Multi-Scale),49
0.06463152851432957,6.463152851432957,0.12390018782324133,12.390018782324134,0.08140425291306574,0.19768521221396942,-0.0005836497139694308,0.1971,0.00201891891891892,0.004412792689408506,0.48313039066463725,0.584356258708932,0.2534516757682056,0.030271986348753853,-0.7543463586589665,COLLAPSED,lego-puzzles,Residual Calibrator,49
0.0593683837438065,5.93683837438065,0.08160159929151505,8.160159929151504,0.049697308387393044,0.19814157043144953,-0.001040007931449538,0.1971,0.009610018299293966,0.009668009245714374,0.5645611364789447,0.5838894223893072,0.22363497052591003,0.09266706041750213,-0.0838250956273907,COLLAPSED,lego-puzzles,Trajectory LR,49
0.05925702047821902,5.925702047821902,0.09454543745171282,9.454543745171282,0.051781539401478324,0.198580587823336,-0.0014790253233360195,0.1971,0.007877745193874228,0.008977210715658305,0.5617706747843735,0.584954151364095,0.2261853515073161,0.09600308661525656,-0.07551488787219682,COLLAPSED,lego-puzzles,Trajectory LR (No Bias),49
0.01628853655826652,1.628853655826652,0.08225447731954745,8.225447731954745,0.020508568367721164,0.1955312234975522,0.001570339002447796,0.1971,0.0026921325051759834,0.0023947324353833263,0.5577118214104515,0.5794069719097387,0.2331184097912535,0.02148201239572306,0.21800495012375315,VALID,lego-puzzles,VCPS-5D (Our Method),49
0.03481477949972174,3.481477949972174,0.10905472797302582,10.905472797302581,0.03522239332028543,0.19451354451153705,0.0025880179884629484,0.1971,0.0034695781342840163,0.0020103461605077205,0.5636732623033993,0.5766750691207045,0.21433155523404826,0.03532052642291336,-0.12710567764194106,SCRAMBLED,lego-puzzles,VCPS-17D (Our Method),49
0.33453079655766493,33.453079655766494,0.3345307965576649,33.45307965576649,0.32913598616406337,0.32947521169971616,-0.1323736491997162,0.1971,0.020090859714997647,0.15176566110972145,0.5530187721968545,0.9184993740386989,0.6532544864768516,0.1665581338090788,1.0,COLLAPSED,lego-puzzles,Naive Confidence (NC),50
0.23641559850407912,23.641559850407912,0.24777501113878178,24.777501113878177,0.23641559848119018,0.2530983689270096,-0.05599680642700963,0.1971,0.0011101522842639593,0.057253521646809316,0.5530187721968545,0.6993517468976904,0.6532544864768516,0.010577081535458041,1.0,COLLAPSED,lego-puzzles,Temperature Scaling (TS),50
0.06889150280885115,6.889150280885115,0.11226022649793853,11.226022649793853,0.06287717225317786,0.19732227954158105,-0.00022071704158108107,0.1971,0.003919661093031085,0.005273658859268995,0.4469812278031456,0.5836897144042026,0.2576023979057365,0.012713369288429605,-1.0,COLLAPSED,lego-puzzles,Platt Scaling (1D),50
0.029304273997862576,2.9304273997862578,0.08641106410699465,8.641106410699464,0.022838721660820165,0.18802708345822797,0.009074479041771999,0.1971,0.008826383522881861,0.0012528685159591897,0.6135210553018773,0.5557412357275884,0.17628488131860046,0.07368058878780379,0.2646996174904373,VALID,lego-puzzles,Quadratic Platt (Logit-Only),50
0.04557583152211413,4.5575831522114125,0.10197928833172208,10.197928833172208,0.03583452612583076,0.18910870871296834,0.007992853787031629,0.1971,0.009433035447179917,0.0032316434488726528,0.5859969558599696,0.5589677941293595,0.18502509021929425,0.06987833681119529,0.1819770494262357,VALID,lego-puzzles,Beta Calibration,50
0.018094391774928102,1.8094391774928102,0.027408380212327277,2.7408380212327277,0.018094391803103665,0.19557375628596596,0.0015278062140340054,0.1971,0.0023643847380689477,0.0007405626571837947,0.5638001014713344,0.5793427947046896,0.21808047925870988,0.029969423757697226,0.9270390957436079,VALID,lego-puzzles,Spline Calibration,50
0.23638831504428168,23.63883150442817,0.24776322401719672,24.77632240171967,0.23638831502879062,0.2530845587850123,-0.055982996285012326,0.1971,0.0011101522842639593,0.05723950287311031,0.5530187721968545,0.6993240254823979,0.6532544864768516,0.010532118979561035,1.0,COLLAPSED,lego-puzzles,Adaptive TS (ATS),50
0.001110422625938745,0.11104226259387451,0.10428424175477173,10.428424175477174,0.009526135300694967,0.19714388650794346,-4.232400794348945e-05,0.1971,0.0,1.233038408196698e-06,0.4353120243531202,0.5833687937541305,0.28997022237291675,0.0008350310438314898,0.4667313683817873,COLLAPSED,lego-puzzles,Probability Margin (1D),50
0.011124981980353839,1.1124981980353839,0.011124981980353839,1.1124981980353839,0.013060771523971983,0.19723454049788974,-0.00013297799788977716,0.1971,0.0010795918367346937,0.0012141323346244494,0.48833079654997463,0.5836044496699643,0.2900652550487365,0.001957731104905273,0.23259258729904772,COLLAPSED,lego-puzzles,MSSC (Multi-Scale Proxy),50
0.0012509680456841976,0.12509680456841976,0.0830372663619797,8.30372663619797,0.0012509680456841976,0.1971015621390098,3.609901544354699e-10,0.1971,0.0,1.5649210513229407e-06,0.5338660578386606,0.5832627952630551,0.2552588313219478,8.518188934125668e-08,1.0,COLLAPSED,lego-puzzles,MSE-EIGEN (Multi-Scale),50
0.007537050936510034,0.7537050936510034,0.10755282407282332,10.755282407282332,0.05533099887676152,0.19564843893217757,0.0014531235678224008,0.1971,0.000765228454475052,8.612651040557113e-05,0.5337392186707255,0.579144620935639,0.21533780229770044,0.023966947455885325,-0.7290602265056628,SCRAMBLED,lego-puzzles,Residual Calibrator,50
0.0456047668500031,4.56047668500031,0.10324341012409355,10.324341012409356,0.040028688554607936,0.18815266037496844,0.008948902125031521,0.1971,0.01407643308184353,0.005488942658400595,0.6533485540334856,0.5582690301395119,0.16518226466152316,0.07989723896479842,-0.10721668041701045,SCRAMBLED,lego-puzzles,Trajectory LR,50
0.05355119745832461,5.355119745832461,0.0909827423663077,9.09827423663077,0.03463452864238602,0.1885468342938834,0.00855472820611658,0.1971,0.014210509634888438,0.00576289341031151,0.6487823439878234,0.5586905740077234,0.16674322452518525,0.08768703876316593,-0.12252006300157506,SCRAMBLED,lego-puzzles,Trajectory LR (No Bias),50
0.05497307788388958,5.497307788388958,0.10565547185200252,10.565547185200252,0.049717469662854896,0.19437092650742702,0.0027306359925729495,0.1971,0.0052318681318681325,0.0034393424628274263,0.6262049720953831,0.5764011558695085,0.19649978694980813,0.018327045011019123,0.3647836195904898,COLLAPSED,lego-puzzles,VCPS-5D (Our Method),50
0.05478379868518703,5.478379868518703,0.10112841622263087,10.112841622263087,0.05985883245749875,0.19178435544569908,0.005317207054300888,0.1971,0.006523178516398856,0.003331378916555447,0.6522070015220699,0.5697294985703905,0.16931054715575644,0.0289365481913908,0.023828095702392565,SCRAMBLED,lego-puzzles,VCPS-17D (Our Method),50
0.33108895987272263,33.10889598727226,0.3428151854872704,34.28151854872704,0.32991905019575507,0.33829544898156494,-0.14119388648156497,0.1971,0.028709746503496506,0.16950809883649506,0.5120497209538306,0.9348493827281004,0.6715498665559029,0.16677020566486722,1.0,COLLAPSED,lego-puzzles,Naive Confidence (NC),51
0.23615808370200744,23.615808370200746,0.25928303520142376,25.928303520142375,0.23615808338075842,0.25355824619393097,-0.056456683693931003,0.1971,0.0007363636363636362,0.05667949589050705,0.5120497209538306,0.7002713379202503,0.6715498665559029,0.01058906033721558,1.0,COLLAPSED,lego-puzzles,Temperature Scaling (TS),51
0.048834036781712595,4.883403678171259,0.12038685960151205,12.038685960151204,0.013304755374463552,0.19679299776926065,0.00030856473073931356,0.1971,0.0028547030069619316,0.003420997876091256,0.48795027904616944,0.5824600794617036,0.2524329328723735,0.0065962801167474385,-1.0,COLLAPSED,lego-puzzles,Platt Scaling (1D),51
0.07223718980107052,7.223718980107052,0.11784669729836007,11.784669729836008,0.06289120683667258,0.19702164865883703,7.991384116293188e-05,0.1971,0.005756962141631953,0.006906408293350772,0.5422374429223744,0.5799696838824704,0.21470782204570493,0.08635557175560263,0.3481092027300683,COLLAPSED,lego-puzzles,Quadratic Platt (Logit-Only),51
0.09041138987589076,9.041138987589076,0.14434404647368146,14.434404647368146,0.06596246277729972,0.19874389462660308,-0.0016423321266031132,0.1971,0.007516107503607502,0.009898246073465327,0.5162354134956875,0.5848714687382507,0.22520837803211108,0.08442748033110795,0.2722973074326859,COLLAPSED,lego-puzzles,Beta Calibration,51
0.07831849677235364,7.831849677235364,0.06974839916695225,6.974839916695225,0.07359128749609913,0.20087276205887833,-0.003771199558878363,0.1971,0.0017022811435342916,0.006381272528341776,0.5150938609842719,0.5925676415150387,0.27694875018075144,0.034470840018934155,0.933392618646898,COLLAPSED,lego-puzzles,Spline Calibration,51
0.236131895995383,23.613189599538302,0.25926482820854707,25.92648282085471,0.23613189567482806,0.2535424895595299,-0.05644092705952994,0.1971,0.0007363636363636362,0.05666635766870381,0.5120497209538306,0.7002397256236625,0.6715498665559029,0.010544046519911449,1.0,COLLAPSED,lego-puzzles,Adaptive TS (ATS),51
0.002172278244892183,0.21722782448921832,0.1202259826981618,12.02259826981618,0.01291467725159923,0.19760644854209097,-0.0005048860420910073,0.1971,0.0003663316582914573,0.0005953177145565932,0.4185692541856926,0.5844654742872526,0.3074679385969754,0.007018091661663378,0.49513762114751747,COLLAPSED,lego-puzzles,Probability Margin (1D),51
0.0012256393052789138,0.12256393052789138,0.0012256393052789138,0.12256393052789138,0.00813908058389965,0.19709897748355984,2.585016440126431e-06,0.1971,0.0,1.5021917066445785e-06,0.5024099441907661,0.5832562665739573,0.2456598455099608,0.00016322254331394223,-0.20911270563967244,COLLAPSED,lego-puzzles,MSSC (Multi-Scale Proxy),51
0.0012509698562490068,0.12509698562490068,0.08372494960883337,8.372494960883337,0.0012509698562490068,0.19710156253473188,-3.4731911791041625e-11,0.1971,0.0,1.5649255812436607e-06,0.5512430238457636,0.5832627962640049,0.25743685154454043,8.925680845422714e-08,1.0,COLLAPSED,lego-puzzles,MSE-EIGEN (Multi-Scale),51
0.022410896546559665,2.2410896546559664,0.08539539373758569,8.539539373758569,0.03508315664182729,0.1945378819373581,0.0025636805626418624,0.1971,0.0014577829405907736,0.0005869322807164849,0.5985540334855404,0.5766445892342569,0.19388218432043014,0.017621494998086736,-0.6349778744468613,COLLAPSED,lego-puzzles,Residual Calibrator,51
0.04019764829674676,4.019764829674676,0.08606814208852069,8.60681420885207,0.03081153734884439,0.18853840915262246,0.008563153347377506,0.1971,0.011145342604664639,0.003400601371182115,0.6308980213089802,0.5610268651860669,0.18250435885841002,0.07909822006013698,0.1258606465161629,VALID,lego-puzzles,Trajectory LR,51
0.03499793146472713,3.4997931464727126,0.07980903741981175,7.980903741981176,0.022764504739123774,0.1883068730513514,0.008794689448648557,0.1971,0.01200243533702836,0.0031216203408641332,0.6367326230339929,0.5599594415290248,0.17885613494004599,0.08947009356947072,0.1112562814070352,VALID,lego-puzzles,Trajectory LR (No Bias),51
0.017463684452856048,1.7463684452856048,0.10564694115327275,10.564694115327274,0.04530662655494767,0.19482201959426731,0.002279542905732651,0.1971,0.0009839848675914243,0.0003311796556434248,0.5927194317605277,0.5776000870808216,0.21852726607400041,0.016470969424332845,0.4961464036600916,COLLAPSED,lego-puzzles,VCPS-5D (Our Method),51
0.03774129373138902,3.7741293731389023,0.10403454561761845,10.403454561761844,0.043298648915348126,0.1923011549438596,0.0048004075561403625,0.1971,0.004046455184160103,0.0016348735937312484,0.6251902587519026,0.5709624826673981,0.18111803238995175,0.02910091134834075,0.08178654466361661,SCRAMBLED,lego-puzzles,VCPS-17D (Our Method),51
0.15377306565642357,15.377306565642357,0.14866126820445064,14.866126820445064,0.14392595432636263,0.18655801505823588,0.01721854744176407,0.203775,0.05655807424898335,0.040149955452316456,0.8284873021715127,0.6094317777934996,0.09453217929150345,0.19584175555264283,1.0,VALID,mmbench,Naive Confidence (NC),42
0.09812220099594708,9.812220099594708,0.10071026658624457,10.071026658624458,0.06648067518497486,0.156023543265104,0.047753019234895944,0.203775,0.061907191338073694,0.01431987147169626,0.8284873021715127,0.46125400924584475,0.09453217929150345,0.1657969619602259,1.0,VALID,mmbench,Temperature Scaling (TS),42
0.08110271335057416,8.110271335057416,0.08240423201167318,8.240423201167319,0.04755364985124784,0.15027455754447486,0.053502004955525095,0.203775,0.06331942851834158,0.009535136996209455,0.8284873021715127,0.4444993654021641,0.08819093027134017,0.2251816550328773,1.0,VALID,mmbench,Platt Scaling (1D),42
0.038655435837936826,3.8655435837936825,0.06795115630721778,6.795115630721778,0.03651892381606576,0.1474427302228063,0.05633383227719366,0.203775,0.05945757738725434,0.003109676868974904,0.8284873021715127,0.4320493928469146,0.08708188470648018,0.2207766361588998,1.0,VALID,mmbench,Quadratic Platt (Logit-Only),42
0.05668038122507724,5.668038122507724,0.06626364149763388,6.626364149763388,0.04150268595635609,0.14859557126893114,0.055180991231068816,0.203775,0.061507818379877205,0.00573451044805397,0.8170776591829224,0.4367969100000117,0.08990729055706943,0.2216471135961514,0.980916522913073,VALID,mmbench,Beta Calibration,42
0.07181169492338978,7.181169492338977,0.10037282387942838,10.037282387942838,0.07141586984851875,0.15722412869183422,0.04655243380816573,0.203775,0.06357710196779966,0.016404435658939134,0.8284873021715127,0.4604605791256881,0.09405106343369254,0.19844297289708057,0.9870837646111698,VALID,mmbench,Spline Calibration,42
0.09367218027266291,9.367218027266292,0.09874346874804653,9.874346874804653,0.06785408666352351,0.15474815199826353,0.049028410501736425,0.203775,0.0647434065934066,0.014740865789714683,0.8309409888357256,0.4574937481041594,0.09375534271997517,0.16742791321670886,0.9992514812870325,VALID,mmbench,Adaptive TS (ATS),42
0.01254575451599225,1.254575451599225,0.19098932157216358,19.098932157216357,0.01810942876748948,0.20307627922898688,0.0007002832710130691,0.203775,0.005163888888888889,0.004258834879213831,0.5324500061342167,0.5960114491597345,0.30258199878984754,0.007249789203938218,-0.1845108895387804,COLLAPSED,mmbench,Probability Margin (1D),42
0.043412818664747665,4.341281866474766,0.04341281866474772,4.341281866474772,0.04373682086766514,0.19658437919276006,0.007192183307239891,0.203775,0.009549536408864766,0.002277171038342669,0.6122561648877438,0.5803148919941259,0.2506429280756963,0.05050441402855502,0.3812353242042481,VALID,mmbench,MSSC (Multi-Scale Proxy),42
0.0012025030224747102,0.12025030224747102,0.1544741905597815,15.447419055978152,0.003181489934739137,0.20365136854366409,0.00012519395633586727,0.203775,0.0,1.4460135190608134e-06,0.6940252729726414,0.5973099098010529,0.14968146964249776,0.0007950279331945732,0.4803225080627016,COLLAPSED,mmbench,MSE-EIGEN (Multi-Scale),42
0.08565444877414516,8.565444877414516,0.07523387324639297,7.523387324639296,0.0451694156278728,0.1488235196811869,0.05495304281881305,0.203775,0.06585667388167389,0.011388416788989343,0.8309409888357256,0.44134952946154243,0.08700923950619367,0.22337794888960286,0.9991929798244957,VALID,mmbench,Residual Calibrator,42
0.07524508948718042,7.524508948718042,0.05984156040456078,5.984156040456078,0.04565177347126469,0.14491664565953444,0.058859916840465515,0.203775,0.07127042124542125,0.011571899045522954,0.8414918414918414,0.4322836160721941,0.0820459726443605,0.23482281039023747,0.9694037350933774,VALID,mmbench,Trajectory LR,42
0.08153807815501592,8.153807815501592,0.05701152629987587,5.701152629987587,0.036479988782254974,0.1428437997947142,0.06093276270528575,0.203775,0.0724594132389798,0.011235566784053352,0.8446816341553183,0.4275587558174409,0.07965442640725653,0.23364076498823255,0.9839345983649592,VALID,mmbench,Trajectory LR (No Bias),42
0.07942457337144848,7.942457337144848,0.06837106386773585,6.837106386773585,0.045192230812738134,0.14763754391059597,0.05613901858940398,0.203775,0.06605216344113402,0.00981919594744448,0.8329039381670961,0.4378561690425269,0.08598756029433705,0.22633949485105584,0.9986754668866723,VALID,mmbench,VCPS-5D (Our Method),42
0.06052400110468482,6.052400110468482,0.06217381379992226,6.217381379992226,0.0407374610327587,0.14535233280184903,0.05842422969815092,0.203775,0.06571206607402261,0.006784348702269006,0.8390381548276286,0.43243499228560084,0.08315378244960381,0.22576797754309452,0.9962799069976751,VALID,mmbench,VCPS-17D (Our Method),42
0.17285573750734334,17.285573750734333,0.1591929718852043,15.919297188520428,0.16784274299987995,0.19247761776916833,0.01129894473083165,0.203775,0.05608265639589169,0.046188448455671764,0.8184271868482395,0.6315167518731829,0.09994510631708955,0.18272113522517636,1.0,VALID,mmbench,Naive Confidence (NC),43
0.08894650147025307,8.894650147025306,0.11064108096804608,11.064108096804608,0.06454834041572488,0.15999163091498744,0.04378493158501254,0.203775,0.058311991028295374,0.0135748508478221,0.8184271868482395,0.4720721271301451,0.09994510631708955,0.1598359664693674,1.0,VALID,mmbench,Temperature Scaling (TS),43
0.09767160924464424,9.767160924464424,0.09227146194150854,9.227146194150853,0.03569624573872722,0.15442352950953706,0.049353032990462925,0.203775,0.06488466017601012,0.015946934401524556,0.8184271868482395,0.45654251270336005,0.09432756790003441,0.21801573028789129,1.0,VALID,mmbench,Platt Scaling (1D),43
0.06370401409276834,6.370401409276834,0.07692416173242246,7.692416173242246,0.023124089049360984,0.1519095218020409,0.05186704069795908,0.203775,0.06019924242424242,0.008543432684379175,0.8184271868482395,0.4443263675732424,0.09254210609914149,0.21888769999219607,1.0,VALID,mmbench,Quadratic Platt (Logit-Only),43
0.04610541510870931,4.610541510870931,0.06272289724782934,6.272289724782934,0.02435660604405036,0.15202106136606355,0.05175550113393643,0.203775,0.05693062662311889,0.0040985990485412314,0.8237026131762973,0.44745609134362563,0.09017097288426514,0.22103513975952555,0.9908032700817522,VALID,mmbench,Beta Calibration,43
0.08644859735443332,8.644859735443331,0.10429715625732304,10.429715625732303,0.07127259392624151,0.16048711437986163,0.04328944812013835,0.203775,0.05692595214020897,0.014988034900863466,0.8184271868482395,0.47560253404498704,0.09871816390574792,0.19559502748419194,0.9901127501862867,VALID,mmbench,Spline Calibration,43
0.08880576197457216,8.880576197457216,0.11224915876024558,11.224915876024557,0.0648263997720462,0.15941530746438634,0.04436125503561364,0.203775,0.055701846100759136,0.010885293436265044,0.8194086615139247,0.46968274165043084,0.09949566846345287,0.16125060883414308,0.9987504687617191,VALID,mmbench,Adaptive TS (ATS),43
0.006427219833666732,0.6427219833666732,0.1720135076138586,17.20135076138586,0.010748221369684015,0.20407176930100268,-0.0002952068010027009,0.203775,0.00040816582914572874,0.0007049382446171467,0.42829100723837565,0.5982921702789138,0.38498491693402764,0.006206945991145906,-0.17070902378932248,COLLAPSED,mmbench,Probability Margin (1D),43
0.019521971781284758,1.952197178128476,0.019521971781284758,1.952197178128476,0.027997043745041784,0.2030243785475373,0.0007521839524626817,0.203775,0.004379815702385031,0.0036291942499223125,0.5453318611213348,0.5955310396281978,0.2543480600421792,0.06442985939411232,0.368543175556993,COLLAPSED,mmbench,MSSC (Multi-Scale Proxy),43
0.0012250505413834434,0.12250505413834434,0.17140429156422096,17.140429156422098,0.005000335349322772,0.20369967036182907,7.689213817091423e-05,0.203775,0.0,1.5007488289438676e-06,0.6101091890565574,0.597428669916923,0.18459907527435923,0.0009710760497229912,0.34515862896572413,COLLAPSED,mmbench,MSE-EIGEN (Multi-Scale),43
0.06532601199217036,6.532601199217036,0.05837530837450566,5.837530837450567,0.031199424560153375,0.15311958405124748,0.0506569784487525,0.203775,0.05955205959805351,0.009385952127974375,0.8224757698441909,0.4534625450817913,0.09242327829825768,0.21521941254762122,0.9987429685742145,VALID,mmbench,Residual Calibrator,43
0.07074562304300717,7.074562304300717,0.05228117804333559,5.228117804333559,0.02428210842329023,0.14891180419277397,0.05486475830722601,0.203775,0.064091917151476,0.008685824408090166,0.8305729358360938,0.4437419157964533,0.08885084455350438,0.22491343218714419,0.9674761869046727,VALID,mmbench,Trajectory LR,43
0.07450959203379298,7.450959203379298,0.07075142291885039,7.075142291885039,0.020615017167240558,0.14796998605092296,0.05580657644907702,0.203775,0.06575057997557998,0.010972842442436483,0.8359710464973624,0.4414750332003448,0.08667649025293589,0.22663164910796868,0.9748998724968125,VALID,mmbench,Trajectory LR (No Bias),43
0.062209086867634183,6.220908686763418,0.06204725420519118,6.204725420519118,0.030040555642469633,0.15253823617410237,0.051238326325897615,0.203775,0.0593977302109655,0.008960542054124025,0.8232118758434548,0.4511172773350867,0.09195826803837048,0.21867006162660663,0.9977439435985901,VALID,mmbench,VCPS-5D (Our Method),43
0.06537787764184508,6.5377877641845075,0.06521114460151903,6.521114460151903,0.02825463930320418,0.15178325176195429,0.051993310738045695,0.203775,0.06397395982108259,0.011360126844715575,0.8239479818427188,0.44882211200103084,0.09133420631271019,0.2199669158231227,0.9943808595214881,VALID,mmbench,VCPS-17D (Our Method),43
0.16907859161496158,16.90785916149616,0.16909893527626996,16.909893527626995,0.16623078348897075,0.2006714654469622,0.003105097053037742,0.203775,0.039989221801820234,0.037844703015451384,0.7859158385474176,0.7383534011521757,0.11798561476200112,0.18640333667641143,1.0,VALID,mmbench,Naive Confidence (NC),44
0.08160290247028482,8.160290247028481,0.09007015537902165,9.007015537902165,0.06522014283663584,0.168897268446197,0.03487929405380294,0.203775,0.04375247420703748,0.010182657217745611,0.7859158385474176,0.5008045175013224,0.11798561476200112,0.16523811307133113,1.0,VALID,mmbench,Temperature Scaling (TS),44
0.06716985900083904,6.716985900083904,0.07778695466056516,7.778695466056516,0.05005752555901157,0.16576265543572624,0.03801390706427371,0.203775,0.049363831726334295,0.010169954338596451,0.7859158385474176,0.49394482468743733,0.11348596038376375,0.22947098093883864,1.0,VALID,mmbench,Platt Scaling (1D),44
0.05207793501448399,5.207793501448399,0.060833623678783165,6.083362367878316,0.03576922377035839,0.1628028119452933,0.040973750554706645,0.203775,0.046269375791289626,0.004656220425570662,0.7864065758802602,0.49111815976313117,0.1126912619398574,0.22777257699735823,0.9999624990624767,VALID,mmbench,Quadratic Platt (Logit-Only),44
0.06474170989016004,6.474170989016004,0.07154093291114615,7.154093291114615,0.038059871285558045,0.16304153137250268,0.04073503112749727,0.203775,0.04938671236171237,0.009227302592097003,0.7922954238743712,0.48953362882774315,0.11129963392724447,0.2301938170221341,0.9883042076051902,VALID,mmbench,Beta Calibration,44
0.10795498797436633,10.795498797436633,0.10305378628152188,10.305378628152189,0.08660633678742359,0.1736673809856554,0.030109181514344552,0.203775,0.04857044924030218,0.018144638391706,0.7816218868850447,0.5762960651409453,0.12325533143750522,0.21105552468509986,0.9906545991986173,VALID,mmbench,Spline Calibration,44
0.08273963252513693,8.273963252513692,0.09600390053857902,9.600390053857902,0.06534271913153908,0.16796385254908386,0.035812709950916094,0.203775,0.04794492960742962,0.012115423223765074,0.7886148938780518,0.49814131486002255,0.11715933702644316,0.16705769017467675,0.9995169879246982,VALID,mmbench,Adaptive TS (ATS),44
0.014188357368809728,1.4188357368809728,0.16763141650933092,16.763141650933093,0.02663130457683395,0.20679814496634352,-0.0030215824663435698,0.203775,0.0037750000000000006,0.006798157266615036,0.4906146485093854,0.6051930943183682,0.3439200461972233,0.061885942961394436,-0.11113106995090782,COLLAPSED,mmbench,Probability Margin (1D),44
0.03898870767492919,3.8988707674929195,0.0402565867389943,4.02565867389943,0.0403944655735211,0.19685234845467992,0.006924214045320037,0.203775,0.008899004039950618,0.0017852122928739668,0.6078395288921605,0.5809540537758604,0.24377755667181183,0.05268368880405241,0.41964758153710874,VALID,mmbench,MSSC (Multi-Scale Proxy),44
0.0012775788931960186,0.12775788931960186,0.14745104416961224,14.745104416961224,0.003584806631742735,0.20366113655396098,0.00011542594603897172,0.203775,0.0,1.632207828339964e-06,0.6676481413323518,0.597333841406471,0.16932552337531936,0.0008614356045973414,0.40752418810470264,COLLAPSED,mmbench,MSE-EIGEN (Multi-Scale),44
0.06892172545821354,6.892172545821354,0.07233671704199263,7.233671704199263,0.049198847419392414,0.16466522745436923,0.03911133504563072,0.203775,0.04941740431945137,0.010042480377152777,0.7866519445466813,0.49165215345548796,0.11312334397838619,0.22901579448284912,0.9995544888622218,VALID,mmbench,Residual Calibrator,44
0.09237715041383665,9.237715041383666,0.08216012265631029,8.21601226563103,0.06153105705475589,0.163770588271785,0.04000597422821495,0.203775,0.06163899593814848,0.02112735629348613,0.7849343638817324,0.4953945485807273,0.12053673625761638,0.2415305156105048,0.9643231080777022,VALID,mmbench,Trajectory LR,44
0.05637513378876667,5.637513378876667,0.08136155982895829,8.13615598289583,0.053100728868372374,0.1649993073827089,0.03877725511729105,0.203775,0.04683402755387612,0.006003663316835339,0.7843209422156792,0.49369503135984216,0.1150229299380777,0.24079517576523513,0.994697367434186,VALID,mmbench,Trajectory LR (No Bias),44
0.06425863127714035,6.425863127714035,0.07342922597559817,7.342922597559817,0.04868949064199685,0.16388885976144127,0.039887702738558684,0.203775,0.04843261646496503,0.008940205380462744,0.7880014722119986,0.49013923121456776,0.1130568596811088,0.23116131822617392,0.9989649741243533,VALID,mmbench,VCPS-5D (Our Method),44
0.06634318618736969,6.634318618736969,0.07290226603778595,7.290226603778595,0.04310507631068128,0.1624628283220841,0.04131373417791584,0.203775,0.051096514012303494,0.009866957535357128,0.7882468408784199,0.4879290371466024,0.11411933338811428,0.2333364445036178,0.9945593639840996,VALID,mmbench,VCPS-17D (Our Method),44
0.1688417311012745,16.884173110127453,0.1626442228257656,16.26442228257656,0.1666182832824961,0.19623903279221808,0.007537529707781904,0.203775,0.044600396825396835,0.03875621978079036,0.8164642375168691,0.6717123830055179,0.10116322598172532,0.18239933315307597,1.0,VALID,mmbench,Naive Confidence (NC),45
0.09951485412644531,9.951485412644532,0.11219436775255291,11.219436775255291,0.06906217414221932,0.16174566656771816,0.04203089593228182,0.203775,0.05978692319032876,0.017053398291292956,0.8164642375168691,0.47613557671613604,0.10116322598172532,0.16081668414494343,1.0,VALID,mmbench,Temperature Scaling (TS),45
0.1005369776592854,10.05369776592854,0.09301948891233931,9.30194889123393,0.042734062948654755,0.1558349629898799,0.047941599510120086,0.203775,0.07628058173318532,0.027432314063722978,0.8164642375168691,0.4598526046583732,0.09532310113352832,0.21776570095535283,1.0,VALID,mmbench,Platt Scaling (1D),45
0.07389740844217228,7.389740844217228,0.07327986911741576,7.327986911741576,0.03633198944221713,0.15241351575098333,0.05136304674901665,0.203775,0.06766099339257234,0.017010076205539723,0.8164642375168691,0.4467068750828666,0.09373300168639762,0.21775566655753514,1.0,VALID,mmbench,Quadratic Platt (Logit-Only),45
0.06767151003651346,6.767151003651346,0.07386134058743818,7.386134058743818,0.03665387420177022,0.15330966571169577,0.05046689678830421,0.203775,0.06385943223443223,0.013579801181507324,0.817200343516133,0.45089315912369415,0.0920783776560172,0.21942422238803216,0.9921652982564301,VALID,mmbench,Beta Calibration,45
0.10860852795533699,10.860852795533699,0.10472518354867395,10.472518354867395,0.09090205547008937,0.16404907926545456,0.03972748323454542,0.203775,0.06651497493734336,0.0274314708698293,0.8141945773524721,0.4883685917022953,0.10007791611263203,0.19636704605051267,0.9889667258917318,VALID,mmbench,Spline Calibration,45
0.09985226057961592,9.985226057961592,0.12088437311977486,12.088437311977486,0.06886276567794501,0.16102140244459437,0.04275516005540561,0.203775,0.06362568888799539,0.019910882379104135,0.8191632928475034,0.4736166315838524,0.10008314912384901,0.16236899826923568,0.9994641114018971,VALID,mmbench,Adaptive TS (ATS),45
0.0013228571395418331,0.13228571395418331,0.18554765037147455,18.554765037147455,0.01465350572826559,0.2039959723322152,-0.00021940983221521715,0.203775,0.0,1.749951011636801e-06,0.472211998527788,0.598166540500522,0.3803945650659245,0.001509553891616028,0.05541967705668421,COLLAPSED,mmbench,Probability Margin (1D),45
0.0280167998052379,2.8016799805237897,0.031653149115948506,3.1653149115948507,0.0333215665845633,0.19781672969795416,0.005959832802045817,0.203775,0.007429761904761904,0.0012193003639571032,0.595080358238253,0.5832740192425804,0.26494269227552203,0.05262009941568927,0.4534136805094759,VALID,mmbench,MSSC (Multi-Scale Proxy),45
0.0012159603990585799,0.12159603990585799,0.14159814297457687,14.159814297457688,0.0030595615741234846,0.2036490669286732,0.00012749557132676892,0.203775,0.0,1.4785596920787008e-06,0.6629861366703472,0.5973043790149998,0.16965977695842302,0.0007165947022530845,0.4305694256992074,COLLAPSED,mmbench,MSE-EIGEN (Multi-Scale),45
0.10183898357227651,10.183898357227651,0.11525077390010455,11.525077390010456,0.04287057414668992,0.15520798909422168,0.048568573405778304,0.203775,0.07773257345491388,0.029281161961677942,0.8176910808489756,0.4582533125458954,0.09458334320860994,0.2155143779978044,0.9989510983841918,VALID,mmbench,Residual Calibrator,45
0.08233778066176314,8.233778066176315,0.06006431585996322,6.006431585996322,0.04056458253795611,0.1544442368091275,0.04933232569087248,0.203775,0.06586428571428571,0.015921199947393765,0.8244387191755614,0.4542442742787199,0.09288294339281004,0.2322603228786251,0.958556573373117,VALID,mmbench,Trajectory LR,45
0.08933592260010823,8.933592260010823,0.06998580092113307,6.998580092113308,0.037914716805817476,0.15380978249063473,0.04996678000936525,0.203775,0.0670152679020326,0.01718090123393419,0.8248067721751932,0.45299908925245164,0.09248031485502807,0.23209416323369672,0.9577525529710991,VALID,mmbench,Trajectory LR (No Bias),45
0.10196114394247144,10.196114394247143,0.10442492238988184,10.442492238988184,0.042323452723624984,0.15480266735306217,0.04897389514693781,0.203775,0.07502918496777099,0.025853599690975722,0.8181818181818182,0.456577376449258,0.09445512279530632,0.21974592351598282,0.9976610656496111,VALID,mmbench,VCPS-5D (Our Method),45
0.10715896283133433,10.715896283133434,0.10040492160639831,10.04049216063983,0.04148600465744644,0.1542563663238198,0.04952019617618017,0.203775,0.06813308848342986,0.01969996398885055,0.8179364495153969,0.4546352200589294,0.09424457600813091,0.2221604183056239,0.9931219504695631,VALID,mmbench,VCPS-17D (Our Method),45
0.1990316112339497,19.90316112339497,0.18775899484753608,18.77589948475361,0.17317584928728014,0.2151474803114141,-0.011370917811414138,0.203775,0.034093212090939365,0.047783830676747595,0.7264139369402528,0.7799371061441007,0.1437632606161156,0.19360480532885144,1.0,COLLAPSED,mmbench,Naive Confidence (NC),46
0.0949127898067821,9.49127898067821,0.10176453496201118,10.176453496201118,0.06820244845804871,0.18184669439654652,0.02192986810345343,0.203775,0.03974087591152809,0.018687605775298297,0.7264139369402528,0.5346962960083436,0.1437632606161156,0.16359397018053554,1.0,VALID,mmbench,Temperature Scaling (TS),46
0.1295790230394719,12.957902303947192,0.11856806160343836,11.856806160343837,0.08314266976345706,0.18736404686051217,0.016412515639487785,0.203775,0.05105932719241542,0.036131563158390036,0.7264139369402528,0.5458695302940139,0.14822232465579535,0.23731765881032124,1.0,VALID,mmbench,Platt Scaling (1D),46
0.09618328521526888,9.618328521526887,0.10902599488810086,10.902599488810086,0.07535133322650986,0.18182024129526242,0.021956321204737533,0.203775,0.039208883368093896,0.015846201044736767,0.7264139369402528,0.5346908050410878,0.1484677729036898,0.2305132515290738,1.0,VALID,mmbench,Quadratic Platt (Logit-Only),46
0.10425743470621449,10.425743470621448,0.12486749600530624,12.486749600530624,0.07998724805467174,0.18287173606539608,0.020904826434603868,0.203775,0.04012975146795902,0.01834160071984152,0.7212611949454055,0.5365775054476672,0.1495365298048355,0.233579493536226,0.9915307882697069,VALID,mmbench,Beta Calibration,46
0.11511122547409283,11.511122547409283,0.12016916252565503,12.016916252565503,0.10031446331790121,0.18914498511126798,0.01463157738873197,0.203775,0.03327885864399815,0.018309015079867763,0.7265366212734634,0.5919403095157959,0.1544586366595031,0.2130603753466548,0.9956855852851435,VALID,mmbench,Spline Calibration,46
0.09203000246549585,9.203000246549585,0.11803920175196812,11.803920175196811,0.06739694073588776,0.18145052817342502,0.02232603432657493,0.203775,0.03873923592168273,0.016331501655797474,0.7235921972764079,0.5343351423077389,0.14485981707568962,0.1649835040101414,0.995874896872422,VALID,mmbench,Adaptive TS (ATS),46
0.01077857635889112,1.0778576358891119,0.1199017175949004,11.990171759490039,0.014266546087754906,0.20512591331065275,-0.001349350810652794,0.203775,0.0008204545454545453,0.0021713701912682445,0.4633787265366212,0.6005292459512356,0.31813276894514037,0.017942995244342633,-0.21361166070924917,COLLAPSED,mmbench,Probability Margin (1D),46
0.005666015693382774,0.5666015693382774,0.005666015693382774,0.5666015693382774,0.01824944025457838,0.20033412008974696,0.0034424424102529882,0.203775,0.003510070257611236,6.919034735822395e-05,0.5714022819285978,0.5892636275880886,0.2342566541030094,0.06260527163077981,0.3658463755803574,VALID,mmbench,MSSC (Multi-Scale Proxy),46
0.001059412313181629,0.10594123131816291,0.12782185989507183,12.782185989507184,0.005777927203418583,0.2037211754580177,5.538704198224109e-05,0.203775,0.0,1.1223544493208502e-06,0.5790700527542633,0.5974817890694472,0.19994208550508275,0.0013041137878554738,0.33024825620640524,COLLAPSED,mmbench,MSE-EIGEN (Multi-Scale),46
0.1243853517179998,12.43853517179998,0.12718938199682528,12.718938199682528,0.08184084759314887,0.18628468144020768,0.01749188105979227,0.203775,0.045671538102420445,0.029880515397606257,0.7276407802723592,0.543939793273251,0.1481704782778006,0.2360049429106137,0.9987804695117379,VALID,mmbench,Residual Calibrator,46
0.13213486736031702,13.213486736031701,0.11384219685362823,11.384219685362822,0.07449005543048726,0.18744133700270826,0.01633522549729169,0.203775,0.04406969941822884,0.029338617523992562,0.7243283032756718,0.5563478337135987,0.16116705645593116,0.2430266837948672,0.9444371109277734,VALID,mmbench,Trajectory LR,46
0.12697132473492082,12.697132473492081,0.1139118507788886,11.39118507788886,0.08543964420500355,0.19012342177548533,0.013653140724514623,0.203775,0.040689582662605736,0.026770007120564293,0.7185621396147712,0.5572245369894497,0.16014996840456447,0.24485565280094046,0.9784534613365334,VALID,mmbench,Trajectory LR (No Bias),46
0.11850264766161185,11.850264766161185,0.1390718253708979,13.90718253708979,0.08289562124014303,0.18635771308490767,0.01741884941509228,0.203775,0.04323711541608692,0.02516660734771652,0.7219973009446694,0.545890565129513,0.15172881567278265,0.2375285485410173,0.9938903472586816,VALID,mmbench,VCPS-5D (Our Method),46
0.12077581851143172,12.077581851143172,0.12170666232134165,12.170666232134165,0.07763267904505819,0.18508287904590734,0.018693683454092613,0.203775,0.040856263181263175,0.023891129472753805,0.724205618942461,0.5454702165521127,0.15622135573293894,0.23760819392631688,0.9848046201155031,VALID,mmbench,VCPS-17D (Our Method),46
0.1558362963795662,15.58362963795662,0.1506901752948761,15.06901752948761,0.16021367330546377,0.1822394022264028,0.0215371602735972,0.203775,0.0573367789488677,0.03618690640974584,0.8344988344988346,0.5945560241357534,0.09482916660126864,0.18906669057052933,1.0,VALID,mmbench,Naive Confidence (NC),47
0.08438030095712123,8.438030095712124,0.09732826991271362,9.732826991271363,0.06992978037045518,0.15434114206318766,0.049435420436812344,0.203775,0.06009148195510089,0.01147008004304889,0.8344988344988346,0.46178801951668125,0.09482916660126864,0.15872549905471436,1.0,VALID,mmbench,Temperature Scaling (TS),47
0.06295955299105584,6.295955299105584,0.0638729781489496,6.38729781489496,0.037651947280530146,0.1469671535614825,0.05680940893851752,0.203775,0.06117654083760221,0.005881794052894621,0.8344988344988346,0.4436202057076221,0.08617293770155413,0.21504177430890775,1.0,VALID,mmbench,Platt Scaling (1D),47
0.053531776827807055,5.353177682780705,0.06611321439821458,6.611321439821458,0.035642581444943575,0.1472777900712925,0.05649877242870752,0.203775,0.059255472958414136,0.0035634941964475227,0.8348668874984665,0.43943415151396137,0.08525646830440636,0.21263204209336037,0.9993729843246083,VALID,mmbench,Quadratic Platt (Logit-Only),47
0.060432242867958993,6.043224286795899,0.06796670216867233,6.796670216867233,0.033436096652028326,0.1464799012451367,0.057296661254863296,0.203775,0.06250978912482671,0.005548158816013479,0.8356029934977303,0.43933062584237687,0.08558697341010746,0.214889512798608,0.977460436510913,VALID,mmbench,Beta Calibration,47
0.07150741294666582,7.150741294666582,0.08465944052914297,8.465944052914297,0.06514194648131917,0.15227828424949597,0.05149827825050404,0.203775,0.05948621933621934,0.00872968761758091,0.8344988344988346,0.4567349419374321,0.09369174554382556,0.1968196666684467,0.9956855852851435,VALID,mmbench,Spline Calibration,47
0.0993769551203882,9.93769551203882,0.10169971808826256,10.169971808826256,0.07227348930689739,0.15343101572814288,0.050345546771857125,0.203775,0.06572243677375256,0.016169438029833963,0.8370752054962581,0.458924672987922,0.09405686329508789,0.160143503603465,0.9985614640366012,VALID,mmbench,Adaptive TS (ATS),47
0.004311403968394498,0.4311403968394498,0.21166997324800502,21.1669973248005,0.010803642318003029,0.20287060305077909,0.0009059594492209222,0.203775,0.002568969849246231,0.0016645764246649476,0.4128327812538339,0.5956085422163061,0.3827700050151233,0.009911735209054874,-0.1519402985074627,COLLAPSED,mmbench,Probability Margin (1D),47
0.037574030251153995,3.7574030251153996,0.03757403025115396,3.757403025115396,0.037493025242207365,0.19660157300637274,0.007174989493627271,0.203775,0.00808248213535099,0.001433481754676251,0.614341798552325,0.5804770556135898,0.22123360987059887,0.0525042077295774,0.3773553304106988,VALID,mmbench,MSSC (Multi-Scale Proxy),47
0.0011883381694952622,0.11883381694952622,0.1477661260144168,14.77661260144168,0.006417274514931836,0.20373167154404823,4.489095595178183e-05,0.203775,0.0,1.4121476050793505e-06,0.6248313090418354,0.5975065978490542,0.17760407022268157,0.0012012653116587305,0.36501762544063604,COLLAPSED,mmbench,MSE-EIGEN (Multi-Scale),47
0.058008002468834224,5.800800246883423,0.06552151915903588,6.552151915903588,0.041510367012820355,0.146497120564927,0.057279441935073006,0.203775,0.06286787692983345,0.005177979677649694,0.8360937308305729,0.4424187299879449,0.08552624836990344,0.21158421309407638,0.9987114677866948,VALID,mmbench,Residual Calibrator,47
0.07218802355958423,7.218802355958423,0.05521503704255253,5.521503704255253,0.04037349619999007,0.14579707827947785,0.057979484220522154,0.203775,0.0670595072239422,0.008838948393508949,0.8336400441663601,0.4387420641029713,0.08647527999866735,0.22407909330032105,0.9547873696842424,VALID,mmbench,Trajectory LR,47
0.09244881144950892,9.244881144950892,0.07960795137847212,7.960795137847213,0.04075002638383969,0.1451078938662085,0.0586686686337915,0.203775,0.07079410275604495,0.014528592298903535,0.8386701018279965,0.43716808972820653,0.08397016854906825,0.22745599717466927,0.967830195754894,VALID,mmbench,Trajectory LR (No Bias),47
0.05428963254857408,5.428963254857408,0.0704503273059142,7.04503273059142,0.04187851456831545,0.1456444628335367,0.05813209966646332,0.203775,0.06273215097633256,0.004330599339857876,0.8371978898294687,0.4395802128776414,0.08517075468208528,0.21633610344878257,0.9971454286357161,VALID,mmbench,VCPS-5D (Our Method),47
0.06406082530926804,6.406082530926804,0.0887293742406597,8.87293742406597,0.04425230886560143,0.14498663055212435,0.05878993194787566,0.203775,0.06823259795759797,0.007385295993696428,0.8394062078272605,0.43773261469411634,0.08430606381071531,0.21721469759246004,0.9929618240456014,VALID,mmbench,VCPS-17D (Our Method),47
0.18417570590972898,18.417570590972897,0.17514081776142124,17.514081776142124,0.18054132832824196,0.20051250083502886,0.0032640616649710907,0.203775,0.04954329481792717,0.04723149183664166,0.8225984541774016,0.6945029216377757,0.09951442977197508,0.17120313455822397,1.0,VALID,mmbench,Naive Confidence (NC),48
0.10407106124161604,10.407106124161604,0.10082961803663852,10.082961803663853,0.07466471265821441,0.1628235251525338,0.040953037347466165,0.203775,0.05750797827903091,0.015380115529054248,0.8225984541774016,0.47897793846867726,0.09951442977197508,0.15479902759365627,1.0,VALID,mmbench,Temperature Scaling (TS),48
0.0890339669700603,8.90339669700603,0.07441581155335168,7.441581155335168,0.04116233899989693,0.15571703313880472,0.04805952936119523,0.203775,0.06565992063492064,0.017221796283827376,0.8225984541774016,0.4602684468492808,0.09410693913199573,0.20703523128025617,1.0,VALID,mmbench,Platt Scaling (1D),48
0.05932386119513844,5.932386119513843,0.07202857601156562,7.202857601156562,0.035039035659940376,0.15266662867766229,0.051109933822337666,0.203775,0.06071557934402763,0.008542164287383991,0.8225984541774016,0.4475936510428947,0.09338199782875896,0.21211287768371007,1.0,VALID,mmbench,Quadratic Platt (Logit-Only),48
0.07255653378776364,7.255653378776364,0.06318391410959387,6.318391410959387,0.03549793366787407,0.1539837704841321,0.049792792015867865,0.203775,0.061599845405490586,0.01238447587036449,0.8207581891792419,0.4528504561233854,0.09366956969267021,0.21345662785709252,0.9938873471836798,VALID,mmbench,Beta Calibration,48
0.11013089116178122,11.013089116178122,0.10720303289321535,10.720303289321535,0.10143697634753603,0.16720045181066895,0.036576110689331004,0.203775,0.06372685078079814,0.026711721932009144,0.8208195313458472,0.5016684420821268,0.10143332802661262,0.18551564967750794,0.9864110832561794,VALID,mmbench,Spline Calibration,48
0.09078786685967488,9.078786685967488,0.09933277350718463,9.933277350718463,0.07400118631482726,0.16206916447359754,0.041707398026402415,0.203775,0.05850534759358289,0.01743866643509487,0.8246840878419825,0.47676604686449214,0.09893683068748574,0.15673737549453842,0.9993699842496063,VALID,mmbench,Adaptive TS (ATS),48
0.00310202561051387,0.310202561051387,0.1819138615877841,18.19138615877841,0.00310202561051387,0.2037846142757742,-8.051775774259307e-06,0.203775,0.0,9.622562888283948e-06,0.5464360201202306,0.5976375389707609,0.33121301224900146,5.8467744827412675e-08,1.0,COLLAPSED,mmbench,Probability Margin (1D),48
0.026627664574220538,2.662766457422054,0.028473510653227355,2.8473510653227354,0.03050410785600395,0.19795794920386392,0.005818613296136033,0.203775,0.006918382352941179,0.0009861067479650998,0.5943442522389891,0.5836140028853248,0.23443509125531642,0.052576160958070745,0.34066440067549286,VALID,mmbench,MSSC (Multi-Scale Proxy),48
0.0013271295732459887,0.13271295732459887,0.115171724646519,11.5171724646519,0.0054281819440652945,0.20371082483815742,6.573766184253538e-05,0.203775,0.0,1.76127290418408e-06,0.6082689240583977,0.5974561628069794,0.18840988778863188,0.001060098636264774,0.3634155853896348,COLLAPSED,mmbench,MSE-EIGEN (Multi-Scale),48
0.09257133999384161,9.25713399938416,0.0737862505848094,7.3786250584809405,0.04118600155585728,0.15490413273651052,0.04887242976348943,0.203775,0.06735260776375326,0.017386948705434606,0.8230891915102441,0.45855596539712506,0.09400737466544863,0.207370665652296,0.9995529888247207,VALID,mmbench,Residual Calibrator,48
0.05908745471121424,5.908745471121424,0.07453873731817329,7.453873731817328,0.030613855688502393,0.15127267371005576,0.05250388878994419,0.203775,0.059357770813243324,0.007628738115780118,0.8237026131762974,0.45247359384806307,0.0930683177919807,0.226299276459767,0.9752748818720469,VALID,mmbench,Trajectory LR,48
0.04335737128314189,4.3357371283141894,0.07465734134215789,7.465734134215789,0.03088391529810251,0.15109029910262697,0.05268626339737298,0.203775,0.05643331373437448,0.004600761758409557,0.8260336155072998,0.4513176515601119,0.09175518653159673,0.22924772341506888,0.9794419860496513,VALID,mmbench,Trajectory LR (No Bias),48
0.07888139026936178,7.8881390269361775,0.0734103963781192,7.341039637811921,0.04061618620351907,0.15421324974508147,0.04956331275491849,0.203775,0.06488338186694691,0.013921267218932627,0.8252975095080358,0.4566579974208648,0.09302998021686654,0.2105502891738928,0.9989199729993251,VALID,mmbench,VCPS-5D (Our Method),48
0.07316199158237884,7.316199158237883,0.0690763696204938,6.907636962049379,0.03891791554594597,0.15262817369136988,0.05114838880863007,0.203775,0.06243932463970664,0.011021070414958995,0.8273831431726169,0.45338158959146907,0.09180556041366868,0.21422960895283044,0.9965319132978326,VALID,mmbench,VCPS-17D (Our Method),48
0.17399871736764908,17.399871736764908,0.17193095535039898,17.193095535039898,0.16044375580922018,0.18965732376399244,0.014119238736007539,0.203775,0.04914408254115295,0.03770934530475175,0.8208808735124524,0.6570835200359925,0.1046166760830887,0.18614792313927214,1.0,VALID,mmbench,Naive Confidence (NC),49
0.08377951961326058,8.377951961326058,0.12333550538363447,12.333550538363447,0.06361579640791207,0.15957452378322862,0.044202038716771364,0.203775,0.05481359192203385,0.01131994129579724,0.8208808735124524,0.47774334202717994,0.1046166760830887,0.1537861811035735,1.0,VALID,mmbench,Temperature Scaling (TS),49
0.08223944584297699,8.2239445842977,0.10714306866507438,10.714306866507437,0.022061792089447058,0.1524796162486579,0.05129694625134207,0.203775,0.06182298427379072,0.011671760694995037,0.8208808735124524,0.4606084376775171,0.09818502507465793,0.20734441830446407,1.0,VALID,mmbench,Platt Scaling (1D),49
0.05176398538009164,5.176398538009163,0.10870317476423323,10.870317476423324,0.0257265455894021,0.1541885674013245,0.04958799509867548,0.203775,0.05269133996633997,0.0042326551767916405,0.8140105508526562,0.4647837718879906,0.099603080642102,0.2050941481979567,0.9952673816845422,VALID,mmbench,Quadratic Platt (Logit-Only),49
0.06296223313380488,6.296223313380487,0.09696067310708978,9.696067310708978,0.030593221844849278,0.15533107756883152,0.04844548493116846,0.203775,0.05664037007605985,0.01013369303072359,0.8048092258618573,0.4651020982641205,0.1030963443998226,0.20488628071655715,0.976593414835371,VALID,mmbench,Beta Calibration,49
0.08244051443463041,8.244051443463041,0.11526830832963673,11.526830832963674,0.07822376100509414,0.15965534027216863,0.04412122222783135,0.203775,0.054142484124063084,0.011329858983354908,0.8195313458471354,0.47916126783097085,0.10976291842577936,0.18807041011959372,0.9939006217731977,VALID,mmbench,Spline Calibration,49
0.08351813562077721,8.351813562077721,0.12317734478609653,12.317734478609653,0.06297227068766455,0.15852177607132717,0.04525478642867281,0.203775,0.05753412629037628,0.012841874594173151,0.821371610845295,0.47505997202619754,0.10482972997255283,0.15537575505028828,0.9985299632490814,VALID,mmbench,Adaptive TS (ATS),49
0.014196915279280301,1.4196915279280302,0.150105687553151,15.010568755315102,0.021699093587155556,0.2086388793804684,-0.004862316880468426,0.203775,0.0008204545454545453,0.005684352353297981,0.5330634278002699,0.6094439811900627,0.33761410683214077,0.04756583726979637,-0.06165004125103128,COLLAPSED,mmbench,Probability Margin (1D),49
0.06488117094156448,6.488117094156448,0.06488117094156444,6.488117094156444,0.06446251180100322,0.19491166574421023,0.008864896755789747,0.203775,0.012903919860627187,0.004352757729518168,0.6403508771929824,0.5763726668015808,0.2395784255564156,0.04811168644428108,0.38695312877817956,VALID,mmbench,MSSC (Multi-Scale Proxy),49
0.0012520209265117765,0.12520209265117765,0.18078350523874356,18.078350523874356,0.006164094811989901,0.20372624747273074,5.0315027269237644e-05,0.203775,0.0,1.5675564004234073e-06,0.6402895350263771,0.5974934451534647,0.1636588635298485,0.0011955645263833697,0.42251706292657326,COLLAPSED,mmbench,MSE-EIGEN (Multi-Scale),49
0.0714761650256693,7.14761650256693,0.11696900104755595,11.696900104755596,0.021011090816628258,0.15156128278759332,0.052215279712406665,0.203775,0.05889428104575163,0.008684718836602864,0.821739663844927,0.45904324181402417,0.09903854526815738,0.20604883345157354,0.9992154803870098,VALID,mmbench,Residual Calibrator,49
0.0785342325870218,7.85342325870218,0.08933143041949644,8.933143041949645,0.019309007128162255,0.15287274129776393,0.05090382120223605,0.203775,0.0626573720562851,0.012463974124491791,0.8082443871917556,0.4673431176766785,0.11359410691120034,0.2209532363520802,0.9492612315307885,VALID,mmbench,Trajectory LR,49
0.05514102369675531,5.514102369675531,0.07049679432395704,7.049679432395704,0.02253707659828629,0.15012921859280934,0.05364734390719064,0.203775,0.0570737831154976,0.00451041657501602,0.8200220831799779,0.45691984696206345,0.10270420775473776,0.21681881625667984,0.9911197779944501,VALID,mmbench,Trajectory LR (No Bias),49
0.0600605603735517,6.006056037355171,0.10622305262213573,10.622305262213573,0.02004805687048185,0.15062666932133503,0.05314989317866495,0.203775,0.05963196029117081,0.005555873365207021,0.8222304011777696,0.45721123537945985,0.1001297612943083,0.20895174646881112,0.9970104252606317,VALID,mmbench,VCPS-5D (Our Method),49
0.06059342531555075,6.0593425315550755,0.10509469919769017,10.509469919769018,0.020781040886982613,0.15026299788390035,0.05351356461609963,0.203775,0.0591399347728295,0.006392838923926467,0.8205128205128206,0.4579731612024767,0.10289767449827769,0.21219214971140007,0.9902737568439212,VALID,mmbench,VCPS-17D (Our Method),49
0.15842390909790996,15.842390909790996,0.14774463489651685,14.774463489651685,0.1397000718313612,0.19827744472571504,0.005499117774284912,0.203775,0.03710589826839826,0.032567976454169284,0.7762237762237763,0.6966596257426408,0.11664290943281637,0.2022487007566379,1.0,VALID,mmbench,Naive Confidence (NC),50
0.06265031791342797,6.265031791342797,0.07643352254309484,7.643352254309484,0.04426642198549694,0.16936347230989593,0.03441309019010402,0.203775,0.041468947963800906,0.006428196103862225,0.7762237762237763,0.5005171197988563,0.11664290943281637,0.16574435684976618,1.0,VALID,mmbench,Temperature Scaling (TS),50
0.09354622215935252,9.354622215935251,0.07022604343913627,7.022604343913627,0.049145837563319146,0.1697023832263539,0.03407417927364606,0.203775,0.05141860233262672,0.017362380086454663,0.7762237762237763,0.4987607116938455,0.1163392121397819,0.23455182230666807,1.0,VALID,mmbench,Platt Scaling (1D),50
0.060938021927264475,6.093802192726447,0.05179843873507747,5.179843873507747,0.04110765532432157,0.16662985480054665,0.0371467076994533,0.203775,0.04431222448575389,0.006028581543570142,0.7762237762237763,0.48687981259214597,0.11600165078407733,0.22442886314592841,1.0,VALID,mmbench,Quadratic Platt (Logit-Only),50
0.06907560394637212,6.907560394637212,0.05021484999271233,5.021484999271233,0.043460043528043724,0.16687131800742847,0.03690524449257149,0.203775,0.044350440641230116,0.007711546440441157,0.7753649858913018,0.4902348651849455,0.11643934628535363,0.22614555389224358,0.9805265131628293,VALID,mmbench,Beta Calibration,50
0.08278096200431002,8.278096200431003,0.09193473364863584,9.193473364863584,0.0686222556367449,0.1737133453475571,0.03006321715244284,0.203775,0.03895757087317686,0.010460597449783504,0.7762237762237763,0.5366879640231034,0.1155418717538321,0.20967903651913372,0.9962880179673791,VALID,mmbench,Spline Calibration,50
0.07021989158221907,7.021989158221907,0.09349427993166853,9.349427993166854,0.04512677522859107,0.16892714633289777,0.03484941616710219,0.203775,0.04401625022939473,0.008589665476122018,0.7763464605569869,0.49926089384049877,0.11683425696896507,0.1675107804843866,0.9990144753618841,VALID,mmbench,Adaptive TS (ATS),50
0.004311410671829087,0.4311410671829087,0.167728877964195,16.7728877964195,0.010803543626994611,0.20287060292440146,0.0009059595755984973,0.203775,0.002568969849246231,0.001664579028354138,0.4987118145012882,0.595608540824763,0.32405859031843726,0.009911703201332304,-0.07480548234536631,COLLAPSED,mmbench,Probability Margin (1D),50
0.014695147564125974,1.4695147564125974,0.014695147564125974,1.4695147564125974,0.02388541750864928,0.20077798230960256,0.002998580190397393,0.203775,0.004146212121212119,0.0011491944308146913,0.565022696601644,0.5902666752199152,0.22705059079214107,0.06147207584087987,0.4475453510478693,VALID,mmbench,MSSC (Multi-Scale Proxy),50
0.0012728431803264995,0.12728431803264995,0.16051234359531893,16.051234359531893,0.0048176767629291095,0.2036953337238562,8.122877614374913e-05,0.203775,0.0,1.6201297617036775e-06,0.5933014354066987,0.5974180808039615,0.19746733917930526,0.0009754001886247044,0.443987099677492,COLLAPSED,mmbench,MSE-EIGEN (Multi-Scale),50
0.08827362405659135,8.827362405659136,0.09533996424278737,9.533996424278737,0.04842902189021432,0.16820466410010163,0.03557189839989833,0.203775,0.04817758863943075,0.012350390393242618,0.7792908845540424,0.4954967765317022,0.11429916282590279,0.23290458723124557,0.9992994824870622,VALID,mmbench,Residual Calibrator,50
0.08677251543023574,8.677251543023575,0.07177887349617193,7.177887349617193,0.04630797520096481,0.164018798915208,0.039757763584791966,0.203775,0.05302823083778966,0.01402559458426029,0.7952398478714269,0.48616825519577744,0.10775722612399563,0.24144452803456007,0.9539578489462238,VALID,mmbench,Trajectory LR,50
0.08785382612602337,8.785382612602337,0.07061862989654118,7.061862989654117,0.048521200477222505,0.16460092387219238,0.03917563862780757,0.203775,0.05229992360580596,0.01499764320314746,0.7942583732057417,0.4873373525694552,0.10831304470818567,0.24284424891730905,0.9591899797494938,VALID,mmbench,Trajectory LR (No Bias),50
0.10315615720940662,10.315615720940661,0.09445770229845216,9.445770229845216,0.052131037121723636,0.16792693090504562,0.03584963159495433,0.203775,0.05135387716835085,0.015869685519776838,0.7792908845540426,0.49482581305865764,0.11411317892351161,0.23536398256221636,0.9984459611490288,VALID,mmbench,VCPS-5D (Our Method),50
0.10730901994209249,10.73090199420925,0.0971995991748267,9.71995991748267,0.0528877485560129,0.16656358550222908,0.037212976997770875,0.203775,0.05728939740655987,0.019908975835699352,0.7788001472212,0.49228295934891053,0.11328651832108805,0.23558560352577693,0.9935543388584717,VALID,mmbench,VCPS-17D (Our Method),50
0.18054826140403746,18.054826140403748,0.17145754694938659,17.14575469493866,0.18303409562780212,0.18781370614825246,0.015962856351747517,0.203775,0.06376288406715236,0.04919667701510078,0.8333946754999386,0.6228233634939179,0.09739158505810916,0.18378952666175308,1.0,VALID,mmbench,Naive Confidence (NC),51
0.09423633953992001,9.423633953992,0.11006728219867792,11.006728219867792,0.07498753107274679,0.15563526130658975,0.04814130119341023,0.203775,0.06269006238859182,0.015451983496662127,0.8333946754999386,0.4640463578664722,0.09739158505810916,0.15917368600498247,1.0,VALID,mmbench,Temperature Scaling (TS),51
0.08788260371476857,8.788260371476857,0.09514492693408039,9.51449269340804,0.04852540788430302,0.14748329738155477,0.05629326511844521,0.203775,0.07144729684426962,0.01509354469447314,0.8333946754999386,0.4450718498302234,0.08888783380667471,0.21401394477821,1.0,VALID,mmbench,Platt Scaling (1D),51
0.07995874507915895,7.995874507915896,0.08270166680648794,8.270166680648794,0.03803524559384834,0.14656752458225547,0.05720903791774451,0.203775,0.06761360583860583,0.010745463680489805,0.8352349404980984,0.4403100365545498,0.08425019236269136,0.2160169240395016,0.9994059851496289,VALID,mmbench,Quadratic Platt (Logit-Only),51
0.05652362095854172,5.652362095854172,0.09105126435265354,9.105126435265355,0.03659020945014479,0.1446118553187004,0.05916470718129957,0.203775,0.06607487565625864,0.006334234381578105,0.8432094221567905,0.4370369186986916,0.08174075648776086,0.21568001249084373,0.9879066976674418,VALID,mmbench,Beta Calibration,51
0.09048934150135951,9.04893415013595,0.08815995582132344,8.815995582132343,0.07411697906278504,0.15255419519985133,0.05122236730014865,0.203775,0.06701447689737162,0.015182723038095357,0.8289780395043553,0.4632541554794416,0.10808740032758427,0.19446454637315252,0.9857151164800464,VALID,mmbench,Spline Calibration,51
0.10064383830511706,10.064383830511705,0.11156923521596068,11.156923521596068,0.07679698361353486,0.15486781681043227,0.04890874568956771,0.203775,0.06508244554430412,0.01646802918396984,0.8359710464973622,0.4616706785811608,0.09648196672160107,0.16052921741380705,0.9993864846621167,VALID,mmbench,Adaptive TS (ATS),51
0.0013228551626887075,0.13228551626887075,0.19501972533087925,19.501972533087926,0.014653383820683383,0.20399596760341432,-0.0002194051034143385,0.203775,0.0,1.7499457814521669e-06,0.5004293951662373,0.5981665284833201,0.3757280519207116,0.0015095229367862613,0.025002625065626647,COLLAPSED,mmbench,Probability Margin (1D),51
0.004379181081409762,0.4379181081409762,0.004379181081409762,0.4379181081409762,0.015752806549776878,0.19982322468815183,0.0039533378118481455,0.203775,0.0040789329091960695,0.000127157597347867,0.5734879155931787,0.5881506624541781,0.25758687942076497,0.05670517270653517,0.26414665418216354,VALID,mmbench,MSSC (Multi-Scale Proxy),51
0.0011371588979296465,0.11371588979296465,0.1450194477796262,14.501944777962619,0.004513495120533093,0.2036864015359159,9.016096408406837e-05,0.203775,0.0,1.2931303591405682e-06,0.6332965280333701,0.5973960640822026,0.1756934905197413,0.0010296359290647246,0.35863196579914497,COLLAPSED,mmbench,MSE-EIGEN (Multi-Scale),51
0.08432883890375122,8.432883890375122,0.10980774756397041,10.980774756397041,0.050575969604814176,0.14623533048395793,0.057541232016042054,0.203775,0.07056175144300143,0.012863294806196662,0.836461783830205,0.44240493403756487,0.0870854160961488,0.2125307895943235,0.9994734868371711,VALID,mmbench,Residual Calibrator,51
0.10393984277809484,10.393984277809484,0.07160286843807576,7.160286843807576,0.05979172043949508,0.13833020842749963,0.06544635407250035,0.203775,0.08470601758596313,0.02022009421757191,0.8533922218132745,0.42677389968720236,0.08128903475923818,0.221660630434618,0.9717497937448436,VALID,mmbench,Trajectory LR,51
0.07584002565338328,7.584002565338328,0.08989459758957641,8.98945975895764,0.0576665871126712,0.13892111662416762,0.06485544587583236,0.203775,0.07932530624690069,0.014971826393431231,0.8536375904796957,0.42729712193025315,0.07963058464550295,0.22241449774003627,0.9764449111227782,VALID,mmbench,Trajectory LR (No Bias),51
0.08764727053345504,8.764727053345505,0.08839711264873809,8.83971126487381,0.05157718460771742,0.14540619877989325,0.05837036372010673,0.203775,0.07154073467382292,0.014056122225111873,0.8376886271623114,0.4400801579593417,0.08626648246078328,0.21525031034926523,0.998973974349359,VALID,mmbench,VCPS-5D (Our Method),51
0.06850248845055346,6.850248845055345,0.07231551246947013,7.231551246947013,0.051820951487850264,0.14380156743462796,0.059974995065372017,0.203775,0.06845860725269715,0.00848972781355562,0.8400196294933139,0.436449994555168,0.08498417224974998,0.21622387531790802,0.995801395034876,VALID,mmbench,VCPS-17D (Our Method),51
0.5224052442800861,52.240524428008605,0.5224052442800861,52.240524428008605,0.4987606778480065,0.3669483455024958,-0.3554533642927573,0.01149269875608437,0.0006676710705915683,0.35542834614371444,0.31470588235294117,1.2025725153537223,0.6519315155091008,0.279870432457902,0.9999999999999999,COLLAPSED,mmmu,Naive Confidence (NC),42
0.4931810870233828,49.31810870233828,0.4931810870233827,49.31810870233827,0.4931810870516307,0.25556138201678297,-0.2440664008070445,0.01149269875608437,1.5803558258939545e-05,0.2436638786745208,0.31470588235294117,0.7043472002933249,0.6519315155091008,0.023187985600820808,0.9999999999999999,COLLAPSED,mmmu,Temperature Scaling (TS),42
0.0015583689721625962,0.15583689721625962,0.021519236259336202,2.15192362593362,0.007865229255189867,0.011516184766006736,-2.1203556268264978e-05,0.01149269875608437,0.0,2.4285138533991066e-06,0.31470588235294117,0.06420661177016279,0.014616898068345045,0.0014845802978442773,0.9999999999999999,COLLAPSED,mmmu,Platt Scaling (1D),42
0.0011709187979465872,0.11709187979465872,0.021451067315664554,2.1451067315664556,0.009779521798320567,0.01157008441659646,-7.510320685798905e-05,0.01149269875608437,0.0,1.3710508313846808e-06,0.4323529411764706,0.06590589119111187,0.01083421899919068,0.006835212338864929,0.4604891715779568,COLLAPSED,mmmu,Quadratic Platt (Logit-Only),42
0.001166510245204904,0.1166510245204904,0.02150050004412877,2.150050004412877,0.009926803908334324,0.011582963287194823,-8.798207745635243e-05,0.01149269875608437,0.0,1.3607461521680055e-06,0.43529411764705883,0.06687483753448856,0.011033301870254121,0.007443606627746693,0.47588692122832954,COLLAPSED,mmmu,Beta Calibration,42
0.0029241763158906614,0.29241763158906614,0.02272003555007665,2.272003555007665,0.008955678370169601,0.011542157044549955,-4.7175834811483824e-05,0.01149269875608437,0.0,8.550807126415881e-06,0.31470588235294117,0.06513121248735204,0.014616898068345045,0.003776439993162137,0.9306381965099367,COLLAPSED,mmmu,Spline Calibration,42
0.4931608928676876,49.31608928676876,0.49316089286768766,49.316089286768765,0.4931608928978356,0.2555356551034455,-0.24404067389370704,0.01149269875608437,1.5803558258939545e-05,0.24364098466335823,0.31470588235294117,0.7042947347404594,0.6519315155091008,0.02309023841693627,0.9999999999999999,COLLAPSED,mmmu,Adaptive TS (ATS),42
0.001087498054347269,0.1087498054347269,0.020855944097479574,2.0855944097479573,0.006719477390488755,0.011481422555393528,1.3558654344943133e-05,0.01149269875608437,0.0,1.1826520182090955e-06,0.5558823529411765,0.0625643155818122,0.00802582407126376,0.003084217641720811,-0.1262842348897428,COLLAPSED,mmmu,Probability Margin (1D),42
0.0012979548130709218,0.12979548130709218,0.006441742208066616,0.6441742208066616,0.006061982790344548,0.011469060609977893,2.5920599760578464e-05,0.01149269875608437,0.0,1.6846866967739717e-06,0.6823529411764705,0.062372802645836604,0.0042606770344825245,0.002723968679560492,0.4234018327550118,COLLAPSED,mmmu,MSSC (Multi-Scale Proxy),42
0.0015476483904616253,0.15476483904616253,0.021126387089011565,2.1126387089011565,0.0070739759638282305,0.011495078584711547,-9.737497307614473e-08,0.01149269875608437,0.0,2.3952155404984594e-06,0.6294117647058823,0.06345007667263793,0.0055658138256977,1.6237479400618178e-06,0.164208073618648,COLLAPSED,mmmu,MSE-EIGEN (Multi-Scale),42
0.0015480632561696937,0.15480632561696936,0.02146514887168853,2.146514887168853,0.007806986595257285,0.011514530531977879,-1.9549322239407682e-05,0.01149269875608437,0.0,2.3964998451027146e-06,0.3647058823529412,0.06412777212693567,0.012907340859928935,0.0016111400433144335,0.9928093523228692,COLLAPSED,mmmu,Residual Calibrator,42
0.0008468855086664149,0.08468855086664148,0.017905529433706775,1.7905529433706775,0.004423323313346387,0.011395372145434278,9.960906430419268e-05,0.01149269875608437,0.0,7.172150647891723e-07,0.7852941176470589,0.059021517284476306,0.003176948265525061,0.0078031444864648854,0.3429247941739009,COLLAPSED,mmmu,Trajectory LR,42
0.002367586153632301,0.2367586153632301,0.019279893241118624,1.9279893241118624,0.00425596280058475,0.011351554509047568,0.00014342670069090319,0.01149269875608437,0.0,5.605464194871393e-06,0.8411764705882352,0.05700575617976886,0.0021173285387650394,0.01041567473172363,0.2686788216676926,COLLAPSED,mmmu,Trajectory LR (No Bias),42
0.001522355041963597,0.1522355041963597,0.02150205097364511,2.1502050973645113,0.008534477180427146,0.011535564375310208,-4.058316557173716e-05,0.01149269875608437,0.0,2.3175648737919855e-06,0.3323529411764706,0.06478705825327309,0.014070355707305044,0.0028873064081086242,0.997144022847817,COLLAPSED,mmmu,VCPS-5D (Our Method),42
0.0015196381852952932,0.15196381852952934,0.021506100151299987,2.1506100151299985,0.008502393501908548,0.011534689293596526,-3.9708083858055326e-05,0.01149269875608437,0.0,2.309300214207572e-06,0.3558823529411764,0.0647428566668694,0.013309051931954644,0.0029265273637953232,0.9922291951144158,COLLAPSED,mmmu,VCPS-17D (Our Method),42
0.48932356088487217,48.93235608848722,0.48932356088487206,48.932356088487204,0.47104423441412313,0.31719983189713424,-0.3057048506873958,0.01149269875608437,0.0009747283543930384,0.30658824390700806,0.8058823529411765,0.9980695617967714,0.5669812083139161,0.2697932407570511,0.9999999999999999,COLLAPSED,mmmu,Naive Confidence (NC),43
0.49022099811032704,49.0220998110327,0.49022099811032716,49.02209981103272,0.49022099813351105,0.2518005521108403,-0.24030557090110183,0.01149269875608437,1.1980475248338137e-05,0.24060074515554575,0.8058823529411765,0.6967764222566851,0.5669812083139161,0.019853260815147003,0.9999999999999999,COLLAPSED,mmmu,Temperature Scaling (TS),43
0.0020549885550240655,0.20549885550240654,0.022438261510742647,2.2438261510742645,0.00952279427625278,0.011560499854026943,-6.551864428847379e-05,0.01149269875608437,0.0,4.222977961279897e-06,0.1941176470588235,0.06592825569455865,0.020410795283738202,0.002627770872237669,-0.9999999999999999,COLLAPSED,mmmu,Platt Scaling (1D),43
0.0018157736816451792,0.18157736816451792,0.02206948233383654,2.206948233383654,0.009186894229796797,0.011569457002230778,-7.447579249230882e-05,0.01149269875608437,0.0,3.297034062955289e-06,0.45,0.06806483105054474,0.0133418646274877,0.006492454880041251,0.04555649103940116,COLLAPSED,mmmu,Quadratic Platt (Logit-Only),43
0.0017731285494702771,0.1773128549470277,0.021976052729205078,2.197605272920508,0.009058292455065144,0.011565726417086674,-7.074520734820511e-05,0.01149269875608437,0.0,3.143984852946569e-06,0.4441176470588235,0.06768505122810085,0.013430291054011056,0.006642651599386218,0.04462493779818547,COLLAPSED,mmmu,Beta Calibration,43
0.005312455895174716,0.5312455895174716,0.005312455895174714,0.5312455895174714,0.008075723852316695,0.011510379511274382,-1.539830153591236e-05,0.01149269875608437,0.0,2.8222187638176595e-05,0.6588235294117647,0.06396149493985487,0.0052752712620886275,0.001058915613899149,0.8228716489757393,COLLAPSED,mmmu,Spline Calibration,43
0.49021323568125585,49.02132356812559,0.4902132356812558,49.02132356812558,0.4902132357030951,0.2517913203837398,-0.24029633917400134,0.01149269875608437,1.1980475248338137e-05,0.24059122748123493,0.8058823529411765,0.6967575910927212,0.5669812083139161,0.01976907547986889,0.9999999999999999,COLLAPSED,mmmu,Adaptive TS (ATS),43
0.0005727826233863139,0.05727826233863139,0.022349176572313476,2.234917657231348,0.0120559924352108,0.011700321620999375,-0.00020534041126090558,0.01149269875608437,0.0,3.280799336533079e-07,0.20588235294117646,0.08976971279058282,0.021800388906651577,0.007289876137809271,-0.005253392154307133,COLLAPSED,mmmu,Probability Margin (1D),43
0.0010966977987216693,0.10966977987216693,0.0099975992436865,0.9997599243686499,0.006307346206228999,0.011478947936026286,1.6033273712183493e-05,0.01149269875608437,0.0,1.2027460617209551e-06,0.5588235294117647,0.06286311730830924,0.0072349598103195675,0.002918251652701254,0.4288078501773289,COLLAPSED,mmmu,MSSC (Multi-Scale Proxy),43
0.0015482752300271015,0.15482752300271016,0.02112832525369376,2.112832525369376,0.007078226191401041,0.011495190776563984,-2.0956682551462325e-07,0.01149269875608437,0.0,2.397156187915474e-06,0.08823529411764702,0.06345439142389313,0.029538368192805253,2.6370423808881995e-06,0.10633857125674785,COLLAPSED,mmmu,MSE-EIGEN (Multi-Scale),43
0.0020316239510044225,0.20316239510044226,0.022432520524007862,2.2432520524007864,0.009597717072712649,0.011562542140584374,-6.756093084590506e-05,0.01149269875608437,0.0,4.12749587829482e-06,0.19117647058823528,0.06600327055969964,0.020527074353505648,0.0026593301134043203,-0.9967124424854311,COLLAPSED,mmmu,Residual Calibrator,43
0.0004978870306746389,0.049788703067463885,0.021055944022224438,2.1055944022224438,0.010130088132164422,0.011605788156826505,-0.00011080694708803622,0.01149269875608437,0.0,2.478914953140088e-07,0.4235294117647059,0.06805570162269148,0.013545312018671658,0.007264897938111712,0.021694577888463594,COLLAPSED,mmmu,Trajectory LR,43
0.0033098816252795215,0.33098816252795216,0.02350676231010897,2.350676231010897,0.015081970851282545,0.011718076261043936,-0.00022309505130546636,0.01149269875608437,0.0,1.0955316373363006e-05,0.37941176470588234,0.06864061091032175,0.011539128095919839,0.010380090937771659,0.017053320220837078,COLLAPSED,mmmu,Trajectory LR (No Bias),43
0.0010497999344390944,0.10497999344390943,0.020494588319510284,2.0494588319510285,0.005627347512586862,0.011458304548525871,3.667666121259794e-05,0.01149269875608437,0.0,1.1020799023483268e-06,0.7823529411764706,0.06195629704243922,0.003054531112871241,0.0022327774596643604,0.995238465837938,COLLAPSED,mmmu,VCPS-5D (Our Method),43
0.0010429076884229446,0.10429076884229446,0.020674245253651045,2.0674245253651047,0.005796052587456592,0.011463044401430218,3.19368083082517e-05,0.01149269875608437,0.0,1.0876564465716896e-06,0.7411764705882352,0.06214398185221818,0.0038271803637023325,0.002270537093685892,0.9792865009681078,COLLAPSED,mmmu,VCPS-17D (Our Method),43
0.5417458888489839,54.17458888489839,0.541745888848984,54.1745888848984,0.5221816325193865,0.37794812302420494,-0.3664531418144665,0.01149269875608437,0.0005445771102883055,0.3669267435305649,0.6441176470588235,1.17855220893779,0.6660918891795816,0.2751435651460744,0.9999999999999999,COLLAPSED,mmmu,Naive Confidence (NC),44
0.49369728927323064,49.36972892732307,0.49369728927323064,49.36972892732307,0.4936972892731837,0.25555160374899966,-0.2440566225392612,0.01149269875608437,1.1980475248338135e-05,0.24405685644505715,0.6441176470588235,0.7043030149452709,0.6660918891795816,0.021258987361430122,0.9999999999999999,COLLAPSED,mmmu,Temperature Scaling (TS),44
0.0015145361957290219,0.15145361957290218,0.02134902867570782,2.1349028675707817,0.007424486321120945,0.01150434740489232,-9.366195153849913e-06,0.01149269875608437,0.0,2.293819888173338e-06,0.3558823529411764,0.06377620652036192,0.014079136137397072,0.0011502546532597701,-0.9999999999999999,COLLAPSED,mmmu,Platt Scaling (1D),44
0.0018077122578703479,0.18077122578703478,0.020938341732368044,2.093834173236804,0.006368202050100721,0.01146595676187743,2.9024447861038943e-05,0.01149269875608437,0.0,3.267823607254711e-06,0.5882352941176471,0.06159793655185705,0.006672706195524826,0.005238281019284765,0.13570018607481196,COLLAPSED,mmmu,Quadratic Platt (Logit-Only),44
0.0017368493543429165,0.17368493543429164,0.020856225484535057,2.0856225484535056,0.006449379170549553,0.01146829058114107,2.669062859739918e-05,0.01149269875608437,0.0,3.016645679681406e-06,0.5970588235294118,0.06164902075777979,0.006655081580382262,0.005569624629236183,0.11147272671529608,COLLAPSED,mmmu,Beta Calibration,44
0.0038170856734665495,0.3817085673466549,0.013264190689585283,1.3264190689585282,0.006564374099073567,0.01147107886607468,2.390234366378939e-05,0.01149269875608437,0.0,1.4570143038583581e-05,0.5926470588235294,0.06254936653078638,0.008639774559102765,0.0025848252269962103,0.9182647527009058,COLLAPSED,mmmu,Spline Calibration,44
0.49367481005214264,49.367481005214266,0.4936748100521427,49.36748100521427,0.4936748100507873,0.2555261528830537,-0.24403117167331523,0.01149269875608437,1.1980475248338135e-05,0.2440324832041201,0.6441176470588235,0.7042514250111332,0.6660918891795816,0.02116913112182104,0.9999999999999999,COLLAPSED,mmmu,Adaptive TS (ATS),44
0.0017284884211737697,0.17284884211737697,0.021496316461353904,2.1496316461353904,0.0073028542108944825,0.011497244776544579,-2.2635668061096043e-06,0.01149269875608437,0.0,2.987672222131791e-06,0.24117647058823533,0.06333784095820187,0.016533930556349847,0.0022930365242251594,-0.2566430119804035,COLLAPSED,mmmu,Probability Margin (1D),44
0.0014029588430506373,0.14029588430506373,0.014888622658926022,1.4888622658926023,0.005225998021478697,0.011444988838322838,4.999237141563133e-05,0.01149269875608437,0.0,1.968293515293983e-06,0.8441176470588235,0.06155985424284059,0.0026070859298377874,0.0015989322648085832,0.2596036424633481,COLLAPSED,mmmu,MSSC (Multi-Scale Proxy),44
0.0015480781526190247,0.15480781526190246,0.021280111081700536,2.1280111081700537,0.007074771132814003,0.011495098275594536,-1.1706585606625908e-07,0.01149269875608437,0.0,2.396545966616332e-06,0.35,0.06345083386644709,0.014355667258481437,1.8872254404454316e-06,0.26430405897793274,COLLAPSED,mmmu,MSE-EIGEN (Multi-Scale),44
0.0015080678633170846,0.15080678633170846,0.021326867833598356,2.1326867833598357,0.007338997773784165,0.011502015404912753,-7.034195174284233e-06,0.01149269875608437,0.0,2.274268680369757e-06,0.3941176470588236,0.06368370355318033,0.012898239288036238,0.001168812058616953,-0.9957360803541317,COLLAPSED,mmmu,Residual Calibrator,44
0.0011041022469052524,0.11041022469052524,0.01847027533501652,1.847027533501652,0.004274992925603417,0.011269054607038125,0.00022592660270034405,0.01149269875608437,0.0,1.2190417716212268e-06,0.9647058823529412,0.05607255456205668,0.0004895408715546238,0.005732745519594895,-0.10529617497164068,COLLAPSED,mmmu,Trajectory LR,44
0.05207371069407033,5.207371069407033,0.04587392664480819,4.587392664480819,0.07535943719826922,0.015623642426109047,-0.004128661216370578,0.01149269875608437,0.006094027659738855,0.009780232939668919,0.9323529411764706,0.07564794239329226,0.000910282243059772,0.08797053454147788,0.08794805942130497,COLLAPSED,mmmu,Trajectory LR (No Bias),44
0.001543301071813611,0.1543301071813611,0.021151553744156247,2.115155374415625,0.006844185547636095,0.011488754842707984,6.226367030485666e-06,0.01149269875608437,0.0,2.3817781982610404e-06,0.6529411764705882,0.06303039682291547,0.005499640714443144,0.002501004723717552,0.9990708051214201,COLLAPSED,mmmu,VCPS-5D (Our Method),44
0.0015422953601142361,0.1542295360114236,0.020954695376938743,2.0954695376938743,0.006694535860031945,0.011484969587780025,1.0011621958443823e-05,0.01149269875608437,0.0,2.3786749778299012e-06,0.6676470588235294,0.06289423961035165,0.005235720558086096,0.0025195482035351062,0.9969152616721261,COLLAPSED,mmmu,VCPS-17D (Our Method),44
0.5272666335885607,52.72666335885607,0.5272666335885607,52.72666335885607,0.5043962103616946,0.3623957641262668,-0.3509007829165283,0.01149269875608437,0.0010387631567999336,0.3512296991305287,0.55,1.1476555946870959,0.6603149343832267,0.2701746468035293,0.9999999999999999,COLLAPSED,mmmu,Naive Confidence (NC),45
0.49299848117266654,49.299848117266656,0.49299848117266654,49.299848117266656,0.4929984811729011,0.25503362215480935,-0.24353864094507088,0.01149269875608437,1.2917982865587527e-05,0.24336801554869242,0.55,0.7032628933838706,0.6603149343832267,0.020905720122708,0.9999999999999999,COLLAPSED,mmmu,Temperature Scaling (TS),45
0.0015468009274575978,0.15468009274575978,0.021124522664751025,2.1124522664751026,0.007062429112597311,0.01149476128890476,2.1992083371058513e-07,0.01149269875608437,0.0,2.3925931091836847e-06,0.45,0.06343722358317241,0.009367455477205447,0.00013302637643133688,-0.9999999999999999,COLLAPSED,mmmu,Platt Scaling (1D),45
0.0018282498829320388,0.18282498829320387,0.020367617275621253,2.0367617275621255,0.004800408647163698,0.011423925065164741,7.105614457372962e-05,0.01149269875608437,0.0,3.3424976344410135e-06,0.7794117647058824,0.0604191574023941,0.0030414189143717785,0.0046435099954831695,0.3476085023689753,COLLAPSED,mmmu,Quadratic Platt (Logit-Only),45
0.0016953400888004462,0.1695340088800446,0.020002244988460413,2.000224498846041,0.004513792274763856,0.011412567621628815,8.241358810965639e-05,0.01149269875608437,0.0,2.874178016693905e-06,0.8323529411764706,0.06006902284740736,0.0022812753251673186,0.004599676325650856,0.30717201661230636,COLLAPSED,mmmu,Beta Calibration,45
0.0020854743033557246,0.20854743033557246,0.011742569927043874,1.1742569927043873,0.008745991601954429,0.011536402089984141,-4.14208802456701e-05,0.01149269875608437,0.0,4.3492030699570446e-06,0.4294117647058824,0.06481509550215872,0.014722063068425339,0.0026037213673060864,0.9262997819489805,COLLAPSED,mmmu,Spline Calibration,45
0.49297896300796296,49.297896300796296,0.49297896300796307,49.29789630079631,0.49297896300846966,0.2550104516108659,-0.24351547040112742,0.01149269875608437,1.2917982865587527e-05,0.24334661276488764,0.55,0.7032159195003282,0.6603149343832267,0.02081727334752996,0.9999999999999999,COLLAPSED,mmmu,Adaptive TS (ATS),45
0.0013350811370538493,0.13350811370538493,0.020783498875531665,2.0783498875531667,0.006813644034854226,0.01148497332415434,1.0007885584131446e-05,0.01149269875608437,0.0,1.7824416425169992e-06,0.5323529411764706,0.06282594434695263,0.008149046436778032,0.0025215135627681515,-0.03738188816795505,COLLAPSED,mmmu,Probability Margin (1D),45
0.0015037289277056547,0.15037289277056548,0.014011853492196,1.4011853492196,0.005254232776623227,0.011445037976541074,4.9943233197397366e-05,0.01149269875608437,0.0,2.261200688018798e-06,0.8294117647058824,0.06156358379824361,0.002022219727120237,0.001716814269644516,0.36585029202762054,COLLAPSED,mmmu,MSSC (Multi-Scale Proxy),45
0.0015474606423434775,0.15474606423434775,0.021279438361149917,2.1279438361149916,0.007073906428620671,0.01149507748603678,-9.62762983086618e-08,0.01149269875608437,0.0,2.394634439602088e-06,0.6058823529411765,0.06345003442318244,0.005909529747197378,1.5497663414303668e-06,0.22685561868106208,COLLAPSED,mmmu,MSE-EIGEN (Multi-Scale),45
0.0015483684218034442,0.15483684218034444,0.021247216863535062,2.124721686353506,0.006972583438388254,0.011492335962887103,2.6452468513682437e-06,0.01149269875608437,0.0,2.3974447696380888e-06,0.788235294117647,0.06334428710888568,0.0029266665211326462,0.00014812149265592417,-0.7336370904408486,COLLAPSED,mmmu,Residual Calibrator,45
0.0019720171424449304,0.19720171424449304,0.01845893729155743,1.845893729155743,0.003538015733983927,0.011317847306621602,0.00017713390311686894,0.01149269875608437,0.0,3.888851610096669e-06,0.888235294117647,0.05743616054346366,0.0014767701607083252,0.006551926091341706,0.10402737587347854,COLLAPSED,mmmu,Trajectory LR,45
0.0159825108094504,1.59825108094504,0.027074761234259878,2.707476123425988,0.029294374676744065,0.012147272323952562,-0.0006522911142140906,0.01149269875608437,0.0008712934047465355,0.0009758056072577711,0.6499999999999999,0.06804489213520566,0.006730243817313488,0.048769177740558646,0.08271956945731716,COLLAPSED,mmmu,Trajectory LR (No Bias),45
0.0014500911280176387,0.14500911280176387,0.02127880259168808,2.127880259168808,0.0076166111885598185,0.011508722270928784,-1.374106119031264e-05,0.01149269875608437,0.0,2.102764279555468e-06,0.5558823529411765,0.06376106501616434,0.0069055031860194354,0.002426778613616115,0.9986132827700384,COLLAPSED,mmmu,VCPS-5D (Our Method),45
0.0014414804144992216,0.14414804144992216,0.021278024479250316,2.1278024479250317,0.007542107678568683,0.011506645318261528,-1.1664108523056632e-05,0.01149269875608437,0.0,2.0778657853848476e-06,0.5676470588235294,0.06367020334751174,0.00663967905072802,0.0024680570958152404,0.994139468849567,COLLAPSED,mmmu,VCPS-17D (Our Method),45
0.5508458224493403,55.08458224493403,0.5508458224493404,55.08458224493404,0.5253089948275532,0.3924141246950741,-0.3809191434853356,0.01149269875608437,0.0007567050985790846,0.3809052254295288,0.6029411764705882,1.2343844877430088,0.6961557607662798,0.2833160640068785,0.9999999999999999,COLLAPSED,mmmu,Naive Confidence (NC),46
0.49450187913169064,49.45018791316906,0.49450187913169075,49.450187913169074,0.49450187906300413,0.2564014307011739,-0.24490644949143542,0.01149269875608437,1.6790563349911808e-05,0.24490262183352643,0.6029411764705882,0.706002375214524,0.6961557607662798,0.021765321243085688,0.9999999999999999,COLLAPSED,mmmu,Temperature Scaling (TS),46
0.001472865607891654,0.1472865607891654,0.021277567562498247,2.1277567562498247,0.007300590840280418,0.011501099930636076,-6.118720897604901e-06,0.01149269875608437,0.0,2.1693330989100515e-06,0.39705882352941174,0.06365128607231116,0.01112118409302153,0.0009886106785594712,-0.9999999999999999,COLLAPSED,mmmu,Platt Scaling (1D),46
0.0013619932371420219,0.13619932371420218,0.01984562946240697,1.984562946240697,0.004562432980036018,0.011421722317504407,7.325889223406407e-05,0.01149269875608437,0.0,1.855025578020604e-06,0.7676470588235295,0.06024990676413388,0.00320860218457276,0.0046121848091745824,0.08557082988422797,COLLAPSED,mmmu,Quadratic Platt (Logit-Only),46
0.0012838121430391019,0.1283812143039102,0.020132399134656868,2.0132399134656866,0.004492431643713155,0.011419566188955623,7.541502078284822e-05,0.01149269875608437,0.0,1.6481736186146513e-06,0.7617647058823529,0.06013678053050312,0.00339410774142407,0.004810322425773003,0.0595486565587244,COLLAPSED,mmmu,Beta Calibration,46
0.00538274210825487,0.538274210825487,0.00538274210825487,0.538274210825487,0.008177202724832364,0.011512774138391734,-1.7792928653262777e-05,0.01149269875608437,0.0,2.897391260398008e-05,0.6411764705882352,0.06403299912648369,0.005608961491431377,0.001062845865598001,0.7907686995621627,COLLAPSED,mmmu,Spline Calibration,46
0.49447597326569354,49.44759732656935,0.4944759732656935,49.44759732656935,0.4944759731985876,0.25637222778383867,-0.2448772465741002,0.01149269875608437,1.6790563349911808e-05,0.24487453219545444,0.6029411764705882,0.7059432859581258,0.6961557607662798,0.02167323637654573,0.9999999999999999,COLLAPSED,mmmu,Adaptive TS (ATS),46
0.0013776712067204294,0.13776712067204294,0.02097704712313553,2.0977047123135533,0.006802739094916908,0.011484900792669762,1.0080417068708547e-05,0.01149269875608437,0.0,1.8979779538265242e-06,0.7382352941176471,0.06284670704602427,0.003666397296646578,0.002402480911053279,-0.19660010429676272,COLLAPSED,mmmu,Probability Margin (1D),46
0.0016480458073978351,0.16480458073978352,0.009439697272157998,0.9439697272157997,0.0068216499446282506,0.011490975667766282,4.0055419721889834e-06,0.01149269875608437,0.0,2.716054983281582e-06,0.5191176470588235,0.06331785810887919,0.0096445997645164,0.0032291275811860793,0.23230894960683582,COLLAPSED,mmmu,MSSC (Multi-Scale Proxy),46
0.0015477208307492288,0.15477208307492288,0.021279659037870605,2.1279659037870604,0.007074053810373211,0.011495080386454195,-9.9176715723584e-08,0.01149269875608437,0.0,2.395439769935083e-06,0.55,0.06345014596182898,0.007058315385403437,1.6079920231377103e-06,0.2531442869844324,COLLAPSED,mmmu,MSE-EIGEN (Multi-Scale),46
0.0014662000261665645,0.14662000261665645,0.021281533140568847,2.1281533140568847,0.007354064025665058,0.011502749927489933,-7.768717751462442e-06,0.01149269875608437,0.0,2.1497425167308344e-06,0.3647058823529412,0.06372380133805676,0.012907340859928935,0.0009846833458943495,-0.9749659806189759,COLLAPSED,mmmu,Residual Calibrator,46
0.0008762643071846356,0.08762643071846356,0.021928453718539014,2.192845371853901,0.012286201326798949,0.0117493764127121,-0.0002543952029736285,0.01149269875608437,1.590684948939013e-06,6.552713204428364e-05,0.3647058823529412,0.07429614835605788,0.019100792953183548,0.012036574410974584,-0.039302113328758104,COLLAPSED,mmmu,Trajectory LR,46
0.002609318304903434,0.2609318304903434,0.02395959971802168,2.395959971802168,0.015193928442114205,0.011827072683358593,-0.0003320914736201219,0.01149269875608437,7.906913488878134e-07,3.336978267314057e-05,0.2911764705882353,0.08038371300367417,0.018374922533527918,0.012520634627214415,-0.0214776085259526,COLLAPSED,mmmu,Trajectory LR (No Bias),46
0.0016606472186186834,0.16606472186186833,0.02114278618258316,2.114278618258316,0.007262514471830661,0.011498377650822079,-3.3964410836081343e-06,0.01149269875608437,0.0,2.7577491847059693e-06,0.5941176470588234,0.06333869294556956,0.0061944461720827675,0.0025719525797057545,0.9951700733214943,COLLAPSED,mmmu,VCPS-5D (Our Method),46
0.0016481009022073136,0.16481009022073137,0.021411312065761,2.1411312065761,0.0074508710802423,0.011503357223359613,-8.376013621141584e-06,0.01149269875608437,0.0,2.716236583856561e-06,0.5823529411764705,0.06351340832641643,0.006397573085895389,0.002637552049121882,0.9840975607455256,COLLAPSED,mmmu,VCPS-17D (Our Method),46
0.5252196975268943,52.52196975268944,0.5252196975268942,52.52196975268942,0.5034480157530655,0.3503257919564218,-0.3388308107466833,0.01149269875608437,0.003187050915552808,0.34158193981191054,0.8117647058823529,1.0932625474939515,0.6335502383291611,0.264272300370412,0.9999999999999999,COLLAPSED,mmmu,Naive Confidence (NC),47
0.4925768128889167,49.25768128889167,0.4925768128889166,49.25768128889166,0.49257681289142896,0.25413976494602114,-0.24264478373628268,0.01149269875608437,1.4829288717528217e-05,0.24294152372830863,0.8117647058823529,0.7014592406449653,0.6335502383291611,0.019653728869174526,0.9999999999999999,COLLAPSED,mmmu,Temperature Scaling (TS),47
0.0016206326238159437,0.16206326238159435,0.021851829915781617,2.1851829915781615,0.009043343388586516,0.011548077085855405,-5.309587611693374e-05,0.01149269875608437,0.0,2.62645010137655e-06,0.18823529411764706,0.06543494447303613,0.019230500580441286,0.002300643413562817,-0.9999999999999999,COLLAPSED,mmmu,Platt Scaling (1D),47
0.0021868395613650095,0.21868395613650093,0.022486023387415708,2.248602338741571,0.010605695766805612,0.011572630333096289,-7.764912335781783e-05,0.01149269875608437,0.0,4.782267267151107e-06,0.32941176470588235,0.06528116455510485,0.013083768863329435,0.00586554717326216,-0.09677069404254014,COLLAPSED,mmmu,Quadratic Platt (Logit-Only),47
0.002297674684507615,0.22976746845076151,0.02252536310672874,2.252536310672874,0.011860396946745759,0.01160660483285219,-0.00011162362311371854,0.01149269875608437,0.0,5.279308955827168e-06,0.33529411764705885,0.06638320716016416,0.012833677432053485,0.006637680423758717,-0.09305391452822134,COLLAPSED,mmmu,Beta Calibration,47
0.005474353044365953,0.5474353044365953,0.00547435304436595,0.5474353044365949,0.008300938359665179,0.011515676648013229,-2.0695438274757894e-05,0.01149269875608437,0.0,2.9968541254358778e-05,0.6235294117647059,0.06412608467689901,0.0070732237209221805,0.000952384071073561,0.753822695547758,COLLAPSED,mmmu,Spline Calibration,47
0.4925590346986592,49.25590346986592,0.49255903469865925,49.25590346986593,0.4925590347023387,0.2541205629632731,-0.24262558175353466,0.01149269875608437,1.4829288717528217e-05,0.24292193057954606,0.8117647058823529,0.7014204129711517,0.6335502383291611,0.019570381357884328,0.9999999999999999,COLLAPSED,mmmu,Adaptive TS (ATS),47
0.0015896937490232996,0.15896937490232996,0.021376074390975604,2.1376074390975606,0.007046527949587371,0.011490794043740114,4.187165998356668e-06,0.01149269875608437,0.0,2.5271262156837536e-06,0.4529411764705882,0.0630834592367293,0.01030367404638287,0.0023607777136304517,-0.1518600145751108,COLLAPSED,mmmu,Probability Margin (1D),47
0.0013139092415197506,0.13139092415197506,0.009362422788205586,0.9362422788205587,0.006476988092629947,0.011483034872107518,1.1946337630953235e-05,0.01149269875608437,0.0,1.7263574949510063e-06,0.5279411764705882,0.06303766669531494,0.013562421304592726,0.002951716596396329,0.2690002580649486,COLLAPSED,mmmu,MSSC (Multi-Scale Proxy),47
0.001548038392632605,0.15480383926326052,0.021126845382476618,2.112684538247662,0.007074682148087399,0.011495096038152118,-1.1482841364741925e-07,0.01149269875608437,0.0,2.3964228650645395e-06,0.41470588235294115,0.06345074787559303,0.012973654525109967,1.5314637816109717e-06,0.27053249469957996,COLLAPSED,mmmu,MSE-EIGEN (Multi-Scale),47
0.0016079191283001077,0.16079191283001076,0.02334918406805379,2.334918406805379,0.009108308156780565,0.011549968039605459,-5.498682986698755e-05,0.01149269875608437,0.0,2.5854039231533784e-06,0.1941176470588235,0.06551159186117378,0.01885120019528006,0.0023396824220609717,-0.9945191652339612,COLLAPSED,mmmu,Residual Calibrator,47
0.0024997711975470096,0.24997711975470097,0.02366378834762348,2.3663788347623482,0.013910610301330818,0.01174909260011807,-0.00025411139037959975,0.01149269875608437,0.0,6.248856040085611e-06,0.3352941176470588,0.07431007569198034,0.01780347944960547,0.010754784671013469,-0.15986396964315613,COLLAPSED,mmmu,Trajectory LR,47
0.005233047901180851,0.5233047901180851,0.027028845700264665,2.7028845700264665,0.019588114352976645,0.01199200366207535,-0.0004970224523368795,0.01149269875608437,7.906913488878134e-07,5.257609562411944e-05,0.26176470588235295,0.0819521647397397,0.019089179057679873,0.014755084696794171,-0.10273263478632054,COLLAPSED,mmmu,Trajectory LR (No Bias),47
0.0013571647219483146,0.13571647219483146,0.02074951544255549,2.0749515442555486,0.005885845495539141,0.011463268222398685,3.171298733978603e-05,0.01149269875608437,0.0,1.8418960825010461e-06,0.8058823529411765,0.06210409572051254,0.0025737939289389652,0.0022195661633769535,0.9956511792992361,COLLAPSED,mmmu,VCPS-5D (Our Method),47
0.001355424574937373,0.13554245749373728,0.02074441616750306,2.074441616750306,0.005717580448388976,0.011459196712372102,3.5784497366369086e-05,0.01149269875608437,0.0,1.8371757783441581e-06,0.8147058823529412,0.061971147458090084,0.002459423249569409,0.0022419509295836075,0.98999818406077,COLLAPSED,mmmu,VCPS-17D (Our Method),47
0.5634926961691573,56.349269616915734,0.5634926961691574,56.34926961691574,0.5357663205709052,0.4081838242335214,-0.39668884302378293,0.01149269875608437,0.0011200771916023405,0.3972090978297764,0.4911764705882353,1.3073770432405938,0.7240931096237784,0.28169764011898235,0.9999999999999999,COLLAPSED,mmmu,Naive Confidence (NC),48
0.4957434620224851,49.574346202248506,0.49574346202248515,49.57434620224851,0.4957434618939489,0.2578380542824119,-0.24634307307267345,0.01149269875608437,1.77905553499758e-05,0.24616839608144545,0.4911764705882353,0.7088934142591369,0.7240931096237784,0.022585961276592494,0.9999999999999999,COLLAPSED,mmmu,Temperature Scaling (TS),48
0.0015364277807146786,0.15364277807146787,0.0212722673481722,2.1272267348172202,0.007073093741289773,0.011495101298665173,-1.2008892670035964e-07,0.01149269875608437,0.0,2.3606103253518325e-06,0.4911764705882353,0.06345094503200302,0.008284743483082748,1.2701989841949328e-05,0.9999999999999999,COLLAPSED,mmmu,Platt Scaling (1D),48
0.0015980959352439525,0.15980959352439525,0.020146553161566435,2.0146553161566434,0.004500738895921242,0.011414289585940993,8.069162379747974e-05,0.01149269875608437,0.0,2.5539106182432433e-06,0.8117647058823529,0.06007727802606045,0.002498706719085436,0.004622189082764096,0.23621360162066676,COLLAPSED,mmmu,Quadratic Platt (Logit-Only),48
0.0015093915465986922,0.15093915465986923,0.01994808616908921,1.9948086169089212,0.0042134512788966575,0.011401608619694149,9.337259004432372e-05,0.01149269875608437,0.0,2.278262840943592e-06,0.8647058823529411,0.05972199828260136,0.0017623620098379906,0.00450360294276836,0.2001919707185695,COLLAPSED,mmmu,Beta Calibration,48
0.0054603389799668355,0.5460338979966836,0.0054603389799668355,0.5460338979966836,0.00828045695486987,0.011515209766838917,-2.0228557100444508e-05,0.01149269875608437,0.0,2.981530177614526e-05,0.6176470588235294,0.06411183333385434,0.0008413972554973656,0.000958802480770043,0.7402788162069639,COLLAPSED,mmmu,Spline Calibration,48
0.4957123340843007,49.57123340843007,0.49571233408430065,49.57123340843007,0.4957123339575771,0.25780258492646596,-0.2463076037167275,0.01149269875608437,1.77905553499758e-05,0.24613478088431287,0.4911764705882353,0.708821559471615,0.7240931096237784,0.022490571284915297,0.9999999999999999,COLLAPSED,mmmu,Adaptive TS (ATS),48
0.0017381242208288506,0.17381242208288505,0.02119940372770566,2.119940372770566,0.007005949156803572,0.011491695457173568,3.2857525649049313e-06,0.01149269875608437,0.0,3.021075807031899e-06,0.7588235294117647,0.06327393625784376,0.0032933397171500843,0.0011533217686585276,-0.21760471498221104,COLLAPSED,mmmu,Probability Margin (1D),48
0.0014730313393598992,0.14730313393598993,0.014004109535593752,1.4004109535593752,0.005243504583822239,0.011444995917323862,4.998529241461054e-05,0.01149269875608437,0.0,2.1698213267364185e-06,0.8294117647058823,0.061557725735260055,0.0009872088963367547,0.0017162598071955636,0.32329690492053714,COLLAPSED,mmmu,MSSC (Multi-Scale Proxy),48
0.0015476830184931404,0.15476830184931403,0.02143284617145231,2.143284617145231,0.007074030287768511,0.01149507990833488,-9.86985964068765e-08,0.01149269875608437,0.0,2.3953227257320384e-06,0.5352941176470588,0.06345012759082197,0.007383888482796029,1.4689512870548916e-06,0.35220023442124593,COLLAPSED,mmmu,MSE-EIGEN (Multi-Scale),48
0.0015342426787548942,0.1534242678754894,0.02141138098702931,2.141138098702931,0.00703377029829128,0.011494046236525026,9.34973213446641e-07,0.01149269875608437,0.0,2.3539005973129935e-06,0.6676470588235295,0.06341015316188754,0.005529318292960527,9.55589679936447e-05,0.37493956695745273,COLLAPSED,mmmu,Residual Calibrator,48
0.0009553455377014439,0.09553455377014439,0.02055985739986268,2.055985739986268,0.007629214449747399,0.011525570987101809,-3.0589777363336165e-05,0.01149269875608437,0.0,9.12685096406061e-07,0.6470588235294117,0.062374026842222166,0.005359142920162359,0.008057683026172323,0.07166120705716435,COLLAPSED,mmmu,Trajectory LR,48
0.01212982030646108,1.212982030646108,0.03228752551313179,3.228752551313179,0.030649705941505203,0.013827989709735672,-0.002333008499997199,0.01149269875608437,1.2917982865587529e-05,0.0019406958741091215,0.5470588235294117,0.08280292759761516,0.007230566960641146,0.04311795283439376,0.027312197687389596,COLLAPSED,mmmu,Trajectory LR (No Bias),48
0.0018494280020845133,0.18494280020845133,0.021682862001774265,2.1682862001774263,0.007925163462938438,0.011515643133830154,-2.066192409168159e-05,0.01149269875608437,0.0,3.4203839348943146e-06,0.4970588235294118,0.06396101350067387,0.008156254401105293,0.0027121119773689923,0.9987760097919216,COLLAPSED,mmmu,VCPS-5D (Our Method),48
0.0018287577166285346,0.18287577166285346,0.02158031133759116,2.158031133759116,0.007913302941404042,0.011515392786701436,-2.041157696296321e-05,0.01149269875608437,0.0,3.3443547861284117e-06,0.5117647058823529,0.06394158686428442,0.007834819127551525,0.0027671325819965116,0.988540715951729,COLLAPSED,mmmu,VCPS-17D (Our Method),48
0.5670338330227275,56.70338330227275,0.5670338330227276,56.703383302272755,0.5387131378883174,0.4055042066894993,-0.39400922547976086,0.01149269875608437,0.0013623252536178443,0.39482928134640705,0.4882352941176471,1.2919931969992133,0.7338531456208448,0.268405384724367,0.9999999999999999,COLLAPSED,mmmu,Naive Confidence (NC),49
0.4959380161129392,49.59380161129392,0.4959380161129393,49.593801611293934,0.4959380161100057,0.2580072484566033,-0.2465122672468648,0.01149269875608437,1.880379227719297e-05,0.24635084689142892,0.4882352941176471,0.7092209462022754,0.7338531456208448,0.02134347635116512,0.9999999999999999,COLLAPSED,mmmu,Temperature Scaling (TS),49
0.0015606373181040623,0.15606373181040623,0.021451021996184427,2.1451021996184427,0.0071140313586668825,0.011496090414388817,-1.1092046503478892e-06,0.01149269875608437,0.0,2.4355888386590403e-06,0.4882352941176471,0.0634877636663876,0.008443360554157934,0.00018369522057209056,0.9999999999999999,COLLAPSED,mmmu,Platt Scaling (1D),49
0.0020252471459749725,0.20252471459749727,0.02073736770642543,2.0737367706425434,0.004961882818637224,0.011427830015243544,6.715119449492504e-05,0.01149269875608437,0.0,4.1016260022797715e-06,0.7529411764705882,0.060517784383898744,0.0035412920691513528,0.004887433190484205,0.2070736728903856,COLLAPSED,mmmu,Quadratic Platt (Logit-Only),49
0.0019502170676524572,0.19502170676524572,0.020168512085672788,2.016851208567279,0.00470278879205654,0.01141651225775641,7.84689519820591e-05,0.01149269875608437,0.0,3.8033466109629485e-06,0.8294117647058823,0.06021612072905511,0.0023900853265472225,0.004728612568317487,0.16756638201229648,COLLAPSED,mmmu,Beta Calibration,49
0.0025347295558365186,0.25347295558365185,0.013080648200456457,1.3080648200456457,0.008773868537714882,0.011535446061083109,-4.0464851344639355e-05,0.01149269875608437,0.0,6.424853921231195e-06,0.3897058823529411,0.06475042958423932,0.012594690406206498,0.002693299875445919,0.9384517107590727,COLLAPSED,mmmu,Spline Calibration,49
0.49590602286865393,49.59060228686539,0.49590602286865393,49.59060228686539,0.4959060228645005,0.25797123027580626,-0.2464762490660678,0.01149269875608437,1.880379227719297e-05,0.24631646425189196,0.4882352941176471,0.7091481375697957,0.7338531456208448,0.021253184621312638,0.9999999999999999,COLLAPSED,mmmu,Adaptive TS (ATS),49
0.0009084604362360454,0.09084604362360454,0.022654728981499513,2.2654728981499512,0.011754475720498002,0.011689881035494466,-0.00019489982575599668,0.01149269875608437,0.0,8.253003642061858e-07,0.1970588235294118,0.08855859267459329,0.022096070293392184,0.006619201136602196,-0.08835442709893361,COLLAPSED,mmmu,Probability Margin (1D),49
0.0014670833677455555,0.14670833677455555,0.008399561096950692,0.8399561096950692,0.006635975846442664,0.011486689179061172,8.29203067729753e-06,0.01149269875608437,0.0,2.1523336079156407e-06,0.5220588235294118,0.06316608220578891,0.010622112345833618,0.0030901494055137584,0.2288350440443345,COLLAPSED,mmmu,MSSC (Multi-Scale Proxy),49
0.0015479507472266826,0.15479507472266826,0.02128086379265311,2.128086379265311,0.007076101586679832,0.011495134740462962,-1.535307244931311e-07,0.01149269875608437,0.0,2.396151515839645e-06,0.29117647058823526,0.06345223634203162,0.02175218395168052,2.611123597616571e-06,0.3140749440478464,COLLAPSED,mmmu,MSE-EIGEN (Multi-Scale),49
0.0015620899526407016,0.15620899526407017,0.021131581629089697,2.1131581629089697,0.007079799518063208,0.011495146101001741,-1.6489126327193238e-07,0.01149269875608437,0.0,2.440125020141029e-06,0.5088235294117647,0.06345023873111594,0.008486753402825148,0.0002776620356733976,0.7863158366409368,COLLAPSED,mmmu,Residual Calibrator,49
0.0010716178875375647,0.10716178875375647,0.020303344608789776,2.0303344608789775,0.0066728406163443655,0.011483043581008429,1.1937628730040312e-05,0.01149269875608437,0.0,1.1483648968904726e-06,0.6,0.06278058580285319,0.007352452611646433,0.007039869585734588,-0.011310707202203651,COLLAPSED,mmmu,Trajectory LR,49
0.003032400867731532,0.3032400867731532,0.020312325053339755,2.0312325053339757,0.006705352105738449,0.011460412686986828,3.456852275164103e-05,0.01149269875608437,0.0,9.195455022618946e-06,0.6941176470588235,0.060744882822418224,0.005076620461740106,0.009294455074054585,0.06401303702865174,COLLAPSED,mmmu,Trajectory LR (No Bias),49
0.0018411753507645932,0.1841175350764593,0.021700443760980754,2.170044376098075,0.007991538698090436,0.011517230648536707,-2.2249438798237556e-05,0.01149269875608437,0.0,3.389926672263123e-06,0.4882352941176471,0.06406087387269427,0.008358337831036825,0.0025372368995167614,0.9962242614197813,COLLAPSED,mmmu,VCPS-5D (Our Method),49
0.0018239723391326942,0.18239723391326942,0.02170338623004273,2.170338623004273,0.008215796158927289,0.011523482922028119,-2.850171228964936e-05,0.01149269875608437,0.0,3.326875093921192e-06,0.45588235294117646,0.06430023311799765,0.009124545613591557,0.0025800705402564896,0.9842201956025969,COLLAPSED,mmmu,VCPS-17D (Our Method),49
0.5072736639616101,50.72736639616101,0.5072736639616102,50.727366396161024,0.48787202036405,0.3413491078328433,-0.3298541266231048,0.01149269875608437,0.0007273013627799999,0.3301818770225358,0.6647058823529413,1.045629238552307,0.6098139499092143,0.27563776801848994,0.9999999999999999,COLLAPSED,mmmu,Naive Confidence (NC),50
0.4911702580453902,49.11702580453902,0.4911702580453903,49.117025804539026,0.49117025803048237,0.25287918382595703,-0.24138420261621857,0.01149269875608437,1.2917982865587527e-05,0.24151906510879542,0.6647058823529413,0.698928528732941,0.6098139499092143,0.019586917017759765,0.9999999999999999,COLLAPSED,mmmu,Temperature Scaling (TS),50
0.0017705426961211346,0.17705426961211346,0.02184924418658517,2.1849244186585173,0.008046806263403414,0.011521077721233883,-2.609651149541349e-05,0.01149269875608437,0.0,3.1348214387878966e-06,0.33529411764705885,0.06444118907284654,0.01652666057903364,0.001735058968500237,-0.9999999999999999,COLLAPSED,mmmu,Platt Scaling (1D),50
0.0013043307143415696,0.13043307143415697,0.021264099893897295,2.1264099893897295,0.009188657739611156,0.011568392279267932,-7.34110695294627e-05,0.01149269875608437,0.0,1.7012786123747895e-06,0.4294117647058823,0.06691165585272307,0.01256807358596932,0.006559807669112795,0.09668815135028053,COLLAPSED,mmmu,Quadratic Platt (Logit-Only),50
0.001300010547274827,0.1300010547274827,0.021280954750799316,2.1280954750799315,0.009035074203271192,0.011560061288070146,-6.508007833167656e-05,0.01149269875608437,0.0,1.6900274230257949e-06,0.43823529411764706,0.06621287819419684,0.011986247094863785,0.006581134959511626,0.11649603912995285,COLLAPSED,mmmu,Beta Calibration,50
0.003361290244830029,0.3361290244830029,0.013101741189707465,1.3101741189707465,0.0070480245730191035,0.011488017256053142,6.963953685327345e-06,0.01149269875608437,0.0,1.1298272109989515e-05,0.5970588235294118,0.06306665027821326,0.005566827670304863,0.002652364604605421,0.9355087291962431,COLLAPSED,mmmu,Spline Calibration,50
0.4911584344122545,49.11584344122545,0.4911584344122545,49.11584344122545,0.49115843440141327,0.2528653619560383,-0.24137038074629985,0.01149269875608437,1.2917982865587527e-05,0.24150565993455336,0.6647058823529413,0.6989005852120665,0.6098139499092143,0.019503768415073227,0.9999999999999999,COLLAPSED,mmmu,Adaptive TS (ATS),50
0.0017312164178705791,0.1731216417870579,0.021483018763925266,2.1483018763925266,0.006927211286971448,0.011489312243542098,5.668966196371514e-06,0.01149269875608437,0.0,2.9971102855046398e-06,0.6235294117647059,0.0631661479954671,0.007051340238857116,0.0013676159150418931,-0.22148350636706027,COLLAPSED,mmmu,Probability Margin (1D),50
0.0013202707018155398,0.132027070181554,0.005676104238153505,0.5676104238153505,0.00606798405646865,0.011469250343563,2.573086617546974e-05,0.01149269875608437,0.0,1.7431147260724981e-06,0.676470588235294,0.062388829018582476,0.0036257402792453743,0.0026878805760594655,0.4210566430302582,COLLAPSED,mmmu,MSSC (Multi-Scale Proxy),50
0.0015480754044564608,0.1548075404456461,0.02143354867559337,2.143354867559337,0.007075456545540857,0.011495116797597868,-1.3558785939837836e-07,0.01149269875608437,0.0,2.396537457883035e-06,0.19117647058823534,0.06345154612264348,0.020137855528480735,2.0076717183820144e-06,0.14758397539756096,COLLAPSED,mmmu,MSE-EIGEN (Multi-Scale),50
0.0017639226585991954,0.17639226585991954,0.021857386191803985,2.1857386191803987,0.008034539909849377,0.011520434598083029,-2.545338834455957e-05,0.01149269875608437,0.0,3.1114231455196534e-06,0.3323529411764706,0.06440091797263303,0.016322926883845342,0.001737439793045172,-0.9951677149588584,COLLAPSED,mmmu,Residual Calibrator,50
0.0015113315416244444,0.15113315416244444,0.021085023916732334,2.1085023916732335,0.007739050879818127,0.011551769079964505,-5.678787022603618e-05,0.01149269875608437,0.0,2.2841230287089195e-06,0.5529411764705883,0.0643859920287184,0.008925424386251622,0.00922295195262638,-0.0054242340627748955,COLLAPSED,mmmu,Trajectory LR,50
0.004185760663987272,0.41857606639872713,0.02245857999181175,2.245857999181175,0.00866887891233549,0.011593719476795218,-9.873826705674923e-05,0.01149269875608437,0.0,1.7520592336183166e-05,0.6470588235294118,0.062302957201068716,0.005098318987079688,0.011918571585530703,0.033660909903472216,COLLAPSED,mmmu,Trajectory LR (No Bias),50
0.0011763734125726788,0.11763734125726788,0.02086609176724611,2.086609176724611,0.006109602684586884,0.011471457910765107,2.352329897336268e-05,0.01149269875608437,0.0,1.38385440580789e-06,0.6588235294117647,0.06252034623844638,0.005771597514286856,0.0021548325963302055,0.9970591217929216,COLLAPSED,mmmu,VCPS-5D (Our Method),50
0.001177229998148113,0.1177229998148113,0.020761138515058404,2.0761138515058404,0.005994733311679052,0.01146926207298004,2.571913675842967e-05,0.01149269875608437,0.0,1.3858704685398058e-06,0.6235294117647059,0.062485977176912504,0.006919349181702333,0.002210675467958413,0.9859370836015969,COLLAPSED,mmmu,VCPS-17D (Our Method),50
0.5603731366437535,56.037313664375354,0.5603731366437535,56.037313664375354,0.5346773439845749,0.4009503521870303,-0.3894553709772918,0.01149269875608437,0.0008095592212006491,0.389730936239476,0.4588235294117647,1.24905858865026,0.7130457696380026,0.27259901155708205,0.9999999999999999,COLLAPSED,mmmu,Naive Confidence (NC),51
0.49506120681690147,49.50612068169015,0.49506120681690147,49.50612068169015,0.4950612067745479,0.257127617646691,-0.24563263643695255,0.01149269875608437,1.77905553499758e-05,0.24544738412301229,0.4588235294117647,0.7074477642233,0.7130457696380026,0.02082002141439649,0.9999999999999999,COLLAPSED,mmmu,Temperature Scaling (TS),51
0.0015598890809547222,0.15598890809547222,0.02130396712592883,2.130396712592883,0.007127082901363958,0.011496456570911357,-1.4753611728857835e-06,0.01149269875608437,0.0,2.433253944881768e-06,0.4588235294117647,0.06350214876010273,0.012100840582750676,0.0002269728188735791,0.9999999999999999,COLLAPSED,mmmu,Platt Scaling (1D),51
0.0019980859982568575,0.19980859982568575,0.021327313258656777,2.1327313258656777,0.008682223382097839,0.011531565285063093,-3.65840753246225e-05,0.01149269875608437,0.0,3.992347656430103e-06,0.4970588235294118,0.06410425646371831,0.009333069786245618,0.006654415836078138,0.20152680397053932,COLLAPSED,mmmu,Quadratic Platt (Logit-Only),51
0.0021709370228206164,0.21709370228206165,0.021867503561788314,2.1867503561788313,0.009663458207911878,0.0115611664638359,-6.618525409742872e-05,0.01149269875608437,0.0,4.7129675570532415e-06,0.45294117647058824,0.06517940898321718,0.010092484632219945,0.007321191511957935,0.19382910832667094,COLLAPSED,mmmu,Beta Calibration,51
0.005135251996549923,0.5135251996549923,0.01442968094409129,1.442968094409129,0.008253031934409254,0.011514695464675907,-1.9714254937436282e-05,0.01149269875608437,0.0,2.637081306806997e-05,0.3911764705882353,0.06402879066231723,0.01769208297951954,0.0017695549621675668,0.7471331390054684,COLLAPSED,mmmu,Spline Calibration,51
0.49503289604831124,49.503289604831124,0.49503289604831113,49.50328960483111,0.495032896006232,0.2570954318666956,-0.24560045065695713,0.01149269875608437,1.77905553499758e-05,0.24541697679234145,0.4588235294117647,0.7073828022597257,0.7130457696380026,0.020731797787273888,0.9999999999999999,COLLAPSED,mmmu,Adaptive TS (ATS),51
0.0015493905799873215,0.15493905799873214,0.02110805975441053,2.110805975441053,0.006818755722663753,0.011485068691761854,9.912517976617269e-06,0.01149269875608437,0.0,2.4006111693534483e-06,0.8220588235294118,0.06287737308164872,0.0026052383752053886,0.002311197984906511,-0.15763338842673402,COLLAPSED,mmmu,Probability Margin (1D),51
0.001278584737201825,0.1278584737201825,0.012689469016255835,1.2689469016255834,0.009900989219135913,0.011572473219668065,-7.749200992959379e-05,0.01149269875608437,0.0,1.6347789302054597e-06,0.3602941176470588,0.06615899516131972,0.011093295766630925,0.004108504449756292,0.30055815886505205,COLLAPSED,mmmu,MSSC (Multi-Scale Proxy),51
0.0015479144780378672,0.15479144780378673,0.021126604413253435,2.1126604413253434,0.007074167487950826,0.011495082653584204,-1.0144384573335108e-07,0.01149269875608437,0.0,2.3960392313192426e-06,0.588235294117647,0.06345023320193349,0.006295122578065824,1.0969422551911185e-06,0.32509557264582345,COLLAPSED,mmmu,MSE-EIGEN (Multi-Scale),51
0.0015493480318726285,0.15493480318726285,0.021341372803357992,2.1341372803357994,0.007272845373006682,0.011500398841624064,-5.417631885593077e-06,0.01149269875608437,0.0,2.4004793238675877e-06,0.3323529411764706,0.06365072242823924,0.012854266234612468,0.0003859760951061552,0.773762272329567,COLLAPSED,mmmu,Residual Calibrator,51
0.0009670073233393707,0.09670073233393707,0.022601290420574998,2.2601290420574998,0.01481172276499033,0.011816008520184908,-0.0003210273104464374,0.01149269875608437,1.590684948939013e-06,6.910015023732716e-05,0.32941176470588235,0.07666189064730217,0.016927983899059324,0.012797421696074649,0.09180398233114712,COLLAPSED,mmmu,Trajectory LR,51
0.003074873422647102,0.3074873422647102,0.023261779084994598,2.3261779084994596,0.012069008774858338,0.011727636240316402,-0.00023265503057793083,0.01149269875608437,0.0,9.454846565301502e-06,0.4294117647058823,0.07825022361990232,0.014612834540716109,0.012579685487680545,0.06348476379819018,COLLAPSED,mmmu,Trajectory LR (No Bias),51
0.0016931499849056932,0.1693149984905693,0.021445335055866,2.1445335055865997,0.00799663500645636,0.01151928351880447,-2.430230906599884e-05,0.01149269875608437,0.0,2.866756871386149e-06,0.4411764705882353,0.06424963490724903,0.011804561048352157,0.0024178474592167548,0.9926254000372621,COLLAPSED,mmmu,VCPS-5D (Our Method),51
0.001685579095959783,0.1685579095959783,0.0216747503642239,2.16747503642239,0.008157096086683281,0.011523641853024805,-2.866064328633372e-05,0.01149269875608437,0.0,2.8411768887365998e-06,0.40588235294117647,0.06441101610541926,0.013126661150229726,0.002476974024224991,0.9767654113102354,COLLAPSED,mmmu,VCPS-17D (Our Method),51
0.07039790301310085,7.039790301310085,0.0645452169073881,6.45452169073881,0.04616125214632298,0.10299302327987161,0.023278594838441385,0.12627051532610198,0.03288406499441816,0.00947698696556437,0.8178365937859609,0.3476106634063233,0.04694531105781768,0.13098336354434265,1.0,VALID,pope,Naive Confidence (NC),42
0.05859338003993484,5.859338003993484,0.05903431805487618,5.903431805487618,0.040648233320920095,0.1014166874541892,0.024854930664123795,0.12627051532610198,0.032302259891168146,0.007909271217318931,0.8178365937859609,0.33283315861815804,0.04694531105781768,0.1355990115506017,1.0,VALID,pope,Temperature Scaling (TS),42
0.04371662935418316,4.371662935418316,0.052870396542779266,5.287039654277927,0.03895394512834158,0.10069843840568553,0.025573179712627472,0.12627051532610198,0.027853468367697694,0.0028790025262758665,0.8178365937859609,0.3319488650853987,0.04649500333204369,0.1525409521526132,1.0,VALID,pope,Platt Scaling (1D),42
0.045433253323683656,4.543325332368366,0.053726090599268535,5.3726090599268534,0.0394519045668516,0.10105004642917773,0.025221571689135275,0.12627051532610198,0.027158580676532075,0.003074970525353609,0.8178365937859609,0.33296395486362823,0.04663237856743126,0.151068765429257,1.0,VALID,pope,Quadratic Platt (Logit-Only),42
0.04339106114672722,4.339106114672722,0.053065870313938446,5.306587031393844,0.03890280373756138,0.10077766472265229,0.025493953395660712,0.12627051532610198,0.027105401078195607,0.002486300509444336,0.8178365937859609,0.33224545000666034,0.04649500333204369,0.15242586671941755,1.0,VALID,pope,Beta Calibration,42
0.07303796534489426,7.303796534489426,0.0797350270702041,7.973502707020411,0.058279097950378576,0.10701983896231355,0.019251779155999446,0.12627051532610198,0.028431779678435805,0.009903142292908217,0.8178365937859609,0.35668918278481093,0.04695622860929364,0.10182663300885451,0.9933057853373861,VALID,pope,Spline Calibration,42
0.056841215294146485,5.684121529414648,0.05991692196457826,5.9916921964578265,0.04312192464430306,0.10129755870306341,0.02497405941524959,0.12627051532610198,0.03505538436365401,0.01021990874067614,0.8174913693901036,0.3324502227084226,0.04749216928099495,0.13385288737850884,0.9961778868269645,VALID,pope,Adaptive TS (ATS),42
0.009643202684099723,0.9643202684099723,0.09902064320164666,9.902064320164666,0.01269970419421216,0.12666743982855758,-0.000395821710244576,0.12627051532610198,0.004157012390681217,0.004664531132551725,0.5612773302646721,0.4199831170361862,0.17776796047708063,0.026137402024559046,0.147735771352299,COLLAPSED,pope,Probability Margin (1D),42
0.01056146462023781,1.056146462023781,0.01056146462023781,1.056146462023781,0.017973788809107112,0.1233547352752307,0.002916882843082294,0.12627051532610198,0.0030273356251421914,0.00011155557427095406,0.6014672036823936,0.408835008028271,0.1048308788130599,0.06482042292145651,0.3795785231813152,VALID,pope,MSSC (Multi-Scale Proxy),42
0.001115632891731111,0.11156328917311109,0.09692937119127491,9.69293711912749,0.00674209589061323,0.1262330618181949,3.855630011809219e-05,0.12627051532610198,0.0,1.2446367491123207e-06,0.522439585730725,0.41950806616327185,0.11339613617365134,0.0006142198564160326,-0.06883469668960562,COLLAPSED,pope,MSE-EIGEN (Multi-Scale),42
0.040358072718960115,4.035807271896012,0.0658433890048289,6.584338900482891,0.04113436802733067,0.10042552292232743,0.025846095195985574,0.12627051532610198,0.029057032162682225,0.0030542042568289284,0.8185270425776755,0.3314475484928771,0.046560798075939804,0.1495588997369993,0.9993488225520373,VALID,pope,Residual Calibrator,42
0.0567983454357721,5.6798345435772095,0.04995451192779402,4.995451192779402,0.04552164747090415,0.09845645286015983,0.02781516525815317,0.12627051532610198,0.032966795185709954,0.006454635674191999,0.8196777905638666,0.3285763524379247,0.04596463489404993,0.16224636009018817,0.9778730091177835,VALID,pope,Trajectory LR,42
0.05191896812064386,5.191896812064386,0.061518904380756294,6.151890438075629,0.04592325517934835,0.09936764454530465,0.026903973573008347,0.12627051532610198,0.033943484355745415,0.007934545607206335,0.8182968929804373,0.329988177094547,0.04730817389468032,0.1405634577296022,0.9762255607240663,VALID,pope,Trajectory LR (No Bias),42
0.05307548200314019,5.307548200314019,0.065388351742019,6.5388351742019,0.042147269789560154,0.10001750833958799,0.026254109778725013,0.12627051532610198,0.03334519870853912,0.006418944226790724,0.8186421173762946,0.33075856462171266,0.04689107157280636,0.15393552515658698,0.993610306604476,VALID,pope,VCPS-5D (Our Method),42
0.0572153762626061,5.72153762626061,0.054342846888536106,5.4342846888536105,0.04168780466574982,0.09984047259646305,0.026431145521849955,0.12627051532610198,0.033201172669634245,0.006605524111773505,0.8182968929804373,0.3312269494334135,0.04712451325586388,0.15436874420034824,0.9880039766238882,VALID,pope,VCPS-17D (Our Method),42
0.05117837582637035,5.117837582637035,0.04888481383696395,4.888481383696395,0.03790813569235222,0.10490120285606878,0.02137041526224419,0.12627051532610198,0.024848196779180324,0.004032657386109439,0.8135212888377444,0.35230490875347137,0.049351123840356975,0.13652933678133422,1.0,VALID,pope,Naive Confidence (NC),43
0.027518018394695545,2.7518018394695547,0.036612750274950756,3.6612750274950754,0.01929825392064482,0.10282037175517314,0.023451246363139833,0.12627051532610198,0.025101070571231003,0.0015673770119871,0.8135212888377444,0.33512310482541696,0.049351123840356975,0.14055164172678308,1.0,VALID,pope,Temperature Scaling (TS),43
0.037510063062757545,3.7510063062757544,0.03582808037291954,3.582808037291954,0.021235372342404173,0.10256711840845464,0.02370449970985833,0.12627051532610198,0.026041421771351048,0.0025331641242485364,0.8135212888377444,0.3351213913130192,0.049348863788320596,0.1603341240702233,1.0,VALID,pope,Platt Scaling (1D),43
0.03664420343251512,3.6644203432515123,0.035441956071774756,3.5441956071774756,0.02119281971461466,0.10260273053685225,0.023668887581460726,0.12627051532610198,0.026287825627270903,0.002800760579094353,0.8135212888377444,0.33548234872691823,0.049348863788320596,0.1591760429751047,1.0,VALID,pope,Quadratic Platt (Logit-Only),43
0.03659649758784442,3.659649758784442,0.036416106452888744,3.6416106452888743,0.02147972700759141,0.10255564424890155,0.02371597386941142,0.12627051532610198,0.026041421771351048,0.0025294564447463927,0.8135212888377444,0.3349611791192932,0.049261166117773036,0.161708088881751,1.0,VALID,pope,Beta Calibration,43
0.05612096254938313,5.612096254938313,0.0653985438215484,6.53985438215484,0.05530369961740623,0.10871148368853434,0.017560134429778634,0.12627051532610198,0.023030102302907897,0.0062224444873610636,0.8117376294591485,0.36097019215432125,0.04841135737933583,0.10244207580738132,0.9928371877608508,VALID,pope,Spline Calibration,43
0.01985420915280637,1.985420915280637,0.03448488743510598,3.4484887435105978,0.020580632265392657,0.10275674820161028,0.023514869916702694,0.12627051532610198,0.024281955824769615,0.0010573993942494019,0.8135788262370541,0.3341172645525734,0.04910263165548612,0.13850258186747533,0.9981498668917,VALID,pope,Adaptive TS (ATS),43
0.00916760808390453,0.916760808390453,0.10076748281858208,10.076748281858208,0.014432886868544612,0.12574214949370632,0.0005294686246066493,0.12627051532610198,0.004729327126862587,0.004246827351434562,0.5097813578826237,0.4175235195786426,0.20520868701957762,0.020106586314726074,0.06785545108688289,COLLAPSED,pope,Probability Margin (1D),43
0.024645270942948667,2.464527094294867,0.024645270942948667,2.464527094294867,0.02657901796740182,0.11967601765917461,0.006595600459138359,0.12627051532610198,0.0072572129401580615,0.0006627152732307363,0.6603567318757192,0.39489937540405406,0.08112230180315724,0.05945227830246685,0.29267001465204573,VALID,pope,MSSC (Multi-Scale Proxy),43
0.001137566842231763,0.11375668422317631,0.07888489893678985,7.888489893678985,0.006952140179206138,0.12623809323759477,3.352488071819981e-05,0.12627051532610198,0.0,1.294058320545145e-06,0.5157077100115075,0.41952815529150894,0.11915410645529273,0.0006504699536833468,0.0418432523897161,COLLAPSED,pope,MSE-EIGEN (Multi-Scale),43
0.03545362364204938,3.545362364204938,0.03188292677739453,3.188292677739453,0.019335137832190562,0.10247721515197245,0.023794402966340528,0.12627051532610198,0.027335395385761997,0.0032157234852201767,0.8130034522439585,0.3345639803219288,0.049302737074230996,0.15623563569088,0.9994924060061061,VALID,pope,Residual Calibrator,43
0.05029416786208718,5.029416786208718,0.039114175386372005,3.9114175386372003,0.031750494009094375,0.10222951266801619,0.02404210545029678,0.12627051532610198,0.029841161404498603,0.005762749273418199,0.8199654775604142,0.33384791581082107,0.048791948677873634,0.16570264241236482,0.9852008151113553,VALID,pope,Trajectory LR,43
0.057962047444268694,5.79620474442687,0.038977063372170294,3.8977063372170293,0.03271925947758381,0.10247733747940976,0.02379428063890321,0.12627051532610198,0.031082905994903407,0.008149538495852003,0.8182968929804373,0.33482597958055654,0.049210687069566925,0.16416160435430638,0.9846636114678173,VALID,pope,Trajectory LR (No Bias),43
0.03007285734128779,3.007285734128779,0.03353031596697381,3.353031596697381,0.02198656332498765,0.1025005310541998,0.02377108706411317,0.12627051532610198,0.02534155853646738,0.0017378731372459648,0.8132911392405063,0.33427834829201436,0.04897615553459604,0.16219937801023834,0.9965852554049655,VALID,pope,VCPS-5D (Our Method),43
0.026201580898883834,2.6201580898883834,0.05197066562238904,5.197066562238904,0.02306049738767118,0.10231994526564878,0.023951672852664196,0.12627051532610198,0.025678658204117487,0.001089858370404781,0.8144994246260069,0.33477733358479517,0.049608488257755844,0.162423318585597,0.9940122708498051,VALID,pope,VCPS-17D (Our Method),43
0.04634735229201717,4.634735229201717,0.05147441916388642,5.147441916388642,0.04044041568995263,0.10152854664452628,0.024743071473786724,0.12627051532610198,0.027489737158845846,0.003759088447744196,0.8429228998849253,0.3289124807010609,0.04013024990203377,0.13654573704197634,1.0,VALID,pope,Naive Confidence (NC),44
0.032943708656938464,3.294370865693846,0.03918401680841462,3.918401680841462,0.030558280045327364,0.09923099484226322,0.02704062327604978,0.12627051532610198,0.029645755555989004,0.002397098352531395,0.8429228998849253,0.3187589986844325,0.04013024990203377,0.1406323114850677,1.0,VALID,pope,Temperature Scaling (TS),44
0.03007123474369975,3.007123474369975,0.03013652703244456,3.013652703244456,0.025760162514262552,0.09858833448384077,0.027683283634472228,0.12627051532610198,0.029621301435586243,0.0019660146051730092,0.8429228998849253,0.3170907787474003,0.04015206034635911,0.15624655057531253,1.0,VALID,pope,Platt Scaling (1D),44
0.031267361547620096,3.1267361547620096,0.03020689050796332,3.020689050796332,0.025795187571355262,0.09859428407382162,0.02767733404449138,0.12627051532610198,0.02964394748958426,0.0019706175748151755,0.8429228998849253,0.3171009149170068,0.04015206034635911,0.15608139696872314,1.0,VALID,pope,Quadratic Platt (Logit-Only),44
0.029981097774367565,2.9981097774367567,0.030356998264978598,3.0356998264978596,0.025743566185478933,0.0985768816374763,0.0276947364808367,0.12627051532610198,0.029776620389316312,0.0017476406078654944,0.8429228998849253,0.31713899057726425,0.04001819047033994,0.15869725877781435,1.0,VALID,pope,Beta Calibration,44
0.055351375506941955,5.535137550694196,0.07143175998052519,7.143175998052518,0.05698001174529034,0.10664038328789263,0.01963123483042037,0.12627051532610198,0.026793745028299207,0.00805171883733832,0.8429228998849251,0.34397455032542423,0.04013024990203377,0.10098297833374725,0.9913002732983158,VALID,pope,Spline Calibration,44
0.03483619567498943,3.4836195674989434,0.04424466520253228,4.424466520253228,0.033899594030425854,0.09906405270067055,0.02720756541764245,0.12627051532610198,0.02994440194170505,0.0027654802174153013,0.8433831990794015,0.317719204483834,0.04030227036881845,0.13868970718193996,0.9969042634028327,VALID,pope,Adaptive TS (ATS),44
0.00865153774401428,0.8651537744014279,0.07705782117203161,7.705782117203161,0.015200240258722563,0.1257961141723772,0.00047550394593579015,0.12627051532610198,0.0030423998166828506,0.002808710312086921,0.5534234752589183,0.41760857041554145,0.17380625119780074,0.02460978174031076,0.09774265717191608,COLLAPSED,pope,Probability Margin (1D),44
0.011482671030293256,1.1482671030293257,0.011482671030293256,1.1482671030293257,0.018369904628647044,0.12095242801836222,0.005319190099950785,0.12627051532610198,0.005489658701778675,0.00017157139403893955,0.63783084004603,0.39975035318375246,0.09576055372789935,0.061145886093818914,0.39118361732634155,VALID,pope,MSSC (Multi-Scale Proxy),44
0.00104221981020014,0.10422198102001401,0.06355296878225855,6.355296878225855,0.006750144450881787,0.1262332693462509,3.83487720621023e-05,0.12627051532610198,0.0,1.086222132773616e-06,0.5481588032220942,0.4195092106857668,0.11412810369818406,0.000572855608765843,-0.04833388694774746,COLLAPSED,pope,MSE-EIGEN (Multi-Scale),44
0.03255803478017015,3.255803478017015,0.035817582196740146,3.5817582196740148,0.026688147383189892,0.0983711165479334,0.0279005015703796,0.12627051532610198,0.029696507839924925,0.0017192806088086692,0.8432681242807826,0.31642040840929175,0.04021650327682098,0.1537697749692564,0.9994325990804598,VALID,pope,Residual Calibrator,44
0.04017980501082081,4.017980501082081,0.03918875400395848,3.918875400395848,0.03796527046990553,0.09873770518690282,0.02753391293141018,0.12627051532610198,0.03190280580245149,0.0055795693007518144,0.8460299194476409,0.3161926818520515,0.039875081369212584,0.16407382134207468,0.9757076267308259,VALID,pope,Trajectory LR,44
0.044410655640202336,4.441065564020233,0.04777628146826653,4.777628146826653,0.03918590176458481,0.09944010988959232,0.026831508228720685,0.12627051532610198,0.03291651803993863,0.006070130610458141,0.8444188722669735,0.3182259737261028,0.04024815726885586,0.14403989237388437,0.9733521315486813,VALID,pope,Trajectory LR (No Bias),44
0.03602967724897039,3.602967724897039,0.04228000680495526,4.2280006804955255,0.027940200335330255,0.09800480441871272,0.028266813699600282,0.12627051532610198,0.029897511734411054,0.0021623733831192867,0.8444188722669735,0.31487086799266123,0.04006730062661081,0.15805328151802428,0.9949734082959248,VALID,pope,VCPS-5D (Our Method),44
0.043590579053079295,4.35905790530793,0.03937149306478398,3.9371493064783976,0.02826490658603656,0.09777080120227628,0.028500816916036717,0.12627051532610198,0.03189502557230644,0.00363064128602947,0.8457997698504027,0.31422377236528554,0.039744718154556026,0.15832766069056878,0.9906795380940844,VALID,pope,VCPS-17D (Our Method),44
0.04157358416007213,4.157358416007213,0.051821866366419826,5.182186636641982,0.03556802936021646,0.10712596344156157,0.01914565467675143,0.12627051532610198,0.02157501593621539,0.0026016711532537537,0.8108745684695051,0.352460240134877,0.04637303449093143,0.13538613008181072,0.9999999999999999,VALID,pope,Naive Confidence (NC),45
0.02001383980808938,2.0013839808089378,0.044119578525265504,4.411957852526551,0.013349377410432054,0.10501916095954339,0.02125245715876961,0.12627051532610198,0.022118509919574713,0.0010584799874215998,0.8108745684695051,0.33706758491848166,0.04637303449093143,0.1405500954842452,0.9999999999999999,VALID,pope,Temperature Scaling (TS),45
0.023635495311008142,2.3635495311008143,0.04127198022629178,4.127198022629178,0.024144887400940965,0.10529277065463671,0.020978847463676287,0.12627051532610198,0.02125260492940643,0.0011664669064504287,0.8108745684695051,0.3375709643286923,0.04637778602237586,0.16115315971409983,0.9999999999999999,VALID,pope,Platt Scaling (1D),45
0.023380741428829007,2.338074142882901,0.041609911882305534,4.160991188230553,0.024162329533036184,0.10529838037465285,0.020973237743660153,0.12627051532610198,0.021253619579430807,0.0011505138471539107,0.8108745684695051,0.33762405785593325,0.04637778602237586,0.16145710099557917,0.9999999999999999,VALID,pope,Quadratic Platt (Logit-Only),45
0.022293231713452155,2.2293231713452153,0.04287412726643502,4.287412726643502,0.02445085568610751,0.10532464854523874,0.020946969573074264,0.12627051532610198,0.021305104020032637,0.0012376027362380735,0.8108745684695051,0.3376998785350533,0.04647674164226705,0.16319300967814512,0.9999999999999999,VALID,pope,Beta Calibration,45
0.055838880926335356,5.5838880926335355,0.06651262312436865,6.651262312436865,0.05564370814719833,0.11038036623916009,0.015891251879152912,0.12627051532610198,0.019910582251407506,0.004968733380704632,0.8108745684695051,0.3614076274259397,0.04640217424914014,0.10085530446369705,0.9913002753516987,VALID,pope,Spline Calibration,45
0.024262526147427993,2.426252614742799,0.02674504559476007,2.674504559476007,0.013005561701268533,0.10461259694624997,0.02165902117206303,0.12627051532610198,0.022367360418707315,0.00114896943593063,0.811910241657077,0.33551600120392316,0.046159500457184706,0.1394455199684946,0.9986482958352212,VALID,pope,Adaptive TS (ATS),45
0.021289630825216264,2.1289630825216266,0.10983410029608658,10.983410029608658,0.02512653610283553,0.12482431510585393,0.0014473030124590724,0.12627051532610198,0.01016595402214694,0.008889822891732853,0.5538837744533947,0.41464467827284274,0.18720071866307064,0.02060943773194019,0.06490005413753483,SCRAMBLED,pope,Probability Margin (1D),45
0.011247684915150226,1.1247684915150225,0.011247684915150226,1.1247684915150225,0.017831113002989757,0.12096465884107886,0.005306959277234138,0.12627051532610198,0.005432401483699797,0.00012654499867667068,0.6401898734177216,0.39960528824319946,0.13144023555899473,0.06295093244114042,0.37116784716366114,VALID,pope,MSSC (Multi-Scale Proxy),45
0.001113475165363531,0.11134751653635311,0.07592149151165714,7.592149151165714,0.007385773688299132,0.12624846422533947,2.3153892973526435e-05,0.12627051532610198,0.0,1.2398269438813428e-06,0.5014384349827388,0.4195694118350503,0.1222679650261805,0.0006762449151294013,-0.019672677034588675,COLLAPSED,pope,MSE-EIGEN (Multi-Scale),45
0.019755858177930196,1.9755858177930197,0.030198842625459296,3.0198842625459297,0.023161443720589023,0.10476148891769146,0.021510129200621536,0.12627051532610198,0.020951273073186588,0.0009664085785291056,0.8123130034522439,0.33623144301297386,0.04603044752856782,0.1594700668207501,0.9996431566804264,VALID,pope,Residual Calibrator,45
0.037608827340177446,3.7608827340177444,0.04747948558127528,4.747948558127528,0.028522835309390697,0.10202817853810275,0.024243439580210246,0.12627051532610198,0.0283067041354212,0.003853127508197923,0.8214614499424626,0.3307340323868953,0.044804801261270094,0.16589193214182588,0.9867052657478186,VALID,pope,Trajectory LR,45
0.030008729667866545,3.0008729667866545,0.05302678400353337,5.3026784003533365,0.028587049778625785,0.10196979344185757,0.024301824676455433,0.12627051532610198,0.027820143196484553,0.003623283341904646,0.820138089758343,0.33087438082124054,0.04506214646038392,0.16298532635893137,0.9850883671897851,VALID,pope,Trajectory LR (No Bias),45
0.02618194688577067,2.618194688577067,0.03042272030091436,3.042272030091436,0.02448932158191328,0.1044672997801311,0.021804318338181902,0.12627051532610198,0.022190277214101495,0.001349672391575358,0.8127157652474107,0.33506007751091027,0.04586885186540877,0.16189618671018186,0.997703371905005,VALID,pope,VCPS-5D (Our Method),45
0.029714942024708833,2.9714942024708835,0.03541443260776968,3.5414432607769677,0.024059384866840023,0.10403827007768417,0.022233348040628834,0.12627051532610198,0.023997205840932855,0.0016540468819889686,0.8157077100115073,0.33361822343278597,0.04519815305319582,0.16211705891040398,0.9943534861489166,VALID,pope,VCPS-17D (Our Method),45
0.04456633080369377,4.456633080369377,0.050741555475481766,5.074155547548177,0.030134458182671103,0.10942480003208296,0.016846818086230037,0.12627051532610198,0.01962024083451945,0.002602863152914453,0.7837744533947066,0.3714318738529436,0.05576253684845961,0.13919975692242256,1.0,VALID,pope,Naive Confidence (NC),46
0.030024928580264447,3.0024928580264447,0.054101039471490205,5.410103947149021,0.01850164663036795,0.10807781191014741,0.01819380620816559,0.12627051532610198,0.018508966601328756,0.0011567550622116503,0.7837744533947066,0.35295749390556447,0.05576253684845961,0.14276518068131824,1.0,VALID,pope,Temperature Scaling (TS),46
0.04812416287455154,4.812416287455154,0.059195006024483514,5.919500602448351,0.038612308597067185,0.10936537330638797,0.016906244811925028,0.12627051532610198,0.020711112073263954,0.0046054019496100185,0.7837744533947066,0.35678764632435744,0.05609112391278208,0.1690509322494753,1.0,VALID,pope,Platt Scaling (1D),46
0.04790644960547495,4.790644960547495,0.059642992515785476,5.964299251578548,0.03849741833481974,0.10934733546781371,0.016924282650499292,0.12627051532610198,0.020711112073263954,0.0045570435816483,0.7837744533947066,0.3569849278047684,0.055936044986605066,0.16810974364529857,1.0,VALID,pope,Quadratic Platt (Logit-Only),46
0.04014147508955074,4.014147508955074,0.05849961088399462,5.849961088399462,0.038978618768610605,0.10940592685250627,0.016865691265806726,0.12627051532610198,0.020746648835598246,0.004035253281366939,0.7837744533947066,0.356717859923213,0.05609112391278208,0.17050252161769944,1.0,VALID,pope,Beta Calibration,46
0.05346799702094671,5.346799702094671,0.05890811890345795,5.890811890345795,0.050071791414050305,0.11160892813560534,0.014662689982707658,0.12627051532610198,0.0206528223831064,0.006202181241968912,0.7844073647871116,0.3771377232049446,0.062319327035680175,0.1051778030427674,0.9951614513370366,VALID,pope,Spline Calibration,46
0.025550626181198036,2.5550626181198037,0.03168495035679668,3.1684950356796677,0.017190748987949513,0.10763338894554574,0.018638229172767265,0.12627051532610198,0.01906590129098975,0.0010816898512413533,0.7837744533947065,0.3522384362613563,0.055761844751254536,0.14017620792926477,0.996579909419154,VALID,pope,Adaptive TS (ATS),46
0.0021486448549378266,0.21486448549378265,0.07999406605804699,7.999406605804698,0.011542071479936411,0.1254742271256578,0.0007973909926551892,0.12627051532610198,0.0009556816908229188,0.00040927034165260545,0.5367088607594938,0.417135990453624,0.17736639475251378,0.014703909633300219,0.0007994605403831559,COLLAPSED,pope,Probability Margin (1D),46
0.0068663812419529294,0.6866381241952929,0.0068663812419529294,0.6866381241952929,0.016460619088451256,0.12141946417045105,0.0048521539478619535,0.12627051532610198,0.004898453005117246,4.740184946632371e-05,0.632681242807825,0.4013220661670495,0.09290704875172975,0.06355988248137234,0.3923511570067805,VALID,pope,MSSC (Multi-Scale Proxy),46
0.001103661591143501,0.1103661591143501,0.07414890508223429,7.414890508223429,0.006819089192319594,0.12623492762626934,3.6690492043661704e-05,0.12627051532610198,0.0,1.2180689077654044e-06,0.5359608745684695,0.4195156428741255,0.11159047387187906,0.0005789588499773711,0.024849074513442735,COLLAPSED,pope,MSE-EIGEN (Multi-Scale),46
0.04723777267732342,4.723777267732341,0.04839930893485444,4.839930893485444,0.0362124488262368,0.1086565893140316,0.017615028804281396,0.12627051532610198,0.020648166696666862,0.0035925533918861672,0.7846375143843498,0.35525697321712674,0.055536607884601734,0.1653021467251907,0.9993969384211578,VALID,pope,Residual Calibrator,46
0.036709284391130845,3.6709284391130845,0.0583061935057686,5.83061935057686,0.03939825436832587,0.10793165575549103,0.018339962362821968,0.12627051532610198,0.022322951908106764,0.00426697726156027,0.7875143843498273,0.3557834442104663,0.0548519759163529,0.1719085543998255,0.9750178583188941,VALID,pope,Trajectory LR,46
0.03687769867598659,3.6877698675986585,0.04829450858515719,4.829450858515719,0.02492203882393518,0.10611281957045648,0.020158798547856516,0.12627051532610198,0.02403690626061098,0.0031891723673392234,0.7892980437284235,0.34858979830117426,0.054243787513064454,0.1411331103233965,0.9749310268514287,VALID,pope,Trajectory LR (No Bias),46
0.03294019447642767,3.294019447642767,0.03931571151250908,3.931571151250908,0.03937734224585323,0.10854449038280127,0.01772712773551173,0.12627051532610198,0.019083367463701244,0.002087656985079146,0.7845224395857306,0.3564728113170454,0.05588860867322733,0.1704170865657927,0.9931464827468889,VALID,pope,VCPS-5D (Our Method),46
0.03144029404519999,3.144029404519999,0.039778748168422536,3.9778748168422537,0.040252837815443546,0.10810858694470697,0.01816303117360603,0.12627051532610198,0.02067421708770319,0.002450001224036117,0.7838319907940161,0.3569525840431441,0.056225187845804936,0.170064106278136,0.9874828150949768,VALID,pope,VCPS-17D (Our Method),46
0.04202733536293565,4.202733536293565,0.04716734881349654,4.7167348813496535,0.037405967187571505,0.10647194369518419,0.019799674423128813,0.12627051532610198,0.022932916675102798,0.0038760759095706953,0.830753739930955,0.33706862267566967,0.040707578414483844,0.1352903014461313,1.0,VALID,pope,Naive Confidence (NC),47
0.032620218268615754,3.2620218268615755,0.04107218801560512,4.107218801560512,0.02070099449580008,0.10372984011503691,0.022541778003276086,0.12627051532610198,0.024210064037434167,0.0017795472463890782,0.830753739930955,0.32725472822966245,0.040707578414483844,0.13977615214576622,1.0,VALID,pope,Temperature Scaling (TS),47
0.03492301117679386,3.492301117679386,0.04011337400238599,4.011337400238599,0.027876595730349316,0.10384663157041282,0.022424986547900178,0.12627051532610198,0.024068882766052648,0.002043959445918038,0.830753739930955,0.3263975662717966,0.04066434638973371,0.15759885891625242,1.0,VALID,pope,Platt Scaling (1D),47
0.036512881232932906,3.6512881232932908,0.04080841461063105,4.0808414610631045,0.029034931397500005,0.10404230207275336,0.02222931604555964,0.12627051532610198,0.024849403677483242,0.0025106117137401653,0.830753739930955,0.3274066781267382,0.04075502317106375,0.15926300499359064,1.0,VALID,pope,Quadratic Platt (Logit-Only),47
0.036860129624089015,3.6860129624089013,0.04292154367323307,4.292154367323307,0.029932378219115985,0.10431105774049201,0.021960560377820987,0.12627051532610198,0.024176080286798896,0.002303993402107842,0.830753739930955,0.3284309859271848,0.04087778152775272,0.1616730597267829,1.0,VALID,pope,Beta Calibration,47
0.05746559433127008,5.7465594331270085,0.0627377483499998,6.273774834999981,0.05743890736238634,0.11027142696750457,0.016000191150808432,0.12627051532610198,0.021174908897241815,0.0062601926431004404,0.830753739930955,0.34779614403444287,0.040718495965959806,0.09525930639026384,0.9947836131319534,VALID,pope,Spline Calibration,47
0.034207734669772435,3.4207734669772436,0.024983396230762397,2.4983396230762396,0.019883940925422623,0.10385818446111394,0.022413433657199056,0.12627051532610198,0.02399147918852851,0.0023175372866758082,0.827963176064442,0.3274470069023339,0.04118447276244265,0.13751779685514323,0.9964594725192891,VALID,pope,Adaptive TS (ATS),47
0.006226436180882472,0.6226436180882472,0.10807998699915322,10.807998699915322,0.01441498958517731,0.1261634661624274,0.00010815195588559368,0.12627051532610198,0.00205766618063826,0.0018658819700153868,0.47008055235903334,0.41906876219089867,0.20910780695117578,0.02720522852983283,0.03865999595452127,COLLAPSED,pope,Probability Margin (1D),47
0.006459098072039798,0.6459098072039797,0.006459098072039798,0.6459098072039797,0.017450117027481962,0.12288497757329434,0.0033866405450186654,0.12627051532610198,0.0034490721446682544,6.353439186062871e-05,0.6113348676639816,0.4067434360185465,0.12479708455099423,0.06626047840968492,0.37274286448347177,VALID,pope,MSSC (Multi-Scale Proxy),47
0.001092733072164287,0.1092733072164287,0.07818886186973532,7.818886186973533,0.006583729366976302,0.12622928772033057,4.233039798243188e-05,0.12627051532610198,0.0,1.1940655670016007e-06,0.5520713463751439,0.4194932346402195,0.10897919662136313,0.0005602356182242693,0.06347452262509665,COLLAPSED,pope,MSE-EIGEN (Multi-Scale),47
0.0279890758188393,2.79890758188393,0.026936543889943296,2.6936543889943296,0.026280558749827113,0.10404927721584395,0.02222234090246905,0.12627051532610198,0.023363437498062068,0.002025264383639439,0.8279631760644419,0.3268149627496447,0.04119056953601374,0.15364822991654908,0.9992399601092306,VALID,pope,Residual Calibrator,47
0.04865386317474167,4.865386317474167,0.047920048721497105,4.79200487214971,0.03668718678513894,0.10825409848824048,0.018017519630072518,0.12627051532610198,0.027605599617873434,0.009300977062556134,0.8109896432681244,0.3376700774869612,0.045293511704700785,0.1606455299022809,0.9697312365702888,VALID,pope,Trajectory LR,47
0.03309915260891365,3.3099152608913647,0.034052714256414957,3.4052714256414958,0.027373213636919674,0.10676389784604469,0.01950772027226831,0.12627051532610198,0.02347380545306431,0.004024313230664249,0.8135212888377445,0.33492906361338837,0.04462421748678587,0.14542897917029213,0.9662385897814529,VALID,pope,Trajectory LR (No Bias),47
0.02604577572310133,2.604577572310133,0.03267529359282219,3.2675293592822188,0.028210813474907337,0.104391962121098,0.021879655997215003,0.12627051532610198,0.022265455811216115,0.0014246975084988079,0.8266973532796318,0.32720069458147155,0.04157439221612394,0.1585397835663893,0.9943913791255026,VALID,pope,VCPS-5D (Our Method),47
0.031673471331690725,3.1673471331690726,0.045614159063078974,4.561415906307897,0.026651589943422687,0.10463297994915206,0.021638638169160937,0.12627051532610198,0.022914939060065316,0.0021438418521426026,0.8262370540851552,0.327808152631719,0.04171617484864361,0.15906017965246183,0.987461309904122,VALID,pope,VCPS-17D (Our Method),47
0.049703953883075955,4.970395388307596,0.0462120303889169,4.62120303889169,0.043902684456039495,0.09583285887623691,0.03043875924207609,0.12627051532610198,0.040259981066704933,0.009171805633775166,0.8634062140391254,0.3086551200628236,0.038386396161142776,0.13839257556084708,1.0,VALID,pope,Naive Confidence (NC),48
0.05526610437775406,5.526610437775406,0.04984620843323603,4.9846208433236034,0.044475301732316744,0.09467000265293309,0.031601615465379915,0.12627051532610198,0.03853946913281053,0.007130757382033738,0.8634062140391254,0.30734211603733763,0.038386396161142776,0.1418344720892445,1.0,VALID,pope,Temperature Scaling (TS),48
0.04285730574676081,4.285730574676081,0.044709283515955496,4.47092835159555,0.03967005253530535,0.0937331895803102,0.0325384285380028,0.12627051532610198,0.03843141475439174,0.00563693540073598,0.8634062140391254,0.30516703748230617,0.038034677871372755,0.15510340482368565,1.0,VALID,pope,Platt Scaling (1D),48
0.0347568537260809,3.47568537260809,0.04715928701193665,4.715928701193665,0.04255868036438316,0.09417203046593564,0.03209958765237736,0.12627051532610198,0.0348974893947934,0.003516432996934511,0.8634062140391254,0.3063791804003086,0.038178917160646406,0.15290559731154013,1.0,VALID,pope,Quadratic Platt (Logit-Only),48
0.04281093665766593,4.281093665766593,0.044410309332809816,4.441030933280982,0.039333165476423404,0.09368694681175765,0.032584671306555346,0.12627051532610198,0.03843141475439174,0.005588545836240381,0.8634062140391254,0.30503394694935126,0.038034677871372755,0.1555176340730337,1.0,VALID,pope,Beta Calibration,48
0.06353590848770588,6.353590848770588,0.06767160946626066,6.767160946626066,0.05949285265512109,0.1019237090405602,0.024347909077752805,0.12627051532610198,0.035103977240394234,0.011543911657656438,0.8638377445339471,0.32193466440697344,0.04027157834820487,0.1032582427160046,0.9949748828199989,VALID,pope,Spline Calibration,48
0.06334315362335248,6.334315362335248,0.04615122532244084,4.615122532244084,0.045609196757713376,0.09469359989289267,0.031578018225420335,0.12627051532610198,0.03989144893849255,0.008744590808792729,0.864614499424626,0.3072363151573518,0.03832320672477719,0.14042290620118192,0.9970615358467441,VALID,pope,Adaptive TS (ATS),48
0.0026087326631670455,0.26087326631670454,0.09395383069727312,9.39538306972731,0.014842308039007455,0.12559649637289663,0.0006751217454163683,0.12627051532610198,0.0022470228382631668,0.0016946353059140065,0.49683544303797467,0.4171896724432754,0.2119872173970243,0.015576914374513017,0.08619668328236368,COLLAPSED,pope,Probability Margin (1D),48
0.009314157437728697,0.9314157437728697,0.009314157437728697,0.9314157437728697,0.017735829147309687,0.12117671086023772,0.005094907258075279,0.12627051532610198,0.005239448952228897,0.00014564448636466068,0.6334867663981587,0.4006563978586761,0.10039922895725946,0.06091596786801556,0.4000327004126576,VALID,pope,MSSC (Multi-Scale Proxy),48
0.001058314890038048,0.10583148900380479,0.10151809694050164,10.151809694050163,0.006380228240423537,0.12622443830581104,4.71798125019629e-05,0.12627051532610198,0.0,1.1200304064762454e-06,0.5668009205983889,0.4194740317271291,0.10240302714198707,0.0005047013209661537,0.011922114632002873,COLLAPSED,pope,MSE-EIGEN (Multi-Scale),48
0.04401506934174673,4.401506934174673,0.04074859553494424,4.074859553494424,0.04164300225799162,0.09387882029802089,0.03239279782029211,0.12627051532610198,0.0380471807462074,0.0054912838898613005,0.8643843498273878,0.30550443427417323,0.037863077914688986,0.15195867104667965,0.9994340679131446,VALID,pope,Residual Calibrator,48
0.04333345463997336,4.333345463997336,0.039921557238455016,3.9921557238455017,0.035266090536123375,0.09414347403734986,0.032128144080963136,0.12627051532610198,0.035398157372834436,0.0038152263112392463,0.8604718066743383,0.30576114027367784,0.038805743170781073,0.1572540256336893,0.9822704574932027,VALID,pope,Trajectory LR,48
0.039590631149854325,3.9590631149854323,0.0455214849214802,4.55214849214802,0.035477461557850004,0.09427015503940081,0.03200146307891219,0.12627051532610198,0.03418630052542644,0.0030025724580376154,0.8604718066743383,0.306113880672165,0.03872930969325703,0.15630715022433547,0.981863794781148,VALID,pope,Trajectory LR (No Bias),48
0.04089762261820337,4.089762261820337,0.04113862140076549,4.113862140076549,0.039569963769043,0.0935839926567367,0.0326876254615763,0.12627051532610198,0.03863157377295047,0.005592274987205415,0.8649021864211738,0.30465287507348426,0.037817305012666357,0.15651207083375387,0.9956486149821212,VALID,pope,VCPS-5D (Our Method),48
0.03519952740966886,3.519952740966886,0.038332753332554544,3.8332753332554543,0.039756336603836956,0.0935763436153341,0.032695274502978905,0.12627051532610198,0.036706223331001354,0.0034117819110012436,0.8645569620253163,0.30466355943250556,0.03765993769768868,0.15797874316657373,0.9893395267637484,VALID,pope,VCPS-17D (Our Method),48
0.059864709640770244,5.986470964077024,0.05449574719863439,5.449574719863439,0.05374474997220657,0.11435973161791678,0.011911886500396221,0.12627051532610198,0.017308476371945797,0.006049692696473662,0.7879746835443038,0.3644337349322024,0.04920781817952023,0.13062369577421112,1.0,VALID,pope,Naive Confidence (NC),49
0.038550172810709805,3.8550172810709804,0.037701110376109646,3.7701110376109646,0.03317176347793101,0.11119654332457542,0.015075074793737583,0.12627051532610198,0.017751362086155083,0.002994621137313425,0.7879746835443038,0.34971451730120523,0.04920781817952023,0.13667033929010547,1.0,VALID,pope,Temperature Scaling (TS),49
0.04453132407100209,4.453132407100209,0.04562986280023553,4.562986280023553,0.04280164980902262,0.11270616574928889,0.013565452369024109,0.12627051532610198,0.018127061849951536,0.004618311311784936,0.7879746835443038,0.3518361974243595,0.04986965113049531,0.15937388238443287,1.0,VALID,pope,Platt Scaling (1D),49
0.05584154341151896,5.584154341151896,0.0475318004728424,4.75318004728424,0.044878805686412865,0.11344428804746183,0.01282733007085117,0.12627051532610198,0.021266886303047343,0.009257100536001392,0.7879746835443038,0.3540531085047948,0.050116567268352216,0.16105716448248633,1.0,VALID,pope,Quadratic Platt (Logit-Only),49
0.05012966126601985,5.012966126601985,0.05017844019181375,5.017844019181375,0.04625310213632056,0.11444333335185786,0.011828284766455144,0.12627051532610198,0.021312732149741175,0.010125562576648916,0.7879746835443038,0.3564782179221151,0.050431691392681825,0.16234904237000283,1.0,VALID,pope,Beta Calibration,49
0.06340047449094816,6.340047449094816,0.059899317664743004,5.9899317664743,0.058433352959698384,0.11563656811636688,0.010635050001946117,0.12627051532610198,0.019678059009925968,0.010150365912584862,0.7879746835443038,0.36679595326340847,0.049204185540989556,0.09527794680656132,0.993969409303899,VALID,pope,Spline Calibration,49
0.03542438862438342,3.5424388624383423,0.047943647268805074,4.794364726880508,0.029429799679290027,0.11075424854199875,0.01551736957631425,0.12627051532610198,0.01777818510806293,0.0025263165120443204,0.7888952819332566,0.3484214192959544,0.04912337764623272,0.13589370685470664,0.9975462756687623,VALID,pope,Adaptive TS (ATS),49
0.007474707560565039,0.7474707560565039,0.08006031454553852,8.006031454553852,0.010927883954010254,0.12662810673150246,-0.00035648861318945957,0.12627051532610198,0.002076210861083796,0.0024879226742712565,0.6428653624856157,0.42024221086417646,0.12192143790681907,0.01898071006398604,0.09641751312694999,COLLAPSED,pope,Probability Margin (1D),49
0.03187221574926729,3.187221574926729,0.03187221574926729,3.187221574926729,0.03405310111424891,0.12606266172333433,0.00020895639497867102,0.12627051532610198,0.0013769088845335426,0.0011690552817658919,0.5702243958573072,0.4185051013905486,0.11742303538710885,0.07120900408283026,0.3850466352722802,COLLAPSED,pope,MSSC (Multi-Scale Proxy),49
0.001066773027593837,0.1066773027593837,0.07779578804571714,7.779578804571714,0.007211617562157432,0.12624429006172042,2.732805659258486e-05,0.12627051532610198,0.0,1.1380046924017213e-06,0.512428078250863,0.41955288730672063,0.12103910742088382,0.0006377982182766185,0.01627391567544816,COLLAPSED,pope,MSE-EIGEN (Multi-Scale),49
0.037342738837892624,3.734273883789262,0.043333212680827335,4.3333212680827335,0.040458145058559686,0.1122342250583632,0.014037393059949804,0.12627051532610198,0.017663044281441654,0.004268378528522641,0.7884925201380897,0.35075982912154396,0.049847469375209286,0.15943544169027205,0.9994501063127864,VALID,pope,Residual Calibrator,49
0.024895245457286094,2.4895245457286093,0.03954770530517717,3.954770530517717,0.03251358253490049,0.10988389415513942,0.016387723963173575,0.12627051532610198,0.019244529996890483,0.0026937927731182478,0.7998849252013809,0.3458623489442766,0.048153611552254706,0.1622962140351424,0.9847842771765049,VALID,pope,Trajectory LR,49
0.027718733054087796,2.7718733054087794,0.04031919405416997,4.031919405416997,0.022246028189148014,0.10746942814773897,0.018802189970574035,0.12627051532610198,0.02098623631242857,0.001483633603829618,0.8033947065592635,0.3414483831941412,0.04709530977591257,0.15142452646152144,0.9833311713581596,VALID,pope,Trajectory LR (No Bias),49
0.038852031989323334,3.8852031989323335,0.050948157203976274,5.094815720397627,0.03808865141166647,0.11191156258939892,0.014360055528914076,0.12627051532610198,0.01902685225855273,0.0038056340211547347,0.7899309551208287,0.34980510647396973,0.04961660170663191,0.16001142628898232,0.9969942670058217,VALID,pope,VCPS-5D (Our Method),49
0.038655204871112736,3.8655204871112736,0.05420230146160913,5.420230146160913,0.036426178112034864,0.11162980957955171,0.014641808538761292,0.12627051532610198,0.019684525292997492,0.005361048213647637,0.792059838895282,0.3491567243082163,0.04937388220535892,0.16080209142146806,0.9921361677768008,VALID,pope,VCPS-17D (Our Method),49
0.05616502194713065,5.616502194713065,0.05476104883813472,5.4761048838134725,0.044022318787966225,0.10210391415890309,0.024167703959409884,0.12627051532610198,0.031474051170790766,0.006780741369220254,0.8489930955120829,0.32718551384178307,0.038020098909628076,0.13015574224200163,1.0,VALID,pope,Naive Confidence (NC),50
0.033952654895063696,3.3952654895063694,0.04702053576285095,4.7020535762850955,0.02935494036357795,0.09944545756246666,0.026826160555846315,0.12627051532610198,0.02929606175459616,0.003009185557845255,0.8489930955120829,0.316688494703379,0.038020098909628076,0.13718269179945897,1.0,VALID,pope,Temperature Scaling (TS),50
0.020919701351073003,2.0919701351073003,0.0435396545964944,4.35396545964944,0.02664089397361464,0.09871097756008292,0.027560640558230057,0.12627051532610198,0.028617154702767378,0.0016543266747023465,0.8489930955120829,0.31471889720337615,0.037975464319324685,0.15099782850157045,1.0,VALID,pope,Platt Scaling (1D),50
0.020874155338003176,2.0874155338003177,0.04347089282759692,4.347089282759692,0.02658176343955406,0.09869900606896471,0.027572612049348258,0.12627051532610198,0.028617154702767378,0.0016358858729884791,0.8489930955120829,0.31475764979845444,0.037975464319324685,0.15105929834710735,1.0,VALID,pope,Quadratic Platt (Logit-Only),50
0.031688636132826464,3.1688636132826464,0.04226009405710432,4.226009405710432,0.026521754322537124,0.09866242994442223,0.027609188173890742,0.12627051532610198,0.030664276984857783,0.002594066349573034,0.8489930955120829,0.3148747541389741,0.0380136148032437,0.15214345980492694,1.0,VALID,pope,Beta Calibration,50
0.05863266239789873,5.863266239789873,0.07398775714116343,7.398775714116343,0.06107640606285258,0.10751413384114528,0.018757484277167696,0.12627051532610198,0.028295306460786207,0.010194651147683712,0.8489930955120829,0.34206807208827816,0.038020098909628076,0.09549086481074745,0.9889255888895496,VALID,pope,Spline Calibration,50
0.02823774617642597,2.823774617642597,0.04874974715365747,4.874974715365747,0.030166331656311683,0.09955139148648076,0.02672022663183221,0.12627051532610198,0.028364123728150375,0.0020252964950473176,0.8470655926352129,0.31689106778238285,0.0385408251976399,0.1370154177622909,0.9975298850422931,VALID,pope,Adaptive TS (ATS),50
0.005241726096980912,0.5241726096980912,0.10958759506435783,10.958759506435783,0.010921719447396396,0.12547062558044486,0.0008009925378681115,0.12627051532610198,0.003987906630449787,0.0032769925636809234,0.5645857307249713,0.4170175350830133,0.1756579441167694,0.013804821753884275,0.11419316564476223,COLLAPSED,pope,Probability Margin (1D),50
0.024996505469974326,2.4996505469974326,0.024996505469974326,2.4996505469974326,0.028036565709310478,0.12514572081486505,0.0011258973034479203,0.12627051532610198,0.001814178902899451,0.0006893843916625823,0.5797180667433832,0.41531634462454586,0.10423650147625313,0.06884340123170592,0.4052369363301498,VALID,pope,MSSC (Multi-Scale Proxy),50
0.0010738435822496006,0.10738435822496006,0.08259596619335327,8.259596619335326,0.006961756169785475,0.126238345996274,3.3272122038963126e-05,0.12627051532610198,0.0,1.1531400391386547e-06,0.5173762945914844,0.41952929363261776,0.11909561903374014,0.0006225957711783471,-0.02982925980269089,COLLAPSED,pope,MSE-EIGEN (Multi-Scale),50
0.031230212400073974,3.1230212400073976,0.04410594891295316,4.410594891295316,0.0280587201989078,0.09875277069557392,0.02751884742273905,0.12627051532610198,0.029780729396632673,0.0034296140085995743,0.8478711162255467,0.3148952437442069,0.03831402711265321,0.15105236159263588,0.9994691999371538,VALID,pope,Residual Calibrator,50
0.029514801788166813,2.951480178816681,0.037959683708878825,3.7959683708878824,0.03129301961511451,0.09912821011876054,0.027143407999552435,0.12627051532610198,0.029026081713650273,0.002281479176043832,0.8430955120828538,0.3174552429493649,0.0397222793777518,0.1558522909009084,0.9815638186467542,VALID,pope,Trajectory LR,50
0.04295517824640783,4.295517824640783,0.030635129468614995,3.0635129468614997,0.03552360378477068,0.09828388153504176,0.02798773658327121,0.12627051532610198,0.035431534288638315,0.006372238886156892,0.8470080552359034,0.31525892624641166,0.03911244120366249,0.1517997602762904,0.9811403535827689,VALID,pope,Trajectory LR (No Bias),50
0.038050725674958735,3.8050725674958734,0.03623606294945314,3.623606294945314,0.027754720810282768,0.09875744180008622,0.027514176318226752,0.12627051532610198,0.03082260487126122,0.003859636627128799,0.8474683544303797,0.31470134964313967,0.038443059501960565,0.1518410745199019,0.997048728150778,VALID,pope,VCPS-5D (Our Method),50
0.03418929919051933,3.4189299190519327,0.04021053724595728,4.021053724595728,0.0299169733036442,0.09839750651737061,0.02787411160094236,0.12627051532610198,0.03273730614643388,0.005028270928445187,0.8491944764096663,0.3134391753613584,0.0380668621361882,0.15221935682604512,0.9908880399612996,VALID,pope,VCPS-17D (Our Method),50
0.057609263456092685,5.760926345609269,0.050131080285558155,5.013108028555815,0.045917732824485566,0.10745532365142679,0.018816294466886208,0.12627051532610198,0.02697691252688365,0.008155129081850026,0.8186708860759494,0.3476484218070288,0.04444431470763715,0.13084127007388682,1.0,VALID,pope,Naive Confidence (NC),51
0.026012856111224662,2.6012856111224663,0.03248494896302051,3.2484948963020512,0.017906003633475262,0.10449416083688377,0.021777457281429227,0.12627051532610198,0.026569896077984014,0.004758825740924137,0.8186708860759494,0.33277526425935994,0.04444431470763715,0.13621448186439472,1.0,VALID,pope,Temperature Scaling (TS),51
0.022917906440380772,2.2917906440380773,0.0329385820010125,3.2938582001012495,0.02029977163802944,0.10439493174094874,0.021876686377364257,0.12627051532610198,0.02371995901610199,0.0030008499795581883,0.8186708860759494,0.3320037588482449,0.04470000535030665,0.15352151108378728,1.0,VALID,pope,Platt Scaling (1D),51
0.02848669078794296,2.848669078794296,0.034200487650848654,3.420048765084865,0.021323564502777677,0.10447254710850412,0.02179907100980888,0.12627051532610198,0.0260032953893802,0.005156107096612127,0.8186708860759494,0.33237561252658204,0.04460528599599618,0.1542835859067697,1.0,VALID,pope,Quadratic Platt (Logit-Only),51
0.02805596690284196,2.805596690284196,0.03642674751824873,3.642674751824873,0.023784331859301146,0.10466779843684788,0.021603819681465117,0.12627051532610198,0.026512301680766973,0.004547644027773048,0.8186708860759494,0.33299251435701227,0.044421328168766344,0.15610862855833113,1.0,VALID,pope,Beta Calibration,51
0.059956557715326084,5.995655771532609,0.0671451217483483,6.71451217483483,0.062358950624406315,0.11141237742576321,0.014859240692549791,0.12627051532610198,0.023532593680487324,0.010264525867046128,0.8163118527042578,0.3582884709771637,0.053916624227503665,0.09431562500448581,0.9939694100146348,VALID,pope,Spline Calibration,51
0.027654230914065568,2.7654230914065567,0.03381870575045972,3.381870575045972,0.01707931969505214,0.10438298666687928,0.021888631451433715,0.12627051532610198,0.026701153232226674,0.004757109943092849,0.8198504027617952,0.3316521333505003,0.04380686588794175,0.13541004654085867,0.9969745275879233,VALID,pope,Adaptive TS (ATS),51
0.011667785244711435,1.1667785244711435,0.08824395072808053,8.824395072808052,0.016909715738624397,0.1281293076561998,-0.0018576895378867864,0.12627051532610198,0.00021406748577761962,0.0019327182840850885,0.5589758342922899,0.4241375062843358,0.17014273576145145,0.03944133179068043,0.0838471647865907,COLLAPSED,pope,Probability Margin (1D),51
0.003967222035286515,0.3967222035286515,0.003967222035286515,0.3967222035286515,0.016604912044159266,0.12251770933746392,0.00375390878084908,0.12627051532610198,0.0037885651498761243,3.575916123807355e-05,0.6172612197928654,0.40531953197853837,0.11063183239890421,0.06602572743683247,0.41239612829166233,VALID,pope,MSSC (Multi-Scale Proxy),51
0.0011421219502892876,0.11421219502892876,0.09585867060335396,9.585867060335396,0.006633830877048597,0.1262304869777402,4.1131140572803204e-05,0.12627051532610198,0.0,1.304442549332606e-06,0.5495397008055235,0.4194979685012144,0.10912562260925741,0.000575050531458715,0.0014996351079818455,COLLAPSED,pope,MSE-EIGEN (Multi-Scale),51
0.018996246801263043,1.8996246801263044,0.041356501518732144,4.1356501518732145,0.019853739141779868,0.10410754367335613,0.02216407444495687,0.12627051532610198,0.025595022871432015,0.003433967513991135,0.8186996547756041,0.3311941694269972,0.04419335845127384,0.1523881194896901,0.9993444751024569,VALID,pope,Residual Calibrator,51
0.02331922945165665,2.331922945165665,0.04248510293265001,4.248510293265001,0.021644126266721547,0.10229116650948263,0.023980451608830375,0.12627051532610198,0.027389980701787518,0.0022685350164837735,0.8239930955120828,0.3269396750042553,0.0427535053388413,0.1581952607500473,0.9821109499682645,VALID,pope,Trajectory LR,51
0.025064557953036457,2.5064557953036455,0.033627211943781446,3.3627211943781448,0.018147022497275563,0.10169912256877339,0.024572495549539608,0.12627051532610198,0.027375545319058676,0.002531379473320005,0.825373993095512,0.32635546527186254,0.04313464499364373,0.15060022824669175,0.9815484839914639,VALID,pope,Trajectory LR (No Bias),51
0.024958942876967788,2.4958942876967787,0.03591018349319895,3.5910183493198953,0.018833944968550162,0.10404484826171352,0.02222676985659948,0.12627051532610198,0.027263879977745216,0.0046369195849288005,0.8200230149597239,0.330315621556247,0.04380415829376929,0.1545783523034762,0.9960519282877687,VALID,pope,VCPS-5D (Our Method),51
0.027100527952252686,2.7100527952252684,0.02331514198079785,2.331514198079785,0.019149667162076396,0.10382045776299284,0.02245116035532016,0.12627051532610198,0.027611058468541755,0.004662669896422175,0.8202531645569621,0.3296278743299553,0.043546272397557734,0.15567853650698074,0.9912525789482224,VALID,pope,VCPS-17D (Our Method),51
0.2329019049164092,23.29019049164092,0.23041587396718494,23.041587396718494,0.23058382210431763,0.2528901407673513,-0.020099992758800367,0.23278967748259974,0.03590534619232787,0.058768717746326526,0.7751546256086327,0.9476413981637367,0.16760018355185535,0.17932674731667134,1.0,COLLAPSED,scienceqa,Naive Confidence (NC),42
0.10470538400902552,10.470538400902552,0.10436711876940452,10.436711876940452,0.08943749354018443,0.19372665269891803,0.03906349530963288,0.23278967748259974,0.05092800850818724,0.013080526657324513,0.7751546256086327,0.5604951776335847,0.16760018355185535,0.1405331856397894,1.0,VALID,scienceqa,Temperature Scaling (TS),42
0.07747891324026825,7.747891324026825,0.06511323585819348,6.511323585819348,0.04705745386165574,0.18508427062786223,0.04770587738068868,0.23278967748259974,0.05443265661795848,0.007703339708262565,0.7751546256086327,0.536616213627842,0.148384057681393,0.24388756150543486,1.0,VALID,scienceqa,Platt Scaling (1D),42
0.05002020328567625,5.0020203285676255,0.05902622257792924,5.902622257792924,0.02905835784330866,0.18390516166156518,0.04888498634698574,0.23278967748259974,0.053458264472271304,0.004979108354910067,0.7711804184761153,0.529207013840027,0.15356191601812938,0.2368860413283439,0.9971833902830697,VALID,scienceqa,Quadratic Platt (Logit-Only),42
0.05966649507588056,5.9666495075880555,0.0506162408511954,5.06162408511954,0.04268373296220864,0.18636401978568473,0.04642612822286618,0.23278967748259974,0.04976896378183522,0.004596021534052428,0.7612317410185552,0.5367997537758767,0.15639169056491486,0.23862967869461998,0.9218788899678685,VALID,scienceqa,Beta Calibration,42
0.07629979937149192,7.6299799371491925,0.07971401756412899,7.971401756412899,0.06509274323113291,0.19386680259331976,0.03892334541523115,0.23278967748259974,0.05094343406044562,0.012973641316346169,0.7727069351230424,0.5770435390559253,0.1603180480995018,0.23734660868464214,0.9946402291199085,VALID,scienceqa,Spline Calibration,42
0.10126866736358821,10.12686673635882,0.10119788360017504,10.119788360017504,0.0895472410570669,0.19249325447279853,0.04029689353575239,0.23278967748259974,0.05282612851309598,0.012695845355021634,0.7776023160942229,0.55668611889866,0.16654523970446727,0.14282842179355565,0.9981441897670875,VALID,scienceqa,Adaptive TS (ATS),42
0.013610708189722917,1.3610708189722918,0.21702128354951075,21.702128354951075,0.015883121336530977,0.23183882633415795,0.0009513216743929631,0.23278967748259974,0.005315673800824532,0.0043593846266534305,0.5134886169232794,0.6564103351537705,0.42829631341569613,0.02448650595400905,-0.13824839358754767,COLLAPSED,scienceqa,Probability Margin (1D),42
0.030502765630623697,3.05027656306237,0.030502765630623697,3.05027656306237,0.03616800207049216,0.21726906213938385,0.015521085869167062,0.23278967748259974,0.01677962298877827,0.0012590076455623348,0.6223582050269771,0.6258354373664095,0.3060131688815113,0.09405630097390992,0.4616768670405984,VALID,scienceqa,MSSC (Multi-Scale Proxy),42
0.0008484128300979554,0.08484128300979554,0.19154927704074523,19.154927704074524,0.017728030696566126,0.23218406089437768,0.0006060871141732316,0.23278967748259974,0.0,7.198043302748222e-07,0.7386235030925121,0.657019641931351,0.1821048524795778,0.003794986755980474,0.7136840139805917,COLLAPSED,scienceqa,MSE-EIGEN (Multi-Scale),42
0.06167855580205375,6.167855580205376,0.07229538139904498,7.2295381399044985,0.04024514709461547,0.18277925046551188,0.05001089754303903,0.23278967748259974,0.0557794184120389,0.006052111246559058,0.779918410317147,0.5312902279148208,0.14547189991846132,0.2392937607104932,0.9958146679346334,VALID,scienceqa,Residual Calibrator,42
0.05650820847144071,5.650820847144071,0.061630273134120485,6.163027313412049,0.034636412844490906,0.17955034334390585,0.05323980466464506,0.23278967748259974,0.057953789271263906,0.00632588264474288,0.7828398473483352,0.5224528907768582,0.14262646608328022,0.24321415402926322,0.9421446723960392,VALID,scienceqa,Trajectory LR,42
0.05249541622758377,5.249541622758377,0.0786971072257771,7.869710722577709,0.04281991357507201,0.18445205629028935,0.04833809171826156,0.23278967748259974,0.05203048505278074,0.005007941241665129,0.7707329911830504,0.5333642241285422,0.15102129746656864,0.23519702626238037,0.9142010566334721,VALID,scienceqa,Trajectory LR (No Bias),42
0.050493605425405645,5.0493605425405645,0.07512466161654666,7.5124661616546655,0.040477610363419916,0.18190120200425686,0.050888946004294056,0.23278967748259974,0.054842889851636184,0.0042190862324003615,0.7810764574286091,0.5284111427712654,0.14425450587580235,0.243647515884262,0.9949360357400246,VALID,scienceqa,VCPS-5D (Our Method),42
0.0443927861735113,4.43927861735113,0.052414421836779,5.241442183677901,0.038122570402998254,0.18120808573034483,0.05158206227820608,0.23278967748259974,0.05465931791343524,0.002839730043222435,0.7831819976312672,0.5267735477243378,0.14301746671194665,0.24400130125015895,0.9878285418791214,VALID,scienceqa,VCPS-17D (Our Method),42
0.2475318369446415,24.753183694464152,0.24302703385600952,24.302703385600953,0.26191350570845173,0.26784424783932775,-0.03505409983077684,0.23278967748259974,0.0429356105301283,0.0808228169086284,0.7723516252138438,0.9204677523120989,0.16694258682577845,0.1622500722707998,1.0,COLLAPSED,scienceqa,Naive Confidence (NC),43
0.12959202192741406,12.959202192741406,0.13091220506731718,13.091220506731718,0.11299130934019094,0.1924561896522608,0.04033395835629011,0.23278967748259974,0.06284100586812648,0.022587033104747915,0.7723516252138438,0.5560872431602423,0.16694258682577845,0.1349115730859618,1.0,VALID,scienceqa,Temperature Scaling (TS),43
0.08090749524038127,8.090749524038127,0.08719275588861015,8.719275588861015,0.0705730068985504,0.1796030725989134,0.05318707540963752,0.23278967748259974,0.06381889404047754,0.009728748850432964,0.7723516252138438,0.5243888158775825,0.1434483087017906,0.23182167680530036,1.0,VALID,scienceqa,Platt Scaling (1D),43
0.06416421429745572,6.416421429745572,0.06668848353304828,6.668848353304828,0.050805886259219335,0.17521196447888399,0.057578183529666926,0.23278967748259974,0.06368666799569161,0.006707463920725159,0.7723253059613107,0.5112619551283831,0.1389601681793191,0.23214105626375303,0.999998180132157,VALID,scienceqa,Quadratic Platt (Logit-Only),43
0.04921330487553764,4.921330487553764,0.07779270169657326,7.779270169657327,0.053936444624499355,0.17556640822854697,0.057223739780003946,0.23278967748259974,0.06035162987463075,0.0035771627001972388,0.7703250427687852,0.513760970199391,0.13972130608602143,0.2336804231431781,0.9892292941578876,VALID,scienceqa,Beta Calibration,43
0.08024695050148677,8.024695050148676,0.09321221243398252,9.321221243398252,0.08601212568342634,0.18341606925905818,0.049374078749492734,0.23278967748259974,0.06061618585456548,0.011642310761570539,0.7713909724963811,0.5349538699037862,0.15119464518208833,0.22316461238896876,0.9930560709349778,VALID,scienceqa,Spline Calibration,43
0.12458858772802177,12.458858772802177,0.12365413024735802,12.365413024735803,0.11219471459683013,0.19138833303959957,0.041401814968951345,0.23278967748259974,0.06415290779828667,0.022364728980703935,0.7738913014870378,0.5527413613130207,0.16590881656439965,0.13722751166353175,0.9986137612303482,VALID,scienceqa,Adaptive TS (ATS),43
0.005065391272570307,0.5065391272570308,0.21298229469022673,21.298229469022672,0.01079558780955673,0.23144090254029395,0.00134924546825696,0.23278967748259974,0.0020718557004215273,0.0007466609561330545,0.5264376891696276,0.6555588767170186,0.3974871626949684,0.01835672218157852,-0.051792027688968546,COLLAPSED,scienceqa,Probability Margin (1D),43
0.008762482612168797,0.8762482612168797,0.008762482612168797,0.8762482612168797,0.023268838446772824,0.22221999177019278,0.010570156238358136,0.23278967748259974,0.010905409562720202,0.000335723850313211,0.5939597315436242,0.6362469652706828,0.2884546416853436,0.09352703854658008,0.41326287521077665,VALID,scienceqa,MSSC (Multi-Scale Proxy),43
0.0005020801034230082,0.050208010342300824,0.1999724279928554,19.997242799285537,0.017339165723426638,0.2321719352888443,0.0006182127197066067,0.23278967748259974,0.0,2.5208443025325866e-07,0.7558626135017765,0.6569943632764417,0.1736705423404854,0.003717820583315248,0.7310503425923814,COLLAPSED,scienceqa,MSE-EIGEN (Multi-Scale),43
0.08115039783856083,8.115039783856083,0.08637140901290433,8.637140901290433,0.06667608465899152,0.17777299194759005,0.05501715606096086,0.23278967748259974,0.06517559290871192,0.00979106210595672,0.7742334517699697,0.5203246896462992,0.14120820587944868,0.22832624824281114,0.9951884061320637,VALID,scienceqa,Residual Calibrator,43
0.06993895319282015,6.993895319282014,0.07108839489401442,7.108839489401442,0.05597451421583056,0.17464994719071372,0.05814020081783719,0.23278967748259974,0.06389692652983331,0.006884329091223535,0.7853928148440584,0.5107664868625748,0.13612578231130168,0.23917521624001786,0.9541199963475263,VALID,scienceqa,Trajectory LR,43
0.10538113079665987,10.538113079665987,0.10476704478807868,10.476704478807868,0.08549473736057553,0.18075008386328117,0.05204006414526974,0.23278967748259974,0.06769737877224058,0.01430870064177524,0.785234899328859,0.5251947094621965,0.14831633019244267,0.19487592735906825,0.9026701509248191,VALID,scienceqa,Trajectory LR (No Bias),43
0.08314685580655973,8.314685580655972,0.0815079775429815,8.15079775429815,0.06555402122442507,0.17730551397066696,0.05548463403788395,0.23278967748259974,0.0645813255183725,0.009905263771534886,0.7755230951440979,0.5180204567140906,0.1408100611491815,0.23469554641051063,0.9935270488537595,VALID,scienceqa,VCPS-5D (Our Method),43
0.08361223321038061,8.36122332103806,0.0857436343431583,8.574363434315831,0.06307710961095099,0.17710175384621868,0.05568839416233223,0.23278967748259974,0.06553999271415771,0.010286902006214627,0.7766548230030267,0.5171922482827913,0.14046352682776692,0.23651993465114146,0.9872293964695212,VALID,scienceqa,VCPS-17D (Our Method),43
0.2590864673994555,25.908646739945553,0.2568256673541399,25.682566735413992,0.2664100950084252,0.27234744829513224,-0.03955730028658133,0.23278967748259974,0.03523443492002684,0.07789894501630225,0.7696012633241216,1.0528893622015234,0.173229828904486,0.15647069063766275,1.0,COLLAPSED,scienceqa,Naive Confidence (NC),44
0.10854273715677704,10.854273715677703,0.11699472486488015,11.699472486488014,0.10123441182499762,0.19745739802001566,0.03533274998853525,0.23278967748259974,0.0501159075608905,0.0158693672994562,0.7696012633241216,0.568840976420824,0.173229828904486,0.1372836835048984,1.0,VALID,scienceqa,Temperature Scaling (TS),44
0.06217496030948469,6.217496030948469,0.07536212048177787,7.536212048177787,0.05264848172070358,0.18501933350206856,0.04777081450648235,0.23278967748259974,0.05730085685856735,0.008939922359418782,0.7696012633241216,0.5393145910223702,0.1524291993287228,0.2345481964882646,1.0,VALID,scienceqa,Platt Scaling (1D),44
0.049501756035955545,4.950175603595555,0.05429138441249876,5.429138441249877,0.03876352062265932,0.18182035287357778,0.05096979513497313,0.23278967748259974,0.05410986581647277,0.0035819027846691652,0.76918015528359,0.5323301247650148,0.1503638861729912,0.23984715693654535,0.9998320261828051,VALID,scienceqa,Quadratic Platt (Logit-Only),44
0.04502433617129382,4.502433617129382,0.06297236236389771,6.297236236389771,0.04516857919716847,0.183140278965073,0.0496498690434779,0.23278967748259974,0.05289272056410049,0.003713414479614524,0.7677062771417291,0.5346949314614949,0.1509150998768955,0.24004855758193272,0.9788480381094921,VALID,scienceqa,Beta Calibration,44
0.09656451589185919,9.656451589185918,0.09364276685825716,9.364276685825716,0.09128734676684765,0.1952798907871982,0.037510257221352705,0.23278967748259974,0.054699765550230026,0.017685617062645938,0.7644295302013422,0.5873280750975258,0.18740093984250983,0.23217850599885134,0.9868109760895353,VALID,scienceqa,Spline Calibration,44
0.10940808626139048,10.940808626139049,0.11487046159696193,11.487046159696193,0.09908191460847085,0.19620590455710998,0.03658424345144093,0.23278967748259974,0.05409458898202989,0.01726789108967635,0.7738913014870378,0.5654990851545287,0.17140569168883962,0.1389906291086358,0.9982683047539812,VALID,scienceqa,Adaptive TS (ATS),44
0.010237122936094717,1.0237122936094716,0.1995083227705265,19.950832277052648,0.019247572901107794,0.23457992367222902,-0.001789775663678106,0.23278967748259974,0.004306249794742798,0.006094563472354843,0.5454928280036847,0.662990029343932,0.39989114927144287,0.04800771636890449,-0.10510075381669622,COLLAPSED,scienceqa,Probability Margin (1D),44
0.012436574429673893,1.2436574429673892,0.012436574429673893,1.2436574429673892,0.02641939364088127,0.22438098458666145,0.008409163421889465,0.23278967748259974,0.008768103749379587,0.000359410853441294,0.5894854586129754,0.6406456126490271,0.2991703041680765,0.1041680857073239,0.3749277832689193,VALID,scienceqa,MSSC (Multi-Scale Proxy),44
0.000626675910606056,0.0626675910606056,0.18540307603607856,18.540307603607857,0.01572265276489649,0.2321864019166516,0.0006037460918993098,0.23278967748259974,0.0,3.927226969339295e-07,0.7317278589288065,0.657026609808132,0.18593160148729254,0.003921599547986269,0.7065777030337864,COLLAPSED,scienceqa,MSE-EIGEN (Multi-Scale),44
0.050101661856598145,5.0101661856598145,0.06870187948556927,6.870187948556927,0.04540298260255915,0.18225495429269262,0.050535193715858295,0.23278967748259974,0.055985934695760756,0.004588690875386926,0.7759442031846295,0.5332382803577651,0.14814854258747762,0.231469984802129,0.9979636588770602,VALID,scienceqa,Residual Calibrator,44
0.06662110030295104,6.662110030295104,0.0599985224185198,5.99985224185198,0.03675072407728192,0.17847808878847754,0.05431205922007337,0.23278967748259974,0.06181493030439576,0.007663948634269354,0.7874457165416502,0.5242062410277508,0.1413307676715184,0.24018708182934886,0.9638950049086424,VALID,scienceqa,Trajectory LR,44
0.0879567207413721,8.79567207413721,0.08608746783815403,8.608746783815404,0.07487114225342782,0.19012231586555303,0.04266783214299788,0.23278967748259974,0.05416189149745654,0.011623306634414791,0.7777865508619555,0.5514650130635752,0.16373991277815725,0.16924681943949144,0.9278406931367089,VALID,scienceqa,Trajectory LR (No Bias),44
0.046589811364208665,4.658981136420866,0.055294542221279795,5.529454222127979,0.045800798519586926,0.1815887245920722,0.05120142341647871,0.23278967748259974,0.053233690868900785,0.0031951589337082444,0.7779707856296881,0.5314653984131036,0.14603669224884844,0.23622677737456166,0.996188377796197,VALID,scienceqa,VCPS-5D (Our Method),44
0.0560777474178148,5.60777474178148,0.05627417804114614,5.627417804114614,0.04190855294910215,0.1808268622028152,0.051963285805735726,0.23278967748259974,0.05711769194119092,0.005877358083567674,0.7802342413475457,0.5298029262337809,0.144694956930738,0.2373091411563709,0.9911844691750371,VALID,scienceqa,VCPS-17D (Our Method),44
0.2583370700773626,25.833707007736262,0.24745445049340187,24.745445049340187,0.2447082864868108,0.2763126937811399,-0.04352254577258899,0.23278967748259974,0.026284420108663942,0.07227567496214529,0.7385971838399789,1.0625302946966282,0.1834050898316494,0.16520279294807655,0.9999999999999999,COLLAPSED,scienceqa,Naive Confidence (NC),45
0.1027434745302906,10.27434745302906,0.11711679692127526,11.711679692127525,0.09419683867679657,0.20319160782055745,0.029598540187993433,0.23278967748259974,0.043954347211726336,0.015482328064106553,0.7385971838399789,0.5809197233574805,0.1834050898316494,0.1385818181140313,0.9999999999999999,VALID,scienceqa,Temperature Scaling (TS),45
0.08413018718349544,8.413018718349544,0.10332018589159706,10.332018589159706,0.07791115970860493,0.1985112206180502,0.034278927390500674,0.23278967748259974,0.045709965901977505,0.010969325013374168,0.7385971838399789,0.565788310835074,0.17264600519152787,0.24098627553966667,0.9999999999999999,VALID,scienceqa,Platt Scaling (1D),45
0.06775837042189896,6.775837042189896,0.09060051980943389,9.060051980943388,0.0653945214731368,0.1933428468832349,0.039447301125316,0.23278967748259974,0.04496615904024204,0.006624781381919612,0.7385971838399789,0.5511735728601085,0.17130135110986242,0.24065216088434865,0.9999999999999999,VALID,scienceqa,Quadratic Platt (Logit-Only),45
0.0833381750866147,8.33381750866147,0.08946247008232758,8.946247008232758,0.07309505723182055,0.19660107808486588,0.03618906992368501,0.23278967748259974,0.0464253179029368,0.009617259227711873,0.7304118963021451,0.5598037829039288,0.17686152162627217,0.2423232524475233,0.9767244383660864,VALID,scienceqa,Beta Calibration,45
0.1084625387193693,10.84625387193693,0.12075855860259907,12.075855860259907,0.09788470123640032,0.21010191819003826,0.022688229818512623,0.23278967748259974,0.04247177803995936,0.01972412433367672,0.7368074746677193,0.6193081084352747,0.19002560262998125,0.2333139075143971,0.9916802613864736,VALID,scienceqa,Spline Calibration,45
0.09675108784068101,9.675108784068101,0.11933435302060813,11.933435302060813,0.09250283129273419,0.20269521534604334,0.03009493266250754,0.23278967748259974,0.04224832747296317,0.012991569035318205,0.7380707987893144,0.579004131699092,0.18400400756046312,0.14152025869915988,0.9978432748154881,VALID,scienceqa,Adaptive TS (ATS),45
0.0038941283315779883,0.38941283315779884,0.18088533396541331,18.088533396541333,0.00963108041770712,0.23285987702546387,-6.972901691298938e-05,0.23278967748259974,0.0003375240786737447,0.00040772362307157136,0.5259639426240295,0.6584688543258544,0.40252346548642665,0.0017301987992913268,-0.1332849612043121,COLLAPSED,scienceqa,Probability Margin (1D),45
0.02368161635658439,2.368161635658439,0.02368161635658439,2.368161635658439,0.03381748419783519,0.2276571197064481,0.005133028302102771,0.23278967748259974,0.005922711124947026,0.000878635640238095,0.5734965126990393,0.6474962296787092,0.34630410679316304,0.10500344558555487,0.4554633837060841,VALID,scienceqa,MSSC (Multi-Scale Proxy),45
0.0006348838281338143,0.06348838281338143,0.1624348539220788,16.24348539220788,0.00893711677687928,0.23235529160248022,0.00043485640607066056,0.23278967748259974,0.0,4.030774752258466e-07,0.6909066982497697,0.6573884305031031,0.2025216604886082,0.004197552811285718,0.7206162799902818,COLLAPSED,scienceqa,MSE-EIGEN (Multi-Scale),45
0.08199115506872746,8.199115506872747,0.09179971145770278,9.179971145770278,0.0718427109603296,0.19675437277676558,0.036035775231785305,0.23278967748259974,0.04750995465789081,0.01123687549947083,0.7391498881431766,0.5617242390150198,0.17208875359653653,0.2374812826319584,0.9967129550010418,VALID,scienceqa,Residual Calibrator,45
0.07977401223915183,7.977401223915183,0.1008839675560045,10.08839675560045,0.06750894145501728,0.19479255695810185,0.03799759105044903,0.23278967748259974,0.048141301858693926,0.011339615545152101,0.7437294380839585,0.557240869529929,0.16978552870095345,0.24263840186220206,0.9537173072145924,VALID,scienceqa,Trajectory LR,45
0.1070991221772465,10.70991221772465,0.10484184801625075,10.484184801625075,0.08149078565500101,0.20200181653280005,0.03078833147575083,0.23278967748259974,0.04617434342286326,0.015591264119493171,0.7339123568890643,0.5760629644412473,0.18104533893921698,0.19319232014681362,0.9323959194926936,VALID,scienceqa,Trajectory LR (No Bias),45
0.09073833325692823,9.073833325692823,0.08772395609756951,8.772395609756952,0.07369209943600882,0.1969858038655298,0.03580434414302108,0.23278967748259974,0.049366258683251854,0.013793083986232354,0.7401237004869061,0.5618795456020481,0.17197546967380217,0.24264544791957876,0.9949544168643498,VALID,scienceqa,VCPS-5D (Our Method),45
0.0945379296661913,9.45379296661913,0.08610591085609903,8.610591085609903,0.07323296193667159,0.19690027113103512,0.03588987687751577,0.23278967748259974,0.04999384087700144,0.014952464496255067,0.740228977497039,0.5615120431120293,0.1720435522091659,0.24247558266035316,0.9904025638295839,VALID,scienceqa,VCPS-17D (Our Method),45
0.23954628282549367,23.95462828254937,0.23965122181885318,23.965122181885317,0.25484457443023817,0.2512157535039379,-0.018425605495386993,0.23278967748259974,0.04434131816964697,0.06676397413476248,0.8164232135807343,0.8583428561524441,0.14638317779284596,0.17168599786174474,1.0,COLLAPSED,scienceqa,Naive Confidence (NC),46
0.14285668333063334,14.285668333063335,0.1560327789455977,15.603277894559769,0.1350389505770074,0.1842397735452427,0.04855037446330818,0.23278967748259974,0.07176559917711375,0.02392917338324235,0.8164232135807343,0.5370382556013282,0.14638317779284596,0.13621835738452986,1.0,VALID,scienceqa,Temperature Scaling (TS),46
0.07136144323397883,7.136144323397883,0.0821904939165844,8.219049391658439,0.06379225388712725,0.16601553143776593,0.06677461657078496,0.23278967748259974,0.07630741354343568,0.008804856646749341,0.8164232135807343,0.49195696397463445,0.11283439270203871,0.2297873094523481,1.0,VALID,scienceqa,Platt Scaling (1D),46
0.05695387172992708,5.695387172992708,0.06777249766539331,6.777249766539331,0.05767419443018121,0.16326622099578894,0.06952392701276194,0.23278967748259974,0.0755159792157028,0.006560591696527889,0.8154494012370048,0.48083554742297513,0.10993292461734169,0.22711187340458033,0.9997321154047565,VALID,scienceqa,Quadratic Platt (Logit-Only),46
0.05341905349236238,5.341905349236238,0.07795923749936633,7.795923749936633,0.06199689586738885,0.16423495900574778,0.06855518900280311,0.23278967748259974,0.07430948960206055,0.00563284619915244,0.8114488748519544,0.4852002848569852,0.11342224064348982,0.2283254937758848,0.9595983805721064,VALID,scienceqa,Beta Calibration,46
0.07950604846526989,7.950604846526989,0.08899240373199968,8.899240373199968,0.07499741228415992,0.17168474907163944,0.06110539893691144,0.23278967748259974,0.07338565488037349,0.01272424816954974,0.8162521384392684,0.49869051503294853,0.12603088867273224,0.22744009634956708,0.9928383795046403,VALID,scienceqa,Spline Calibration,46
0.1506615274403662,15.066152744036621,0.15402830561435238,15.402830561435238,0.13598767325391264,0.1828176468501145,0.04997250115843638,0.23278967748259974,0.07457005282146603,0.025867078997014063,0.8196868008948546,0.5329162530197861,0.14479297383252787,0.13789700880484845,0.9987330534467549,VALID,scienceqa,Adaptive TS (ATS),46
0.007766144646325504,0.7766144646325505,0.25758020647022845,25.758020647022846,0.0124179388570855,0.23460177144869473,-0.0018116234401438502,0.23278967748259974,0.0006767273816194981,0.0024870660592656957,0.51247532570075,0.6621480417965209,0.4446760878141234,0.023887549887261512,-0.15525691777308429,COLLAPSED,scienceqa,Probability Margin (1D),46
0.021345071605758797,2.13450716057588,0.021345071605758797,2.13450716057588,0.028872287254705996,0.21834648919459257,0.014443658813958316,0.23278967748259974,0.016623708956970462,0.002180520668963263,0.6179102513488618,0.6281073912375517,0.2720394299875647,0.09685357558853225,0.42856386296030363,VALID,scienceqa,MSSC (Multi-Scale Proxy),46
0.0008063646622237242,0.08063646622237242,0.2347182573740189,23.47182573740189,0.022831327496474388,0.23201190773778663,0.0007782402707642577,0.23278967748259974,0.0,6.502239684831808e-07,0.7858928806421897,0.6566529825452387,0.1609267272433862,0.003099001690511455,0.7027252567685844,COLLAPSED,scienceqa,MSE-EIGEN (Multi-Scale),46
0.06350513218081907,6.3505132180819075,0.06722924396448372,6.722924396448373,0.06348812531037104,0.16424017154505557,0.06854997646349531,0.23278967748259974,0.07425801300478532,0.006705487863397259,0.8190288195815238,0.4882237101961762,0.11050900891499468,0.22398043084834723,0.9958530214607563,VALID,scienceqa,Residual Calibrator,46
0.06391579860806905,6.391579860806905,0.0719204963434182,7.19204963434182,0.058829512931111,0.16321395499883104,0.06957619300971984,0.23278967748259974,0.07488032466861372,0.005277034707751267,0.8160021055402026,0.4831532893181464,0.11226548109284751,0.23158605195793033,0.9389381989686258,VALID,scienceqa,Trajectory LR,46
0.08361234310576579,8.36123431057658,0.09144859485727762,9.144859485727762,0.07274155043132687,0.16905035165767515,0.06373979635087573,0.23278967748259974,0.07148208829673422,0.008343260252651752,0.8191867350967232,0.49922376409250263,0.12291811359272475,0.19531081122825913,0.8924834313537029,VALID,scienceqa,Trajectory LR (No Bias),46
0.06969541981392012,6.969541981392012,0.06158832382789981,6.158832382789981,0.06273274389724205,0.1632625916368863,0.06952755637166458,0.23278967748259974,0.07595579516995082,0.007230444541300793,0.8195815238847217,0.48464355645148105,0.10953912891516786,0.23002675378339188,0.9944898493909243,VALID,scienceqa,VCPS-5D (Our Method),46
0.05785561880106057,5.785561880106057,0.0648485092860912,6.48485092860912,0.06142618681945184,0.16280102154682846,0.06998912646172242,0.23278967748259974,0.07487066198092454,0.005379390564191877,0.8200552704303197,0.48351232131191446,0.10913772441889096,0.23063362235841983,0.9893691960146622,VALID,scienceqa,VCPS-17D (Our Method),46
0.2566264301981076,25.66264301981076,0.24707588900138847,24.70758890013885,0.25999687674947836,0.2619244958604589,-0.029134347851907993,0.23278967748259974,0.050621359973508945,0.08223068609778625,0.7910251348861691,0.9598259915439689,0.16028466928973037,0.16868081231026957,1.0,COLLAPSED,scienceqa,Naive Confidence (NC),47
0.12324193093290996,12.324193093290996,0.12344613211644981,12.344613211644981,0.10552255681271572,0.19123671440351325,0.04155343360503766,0.23278967748259974,0.060897988384449465,0.01880025379973005,0.7910251348861691,0.553922501350508,0.16028466928973037,0.13661178498603108,1.0,VALID,scienceqa,Temperature Scaling (TS),47
0.06145183107956354,6.145183107956354,0.0736217084071727,7.362170840717271,0.043002065776200984,0.17615837908269388,0.05663176892585703,0.23278967748259974,0.05984232440732742,0.004750749191716155,0.7910251348861691,0.5172740965954857,0.13433363591174305,0.2316198749210638,1.0,VALID,scienceqa,Platt Scaling (1D),47
0.030582157244042972,3.058215724404297,0.06164987658629212,6.164987658629212,0.03166950270223734,0.17401588635113663,0.058774261657414284,0.23278967748259974,0.0611478404392832,0.0016355346871119417,0.789498618239242,0.5081586389515063,0.13325291753659038,0.22888076625237763,0.9991985299102216,VALID,scienceqa,Quadratic Platt (Logit-Only),47
0.03912975986434626,3.9129759864346263,0.05402129994420066,5.402129994420066,0.033088856459389984,0.17443017517250656,0.058359972836044355,0.23278967748259974,0.06068639280967895,0.002562271134387921,0.7866561389656533,0.5114334461958528,0.13511209209808583,0.23113772767907353,0.9668823969124113,VALID,scienceqa,Beta Calibration,47
0.0857808396945816,8.57808396945816,0.10824910142362823,10.824910142362823,0.08457667140282442,0.1862606551810173,0.0465294928275336,0.23278967748259974,0.056111373413958554,0.009792383535214855,0.7902618765627055,0.5566385238711714,0.15222738749305925,0.22796973451721622,0.9936828467918581,VALID,scienceqa,Spline Calibration,47
0.10483637681846518,10.483637681846519,0.11845363057835186,11.845363057835186,0.09759455939086645,0.19127234136511292,0.04151780664343799,0.23278967748259974,0.059180871019671955,0.0183656104621385,0.789051190946177,0.5533440493926525,0.16125267921486294,0.13875463993746298,0.995406425453793,VALID,scienceqa,Adaptive TS (ATS),47
0.0026424339610000474,0.26424339610000475,0.18880454581194248,18.880454581194247,0.012651070666064763,0.23250123888232468,0.0002889091262262278,0.23278967748259974,0.001076262999006747,0.0008361208339801821,0.46590340834320304,0.6577178780380555,0.4448032751365235,0.018480639302998588,-0.07153792275251593,COLLAPSED,scienceqa,Probability Margin (1D),47
0.060152378214536825,6.015237821453683,0.058538353515993465,5.853835351599346,0.06434903174289335,0.23513119146349995,-0.0023410434549490378,0.23278967748259974,0.003425649851528321,0.005767163832428553,0.5526385050664562,0.6629671701021688,0.34202458225622,0.12222246197354422,0.4373530849149482,COLLAPSED,scienceqa,MSSC (Multi-Scale Proxy),47
0.0011760570144990767,0.11760570144990767,0.17706997910283237,17.70699791028324,0.011871148578918021,0.23252460751915474,0.00026554048939617103,0.23278967748259974,0.0,1.3831101013524816e-06,0.681589682853007,0.6577458299435169,0.2041204517319724,0.004985881143586943,0.6505108483474515,COLLAPSED,scienceqa,MSE-EIGEN (Multi-Scale),47
0.05875501264990866,5.875501264990866,0.06489252483884088,6.489252483884088,0.03843256100908896,0.17567491272038704,0.05711523528816387,0.23278967748259974,0.06201090823947378,0.005027893628028714,0.7919463087248322,0.5164331327995743,0.1338888163171832,0.22973980258702353,0.996863320854372,VALID,scienceqa,Residual Calibrator,47
0.06835324628928387,6.835324628928387,0.08397289869086468,8.397289869086467,0.03948033438226426,0.17758820671810807,0.05520194129044284,0.23278967748259974,0.06312979861689627,0.008017279953102235,0.7906829846032373,0.5193043599837579,0.1392836114457148,0.23709785960719174,0.9473738279765382,VALID,scienceqa,Trajectory LR,47
0.04939633888892293,4.939633888892294,0.051924614301570284,5.192461430157028,0.021870615597101243,0.17383746699027078,0.058952681018280134,0.23278967748259974,0.06281304339584898,0.0036448066925488464,0.8024740097381233,0.5110909995170562,0.1305304927226016,0.21646531668675975,0.9365136741476378,VALID,scienceqa,Trajectory LR (No Bias),47
0.06517109984260284,6.517109984260284,0.06961004233853473,6.9610042338534726,0.03607438836663316,0.17620464752926002,0.056585500479290896,0.23278967748259974,0.062071985269143905,0.006231226854612739,0.7907882616133703,0.5167190606368997,0.13588683929090167,0.23282717166285608,0.9928127494499137,VALID,scienceqa,VCPS-5D (Our Method),47
0.05275041359010631,5.275041359010631,0.06389398914598886,6.389398914598885,0.034745582974701636,0.1761882975362106,0.056601850472340315,0.23278967748259974,0.05978383752447079,0.004073069926979325,0.7914725621792341,0.5165387713169382,0.1367965764636656,0.23351816778214624,0.984442539143682,VALID,scienceqa,VCPS-17D (Our Method),47
0.247939493617799,24.793949361779898,0.24137633161084487,24.137633161084487,0.2599059023076748,0.24540749802170506,-0.012617350013154144,0.23278967748259974,0.06873678627104518,0.08338896432549495,0.8167390446111331,0.8822333048240408,0.15232044304886133,0.17169342974037846,1.0,COLLAPSED,scienceqa,Naive Confidence (NC),48
0.12894884581553992,12.894884581553992,0.13105576492112994,13.105576492112995,0.11577569803148238,0.18465017333355052,0.04813997467500039,0.23278967748259974,0.07129515845057043,0.02336342160182082,0.8167390446111331,0.5417170388424369,0.15232044304886133,0.13467500410470978,1.0,VALID,scienceqa,Temperature Scaling (TS),48
0.06214796020595349,6.214796020595349,0.06525995720294615,6.525995720294615,0.04295416118066582,0.16560390388564733,0.06718624412290358,0.23278967748259974,0.07580525675993374,0.008541986981483066,0.8167390446111331,0.49814160482826875,0.11915912796810994,0.22846730049696756,1.0,VALID,scienceqa,Platt Scaling (1D),48
0.05447303911257985,5.447303911257985,0.08169325910445573,8.169325910445572,0.04326831067500791,0.16991857846475278,0.06287156954379813,0.23278967748259974,0.06736352037900045,0.005600990982349776,0.8108961705487564,0.5036754406969683,0.12200076569979494,0.22639302915887147,0.9699628992642184,VALID,scienceqa,Quadratic Platt (Logit-Only),48
0.04955799999506051,4.955799999506051,0.06624313233606073,6.624313233606073,0.03881301666196528,0.16750367555945272,0.06528647244909819,0.23278967748259974,0.06976772714596065,0.00452698491948161,0.8111593630740886,0.500154717643347,0.12149905956227414,0.22790618309404231,0.9334758229192156,VALID,scienceqa,Beta Calibration,48
0.07620136080166146,7.620136080166145,0.08632332577315815,8.632332577315815,0.07104309588775826,0.17088241420329864,0.061907733805252274,0.23278967748259974,0.06806892394558542,0.0072595810730465725,0.814659823661008,0.5172419839310847,0.12715372081208912,0.23182119896399767,0.9936824828109312,VALID,scienceqa,Spline Calibration,48
0.11792539274109008,11.792539274109009,0.12116683442673583,12.116683442673583,0.11023100860735634,0.1848050478535811,0.04798510015496982,0.23278967748259974,0.06926510941076243,0.02169262220063274,0.816265298065535,0.5408571587841515,0.15129985541668664,0.13704056063429534,0.9953375442950136,VALID,scienceqa,Adaptive TS (ATS),48
0.010438749506490604,1.0438749506490603,0.2069372965485191,20.69372965485191,0.01486271085515984,0.23179526095666103,0.0009948870518898811,0.23278967748259974,0.004310062603818634,0.003278576877317329,0.4699565732333202,0.6563438256180225,0.4533174399373867,0.025853690414658004,-0.12803216143246895,COLLAPSED,scienceqa,Probability Margin (1D),48
0.011791888372320997,1.1791888372320998,0.011791888372320997,1.1791888372320998,0.030555452354866463,0.22359030983400677,0.009199838174544145,0.23278967748259974,0.010307450268281674,0.001108082619688689,0.5947756283721543,0.6389160211134272,0.30485891063981174,0.10410282412397483,0.45200149278282853,VALID,scienceqa,MSSC (Multi-Scale Proxy),48
0.0028576869800956786,0.28576869800956783,0.21137551264553012,21.13755126455301,0.01565849906988538,0.23277266579182512,1.7482216725789312e-05,0.23278967748259974,0.0006767273816194981,0.0007968134435030135,0.6879852612185813,0.6582700456571685,0.19856212366607695,0.005641103403184776,0.650175419328243,COLLAPSED,scienceqa,MSE-EIGEN (Multi-Scale),48
0.042358707636183275,4.235870763618328,0.05275566832629332,5.275566832629332,0.041036971744123164,0.16631338829284625,0.06647675971570466,0.23278967748259974,0.0685679292104446,0.0028434869982475975,0.818923542571391,0.49935807347551897,0.11787819020879318,0.22427410855458108,0.9923946361399633,VALID,scienceqa,Residual Calibrator,48
0.048488079396841854,4.848807939684185,0.07502938612279429,7.502938612279429,0.04115687836845287,0.1675108229215829,0.06527932508696802,0.23278967748259974,0.06790976048462818,0.004168410206960302,0.8157389130148704,0.4993633504706701,0.1205001082903799,0.23340394622751584,0.9386624035657771,VALID,scienceqa,Trajectory LR,48
0.10014537029507242,10.014537029507242,0.11217592845537522,11.217592845537522,0.08142644446042081,0.1856322005795485,0.04715794742900242,0.23278967748259974,0.06277701322802753,0.014488077735404193,0.7846821950256613,0.5398203539164964,0.1501310293898352,0.19243330761358718,0.8820765273501793,VALID,scienceqa,Trajectory LR (No Bias),48
0.06467573540787169,6.4675735407871695,0.061624457779996415,6.1624457779996415,0.03860047356927846,0.16632266947001914,0.06646747853853177,0.23278967748259974,0.07501139618638528,0.007803178748012968,0.8188972233188577,0.49782244113915775,0.1181831303365162,0.2290484623458765,0.989020237338965,VALID,scienceqa,VCPS-5D (Our Method),48
0.06199001138024767,6.199001138024767,0.06709712928762572,6.709712928762572,0.03759406379772302,0.16668910900021433,0.06610103900833658,0.23278967748259974,0.07356027412517308,0.007713005106781232,0.8183181997631267,0.4983566966337978,0.11870207619653547,0.22976776615895433,0.9804550297254936,VALID,scienceqa,VCPS-17D (Our Method),48
0.264061385304621,26.406138530462098,0.2585765784329707,25.857657843297073,0.26375172175898925,0.2814499517171487,-0.04865980370859779,0.23278967748259974,0.0301414917456587,0.0814451976665897,0.7351756810106592,1.0997073216523052,0.1875830786703932,0.15109137654988244,1.0,COLLAPSED,scienceqa,Naive Confidence (NC),49
0.10318852229989951,10.318852229989952,0.1079458093129408,10.79458093129408,0.08877156027294006,0.20545965573324923,0.027330492275301682,0.23278967748259974,0.04055203309044239,0.01432300203948417,0.7351756810106592,0.5877475967577741,0.1875830786703932,0.1336250206482255,1.0,VALID,scienceqa,Temperature Scaling (TS),49
0.09102916444881944,9.102916444881943,0.09585084054855937,9.585084054855937,0.06669345294002586,0.19924002340166902,0.03355012460688189,0.23278967748259974,0.04596941415317593,0.011749042990661809,0.7351756810106592,0.5710283474101998,0.17720047525109356,0.23180878910208733,1.0,VALID,scienceqa,Platt Scaling (1D),49
0.06665107382845638,6.665107382845638,0.0781864829764796,7.818648297647959,0.05177545905069492,0.1962145257595242,0.03657562224902672,0.23278967748259974,0.043003397512635544,0.006458632043223651,0.7349914462429267,0.5617211110601885,0.17738144182645152,0.23565385488572335,0.9999732479427078,VALID,scienceqa,Quadratic Platt (Logit-Only),49
0.07383623824283188,7.3836238242831875,0.08194603822425388,8.194603822425387,0.061063715079876436,0.19846153432984331,0.0343286136787076,0.23278967748259974,0.04196543171505819,0.007591632793470179,0.7277799710488222,0.5683183239414461,0.18006252789230615,0.23885261331950233,0.9784476691087172,VALID,scienceqa,Beta Calibration,49
0.11181063714811616,11.181063714811616,0.11957121584075846,11.957121584075846,0.09832966033399655,0.2110783482774219,0.021711799731129022,0.23278967748259974,0.03739056815547625,0.016094937269961154,0.7315962626661403,0.6341969198546814,0.18680338264091634,0.23037473972780495,0.9938827761541715,VALID,scienceqa,Spline Calibration,49
0.1066474225928542,10.66474225928542,0.10864229095060703,10.864229095060702,0.08801525187736536,0.20454938603601208,0.02824076197253883,0.23278967748259974,0.04363816267674129,0.015552953385165904,0.7373601789709172,0.5851215812934119,0.18669198294231645,0.13565592843737845,0.9980991026277581,VALID,scienceqa,Adaptive TS (ATS),49
0.0068531036277548465,0.6853103627754846,0.18293247567694645,18.293247567694646,0.013418350844322876,0.234235026227688,-0.0014448782191370801,0.23278967748259974,0.0016595819294035277,0.00310494153454968,0.5252270035530991,0.6617571959532168,0.4187268042735474,0.03591353249823337,-0.05530206056839537,COLLAPSED,scienceqa,Probability Margin (1D),49
0.008892420826024023,0.8892420826024023,0.008892420826024023,0.8892420826024023,0.023916340058172676,0.22127839180866074,0.011511756199890172,0.23278967748259974,0.011692840076086813,0.00018155440214784435,0.6008816949598631,0.634218811249191,0.29736581493376535,0.09532142829027418,0.4272926079077727,VALID,scienceqa,MSSC (Multi-Scale Proxy),49
0.00018577132383124084,0.018577132383124084,0.18039109217244345,18.039109217244345,0.015259768757868608,0.2322059522943772,0.000584195714173702,0.23278967748259974,0.0,3.451098475801175e-08,0.7285169101197526,0.6570680389382594,0.19111211949037932,0.0031322739717598177,0.7202355964405032,COLLAPSED,scienceqa,MSE-EIGEN (Multi-Scale),49
0.08348533985583759,8.348533985583758,0.08158540494885795,8.158540494885795,0.05684620359254129,0.19729719573941926,0.035492952269131656,0.23278967748259974,0.04486093642364962,0.00928897697866624,0.7365969206474534,0.5667950904452024,0.17578226601382899,0.22958136672857443,0.9963281893102889,VALID,scienceqa,Residual Calibrator,49
0.08384627709186511,8.38462770918651,0.09403584029221244,9.403584029221244,0.05656767541287828,0.19669823983969348,0.036091908168857434,0.23278967748259974,0.05045627012173086,0.013572466664559317,0.7394130806685089,0.5651695464808189,0.17539657670201153,0.24348621889038485,0.9536275401316111,VALID,scienceqa,Trajectory LR,49
0.08904189651097659,8.904189651097658,0.10574045232412074,10.574045232412074,0.06938418094159622,0.19888660053318968,0.03390354747536123,0.23278967748259974,0.04401037569337274,0.012356526135684033,0.7487037768127385,0.5723809884916994,0.17793626706129637,0.16053356277340627,0.9332064400206401,VALID,scienceqa,Trajectory LR (No Bias),49
0.07767426981439725,7.7674269814397245,0.07376950364378383,7.376950364378383,0.057859915914638,0.19703634869212927,0.03575379931642164,0.23278967748259974,0.043210515379817335,0.008020955394569805,0.7379392025266482,0.5659607744384733,0.17524958493601014,0.23496111529920452,0.993970641620313,VALID,scienceqa,VCPS-5D (Our Method),49
0.0641625899992326,6.416258999923261,0.08309315200650466,8.309315200650467,0.05490702380940749,0.19676846181488275,0.03602168619366816,0.23278967748259974,0.04335761975267413,0.00793201876989779,0.7395183576786419,0.5656327964964777,0.17480597391219627,0.23689326302761976,0.9879871894048765,VALID,scienceqa,VCPS-17D (Our Method),49
0.24235817996582182,24.23581799658218,0.23568638273985082,23.568638273985083,0.236315753079349,0.26173023815785423,-0.02894009014930332,0.23278967748259974,0.03986589812265457,0.07080880003532794,0.7654165021713383,1.0049658519909612,0.17554603577872033,0.17751205878174797,0.9999999999999999,COLLAPSED,scienceqa,Naive Confidence (NC),50
0.10367203651922144,10.367203651922145,0.11387696338019974,11.387696338019975,0.09376714993270359,0.19596129902002277,0.036828848988528146,0.23278967748259974,0.05093621716663317,0.014610145518283709,0.7654165021713383,0.565471992800885,0.17554603577872033,0.14299203198660831,0.9999999999999999,VALID,scienceqa,Temperature Scaling (TS),50
0.08324604533774094,8.324604533774094,0.07090464057523103,7.0904640575231035,0.056023214734594734,0.1871800038629762,0.04561014414557471,0.23278967748259974,0.05548261205456011,0.009284752079538482,0.7654165021713383,0.5431568260177003,0.1566025980198526,0.2475837875281606,0.9999999999999999,VALID,scienceqa,Platt Scaling (1D),50
0.056159364692961504,5.61593646929615,0.05800932485031988,5.800932485031987,0.037577785640222135,0.1831227537372876,0.04966739427126332,0.23278967748259974,0.05275387312547186,0.004125294031243976,0.7638373470193446,0.5343263330074505,0.15518659432168266,0.24245571471240907,0.9991399305356508,VALID,scienceqa,Quadratic Platt (Logit-Only),50
0.0577569149706853,5.7756914970685305,0.07718658260207309,7.718658260207309,0.04602401532317451,0.18497789314495697,0.047812254863593945,0.23278967748259974,0.05293485259597586,0.0044962693785540265,0.7612317410185551,0.5373430957251766,0.15733519505864527,0.24330044477828358,0.9559515587621624,VALID,scienceqa,Beta Calibration,50
0.09106690966200476,9.106690966200476,0.08271725650756044,8.271725650756045,0.08381278051794974,0.1962119901416089,0.03657815786694202,0.23278967748259974,0.050778946799553325,0.015723502610977283,0.765258586656139,0.5855422290672614,0.1579654752516556,0.23800151123606633,0.9911839165279042,VALID,scienceqa,Spline Calibration,50
0.10415206415934368,10.415206415934367,0.11057281434420764,11.057281434420764,0.09229127959932115,0.19530698471633653,0.03748316329221438,0.23278967748259974,0.051839937034550636,0.014395924175883217,0.7657849717068035,0.5631486512397986,0.1755836056182316,0.14561944666238716,0.9983766780317402,VALID,scienceqa,Adaptive TS (ATS),50
0.007444238484664913,0.7444238484664913,0.2078750815050415,20.78750815050415,0.011689608514977457,0.23217168894734458,0.0006184590612063334,0.23278967748259974,0.0033094794627977642,0.0026914803021840404,0.47695749440715884,0.6570540124204296,0.4359217201219903,0.020021051168298235,-0.09990856983124892,COLLAPSED,scienceqa,Probability Margin (1D),50
0.020046332274253953,2.004633227425395,0.020046332274253953,2.004633227425395,0.02762306778856799,0.21911045646101554,0.013679691547535372,0.23278967748259974,0.014409901360657658,0.0007306803390734746,0.6150546124490064,0.6296261373919066,0.2685279612453428,0.0986883388021198,0.44556693555538707,VALID,scienceqa,MSSC (Multi-Scale Proxy),50
0.0004521500823807534,0.04521500823807534,0.1998684460504605,19.986844605046052,0.01169384906812792,0.2322953382061194,0.0004948098024315228,0.23278967748259974,0.0,2.0443969699692208e-07,0.7267008816949598,0.6572591359722494,0.18684246670802998,0.0038120892001234,0.7294282612711229,COLLAPSED,scienceqa,MSE-EIGEN (Multi-Scale),50
0.06549559748796613,6.549559748796613,0.07735338669145907,7.735338669145906,0.052776841957156054,0.18628157642249582,0.04650857158605509,0.23278967748259974,0.052658374206384195,0.0063903845850742024,0.7631793657060139,0.5410626777815559,0.15718663225870028,0.24160358312547892,0.9928706683737025,VALID,scienceqa,Residual Calibrator,50
0.07672354549289497,7.672354549289497,0.09909549139901631,9.909549139901632,0.06642968439227016,0.1890198214683777,0.04377032654017321,0.23278967748259974,0.052371376480661425,0.01009143688259897,0.7547572048953809,0.5465387563703887,0.1617324698389399,0.2551573180784528,0.9331120374237589,VALID,scienceqa,Trajectory LR,50
0.0777717966004718,7.77717966004718,0.08158678840355532,8.158678840355533,0.06626378160948479,0.19173702368188109,0.041053124326669826,0.23278967748259974,0.05243705408219332,0.01286950203617774,0.7505724437425977,0.5528785867752182,0.17055898531747402,0.21023377010384958,0.8905830037098003,VALID,scienceqa,Trajectory LR (No Bias),50
0.06073264535068618,6.073264535068619,0.07335476394671603,7.335476394671603,0.05524093687923715,0.18642857309493205,0.046361574913618864,0.23278967748259974,0.05167048348407449,0.004772074339494961,0.7636794315041453,0.5409740645530607,0.15698636401841798,0.2492127965731973,0.9917876651188692,VALID,scienceqa,VCPS-5D (Our Method),50
0.06078749258115497,6.078749258115497,0.07282574087474582,7.282574087474582,0.05642926986909967,0.18689172506995047,0.04589842293860044,0.23278967748259974,0.0513609529157283,0.005608982386224535,0.7617581260692197,0.542048462201375,0.15814390129019923,0.2504850601496578,0.9824177124081307,VALID,scienceqa,VCPS-17D (Our Method),50
0.2494906572864788,24.94906572864788,0.23997214429154262,23.997214429154262,0.24090775185891408,0.26658749931085735,-0.03379735130230643,0.23278967748259974,0.036909826566473646,0.07152008261957529,0.7461508093170153,1.0466121474770218,0.18341173333497532,0.16912863968245634,0.9999999999999999,COLLAPSED,scienceqa,Naive Confidence (NC),51
0.0938890206289842,9.38890206289842,0.09943290631049051,9.94329063104905,0.07855668942634082,0.20064947925038548,0.03214066875816543,0.23278967748259974,0.044940366967536616,0.01200445876540516,0.7461508093170153,0.5777039777082675,0.18341173333497532,0.14062224375073504,0.9999999999999999,VALID,scienceqa,Temperature Scaling (TS),51
0.07937450707914563,7.9374507079145635,0.08465842778338997,8.465842778338997,0.06015055875390216,0.19478471438132033,0.03800543362723058,0.23278967748259974,0.047545577756293686,0.00865059234260173,0.7461508093170153,0.562900311470319,0.16817298024003785,0.24626877832185948,0.9999999999999999,VALID,scienceqa,Platt Scaling (1D),51
0.06330999696339827,6.330999696339827,0.06627947148186458,6.6279471481864585,0.043235819765150216,0.19212353640051202,0.04066661160803889,0.23278967748259974,0.048027710343270816,0.007251978022392063,0.7437557573364917,0.5567414992408346,0.16865201848786657,0.24277756773886172,0.9992585859082185,VALID,scienceqa,Quadratic Platt (Logit-Only),51
0.05428500809380948,5.428500809380948,0.06575843064599336,6.575843064599336,0.054127758315750174,0.19369654641317066,0.03909360159538025,0.23278967748259974,0.044566656997386433,0.004457926215612006,0.736886432425319,0.5602549389566386,0.17108829753939592,0.24593844349165633,0.9550580037325485,VALID,scienceqa,Beta Calibration,51
0.09126118059886952,9.126118059886952,0.10446681487940086,10.446681487940086,0.08658141260266516,0.20352603686081375,0.029264111147737165,0.23278967748259974,0.04177487698602114,0.013253959840730894,0.7402289774970391,0.6238937923566256,0.1932340664652302,0.2451262587965416,0.9928382439920453,VALID,scienceqa,Spline Calibration,51
0.09675765932259425,9.675765932259425,0.10051462251750995,10.051462251750994,0.07786320282247287,0.1995652225122743,0.03322492549627662,0.23278967748259974,0.045824842918547,0.01178639557119638,0.7499934201868667,0.5745285064977382,0.1814541622340258,0.14282811103365328,0.9982398239823982,VALID,scienceqa,Adaptive TS (ATS),51
0.013943471921608304,1.3943471921608304,0.17603554819056316,17.603554819056317,0.01696042031761455,0.23137847759758848,0.0014116704109624345,0.23278967748259974,0.004791877702621747,0.003334193418955062,0.5928411633109618,0.6554559548129815,0.3644161114149174,0.02947985004655762,-0.010067091498274389,SCRAMBLED,scienceqa,Probability Margin (1D),51
0.015366353822876412,1.5366353822876413,0.015366353822876412,1.5366353822876413,0.025046372822602195,0.21956429160110882,0.013225856407442088,0.23278967748259974,0.013578412674593029,0.0003530267931020906,0.6140150019739439,0.6305727890312149,0.33309505169890086,0.10182048584167427,0.45401994467246254,VALID,scienceqa,MSSC (Multi-Scale Proxy),51
0.0005059165808701804,0.05059165808701804,0.18013210334809004,18.013210334809003,0.016193677199883294,0.2321954002512813,0.0005947477572696147,0.23278967748259974,0.0,2.5595158679937384e-07,0.7265429661797606,0.6570452090022323,0.18982178431099178,0.003622036505802672,0.7370711595559886,COLLAPSED,scienceqa,MSE-EIGEN (Multi-Scale),51
0.06253419437812546,6.253419437812546,0.0610086723916377,6.10086723916377,0.05147701659051032,0.19209789483416245,0.04069225317438846,0.23278967748259974,0.04519308012835917,0.005010476530427502,0.7534149230161862,0.5566802623728937,0.16402886712449394,0.24141002685272359,0.9953982825908727,VALID,scienceqa,Residual Calibrator,51
0.07147049739460494,7.147049739460494,0.06505414494025082,6.505414494025081,0.05198742243440264,0.19043702062171358,0.04235312738683733,0.23278967748259974,0.04947522402226596,0.008038053136273045,0.7573891301487037,0.5527181506746414,0.16052295215316073,0.24827219473827053,0.952114913724623,VALID,scienceqa,Trajectory LR,51
0.09035800629949314,9.035800629949314,0.0928395080085239,9.28395080085239,0.06525014156244273,0.19423102238087994,0.03855912562767097,0.23278967748259974,0.048463148785460035,0.011500039527461862,0.7452033162258193,0.5609043214381629,0.1720914552735409,0.20810301366534428,0.8947619658574625,VALID,scienceqa,Trajectory LR (No Bias),51
0.06395302051465296,6.395302051465296,0.06441433096873256,6.441433096873256,0.055209928883696587,0.192076058239974,0.040714089768576905,0.23278967748259974,0.04600143913720743,0.005616181710146216,0.7545466508751152,0.5564320294228751,0.16285160103761798,0.24731795718061278,0.9938854265906324,VALID,scienceqa,VCPS-5D (Our Method),51
0.05754724827539007,5.754724827539007,0.05993780078978067,5.993780078978067,0.05348232904790431,0.19136604427749207,0.04142410373105884,0.23278967748259974,0.04683234921676258,0.005374399095423737,0.757626003421503,0.5549674758926053,0.16119978214151842,0.2483491630323923,0.9883395618304592,VALID,scienceqa,VCPS-17D (Our Method),51
0.18562555313110352,18.56255531311035,0.17736980348825457,17.73698034882546,0.16797204513413472,0.22965536534345424,0.0021258846565457012,0.231775,0.03649976798563755,0.03594053241009179,0.7331463704023299,0.8130739918197953,0.21479593448459422,0.19560876881173875,1.0,VALID,seedbench,Naive Confidence (NC),42
0.06677611507892002,6.677611507892002,0.07988961276705604,7.988961276705604,0.053985908522750994,0.2014874019059889,0.030293848094011033,0.231775,0.03734993127726394,0.007759760807352379,0.7331463704023299,0.590315830188917,0.21479593448459422,0.14856930840090254,1.0,VALID,seedbench,Temperature Scaling (TS),42
0.09513718731654772,9.513718731654771,0.06878460597549799,6.8784605975497985,0.04483396864137391,0.1985951442686745,0.03318610573132544,0.231775,0.04419856171905387,0.011310126278132368,0.7331463704023299,0.590389780538774,0.20691463787960973,0.22145426902750295,1.0,VALID,seedbench,Platt Scaling (1D),42
0.07383616339110777,7.383616339110777,0.0683646083577876,6.83646083577876,0.045623863808880415,0.19822491254543934,0.0335563374545606,0.231775,0.04105930451127819,0.008245506074378857,0.7331463704023299,0.585936093634451,0.20663620669550806,0.22308152342016385,1.0,VALID,seedbench,Quadratic Platt (Logit-Only),42
0.06406050912860232,6.406050912860232,0.06978416424644956,6.978416424644957,0.04551589999458512,0.19807502883054937,0.03370622116945057,0.231775,0.04061779798289086,0.007130695953686129,0.7331463704023299,0.586766562453542,0.20610387468355265,0.2248361492853434,1.0,VALID,seedbench,Beta Calibration,42
0.08729137182704212,8.729137182704212,0.07648853575961723,7.648853575961723,0.06913442504170761,0.20115285305257924,0.0306283969474207,0.231775,0.04172206489046489,0.011281212822547064,0.7358968827526695,0.5892242240320147,0.19246588440491014,0.17821890844146732,0.9946643825586842,VALID,seedbench,Spline Calibration,42
0.0640726595508115,6.40726595508115,0.08988585294336521,8.98858529433652,0.053713118487623224,0.20133856464449806,0.030442685355501875,0.231775,0.037924644225506295,0.008879401014721526,0.7345485923848559,0.5896977877771136,0.21383362309550163,0.14842505599682085,0.9997959948998726,VALID,seedbench,Adaptive TS (ATS),42
0.00278830546342678,0.278830546342678,0.1336346391851249,13.363463918512489,0.014532527345901252,0.23157223399187812,0.0002090160081218151,0.231775,0.0005636597938144326,0.00011450740177635494,0.4174306978750944,0.655815454653042,0.45449599482355285,0.013659390497221926,-0.1685319772940022,COLLAPSED,seedbench,Probability Margin (1D),42
0.010871694950407618,1.0871694950407618,0.010871694950407618,1.0871694950407618,0.019219574970200944,0.2260561051482157,0.005725144851784242,0.231775,0.007512172045507318,0.0017932771937230194,0.5848344299428325,0.6440360435927994,0.29952923682106153,0.06265905492716975,0.46101797840298253,VALID,seedbench,MSSC (Multi-Scale Proxy),42
0.002495569113590612,0.24955691135906122,0.13033065816148343,13.033065816148342,0.006946428717314789,0.23175130438480818,2.9945615191762087e-05,0.231775,0.0,6.2278652007074335e-06,0.5014561535972387,0.6561895432989471,0.32962165051879283,0.00040784285791384083,-0.31641341033525844,COLLAPSED,seedbench,MSE-EIGEN (Multi-Scale),42
0.07505708208782944,7.505708208782943,0.08319292910872887,8.319292910872887,0.04502480576314141,0.1984249177808775,0.03335633221912243,0.231775,0.042794445228684364,0.010024911138875542,0.7329306439434798,0.5898590415977866,0.20635012141987397,0.22310875964064306,0.9988674716867924,VALID,seedbench,Residual Calibrator,42
0.07998301405687244,7.998301405687244,0.08562174398061786,8.562174398061787,0.04672624710306987,0.19808056471615296,0.03370068528384698,0.231775,0.04528223622782446,0.011620876715104492,0.735735087908532,0.5876206174962831,0.20412897000058963,0.22719786714867704,0.9766609165229132,VALID,seedbench,Trajectory LR,42
0.10385762201079525,10.385762201079524,0.07913137901229919,7.913137901229919,0.05152857295403795,0.2008243353081263,0.030956914691873644,0.231775,0.049110663132876764,0.01786540048313274,0.7296947470607271,0.593750953875078,0.20993325103339017,0.22224797835899007,0.9635070876771922,VALID,seedbench,Trajectory LR (No Bias),42
0.08245753304995013,8.245753304995013,0.1095084262547301,10.95084262547301,0.046357287365737014,0.1980515869611723,0.03372966303882763,0.231775,0.04554794686737412,0.013079143353089878,0.7358429511379572,0.5880362476737596,0.20331495252827372,0.22339121555023755,0.9980724518112953,VALID,seedbench,VCPS-5D (Our Method),42
0.09583162912009337,9.583162912009337,0.07638373512795207,7.638373512795208,0.04515350613712153,0.19691098168552845,0.034870268314471486,0.231775,0.04647739829829614,0.013486789955065599,0.7388631215618595,0.5835353829162194,0.19909229808947895,0.22511620857974046,0.9932888322208056,VALID,seedbench,VCPS-17D (Our Method),42
0.19166982635855678,19.16698263585568,0.19223700866103172,19.223700866103172,0.19499516354469665,0.21439954625682453,0.01738170374317541,0.231775,0.06826534152122388,0.052966624869536925,0.8101607162118433,0.6822906906391237,0.1521152114252649,0.19437347980801495,1.0,VALID,seedbench,Naive Confidence (NC),43
0.1071371628517775,10.71371628517775,0.1343448435077187,13.43448435077187,0.08568269686027846,0.18423224437905217,0.04754900562094777,0.231775,0.06640734427609425,0.02042012602595849,0.8101607162118433,0.541265692978285,0.1521152114252649,0.13917379970802152,1.0,VALID,seedbench,Temperature Scaling (TS),43
0.09823318754325032,9.823318754325031,0.09633656888581345,9.633656888581346,0.03573078143703626,0.17213860714722556,0.059642642852774375,0.231775,0.07035619658119659,0.011633774497786296,0.8101607162118433,0.5136656220101016,0.12998181842704856,0.1963215588366862,1.0,VALID,seedbench,Platt Scaling (1D),43
0.10481928839195734,10.481928839195733,0.1017688367145784,10.17688367145784,0.03004876150199965,0.17147436683893041,0.060306883161069524,0.231775,0.07447447158105053,0.01586237681751311,0.8101607162118433,0.5142574106152539,0.12991151361672806,0.20299820599418464,1.0,VALID,seedbench,Quadratic Platt (Logit-Only),43
0.09129026824875668,9.129026824875668,0.10228485565797818,10.228485565797818,0.032493828161419255,0.1714802983504604,0.06030095164953955,0.231775,0.07419027807704279,0.013299557330653682,0.8101607162118433,0.5137958138674233,0.13038920880357888,0.20274464919548807,1.0,VALID,seedbench,Beta Calibration,43
0.10168719661452096,10.168719661452096,0.13990589734016665,13.990589734016664,0.08471904503348093,0.18545722793917094,0.046324022060829,0.231775,0.06622552889576884,0.020795894376184763,0.8107539639736813,0.5477900531829011,0.1417335768605968,0.16749612710032305,0.9946643825586842,VALID,seedbench,Spline Calibration,43
0.12897351244526709,12.897351244526709,0.13498363856898604,13.498363856898605,0.08746812194327387,0.18392181670652133,0.04785943329347861,0.231775,0.07281881613756612,0.026805061916152503,0.8126415704886204,0.5403604735968377,0.1511060471670213,0.13998425461531627,0.998202955073877,VALID,seedbench,Adaptive TS (ATS),43
0.002577615116658896,0.2577615116658896,0.16430327297822495,16.430327297822494,0.011370820411918224,0.23151383661067138,0.0002674133893285635,0.231775,3.141025641025638e-05,1.6242106453365164e-05,0.4047028368029339,0.6556915306904605,0.4665727468653169,0.009736879028585464,-0.2714971392399273,COLLAPSED,seedbench,Probability Margin (1D),43
0.03143402531272901,3.143402531272901,0.036367323532600276,3.6367323532600278,0.023566031134895173,0.22611677624741197,0.005664473752587967,0.231775,0.009197843160470441,0.003389379615466667,0.588933232660986,0.644185685789881,0.30108486557468184,0.06592225187072043,0.427166643885825,VALID,seedbench,MSSC (Multi-Scale Proxy),43
0.0026756526634211797,0.26756526634211797,0.1431822922931087,14.31822922931087,0.00913367518000063,0.2318112294342654,-2.997943426547023e-05,0.231775,0.0,7.159117175272853e-06,0.4208823212166972,0.6563190163540433,0.3720675790951864,0.0010473369221911852,-0.25956498912472814,COLLAPSED,seedbench,MSE-EIGEN (Multi-Scale),43
0.1132526335714286,11.32526335714286,0.09963542979625728,9.963542979625728,0.031807519105043744,0.17125157808197053,0.06052967191802941,0.231775,0.07489267310789051,0.014395501622777552,0.8124258440297702,0.5114272581479062,0.1285953813051885,0.20020573880829864,0.997001425035626,VALID,seedbench,Residual Calibrator,43
0.11816852002787412,11.816852002787412,0.11453894242232389,11.453894242232389,0.023884193259625278,0.17452964111676691,0.057251608883233024,0.231775,0.07648126472478047,0.02000001857645918,0.8015316578578362,0.5179328786116097,0.13566389868264742,0.2130493452244543,0.944686117152929,VALID,seedbench,Trajectory LR,43
0.06575028345303864,6.575028345303864,0.10451103403398176,10.451103403398177,0.029770772174545893,0.17510230248784395,0.05667894751215599,0.231775,0.06300248534923392,0.0072519434992047325,0.8047675547405889,0.522085468960448,0.13525726195373902,0.1922684528691347,0.9512517812945326,VALID,seedbench,Trajectory LR (No Bias),43
0.10688336508235986,10.688336508235986,0.09705235863286084,9.705235863286084,0.030321586688302222,0.1710967031088987,0.060684546891101226,0.231775,0.07343068155913425,0.012510676478321409,0.8133966130945961,0.5108990158246759,0.12849815676885853,0.20120100817063657,0.9932828320708019,VALID,seedbench,VCPS-5D (Our Method),43
0.09802086528503091,9.802086528503091,0.09615450790270659,9.615450790270659,0.02735046238840346,0.1710101673798067,0.060771082620193234,0.231775,0.0709976347488551,0.010821291416388944,0.8130730234063208,0.5103616396767701,0.12912037104081422,0.20441043475354376,0.9870666766669168,VALID,seedbench,VCPS-17D (Our Method),43
0.19117017760872843,19.11701776087284,0.18637456461787222,18.63745646178722,0.1762911529441456,0.2262639958462524,0.005517254153747542,0.231775,0.047889836162588975,0.04339480935114564,0.7485708122101177,0.7869203951989633,0.19173478716833825,0.19476584318418852,1.0,VALID,seedbench,Naive Confidence (NC),44
0.113410738931394,11.3410738931394,0.13129394509785783,13.129394509785783,0.06950948567675955,0.19788771713493386,0.03389353286506608,0.231775,0.04780925357603857,0.01602899883023765,0.7485708122101177,0.5778615168790564,0.19173478716833825,0.14513717707059529,1.0,VALID,seedbench,Temperature Scaling (TS),44
0.0814667894745659,8.14667894745659,0.11088178111920387,11.088178111920387,0.048776945662136216,0.19228136209747515,0.03949988790252479,0.231775,0.048375910364145666,0.010304885108836398,0.7485708122101177,0.5680043286415912,0.17689814856218705,0.21495427980861695,1.0,VALID,seedbench,Platt Scaling (1D),44
0.07150367920485451,7.150367920485451,0.11115266390654742,11.115266390654742,0.04737739297534553,0.19147572769882815,0.04030552230117179,0.231775,0.050339790708947056,0.00991117440074464,0.7485708122101177,0.5664572535810133,0.17737878258079137,0.220324807353073,1.0,VALID,seedbench,Quadratic Platt (Logit-Only),44
0.09787498581551636,9.787498581551636,0.11346101184305017,11.346101184305017,0.046908409968945686,0.19169256221591632,0.040088687784083615,0.231775,0.05268065535865646,0.013949877042018997,0.7485708122101177,0.5663034416833449,0.17865915732878143,0.21904837072390104,1.0,VALID,seedbench,Beta Calibration,44
0.10286699637795488,10.286699637795488,0.12060407344708739,12.06040734470874,0.08457830746691504,0.1999136640385881,0.03186758596141184,0.231775,0.04736085858585859,0.015319732955944323,0.7425304713623126,0.591474911575116,0.2190512893800594,0.18040599482005934,0.9934926651424721,VALID,seedbench,Spline Calibration,44
0.10637898041311433,10.637898041311434,0.10151506079691422,10.151506079691423,0.06818659867798685,0.19774286936874233,0.03403838063125761,0.231775,0.04577034134447928,0.013470584953707546,0.7480314960629921,0.5774631634286748,0.19354543407508804,0.14611453102989005,0.9988074701867548,VALID,seedbench,Adaptive TS (ATS),44
0.010140379790551489,1.0140379790551488,0.15212007840902983,15.212007840902983,0.01741271414862222,0.2325274945233106,-0.0007462445233106518,0.231775,0.0006865646258503399,0.0012839136696639782,0.45410419587962464,0.6577965374733616,0.44577994143373845,0.01186155788681208,-0.1237095927398185,COLLAPSED,seedbench,Probability Margin (1D),44
0.04583231708977477,4.583231708977477,0.04583231708977473,4.583231708977473,0.04533612260336099,0.22315253185772987,0.008628718142270064,0.231775,0.010687280701754384,0.0021080266793611913,0.6129867328227807,0.6376037852305795,0.2838480911814776,0.05816554325652546,0.38720860829940346,VALID,seedbench,MSSC (Multi-Scale Proxy),44
0.00257805685122503,0.257805685122503,0.15485007048496113,15.485007048496113,0.0072511417310979105,0.2317585637652865,2.2686234713437115e-05,0.231775,0.0,6.646377128148317e-06,0.469097184769712,0.6562051880146978,0.34004425596437626,0.0005877200929810579,-0.24744468611715295,COLLAPSED,seedbench,MSE-EIGEN (Multi-Scale),44
0.07136091432090591,7.136091432090591,0.07848499579202887,7.848499579202888,0.05029911997528803,0.19214705051166267,0.03963419948833727,0.231775,0.04731611418561547,0.009059509657757241,0.7467371373098911,0.5676420800970713,0.17948212383500206,0.21945439707225708,0.9974274356858923,VALID,seedbench,Residual Calibrator,44
0.0745946186336656,7.45946186336656,0.06955573568601471,6.955573568601471,0.051881155482468966,0.19397719576952194,0.037804054230478,0.231775,0.04664025827114063,0.007866809150082848,0.7419911552151871,0.5697669439505034,0.1841751343203191,0.23216554685833615,0.9651961299032478,VALID,seedbench,Trajectory LR,44
0.10907620226794629,10.907620226794629,0.09071588293964936,9.071588293964936,0.0518160808153901,0.19642543005802865,0.03535581994197129,0.231775,0.056364955620276,0.02141354117797969,0.7339014130083055,0.5764201504518706,0.1931612388173689,0.22658517572436782,0.9555403885097128,VALID,seedbench,Trajectory LR (No Bias),44
0.05280952212301647,5.280952212301647,0.09724192665646196,9.724192665646196,0.04883188277538644,0.19231436136254515,0.03946688863745479,0.231775,0.0436386343589904,0.00448055603309538,0.7464135476216158,0.5685754791258377,0.18201953953297148,0.22049935690204978,0.9948728718217956,VALID,seedbench,VCPS-5D (Our Method),44
0.07481174115757706,7.481174115757707,0.10036172498276794,10.036172498276793,0.04987081832462955,0.19235126545968317,0.039429984540316765,0.231775,0.04762421886293724,0.007909471956200414,0.7452270520979398,0.5684217501554633,0.1871211883185548,0.22238352598490885,0.9890932273306834,VALID,seedbench,VCPS-17D (Our Method),44
0.1966892126202583,19.66892126202583,0.1992723265290261,19.92723265290261,0.1969988932236573,0.22889178716540673,0.0028894628345932094,0.231775,0.05080117371604714,0.04902909749379164,0.7629166217236545,0.776814058854865,0.19379048496010653,0.18400167649236354,1.0,VALID,seedbench,Naive Confidence (NC),45
0.09674373180028827,9.674373180028827,0.10720836881843249,10.72083688184325,0.08182598408414613,0.19665579281916046,0.03512545718083948,0.231775,0.048707722449963825,0.015185719526213793,0.7629166217236545,0.5763612850991081,0.19379048496010653,0.1359325386209594,1.0,VALID,seedbench,Temperature Scaling (TS),45
0.07599373522606558,7.599373522606558,0.09882447452799693,9.882447452799694,0.042951284407681437,0.1881617793324722,0.04361947066752775,0.231775,0.051324880795532976,0.009274283047240896,0.7629166217236545,0.5611553569642809,0.17601818388525375,0.19768645992785125,1.0,VALID,seedbench,Platt Scaling (1D),45
0.06277196102226958,6.277196102226958,0.09461859104546463,9.461859104546463,0.040755843108460824,0.18702749283221654,0.0447537571677834,0.231775,0.05091050569800569,0.006267311307335737,0.7629166217236545,0.557271495856315,0.17666543635869147,0.20037992339118807,1.0,VALID,seedbench,Quadratic Platt (Logit-Only),45
0.07773583477072826,7.773583477072826,0.09642899805742845,9.642899805742845,0.042366097344253,0.18744787076826927,0.04433337923173067,0.231775,0.05393228714505062,0.009008151165604853,0.7629166217236545,0.5581277313519248,0.17674081163343236,0.20036193996047175,1.0,VALID,seedbench,Beta Calibration,45
0.08690712301661943,8.690712301661943,0.1072409638948695,10.72409638948695,0.08583262579909534,0.1962247681296385,0.03555648187036145,0.231775,0.04999360279168939,0.01435939938822338,0.7621615791176788,0.5743018478818905,0.20101077092630104,0.15941986390025395,0.9956855852851435,VALID,seedbench,Spline Calibration,45
0.09144409605139234,9.144409605139234,0.11661920640569716,11.661920640569717,0.08136287338867136,0.1965327973584693,0.03524845264153065,0.231775,0.04897422168280802,0.014550211311057366,0.7620537158882537,0.5755584643288585,0.19125393447739522,0.1369037662653537,0.9985539638490963,VALID,seedbench,Adaptive TS (ATS),45
0.008092240734960838,0.8092240734960837,0.1577161957574428,15.77161957574428,0.013599945001553274,0.23198137491914728,-0.00020012491914733754,0.231775,0.0026840909090909094,0.0030398448442602827,0.4889440189839284,0.6566325172140733,0.427027169992803,0.010707558241908232,-0.13593925323562484,COLLAPSED,seedbench,Probability Margin (1D),45
0.03698247778771674,3.698247778771674,0.03698247778771674,3.698247778771674,0.03229306575696632,0.22968577322451963,0.002095476775480304,0.231775,0.003851905626134302,0.0018507445052964393,0.5545248624743825,0.6519563606594955,0.29566882700716063,0.06879183379539482,0.3036914627360658,VALID,seedbench,MSSC (Multi-Scale Proxy),45
0.002510144649641166,0.2510144649641166,0.10681871028309861,10.68187102830986,0.0069387147610434855,0.23175117482986818,3.007517013176031e-05,0.231775,0.0,6.300826162122172e-06,0.4909934203430051,0.6561892663302138,0.3265456647398788,0.00037985373580914136,-0.2912022800570015,COLLAPSED,seedbench,MSE-EIGEN (Multi-Scale),45
0.08784062969949982,8.784062969949982,0.08240306121861372,8.240306121861373,0.03994122999536589,0.18820817951005228,0.04357307048994766,0.231775,0.0557566444520392,0.011804630200166321,0.7605436306763025,0.5606989301128976,0.1754764368733883,0.2030439352792964,0.9974784369609242,VALID,seedbench,Residual Calibrator,45
0.06892771281666675,6.892771281666675,0.0872195123058479,8.72195123058479,0.027703121268439213,0.1920821271583858,0.03969912284161414,0.231775,0.048889881850175974,0.009863280208676498,0.747815769604142,0.567420670872869,0.1855131704010936,0.20799919987889595,0.957989949748744,VALID,seedbench,Trajectory LR,45
0.0967061568563871,9.67061568563871,0.09114758351866911,9.11475835186691,0.053818071236442784,0.19205082037015217,0.03973042962984777,0.231775,0.053116843591979705,0.013449869181474922,0.7524538884694209,0.5679476677284696,0.19354476214365252,0.18845156020249285,0.965860646516163,VALID,seedbench,Trajectory LR (No Bias),45
0.07313642420484473,7.313642420484473,0.090853900857137,9.0853900857137,0.03731358694365553,0.1882005693563432,0.04358068064365675,0.231775,0.052802162788192206,0.008972199375008531,0.7609750835940029,0.5597959727099682,0.17357742799373915,0.20078231218123066,0.9939848496212408,VALID,seedbench,VCPS-5D (Our Method),45
0.07379202266260511,7.379202266260511,0.07402627598599822,7.402627598599822,0.036718028912313246,0.18771936611664522,0.04406188388335472,0.231775,0.04909313510484987,0.0066559717261937875,0.7620537158882538,0.5579629773725735,0.17262119455983727,0.2021905274015884,0.9886177154428861,VALID,seedbench,VCPS-17D (Our Method),45
0.1975131858885288,19.751318588852882,0.19938349500298505,19.938349500298504,0.19628091189116567,0.23256086864926825,-0.0007796186492682877,0.231775,0.05029395136391705,0.051303182578688454,0.7471685902275915,0.8165374895040753,0.21557394825874807,0.1862222926869075,1.0,COLLAPSED,seedbench,Naive Confidence (NC),46
0.10302513015675063,10.302513015675064,0.13301360916568347,13.301360916568347,0.0881877891305139,0.19820540370401077,0.0335758462959892,0.231775,0.05000359432234432,0.017610433274491067,0.7471685902275915,0.5828663035503244,0.21557394825874807,0.14553313750474836,1.0,VALID,seedbench,Temperature Scaling (TS),46
0.11366134316328977,11.366134316328976,0.10432895827606886,10.432895827606886,0.05084238866025675,0.19030951160884563,0.04147173839115434,0.231775,0.06083790014333493,0.018414752870107895,0.7471685902275915,0.5729992105007813,0.1972623539203785,0.2130696107809002,1.0,VALID,seedbench,Platt Scaling (1D),46
0.0919844915926269,9.19844915926269,0.10327405934532677,10.327405934532678,0.05191167455140921,0.19006671998157645,0.04171453001842351,0.231775,0.05533100015365798,0.012582169576287636,0.7471685902275915,0.5687654558204484,0.1972590311943516,0.2137890740351519,1.0,VALID,seedbench,Quadratic Platt (Logit-Only),46
0.09806886754762993,9.806886754762994,0.10633393210193717,10.633393210193717,0.051423047834590126,0.19076456609104994,0.041016683908950025,0.231775,0.057649325687212684,0.01652905320542626,0.7471685902275915,0.5704923934659826,0.19790943562098978,0.21463138627729728,1.0,VALID,seedbench,Beta Calibration,46
0.10270788935648952,10.270788935648952,0.1307525059127206,13.075250591272061,0.09781814396730538,0.19651318757447828,0.03526806242552169,0.231775,0.051566053391053385,0.016737330103349792,0.7493258548160933,0.5737459245343743,0.1843329889829792,0.1680319356857937,0.9916776621537063,VALID,seedbench,Spline Calibration,46
0.11556408989123779,11.556408989123778,0.13408092459233462,13.408092459233462,0.09110953844362235,0.19790994503776765,0.03387130496223231,0.231775,0.05478215488215489,0.02126971690573221,0.746521410851041,0.5822691816875565,0.21868275416528257,0.1461738085251632,0.9985464636615916,VALID,seedbench,Adaptive TS (ATS),46
0.002523007463082233,0.2523007463082233,0.20168177607859283,20.168177607859285,0.009841124121307153,0.231550329644363,0.0002309203556369599,0.231775,0.00018409090909090906,8.04138254696716e-05,0.379354977888038,0.6557697484668512,0.5134006540839279,0.005215771023956139,-0.16877221930548267,COLLAPSED,seedbench,Probability Margin (1D),46
0.04048738377013439,4.048738377013439,0.04048738377013439,4.048738377013439,0.0299837609939562,0.22683061091603457,0.004950639083965397,0.231775,0.01051454825223551,0.005452809866714361,0.5810052852982418,0.6458096731053984,0.30676047031024356,0.06639815445218498,0.3893585152387916,VALID,seedbench,MSSC (Multi-Scale Proxy),46
0.0025564773017403564,0.25564773017403564,0.14737602398509322,14.737602398509322,0.007589281032824918,0.23176865185968773,1.2598140312236605e-05,0.231775,0.0,6.535576194313653e-06,0.45043684607917167,0.6562270131651639,0.36116039309841846,0.000720303476032486,-0.2312487812195305,COLLAPSED,seedbench,MSE-EIGEN (Multi-Scale),46
0.09532883852979082,9.532883852979083,0.10783293468468921,10.783293468468921,0.049900950606207424,0.18901006049101685,0.04277118950898312,0.231775,0.05756667330254287,0.013462316603072897,0.7504044871103441,0.5702051790503981,0.19610872650785247,0.21507373876870334,0.9980919522988076,VALID,seedbench,Residual Calibrator,46
0.09293160392509661,9.29316039250966,0.11093251194871967,11.093251194871968,0.04761620894972193,0.1887262728577169,0.04305497714228307,0.231775,0.057108431682696394,0.01230092516091741,0.7496494445043684,0.5697307158706315,0.20306833311959255,0.22413814684387606,0.970422260556514,VALID,seedbench,Trajectory LR,46
0.11155423070515003,11.155423070515003,0.1141918429826231,11.41918429826231,0.05106321524184175,0.19173270733027536,0.0400485426697246,0.231775,0.0632249333999334,0.022316115161783494,0.7498651709632188,0.5702735144524104,0.21148815110262728,0.18075821780719184,0.9581189529738245,VALID,seedbench,Trajectory LR (No Bias),46
0.10262502670250725,10.262502670250726,0.1127653669953081,11.27653669953081,0.050916143349897594,0.18865235221633342,0.04312889778366655,0.231775,0.05812155306567072,0.014872728234907491,0.7496494445043684,0.5697149093027152,0.20122310127775195,0.2174581544900639,0.9950918772969326,VALID,seedbench,VCPS-5D (Our Method),46
0.1111358670028311,11.11358670028311,0.13255465256549853,13.255465256549853,0.04847553833759793,0.18915268557977885,0.042628564420221116,0.231775,0.061875493329718444,0.019565814486218358,0.747815769604142,0.5707860530057688,0.20515892672645475,0.22004190429530135,0.9893692342308559,VALID,seedbench,VCPS-17D (Our Method),46
0.1829398365318775,18.29398365318775,0.18258333161473275,18.258333161473274,0.17331001036821336,0.19425829326053004,0.037522956739469926,0.231775,0.08710362965153329,0.049786278790146875,0.8264480638550318,0.6504351848765617,0.15190256808113284,0.210021326623044,1.0,VALID,seedbench,Naive Confidence (NC),47
0.10072288063509244,10.072288063509244,0.17127280919074092,17.127280919074092,0.09661802512508283,0.17789307155475748,0.05388817844524249,0.231775,0.06705961287578852,0.0160684114103136,0.8264480638550318,0.5297575411146224,0.15190256808113284,0.1498689032830658,1.0,VALID,seedbench,Temperature Scaling (TS),47
0.10098127490558956,10.098127490558955,0.1317245103874496,13.17245103874496,0.051134995631401045,0.16505346900374512,0.06672778099625484,0.231775,0.083076481052191,0.016233614195640067,0.8264480638550318,0.5020677652139639,0.12569565828724003,0.21330730902495393,1.0,VALID,seedbench,Platt Scaling (1D),47
0.10533779896837321,10.533779896837322,0.1245451563910998,12.45451563910998,0.04777208376778782,0.16318784196666222,0.06859340803333774,0.231775,0.0825345238095238,0.01460049004247658,0.8264480638550318,0.4981786010135314,0.1255419776275557,0.21755642635318134,1.0,VALID,seedbench,Quadratic Platt (Logit-Only),47
0.08581311636453433,8.581311636453433,0.12575810028955955,12.575810028955955,0.048173304382435764,0.1631503448213412,0.06863090517865877,0.231775,0.07710304914383863,0.009488297198622934,0.8264480638550318,0.4981328299818189,0.1259203528423523,0.21847163786319002,1.0,VALID,seedbench,Beta Calibration,47
0.09435248043552795,9.435248043552795,0.13824944864686245,13.824944864686245,0.0904964491318527,0.17268954243838117,0.0590917075616188,0.231775,0.0813125054196673,0.02171268350408758,0.8239672095782548,0.5182648267073218,0.154860546285616,0.1810038882467908,0.9895501403349938,VALID,seedbench,Spline Calibration,47
0.10051698940777719,10.051698940777719,0.16427256624964082,16.42725662496408,0.09587258457724482,0.17811633000160865,0.05366491999839132,0.231775,0.06780991256508498,0.016497326485186262,0.8248301154136555,0.5303504179996206,0.15205027255706405,0.1503954500299189,0.9983079576989425,VALID,seedbench,Adaptive TS (ATS),47
0.006723376471630472,0.6723376471630472,0.20409633901315252,20.409633901315253,0.016412256676213856,0.23203938663371254,-0.00025813663371257456,0.231775,0.002038605442176871,0.0021860166761923866,0.3831841225326286,0.6567358185916156,0.5087198650042183,0.018455602205828623,-0.3174593769593198,COLLAPSED,seedbench,Probability Margin (1D),47
0.0356310942923715,3.5631094292371497,0.044996755585362216,4.499675558536222,0.03630383012193334,0.2226597969861647,0.009121453013835268,0.231775,0.008693929915573185,0.00137688590161936,0.6225865602416136,0.6367872069880852,0.3178183999276861,0.057288795739875116,0.44558070217707535,VALID,seedbench,MSSC (Multi-Scale Proxy),47
0.0025902417852385895,0.25902417852385895,0.1500066463417643,15.000664634176431,0.011349124236473912,0.23187744066637797,-9.619066637800433e-05,0.231775,0.0,6.709352505995995e-06,0.3862582245712437,0.6564622555268943,0.39018853181236457,0.0011865553203392655,-0.32374259356483914,COLLAPSED,seedbench,MSE-EIGEN (Multi-Scale),47
0.11146054849639289,11.14605484963929,0.10426740229052585,10.426740229052585,0.04648228928427913,0.16398574867591267,0.06779550132408729,0.231775,0.08689842023701717,0.018048372154584314,0.8250458418725057,0.49981584390053174,0.12544620677033635,0.21821880140437128,0.9977544438610968,VALID,seedbench,Residual Calibrator,47
0.09297240193612,9.297240193612,0.09392476959563888,9.392476959563888,0.038561245603965635,0.16572657008830594,0.06605467991169403,0.231775,0.08177100807689043,0.01622516070410836,0.8211627656132024,0.504823365159696,0.13257831701895179,0.2260729156432511,0.9701777544438613,VALID,seedbench,Trajectory LR,47
0.08796957209188921,8.796957209188921,0.10457245060985963,10.457245060985963,0.0627136215239763,0.17214070429723288,0.059640545702767084,0.231775,0.07012384906759907,0.012467308392282786,0.8107000323589688,0.5195783166657827,0.14598518788865755,0.18915742658685666,0.9581924548113704,VALID,seedbench,Trajectory LR (No Bias),47
0.11205683778087261,11.205683778087261,0.1101314231869873,11.01314231869873,0.046180925889320476,0.16440775454001205,0.06737349545998791,0.231775,0.08496927182817275,0.018264504667655838,0.8226728508251537,0.5013318279526492,0.12687229634751257,0.2196829263639547,0.9940193504837623,VALID,seedbench,VCPS-5D (Our Method),47
0.10786175525046979,10.786175525046978,0.10918709502955527,10.918709502955528,0.0438238088343358,0.1645915865863933,0.06718966341360666,0.231775,0.08373072600856982,0.0193131902949348,0.821809944989753,0.5020352630643491,0.12733787004614974,0.22167191553323062,0.9868701717542939,VALID,seedbench,VCPS-17D (Our Method),47
0.18376448839902879,18.376448839902878,0.18376448839902879,18.376448839902878,0.18131675641598008,0.22787236529569857,0.003908884704301369,0.231775,0.038901803751803764,0.03589500813422484,0.7467371373098911,0.7565053170713145,0.20232594053381714,0.18239043725172793,1.0,VALID,seedbench,Naive Confidence (NC),48
0.10336701163093713,10.336701163093712,0.1113083461922094,11.13083461922094,0.05522163229591437,0.19863829613144304,0.033142953868556896,0.231775,0.049157573180628106,0.016318575238979272,0.7467371373098911,0.5801738419297372,0.20232594053381714,0.13521816724413566,1.0,VALID,seedbench,Temperature Scaling (TS),48
0.06790418656647863,6.790418656647863,0.08461918112899956,8.461918112899957,0.03402842926542111,0.19348077255851437,0.03830047744148557,0.231775,0.042186721611721614,0.006410527428094921,0.7467371373098911,0.5706665223405045,0.19088935719119818,0.19962977727207487,1.0,VALID,seedbench,Platt Scaling (1D),48
0.07057385744742387,7.057385744742387,0.0816162607630886,8.16162607630886,0.03405439418930236,0.1927270042751121,0.03905424572488783,0.231775,0.045301593912623325,0.007394968476254576,0.7467371373098911,0.5667149032085446,0.18975166881719674,0.20225823078635005,1.0,VALID,seedbench,Quadratic Platt (Logit-Only),48
0.08754266562902974,8.754266562902973,0.08192510989262533,8.192510989262534,0.03176954315870336,0.19233275277066542,0.03944849722933452,0.231775,0.05019844073737095,0.010320246525726854,0.7467371373098911,0.567248190014638,0.1882956558864022,0.20176308197253048,1.0,VALID,seedbench,Beta Calibration,48
0.06964473764410882,6.964473764410882,0.10119150995984795,10.119150995984795,0.0672304832554282,0.19776380468134497,0.03401744531865497,0.231775,0.043222070902953255,0.008909826410304487,0.7471146586128788,0.5782481460315768,0.1866387489413165,0.16529597254072245,0.9970819195576951,VALID,seedbench,Spline Calibration,48
0.07638195322099678,7.638195322099678,0.09498946095099334,9.498946095099333,0.056431978097853955,0.19873845006216073,0.03304279993783921,0.231775,0.04410568116157295,0.012230282139709963,0.7468450005393161,0.5803815731635914,0.20192419939601416,0.13550357251000442,0.9994134853371336,VALID,seedbench,Adaptive TS (ATS),48
0.01404838125178053,1.404838125178053,0.15594698223351874,15.594698223351875,0.015431614477755668,0.23353293901563832,-0.0017516890156383802,0.231775,0.0013457070707070709,0.00316409050260506,0.34354438571890844,0.6598224596045221,0.49002089012343963,0.019782090763130825,-0.3125478136953424,COLLAPSED,seedbench,Probability Margin (1D),48
0.03308155987916061,3.3081559879160607,0.05090090551545216,5.090090551545217,0.036534262003266565,0.22281067387168763,0.008970576128312313,0.231775,0.008365909090909096,0.0011224263988121193,0.6237730557652896,0.637089482077354,0.29342919314950755,0.05924179799655196,0.36527029230886804,VALID,seedbench,MSSC (Multi-Scale Proxy),48
0.002600461974387125,0.2600461974387125,0.1575220627138349,15.75220627138349,0.006950805197900253,0.2317512080860051,3.0041913994832692e-05,0.231775,0.0,6.762402480233384e-06,0.5029662388091899,0.6561893299857096,0.32328616624324646,0.00038069509781983325,-0.2738483462086552,COLLAPSED,seedbench,MSE-EIGEN (Multi-Scale),48
0.055330890279989706,5.533089027998971,0.07566256031410298,7.5662560314102985,0.0323356207435784,0.19357980901919103,0.03820144098080891,0.231775,0.04125796828207315,0.004597473516346377,0.7455506417862151,0.5707948811053042,0.19090172403955122,0.20024329873064112,0.9977904447611191,VALID,seedbench,Residual Calibrator,48
0.0643471286106984,6.43471286106984,0.0824427121609329,8.244271216093289,0.030021456618734243,0.19768379708123213,0.03409745291876781,0.231775,0.04215871459694989,0.008283545515249414,0.7335778233200301,0.5797158413693245,0.2005509649426458,0.2086906542881047,0.950233255831396,VALID,seedbench,Trajectory LR,48
0.06656476564740489,6.6564765647404895,0.0832844429388726,8.32844429388726,0.029790147164481525,0.19733985557957898,0.03444139442042096,0.231775,0.044684072108375515,0.009457406027157342,0.734548592384856,0.5789898915444901,0.19880281312263903,0.20903224119432356,0.9535183379584491,VALID,seedbench,Trajectory LR (No Bias),48
0.048664106389949564,4.866410638994957,0.0757076117375221,7.570761173752211,0.03287965282054615,0.19379833800828192,0.03798291199171802,0.231775,0.03994931472036736,0.003036805295208282,0.7444720094919641,0.5712719276106953,0.1897584111472671,0.20315178710108278,0.9956168904222606,VALID,seedbench,VCPS-5D (Our Method),48
0.05421900515576899,5.4219005155768984,0.07649062686689065,7.6490626866890645,0.03203004311431445,0.19275234018264215,0.03902890981735779,0.231775,0.04534543932844848,0.005311838805022777,0.7467371373098911,0.5678676190203242,0.18750561260212179,0.20549995786966907,0.9895912397809946,VALID,seedbench,VCPS-17D (Our Method),48
0.18717281043529513,18.717281043529514,0.18742827504873275,18.742827504873276,0.1711921006279301,0.23476579725608496,-0.0029845472560850184,0.231775,0.036952837043908476,0.041779216468392555,0.7295868838313019,0.8222351370917953,0.20088753233343903,0.19750476687510377,1.0,COLLAPSED,seedbench,Naive Confidence (NC),49
0.08713931955033215,8.713931955033214,0.08454505128543148,8.454505128543149,0.05741395954960056,0.20205782611333123,0.02972342388666871,0.231775,0.03824638047138047,0.01045062048218091,0.7295868838313019,0.5871578596778361,0.20088753233343903,0.14733580853051975,1.0,VALID,seedbench,Temperature Scaling (TS),49
0.06939914696565876,6.939914696565876,0.07110622311522155,7.110622311522155,0.04665167342198359,0.19872813773105016,0.033053112268949775,0.231775,0.04089259468744763,0.007693590233112164,0.7295868838313019,0.5818171957582741,0.19063678847159554,0.219804858924829,1.0,VALID,seedbench,Platt Scaling (1D),49
0.05475497560296583,5.475497560296583,0.07100432529960321,7.100432529960321,0.04941033241794128,0.19925912932127365,0.032522120678726285,0.231775,0.03940380346646667,0.0057940761379377545,0.7295868838313019,0.582912928302411,0.19067161017723347,0.22680429185826,1.0,VALID,seedbench,Quadratic Platt (Logit-Only),49
0.09682181888755707,9.682181888755707,0.07195647395215786,7.195647395215786,0.04695502709833821,0.1990737642277272,0.032707485772272726,0.231775,0.0465456781093004,0.015156719241142503,0.7295868838313019,0.581750728783646,0.1915517414827917,0.22524004068518064,1.0,VALID,seedbench,Beta Calibration,49
0.09600640640171956,9.600640640171957,0.09803069266296462,9.803069266296461,0.08648065888054961,0.20623019384236577,0.025551056157634172,0.231775,0.04232397876435833,0.014768905560510985,0.7259195340308489,0.6061932760728105,0.21966207090509723,0.18091593384604046,0.9921596945660955,VALID,seedbench,Spline Calibration,49
0.07949643045806998,7.949643045806997,0.1107297331562877,11.07297331562877,0.058910539970770344,0.20217589489046608,0.029605355109533854,0.231775,0.03591602417190652,0.008582866752692271,0.728400388307626,0.587528542831647,0.2015359756957416,0.1485487880822036,0.9987924698117454,VALID,seedbench,Adaptive TS (ATS),49
0.004811294938136104,0.4811294938136104,0.1332039427999541,13.32039427999541,0.011253811408721757,0.23187452639252462,-9.327639252468267e-05,0.231775,3.141025641025638e-05,0.00021403258818887558,0.48689461762485176,0.6564278300207849,0.40568250269004746,0.02043674877741237,-0.05429993894844323,COLLAPSED,seedbench,Probability Margin (1D),49
0.02095404530230879,2.095404530230879,0.02095404530230879,2.095404530230879,0.019840420338907608,0.22793221786342188,0.0038490321365780567,0.231775,0.005095541259982253,0.0011113360292910456,0.5717290475676842,0.6479932037180114,0.30001844661902277,0.06724489543766282,0.39848494458310063,VALID,seedbench,MSSC (Multi-Scale Proxy),49
0.0025032986170201443,0.25032986170201443,0.13612016531995902,13.612016531995902,0.007785649421327296,0.23177790105183682,3.3489481631177043e-06,0.231775,0.0,6.266503965974967e-06,0.5022111962032143,0.6562471337198664,0.32727851777286854,3.241426370182522e-05,-0.28861921548038705,COLLAPSED,seedbench,MSE-EIGEN (Multi-Scale),49
0.0777780160758076,7.77780160758076,0.09134465307267588,9.134465307267588,0.05090212501086489,0.19944715772245344,0.032334092277546495,0.231775,0.04378981428358363,0.012096357294715194,0.7279689353899256,0.5835680568070635,0.1910288762231021,0.22570761365127046,0.9979239480987026,VALID,seedbench,Residual Calibrator,49
0.11418973796035536,11.418973796035537,0.08690411439767703,8.690411439767704,0.06444051225044972,0.2052735965850819,0.026507653414918037,0.231775,0.04806130846277905,0.02030802080858088,0.719987056412469,0.5967033577201596,0.20256185060329415,0.23828676590500922,0.9572459311482788,VALID,seedbench,Trajectory LR,49
0.09254046588441582,9.254046588441582,0.09121446582072931,9.121446582072931,0.06123376667464199,0.19919124964046778,0.03259000035953216,0.231775,0.05154569254275137,0.018707437263192656,0.7396181641678352,0.5810913941158893,0.18855661156574186,0.2111516207301049,0.9586379659491489,VALID,seedbench,Trajectory LR (No Bias),49
0.07950440669317327,7.950440669317327,0.0899345039635249,8.99345039635249,0.04990204140952873,0.19926166411933216,0.03251958588066778,0.231775,0.041112524317787474,0.01274383581098246,0.7259195340308489,0.5831080607350558,0.1932908964799469,0.22260101978439314,0.9954548863721594,VALID,seedbench,VCPS-5D (Our Method),49
0.09646710362268954,9.646710362268953,0.09856668323495814,9.856668323495814,0.0468280995361387,0.19804279002698555,0.03373845997301439,0.231775,0.04713879456501294,0.013301771610877868,0.7324991910257794,0.5801599763552641,0.19038898654483713,0.22485154327528667,0.989799744993625,VALID,seedbench,VCPS-17D (Our Method),49
0.22234185993671418,22.234185993671417,0.21415458083152775,21.415458083152775,0.21185167048692805,0.24542587938389343,-0.013644629383893492,0.231775,0.04038822011322012,0.055676397766022595,0.7471685902275914,0.8630352435495473,0.20356419033558315,0.18370624171857947,1.0,COLLAPSED,seedbench,Naive Confidence (NC),50
0.09742190211033412,9.742190211033412,0.11274019455968642,11.274019455968642,0.07890623703699798,0.20129880706233666,0.03048244293766328,0.231775,0.042066890111946566,0.013090042902037491,0.7471685902275914,0.5851161013854669,0.20356419033558315,0.1446394752506657,1.0,VALID,seedbench,Temperature Scaling (TS),50
0.06973828039138721,6.973828039138722,0.07672198981653035,7.672198981653035,0.0396251720930548,0.1931092935326926,0.03867195646730734,0.231775,0.04621077036998089,0.008193456737795323,0.7471685902275914,0.5708046405330496,0.1907619895714598,0.20762411945106993,1.0,VALID,seedbench,Platt Scaling (1D),50
0.09100823108244374,9.100823108244374,0.07970406052992396,7.970406052992396,0.048154004094899255,0.19423685512590866,0.03754439487409128,0.231775,0.05061562042188977,0.01334160851942174,0.7471685902275914,0.5698810490777794,0.19165459086424586,0.20994533999821674,1.0,VALID,seedbench,Quadratic Platt (Logit-Only),50
0.06988292648244365,6.988292648244365,0.08197249199287525,8.197249199287524,0.04943536926924345,0.19456132706838608,0.03721992293161386,0.231775,0.044320820228676255,0.0076126864474019345,0.7471685902275914,0.5722768424823488,0.1926527206378078,0.21065825784194295,1.0,VALID,seedbench,Beta Calibration,50
0.11937815548807056,11.937815548807055,0.12340728160653605,12.340728160653605,0.1152344229403338,0.2103440358869685,0.021437214113031428,0.231775,0.03747356189378661,0.01748582517779481,0.7470607269981664,0.6145629107045358,0.1926134831588481,0.1677339590074831,0.9895501403349938,VALID,seedbench,Spline Calibration,50
0.11456059212066358,11.456059212066357,0.1028078015587189,10.28078015587189,0.07977816458460533,0.20136444989256916,0.03041680010743078,0.231775,0.04766936641789583,0.016608723418288295,0.7454427785567901,0.5847973307230611,0.20489247693777715,0.14518431967974949,0.9980469511737795,VALID,seedbench,Adaptive TS (ATS),50
0.0076606535799167656,0.7660653579916765,0.13520768800840444,13.520768800840443,0.008942966936068374,0.23185050992864578,-6.925992864584285e-05,0.231775,0.0006694723618090453,0.0009750372135764436,0.4581490669830655,0.6563874208270335,0.4269326999426331,0.005628007325277839,-0.16564095313919755,COLLAPSED,seedbench,Probability Margin (1D),50
0.027017106091296254,2.7017106091296252,0.027017106091296254,2.7017106091296252,0.023499165141749854,0.2276985340195627,0.004082715980437246,0.231775,0.0060197026657553,0.002017694396402704,0.5705425520440083,0.6476337198196589,0.3274846814139979,0.06618235330481341,0.3909803154106648,VALID,seedbench,MSSC (Multi-Scale Proxy),50
0.002459427605541742,0.2459427605541742,0.10092399522113057,10.092399522113057,0.007493881957455261,0.23176779546558546,1.3454534414480968e-05,0.231775,0.0,6.048784146900786e-06,0.46791068924603607,0.6562252257489561,0.3623763165468642,0.0006222808514720598,-0.2968724218105453,COLLAPSED,seedbench,MSE-EIGEN (Multi-Scale),50
0.06087823304642013,6.087823304642013,0.06336043981013033,6.336043981013033,0.040390367460332637,0.19274906489602323,0.03903218510397671,0.231775,0.04702012627631698,0.006380086529925387,0.7459820947039155,0.5702352499951588,0.19206002002885625,0.21173986961276203,0.9972999324983126,VALID,seedbench,Residual Calibrator,50
0.07688657363947296,7.688657363947296,0.08986710913653048,8.986710913653049,0.04853285614532851,0.1946781273478828,0.037103122652117126,0.231775,0.04564986869008608,0.007720423659065983,0.7438248301154138,0.5742744678930555,0.19560212648826905,0.2200410031219811,0.9531013275331884,VALID,seedbench,Trajectory LR,50
0.08066120018938211,8.06612001893821,0.09390391727903953,9.390391727903953,0.06287648095165657,0.19561552085805048,0.03616572914194946,0.231775,0.047380172605172605,0.012993236469639501,0.7484629489806924,0.5791535349275211,0.20010211597367222,0.1990315604633026,0.9549463736593417,VALID,seedbench,Trajectory LR (No Bias),50
0.07500093146174304,7.500093146174304,0.0696823950539228,6.9682395053922805,0.039610219057137706,0.19292897327005487,0.03885227672994507,0.231775,0.047247551571235794,0.00817848510144068,0.7458742314744903,0.5699519392023105,0.1903038113850861,0.21081295724123145,0.9934988374709369,VALID,seedbench,VCPS-5D (Our Method),50
0.08010901804033953,8.010901804033953,0.06769541448056719,6.769541448056719,0.042778331987354895,0.1931794012973698,0.03860184870263014,0.231775,0.05064309927732848,0.011867121222501956,0.7456585050156401,0.5706667805045373,0.19073812687354638,0.21199777694002733,0.9873111827795696,VALID,seedbench,VCPS-17D (Our Method),50
0.19960797786712647,19.960797786712646,0.1806925517320633,18.06925517320633,0.1958673773604188,0.23201351656694683,-0.00023226656694688708,0.231775,0.048621368092691616,0.050801415327691876,0.7500808974220688,0.7397151822785838,0.18711707403403924,0.1911289388095799,1.0,COLLAPSED,seedbench,Naive Confidence (NC),51
0.0928470393433401,9.28470393433401,0.09608161818205946,9.608161818205947,0.07540730385541447,0.19555877088621842,0.036222479113781514,0.231775,0.046972968818620994,0.011447265078433395,0.7500808974220688,0.5680729242865962,0.18711707403403924,0.142389981331963,1.0,VALID,seedbench,Temperature Scaling (TS),51
0.07356068078476997,7.356068078476998,0.08330243462146765,8.330243462146765,0.04339366873494234,0.18935027111738034,0.0424309788826196,0.231775,0.05016759444259445,0.007873026025798063,0.7500808974220688,0.5546703016135375,0.17401469726175023,0.2094913406959599,1.0,VALID,seedbench,Platt Scaling (1D),51
0.10157314611921234,10.157314611921233,0.09143620460903734,9.143620460903733,0.04959854427223595,0.1913473667069768,0.04043388329302314,0.231775,0.056211707265090546,0.015447908463417101,0.7500808974220688,0.5593461978574221,0.17486904643958984,0.21589705530725642,1.0,VALID,seedbench,Quadratic Platt (Logit-Only),51
0.10598936430327689,10.59893643032769,0.09538495634921945,9.538495634921945,0.05542078909873302,0.19337520292313137,0.038406047076868566,0.231775,0.05683362133036046,0.018286085190347377,0.7500808974220688,0.5646911696236948,0.1773135365169658,0.21602624207194118,1.0,VALID,seedbench,Beta Calibration,51
0.1176308712942254,11.76308712942254,0.10181993373517756,10.181993373517756,0.09430948770265232,0.19986332277864421,0.031917927221355724,0.231775,0.05759735306403263,0.025477094004566738,0.7503505554956315,0.5760410776647081,0.1758447453474922,0.16280028344341863,0.9939006217731977,VALID,seedbench,Spline Calibration,51
0.09225274586682396,9.225274586682396,0.10752839260719403,10.752839260719403,0.07798398708554496,0.19519483005719784,0.036586419942802095,0.231775,0.04561534899521584,0.01071163880997227,0.75159098263402,0.5672427700521826,0.18602804342527932,0.14296977322304183,0.9993834845871149,VALID,seedbench,Adaptive TS (ATS),51
0.009799476303844288,0.9799476303844288,0.18448705007295557,18.44870500729556,0.022146866504255208,0.23283404128581392,-0.001052791285813981,0.231775,0.001697680412371134,0.002530914361050584,0.4197497573077339,0.6583852435844554,0.44532460380635486,0.025937735330341653,-0.2888142610685806,COLLAPSED,seedbench,Probability Margin (1D),51
0.017474495875078162,1.7474495875078162,0.017474495875078162,1.7474495875078162,0.0194322487116509,0.227986434599676,0.0037948154003239476,0.231775,0.004348509957137564,0.0005374482866584612,0.5705425520440082,0.6481050248847745,0.31136746122936837,0.06863424402876997,0.3645150795308766,VALID,seedbench,MSSC (Multi-Scale Proxy),51
0.0025065318423974636,0.25065318423974636,0.13399781476054218,13.399781476054217,0.007788036665195952,0.23177796342989468,3.2865701052597895e-06,0.231775,0.0,6.282701876952424e-06,0.4850609427246253,0.6562472684453617,0.3150518419387241,3.30886434996021e-05,-0.24336308407710197,COLLAPSED,seedbench,MSE-EIGEN (Multi-Scale),51
0.08973611315042102,8.9736113150421,0.10396532299589585,10.396532299589586,0.046865125189469746,0.1889014694152088,0.04287978058479114,0.231775,0.05726163003663005,0.013317181376752165,0.7531010678459712,0.5539076043747727,0.17194737028800872,0.21527405941488684,0.9978489462236558,VALID,seedbench,Residual Calibrator,51
0.10362739941587339,10.36273994158734,0.13355857735038923,13.355857735038922,0.05942885824949759,0.18866030307815917,0.043120946921840764,0.231775,0.06305927098264054,0.019509021879824777,0.7630244849530795,0.5558742790616494,0.17535045344797773,0.22070651362807664,0.9724878121953049,VALID,seedbench,Trajectory LR,51
0.10527298012196845,10.527298012196844,0.10918171799751761,10.91817179975176,0.06557146344726839,0.19478442916062222,0.03699682083937772,0.231775,0.05946006121215099,0.02411571825622953,0.7509438032574696,0.5706445265798223,0.194825541534493,0.2054560835578435,0.9579314482862072,VALID,seedbench,Trajectory LR (No Bias),51
0.09689669197998914,9.689669197998914,0.1250541473276945,12.505414732769449,0.050161578193451926,0.188285347268488,0.04349590273151194,0.231775,0.05789620613775963,0.014293486217623413,0.7545032898284975,0.5528372251285174,0.17176252554134333,0.21425365989206588,0.9955898897472438,VALID,seedbench,VCPS-5D (Our Method),51
0.10083308922220388,10.083308922220388,0.12560437384929157,12.560437384929157,0.05309220004711277,0.18728408249770026,0.04449716750229968,0.231775,0.05969347006361074,0.015400295547035264,0.7580627763995254,0.5502722856481199,0.17039640263252948,0.21680011797236742,0.9891547288682219,VALID,seedbench,VCPS-17D (Our Method),51
0.31240974804759025,31.240974804759027,0.3096245861053467,30.96245861053467,0.27130989644389414,0.3237310015339469,-0.0944667515339469,0.229264,0.029061157717667846,0.12222065652451766,0.6813804173354736,1.2882400930218312,0.45957376262236527,0.3071225887386051,1.0,COLLAPSED,textvqa,Naive Confidence (NC),42
0.1761926173684512,17.61926173684512,0.18274926936585886,18.274926936585885,0.17619261736846856,0.2497140384321268,-0.020449788432126803,0.229264,0.017635588289979846,0.03980271767330731,0.6813804173354736,0.6928052612594897,0.45957376262236527,0.051840947621672816,1.0,COLLAPSED,textvqa,Temperature Scaling (TS),42
0.09779073835705267,9.779073835705267,0.11592917251833935,11.592917251833935,0.0751934190509673,0.21636688163013343,0.012897368369866574,0.229264,0.02815968100008612,0.014918837196778233,0.6813804173354736,0.618749122282734,0.22141948479296264,0.1605377493245303,1.0,VALID,textvqa,Platt Scaling (1D),42
0.0754961263113191,7.549612631131911,0.08687912527228991,8.687912527228992,0.05750162128518613,0.20918089117833716,0.020083358821662844,0.229264,0.029678513269538034,0.008955469276892062,0.681362970200293,0.6013128860209815,0.2189606975202384,0.18624372038372433,0.9862795291181164,VALID,textvqa,Quadratic Platt (Logit-Only),42
0.055993866417128474,5.599386641712847,0.06742092619513833,6.742092619513833,0.046647553738499034,0.20592406572000999,0.023340184279990017,0.229264,0.028257212544379778,0.004899026352000559,0.6813804173354736,0.5981405077583282,0.2195298915379265,0.1889785099378996,1.0,VALID,textvqa,Beta Calibration,42
0.05490098765405063,5.4900987654050635,0.07317731796561029,7.317731796561029,0.05567709776178028,0.2068423010925324,0.022421948907467598,0.229264,0.026881277726405507,0.003934231107388636,0.6835613092330239,0.5976512202932882,0.22203917809713783,0.15095849942967968,0.9923446674375571,VALID,textvqa,Spline Calibration,42
0.1816039174219625,18.16039174219625,0.18160391742196244,18.160391742196243,0.18160391742197762,0.2490630674062429,-0.019798817406242897,0.229264,0.01814963852682909,0.040628384456487844,0.6920929583362412,0.6914653036696787,0.44024042726463497,0.05855873333555429,0.998500762003048,COLLAPSED,textvqa,Adaptive TS (ATS),42
0.011226794900719735,1.1226794900719734,0.0815711345515153,8.15711345515153,0.01804791313441104,0.2278695478217136,0.001394702178286411,0.229264,0.004269091649694501,0.002703540562077494,0.5975818270639961,0.6482364080276393,0.2754108190729284,0.01746573693554923,0.05969493512485102,COLLAPSED,textvqa,Probability Margin (1D),42
0.0691486680961646,6.91486680961646,0.08155568120152151,8.155568120152152,0.05528724815519073,0.2290964323339132,0.00016781766608681137,0.229264,0.006760461800063859,0.007322328011773616,0.5916236303998884,0.6496872301058034,0.2649413870364684,0.09095755324206528,0.19929864679496867,COLLAPSED,textvqa,MSSC (Multi-Scale Proxy),42
0.07816676038698535,7.816676038698535,0.10124931216892084,10.124931216892085,0.06615527182152155,0.20861072501101344,0.020653524988986566,0.229264,0.027918294014951855,0.008471761147818467,0.6893363109777375,0.607227114228225,0.25188005996036844,0.08315402861322271,-0.0034193416773667094,SCRAMBLED,textvqa,MSE-EIGEN (Multi-Scale),42
0.06879941470123314,6.879941470123314,0.06665155382781474,6.665155382781474,0.03596797244622227,0.2027415896516884,0.026522660348311605,0.229264,0.033306194330949855,0.006251418303400826,0.7126282364435759,0.5887879222884456,0.19946389219579974,0.17821761965650257,0.9834249576998308,VALID,textvqa,Residual Calibrator,42
0.06518299360842805,6.518299360842805,0.06989083027408984,6.9890830274089835,0.06314024824905021,0.18017198661487316,0.049092263385126844,0.229264,0.05743005608174997,0.007752618163738046,0.7618291576523136,0.5406551831826826,0.16133479120354915,0.25530334785024217,0.7468210672842691,VALID,textvqa,Trajectory LR,42
0.07814292281116919,7.814292281116919,0.08026918706164052,8.026918706164052,0.06928341643938642,0.18878874578205296,0.040475504217947045,0.229264,0.052026837760276536,0.011461110880408534,0.7489531718891758,0.5589406951023085,0.17455023097403669,0.2506646222010768,0.6031776127104508,VALID,textvqa,Trajectory LR (No Bias),42
0.0642480581460395,6.42480581460395,0.07630329129601265,7.630329129601265,0.046790033352155896,0.19673837298625813,0.03252587701374188,0.229264,0.03967575821731322,0.007672220235954319,0.7277200083746249,0.5754294480006165,0.18449031813983402,0.20250382830979935,0.971190764763059,VALID,textvqa,VCPS-5D (Our Method),42
0.08022578620373619,8.022578620373618,0.07679970146283538,7.679970146283538,0.05191506170424049,0.19166960407102157,0.03759464592897843,0.229264,0.04770851561939247,0.009936392598069861,0.73701933142578,0.5643875484918339,0.17621928353910005,0.2135303135705837,0.943809919239677,VALID,textvqa,VCPS-17D (Our Method),42
0.3184811313897371,31.84811313897371,0.3126606863290072,31.26606863290072,0.2789544795690637,0.3138566249431757,-0.08459237494317567,0.229264,0.0369523921965641,0.12224801660049371,0.7121833344964756,1.250419539872909,0.4147192905590775,0.3074933822576896,1.0,COLLAPSED,textvqa,Naive Confidence (NC),43
0.1791106542507071,17.91106542507071,0.17860727798975282,17.860727798975283,0.1773735880892097,0.24683824022923181,-0.017573990229231812,0.229264,0.021662904179476954,0.04144967109529387,0.7121833344964756,0.6868434740906987,0.4147192905590775,0.05036186458127318,1.0,COLLAPSED,textvqa,Temperature Scaling (TS),43
0.08961804168664177,8.961804168664177,0.12125395875757507,12.125395875757507,0.070344128825038,0.2075123783364571,0.021751871663542893,0.229264,0.03132492013329806,0.009921923204926549,0.7121833344964756,0.5987617365078646,0.19550170766151861,0.16545960468622678,1.0,VALID,textvqa,Platt Scaling (1D),43
0.07456774001156491,7.456774001156491,0.08434398228713973,8.434398228713972,0.06383153213089716,0.20358672641474498,0.02567752358525502,0.229264,0.03432070250862175,0.00812828157976355,0.6958877102379788,0.5866020159387697,0.205027679292161,0.17861261200247014,0.9573422273213361,VALID,textvqa,Quadratic Platt (Logit-Only),43
0.04680302914274643,4.680302914274643,0.07263138915632794,7.263138915632794,0.041472074207676186,0.19808305826390607,0.031181191736093933,0.229264,0.034932153079131556,0.0037527041920018107,0.7121833344964756,0.57733676296446,0.19668019596924793,0.1836446003801351,1.0,VALID,textvqa,Beta Calibration,43
0.06865067502180168,6.865067502180168,0.07269695562347506,7.269695562347506,0.06061047000051559,0.20212208341314647,0.027142166586853533,0.229264,0.033890934579150475,0.007458224336767108,0.7084932654058205,0.587424762881478,0.20913020430205492,0.1442528265652497,0.9928889518136704,VALID,textvqa,Spline Calibration,43
0.18757779081565368,18.757779081565367,0.19089460247210988,19.089460247210987,0.18617159613841192,0.24586654972084024,-0.016602299720840236,0.229264,0.02420348454408866,0.04357003232228255,0.7220322423058133,0.6848095444439293,0.39899577175474576,0.0562300828913344,0.9990885483323187,COLLAPSED,textvqa,Adaptive TS (ATS),43
0.004000127831970829,0.4000127831970829,0.07501770842633503,7.501770842633502,0.011467181889470188,0.22929493892048067,-3.068892048066485e-05,0.229264,0.0019159114688128776,0.001876628669960851,0.5492707097494591,0.651131210833319,0.30519005828530765,0.009547604747071933,-0.05325232628736099,COLLAPSED,textvqa,Probability Margin (1D),43
0.0472852780189956,4.72852780189956,0.07289801872899263,7.289801872899263,0.04380109792886429,0.2225585117872399,0.006705738212760104,0.229264,0.007998163851351351,0.002765050321779871,0.6315513992602415,0.6358135501142119,0.24860925993576796,0.09172474872172111,0.2704263576805685,VALID,textvqa,MSSC (Multi-Scale Proxy),43
0.08379378599155994,8.379378599155993,0.08976899596920934,8.976899596920934,0.07044534831902695,0.20887983182805397,0.020384418171946028,0.229264,0.029669996510047807,0.010264231274146031,0.6930699979063438,0.6077148987135622,0.25788338187473075,0.07877024263029314,-0.0330353649343085,SCRAMBLED,textvqa,MSE-EIGEN (Multi-Scale),43
0.067297451890446,6.7297451890446,0.0763788173091769,7.637881730917689,0.03238792010739669,0.19267532195472892,0.036588928045271085,0.229264,0.04109589929493194,0.004986563801964477,0.7421138948984576,0.5659230051597132,0.17385304589388026,0.18114563769345507,0.9835681658782998,VALID,textvqa,Residual Calibrator,43
0.045603841046043564,4.560384104604356,0.06016686035303337,6.016686035303337,0.034752765571480486,0.1652625436580488,0.06400170634195121,0.229264,0.06783035428849843,0.003999381777584368,0.8019401214320607,0.5007666906235468,0.12841771561045756,0.255172745151478,0.731546703743936,VALID,textvqa,Trajectory LR,43
0.05946091571145488,5.946091571145487,0.07064257857474524,7.064257857474524,0.06033730266916698,0.18027167204937247,0.04899257795062753,0.229264,0.05741621921282267,0.009431318030318658,0.7759613371484402,0.5363403373047033,0.15116326345544506,0.2620308461253691,0.589468244020214,VALID,textvqa,Trajectory LR (No Bias),43
0.09398450476707233,9.398450476707234,0.08822663127608543,8.822663127608543,0.04141799501425631,0.18451485692930325,0.04474939307069675,0.229264,0.056664660350544724,0.011398067076372852,0.758863144671645,0.5469183145476934,0.15607874475622527,0.19979475482294126,0.9718643747822443,VALID,textvqa,VCPS-5D (Our Method),43
0.08359850859121072,8.359850859121073,0.08788259809367609,8.78825980936761,0.0409042061831185,0.17990748603816842,0.049356763961831585,0.229264,0.05955628990236667,0.010736244545504186,0.7645683578756368,0.5362661515706036,0.14928637951263235,0.20882952584509737,0.9423516480230318,VALID,textvqa,VCPS-17D (Our Method),43
0.3158618186041713,31.586181860417128,0.3158618186041713,31.586181860417128,0.28016396980461106,0.3068137681924832,-0.07754951819248318,0.229264,0.042134873348607174,0.11874965564268697,0.720418382301626,1.250626930434123,0.4299565190731328,0.3033850861953954,1.0,COLLAPSED,textvqa,Naive Confidence (NC),44
0.17827433988719577,17.827433988719577,0.20120745057922274,20.120745057922274,0.17904896916618168,0.24728026882761775,-0.018016018827617747,0.229264,0.028031622682660857,0.046902203159314385,0.720418382301626,0.6878746730417123,0.4299565190731328,0.04988850181643655,1.0,COLLAPSED,textvqa,Temperature Scaling (TS),44
0.10858344260841116,10.858344260841116,0.12550835456520096,12.550835456520096,0.0824068061567615,0.20838184955128386,0.020882400448716143,0.229264,0.03871073620437939,0.019356259495843405,0.720418382301626,0.6003151200715061,0.1887207347104926,0.161727763710823,1.0,VALID,textvqa,Platt Scaling (1D),44
0.06073218589561951,6.073218589561951,0.06665925708297635,6.665925708297634,0.04747607293704415,0.19685468347876833,0.03240956652123167,0.229264,0.03770545087624673,0.005361630348600091,0.7250767673947938,0.5694580350453572,0.17953043258904072,0.17299467346760658,0.9766674895499977,VALID,textvqa,Quadratic Platt (Logit-Only),44
0.05463035521217506,5.463035521217506,0.06956887523286359,6.956887523286359,0.03268853741593771,0.19430438574709125,0.03495986425290876,0.229264,0.037326552189092914,0.0035842444976291344,0.720418382301626,0.560368132613431,0.18038369855278882,0.1770650975104582,1.0,VALID,textvqa,Beta Calibration,44
0.06035613685991686,6.035613685991685,0.07999860007034974,7.999860007034974,0.06035877580257632,0.19945584350106804,0.02980840649893196,0.229264,0.036823325668482,0.006717373717890527,0.7218228766836485,0.5807811846975385,0.18317441276853055,0.13956523575061333,0.9932369674109183,VALID,textvqa,Spline Calibration,44
0.1812280125669376,18.12280125669376,0.19836605815770936,19.836605815770938,0.1814001974752021,0.2463263926895773,-0.017062142689577287,0.229264,0.026348578229022673,0.046018372249878585,0.7301800544350617,0.6859445648110325,0.4165110513500423,0.05662289971229747,0.9988001631718568,COLLAPSED,textvqa,Adaptive TS (ATS),44
0.010629011868143667,1.0629011868143667,0.11897583281072649,11.897583281072649,0.015639159578536822,0.22796190160668878,0.0013023483933112256,0.229264,0.0028574959349593494,0.0017657631948565003,0.6229063437783516,0.6483659415819083,0.2543171477944084,0.012048371041572867,0.12040743366179742,COLLAPSED,textvqa,Probability Margin (1D),44
0.03576422470968417,3.576422470968417,0.06540887187277436,6.540887187277436,0.035766299942977975,0.22299893473796398,0.006265315262036025,0.229264,0.008309918082047448,0.002874092461454123,0.6207603461511619,0.63699847504982,0.26406814300378845,0.0848211086943074,0.1460269728790588,VALID,textvqa,MSSC (Multi-Scale Proxy),44
0.11096805553274204,11.096805553274205,0.11774992518414701,11.7749925184147,0.0838893468118848,0.20836201499772586,0.020902235002274144,0.229264,0.035016977501403465,0.014714010449322372,0.6984262684067275,0.6064041854526657,0.24872006666317228,0.09257328520613664,0.021474374412882642,SCRAMBLED,textvqa,MSE-EIGEN (Multi-Scale),44
0.06033467926702894,6.033467926702894,0.07292535634491948,7.292535634491948,0.03435517947467134,0.1921741274970324,0.037090122502967615,0.229264,0.04358068181269436,0.0077076096310998606,0.7562460743945845,0.5640372730274942,0.16221684764980598,0.18041388216745707,0.9807274184471322,VALID,textvqa,Residual Calibrator,44
0.05333565899327701,5.333565899327701,0.060043685970922786,6.004368597092278,0.026084099542298265,0.16297366767782964,0.06629058232217036,0.229264,0.07288368437340878,0.006669044500444289,0.8139437504361784,0.4951498846200791,0.12401127473551872,0.25950418810738196,0.7257759765225297,VALID,textvqa,Trajectory LR,44
0.059859599116539,5.9859599116539,0.06775654067795904,6.775654067795904,0.0525798860629466,0.1714986192260406,0.05776563077395941,0.229264,0.06344485992191677,0.005886915311278786,0.7974213134203363,0.5138429565592999,0.13344342584195348,0.2527806483599705,0.5657560526023557,VALID,textvqa,Trajectory LR (No Bias),44
0.07878338802449004,7.878338802449004,0.08842064756760099,8.842064756760099,0.030793509414919516,0.1844062964598175,0.044857953540182516,0.229264,0.053615262378776625,0.009730364116591794,0.7736234210342661,0.5478482320464803,0.16227944776829864,0.2063458785952473,0.9662554082117629,VALID,textvqa,VCPS-5D (Our Method),44
0.06790386897912616,6.790386897912616,0.08184115885383533,8.184115885383534,0.02182691306419818,0.17979152012732938,0.04947272987267062,0.229264,0.055050944166299964,0.006182269653354371,0.7826435899225348,0.5409561912478019,0.1587929064900465,0.2224174615087039,0.9353728999405496,VALID,textvqa,VCPS-17D (Our Method),44
0.33515957749634984,33.515957749634985,0.33515957749634984,33.515957749634985,0.30061153097688686,0.3186844352369098,-0.08942018523690981,0.229264,0.03677020843872522,0.12504267088840954,0.7217879824132877,1.261749632035388,0.43071326997373865,0.29275582145595047,1.0,COLLAPSED,textvqa,Naive Confidence (NC),45
0.17783598115786345,17.783598115786344,0.1855188966917542,18.55188966917542,0.17783598115788188,0.24765739618703977,-0.01839314618703977,0.229264,0.02363425178631918,0.043737172337958034,0.7217879824132877,0.6885620664620953,0.43071326997373865,0.04868992829945784,1.0,COLLAPSED,textvqa,Temperature Scaling (TS),45
0.1059653402783005,10.59653402783005,0.10628422153395845,10.628422153395844,0.07164498577305738,0.2056913323322176,0.02357291766778241,0.229264,0.03706906820250228,0.014013496966909794,0.7217879824132877,0.5953113798754226,0.19078522953896526,0.15427351664588473,1.0,VALID,textvqa,Platt Scaling (1D),45
0.07256018484832721,7.256018484832722,0.07778968397527508,7.778968397527509,0.05038599364983973,0.19790237070919744,0.03136187929080256,0.229264,0.037329717671076,0.0054576475833685925,0.7168504431572336,0.5728770205301594,0.1836664566670801,0.17071054652236858,0.9729637958551834,VALID,textvqa,Quadratic Platt (Logit-Only),45
0.03131188693402561,3.131188693402561,0.05211325049915024,5.2113250499150245,0.032340630606717526,0.19514933017432737,0.034114919825672635,0.229264,0.035115389768144094,0.0015967343258859671,0.7217879824132877,0.5643454603497753,0.18149602350467145,0.1695836533193134,1.0,VALID,textvqa,Beta Calibration,45
0.0735034092380742,7.350340923807421,0.0838141481351238,8.38141481351238,0.07350490766536379,0.2038681768784701,0.025396073121529916,0.229264,0.034444988873050926,0.01000678206038951,0.7200170981924767,0.5918629340203436,0.18813560326780704,0.12690287153306282,0.9930644010876731,VALID,textvqa,Spline Calibration,45
0.1833649317038431,18.336493170384312,0.18785308442304072,18.78530844230407,0.18815706408238653,0.24663390560102896,-0.01736965560102896,0.229264,0.026726906732130132,0.04718767316268979,0.7334077744434364,0.6864345270696901,0.40970469014582483,0.055117556363365905,0.998697946791787,COLLAPSED,textvqa,Adaptive TS (ATS),45
0.006154983718158487,0.6154983718158487,0.07963050677286498,7.963050677286498,0.017376223322031578,0.22870501277612598,0.0005592372238740206,0.229264,0.002839510204081633,0.002080671995168361,0.6022053178868029,0.6499608843375932,0.2651587519116694,0.02120015720255046,-0.010029641081409916,COLLAPSED,textvqa,Probability Margin (1D),45
0.04185921774279827,4.185921774279827,0.06514813947805391,6.514813947805391,0.038843229322774134,0.22147086993693602,0.007793380063063987,0.229264,0.008692806766728964,0.002312525277974281,0.6359829715960639,0.6336341039904139,0.24403419868212547,0.08672754546022067,0.2269506652995392,VALID,textvqa,MSSC (Multi-Scale Proxy),45
0.10356753579885873,10.356753579885874,0.10539996574191986,10.539996574191985,0.09736657797600595,0.20250478324516008,0.026759466754839922,0.229264,0.04140338382541721,0.015328843351096152,0.7293774862167631,0.59456772007338,0.22352892112951855,0.08564245141943871,0.03877973911895648,SCRAMBLED,textvqa,MSE-EIGEN (Multi-Scale),45
0.06889319164310147,6.889319164310146,0.08305206331664942,8.305206331664943,0.036508546328715974,0.1883907725235593,0.04087347747644071,0.229264,0.04723824243114344,0.0071830335880040935,0.7635913183055342,0.5565462938918442,0.15748730361332453,0.17447926727173535,0.9812356689426759,VALID,textvqa,Residual Calibrator,45
0.0477898597321432,4.778985973214319,0.03480309317016098,3.4803093170160984,0.026389641773749722,0.1585283524114687,0.0707358975885313,0.229264,0.07376051685043875,0.0032962134171366803,0.827203573173285,0.4815598872805312,0.10975063151433193,0.2636958780253351,0.7437103668414674,VALID,textvqa,Trajectory LR,45
0.08698606206592294,8.698606206592293,0.07676737752645872,7.676737752645872,0.058975192893780316,0.1672893052221574,0.0619749447778426,0.229264,0.07299723980877301,0.011970417250427402,0.8121292483774164,0.5028537055050002,0.1254378187168185,0.25902961618760445,0.6128453313813256,VALID,textvqa,Trajectory LR (No Bias),45
0.06262692167149057,6.262692167149058,0.07369577193239601,7.369577193239602,0.030025166193916573,0.1801448484671561,0.049119401532843915,0.229264,0.05326468565371614,0.004693722699831068,0.7801312024565566,0.5366557973186212,0.13957372090665227,0.20103691367089987,0.9658950955803822,VALID,textvqa,VCPS-5D (Our Method),45
0.07667785152461705,7.667785152461705,0.0645019211042258,6.45019211042258,0.02257862188084432,0.17381096218000977,0.05545328781999023,0.229264,0.06162776276435269,0.008325934180538421,0.7927105869216275,0.5217817598184653,0.13185181456862433,0.21607880893611198,0.9358161592646369,VALID,textvqa,VCPS-17D (Our Method),45
0.3105505078360439,31.055050783604386,0.3105505078360439,31.055050783604386,0.2714349946497867,0.31494687817607014,-0.08568262817607017,0.229264,0.032198344327204476,0.11740286366853524,0.7067485518877801,1.2587205479025103,0.42229286711136693,0.306632928537751,1.0,COLLAPSED,textvqa,Naive Confidence (NC),46
0.17679972155820048,17.67997215582005,0.1841599579461026,18.41599579461026,0.17559185263673777,0.24739575099410296,-0.01813150099410299,0.229264,0.022434487845487846,0.0415817285835907,0.7067485518877801,0.687996684220197,0.42229286711136693,0.050432347175603354,1.0,COLLAPSED,textvqa,Temperature Scaling (TS),46
0.10034529756511658,10.034529756511658,0.11682663812542451,11.682663812542451,0.07397704013627997,0.2090632330356802,0.02020101696431978,0.229264,0.037355832718509646,0.017223058639337503,0.7067485518877801,0.6021249567963086,0.1959370930589747,0.16421193079478114,1.0,VALID,textvqa,Platt Scaling (1D),46
0.07236458193969786,7.236458193969786,0.07735328985945014,7.7353289859450145,0.05697593810458535,0.20437800280459026,0.024886247195409716,0.229264,0.03516424795563502,0.009700578021515267,0.6918486984437155,0.5869831002026245,0.20163071976912297,0.1809973509377105,0.9720293281173125,VALID,textvqa,Quadratic Platt (Logit-Only),46
0.04375009331550742,4.375009331550742,0.06603746836593077,6.603746836593078,0.03227798003983744,0.19989725401097408,0.029366995989025896,0.229264,0.031764389155754975,0.002930633799598508,0.7067485518877801,0.5762312162564331,0.19506002257813754,0.18341370699923218,1.0,VALID,textvqa,Beta Calibration,46
0.06407484009663092,6.407484009663092,0.07328760738036877,7.328760738036877,0.05750440635941621,0.20354447863905403,0.025719771360945942,0.229264,0.03210409687895857,0.006152843331329325,0.7011131272245097,0.5896835335051673,0.20459450643661697,0.14490772277509448,0.9903293204831674,VALID,textvqa,Spline Calibration,46
0.18745033350396628,18.74503335039663,0.19520211409162858,19.520211409162858,0.18624756734417716,0.24647369953648318,-0.017209449536483207,0.229264,0.023996927048260383,0.043845789839600594,0.7164142647777235,0.6860622670440649,0.40350997263076294,0.0573986579131405,0.9988083472333888,COLLAPSED,textvqa,Adaptive TS (ATS),46
0.006469972282908386,0.6469972282908386,0.11650321600746057,11.650321600746057,0.02092281856235118,0.22938144773002928,-0.00011719773002930034,0.229264,0.0011760841819416156,0.0012842016313158572,0.6067502966012981,0.6513429644731781,0.2614792002039086,0.024726976058807956,0.14365749669842834,COLLAPSED,textvqa,Probability Margin (1D),46
0.06763137011943099,6.763137011943099,0.08729748402297031,8.729748402297032,0.053183792424308644,0.22895906768354213,0.0003051823164578471,0.229264,0.005615860259320536,0.006485793350278955,0.5889454951496964,0.6494940306904782,0.2711497930961973,0.0924597835885982,0.2096236216589506,COLLAPSED,textvqa,MSSC (Multi-Scale Proxy),46
0.09826211938747798,9.826211938747797,0.11254974036447775,11.254974036447775,0.07617460909772697,0.206727289944049,0.02253696005595099,0.229264,0.03372101907706576,0.011155572254615343,0.7130818619582664,0.603202174709083,0.22313723132649427,0.08569959541768006,0.002274921099684399,SCRAMBLED,textvqa,MSE-EIGEN (Multi-Scale),46
0.06547589563364332,6.547589563364332,0.06494223827974137,6.494223827974137,0.03255574505472775,0.19413839430506277,0.0351258556949372,0.229264,0.039021541856597855,0.004836914693400731,0.7389210691604439,0.5689397076860829,0.17558114152018117,0.18332342040513475,0.9825532742130968,VALID,textvqa,Residual Calibrator,46
0.028737783154093473,2.8737783154093473,0.035286453340762906,3.5286453340762907,0.03202297120795404,0.16776360931972073,0.061500640680279245,0.229264,0.06373559245707928,0.0018831874293548294,0.79541489287459,0.5113606287921051,0.1418700466731809,0.26259477458958463,0.7357597110388442,VALID,textvqa,Trajectory LR,46
0.07229031492843126,7.229031492843125,0.08177161688321259,8.17716168832126,0.06594992370613925,0.18133992077021782,0.04792432922978215,0.229264,0.05525457705876073,0.007087641013988881,0.7670458510712542,0.5433814350509343,0.16455975001177908,0.26067109155237167,0.6074623978495913,VALID,textvqa,Trajectory LR (No Bias),46
0.06573072668544075,6.573072668544075,0.07548749668841301,7.5487496688413005,0.03663234241169582,0.18741989645487664,0.041844353545123336,0.229264,0.04628240837415703,0.005558373818989512,0.754536255146905,0.5535248550328112,0.16300175547038337,0.20874823155774416,0.9715748622994491,VALID,textvqa,VCPS-5D (Our Method),46
0.06444664730652473,6.444664730652473,0.06502239108974607,6.502239108974607,0.03266469134909755,0.18303948060055758,0.046224769399442395,0.229264,0.05254624736564716,0.00713667097929325,0.762718961546514,0.5444964597269385,0.15802529521011177,0.21998310684356642,0.9456813507254028,VALID,textvqa,VCPS-17D (Our Method),46
0.32210898319631814,32.210898319631816,0.32210898319631814,32.210898319631816,0.2825306254765052,0.3196038158260919,-0.0903395658260919,0.229264,0.03691430443936037,0.1255774669176123,0.7044629771791471,1.3024705921610802,0.44186589315383723,0.3014652171056367,1.0,COLLAPSED,textvqa,Naive Confidence (NC),47
0.1796376377007709,17.96376377007709,0.18543605281676767,18.54360528167677,0.17905807241695004,0.2486479454331926,-0.019383695433192627,0.229264,0.01814495081247255,0.040373189664758787,0.7044629771791471,0.6906322365145382,0.44186589315383723,0.053155808263407045,1.0,COLLAPSED,textvqa,Temperature Scaling (TS),47
0.07675886139394716,7.675886139394716,0.10765892201825623,10.765892201825624,0.07112869353918828,0.21126021379855064,0.01800403620144933,0.229264,0.027536017185521632,0.010834501097313274,0.7044629771791471,0.6072720901200198,0.20571845904012084,0.16583800519921155,1.0,VALID,textvqa,Platt Scaling (1D),47
0.057659900571730816,5.765990057173082,0.07860722310754176,7.860722310754175,0.04939999970076547,0.20317531348963835,0.02608893651036162,0.229264,0.034240869781771266,0.009468678314229142,0.701078232954149,0.5851029938925768,0.20191157281453298,0.17925928889860507,0.9623060252241009,VALID,textvqa,Quadratic Platt (Logit-Only),47
0.03823155491885635,3.823155491885635,0.06094743954881793,6.0947439548817925,0.036880879767264715,0.19925645646215992,0.030007793537840055,0.229264,0.03291421729069846,0.003531063058590615,0.7044629771791471,0.5757577891513547,0.19909450694535152,0.17918430142346484,1.0,VALID,textvqa,Beta Calibration,47
0.06545392531538921,6.545392531538921,0.07782401558403927,7.782401558403927,0.06545803314407639,0.2045745452314536,0.024689704768546372,0.229264,0.033422569924698955,0.008430338542263167,0.7047683020448041,0.5930506655123052,0.19500320345268704,0.1340970396577751,0.9915763918604373,VALID,textvqa,Spline Calibration,47
0.18333268322142307,18.333268322142306,0.1842099428174226,18.42099428174226,0.18369820074663412,0.24771724059640884,-0.01845299059640887,0.229264,0.021329498046795528,0.04238139021504878,0.7161525577500174,0.6887169002615009,0.4259967216051155,0.05842634442574602,0.9988382033528133,COLLAPSED,textvqa,Adaptive TS (ATS),47
0.00437945003613229,0.43794500361322897,0.11041157847749856,11.041157847749856,0.015725727715164037,0.22903707192690803,0.0002271780730919437,0.229264,0.0012395102040816328,0.0008172909325992743,0.5957673250052341,0.6506385675862562,0.2610930061618854,0.02063037500340779,-0.04857420161242882,COLLAPSED,textvqa,Probability Margin (1D),47
0.04626580573903369,4.626580573903369,0.05938778220312239,5.938778220312239,0.03924919841507033,0.22258399658792932,0.0066802534120706525,0.229264,0.007946734057244572,0.0024434679157198545,0.6249389350268686,0.6359765620328671,0.24593751975558223,0.08974872393674568,0.21263542015368164,VALID,textvqa,MSSC (Multi-Scale Proxy),47
0.08407946664528092,8.407946664528092,0.0919449912291655,9.19449912291655,0.07868518591830422,0.20850551301668901,0.02075873698331096,0.229264,0.032782810454214516,0.012548707765737813,0.7007467373857215,0.6069521792514252,0.24317072738572607,0.07859598853772892,-0.07882610730442922,SCRAMBLED,textvqa,MSE-EIGEN (Multi-Scale),47
0.058310692446520575,5.831069244652057,0.059984456707191665,5.998445670719167,0.028067531355345548,0.19464154350616966,0.03462270649383031,0.229264,0.03931299475776738,0.005187027515452161,0.7418870821411124,0.5705323643337561,0.17655299455715498,0.18016464333969598,0.983247356989428,VALID,textvqa,Residual Calibrator,47
0.048506311685445544,4.850631168544554,0.07552685992771932,7.552685992771932,0.028901967369819936,0.16058024923898845,0.06868400076101153,0.229264,0.07283139734811242,0.004567496653744676,0.8125654267569264,0.48930136835458177,0.11944127765543844,0.25120631285335965,0.7413741974967899,VALID,textvqa,Trajectory LR,47
0.07591976721175385,7.591976721175385,0.06460445783388985,6.460445783388985,0.059461878869330395,0.1710627118369224,0.058201538163077576,0.229264,0.06874608099712991,0.010710238253078517,0.796932793635285,0.5126396428780539,0.13275882065433164,0.24999517291038692,0.5831133404533618,VALID,textvqa,Trajectory LR (No Bias),47
0.07624557697147519,7.624557697147519,0.06960743895773566,6.960743895773566,0.02925642202391424,0.1857200424482125,0.04354420755178748,0.229264,0.049449650144202766,0.007063574645472253,0.7618814990578546,0.5502642166586099,0.15727265849491057,0.19788199675375395,0.9682940491761967,VALID,textvqa,VCPS-5D (Our Method),47
0.07236712798281562,7.236712798281562,0.06209343753325836,6.209343753325836,0.027221226648044144,0.17976777191108056,0.04949647808891941,0.229264,0.05650758977434208,0.007469646196858557,0.7728382999511481,0.5364581333368508,0.14734452437688095,0.20656414880172574,0.9389858999435997,VALID,textvqa,VCPS-17D (Our Method),47
0.32908634267002346,32.90863426700235,0.32908634267002346,32.90863426700235,0.29493726384594326,0.31225775247666454,-0.08299350247666454,0.229264,0.040072649176494,0.12198514757907247,0.7299183474073557,1.2401260307562665,0.4086568033756699,0.29778710895648747,1.0,COLLAPSED,textvqa,Naive Confidence (NC),48
0.17916004525773138,17.91600452577314,0.18896024016401902,18.896024016401903,0.1821657971250148,0.24634534650187878,-0.01708109650187878,0.229264,0.02941724975314495,0.04783260212094997,0.7299183474073557,0.6858208133853779,0.4086568033756699,0.04836313316881264,1.0,COLLAPSED,textvqa,Temperature Scaling (TS),48
0.11215220134298107,11.215220134298107,0.1072781912622635,10.72781912622635,0.077893940731262,0.20289043402458268,0.026373815975417325,0.229264,0.04137660590348792,0.01566963934657753,0.7299183474073557,0.5883753245075347,0.17517837863242156,0.15852109820592655,1.0,VALID,textvqa,Platt Scaling (1D),48
0.0869440257208336,8.694402572083359,0.08024730893909719,8.02473089390972,0.06000381707793398,0.19828435669304995,0.030979893306950057,0.229264,0.039723937749019986,0.008231777365854396,0.7108835229255356,0.5726728371015486,0.1862300169250366,0.1704026546969947,0.9525413461653846,VALID,textvqa,Quadratic Platt (Logit-Only),48
0.028577050657228143,2.8577050657228145,0.055598526777152116,5.559852677715211,0.02948159890849715,0.19288920491192063,0.03637504508807937,0.229264,0.03643218913479743,0.0012082465839971356,0.7299183474073557,0.5587409168359634,0.17554366504898064,0.17168164147138953,1.0,VALID,textvqa,Beta Calibration,48
0.0680392154831902,6.803921548319019,0.08457235880127843,8.457235880127843,0.06804009897808096,0.20135894364855225,0.02790530635144775,0.229264,0.03584496561148886,0.00903165636811375,0.7258531649103218,0.5862331178041159,0.18274455119606667,0.129868659472212,0.9915763918604373,VALID,textvqa,Spline Calibration,48
0.18740065886496285,18.740065886496286,0.19457008626358224,19.457008626358224,0.19028038405317016,0.24551177873693003,-0.016247528736930028,0.229264,0.029734420244179712,0.0489811141970542,0.7395317188917581,0.6840927685367385,0.39503770061264376,0.05536770862001735,0.9987722510890045,COLLAPSED,textvqa,Adaptive TS (ATS),48
0.010424205076416988,1.0424205076416988,0.09804763697079365,9.804763697079364,0.021950710310599957,0.22945518129937476,-0.0001909312993747525,0.229264,0.0024340889801505823,0.002498877923507808,0.5705300439667808,0.6514983212104803,0.27459139824851725,0.030336652738509516,-0.061700842632100114,COLLAPSED,textvqa,Probability Margin (1D),48
0.03903192777211719,3.903192777211719,0.06571399180726159,6.571399180726159,0.037477080008845545,0.21537733824501817,0.013886911754981829,0.229264,0.01401040820929787,0.001655008114323115,0.6662973689720147,0.6210631424824699,0.23065492526388556,0.08084977121516289,0.21392206779435152,VALID,textvqa,MSSC (Multi-Scale Proxy),48
0.06435629710287458,6.435629710287458,0.10243349313110126,10.243349313110125,0.04212307995497895,0.21305583930319177,0.01620841069680823,0.229264,0.022014116144018585,0.00575608853495694,0.6571114522995325,0.6165398564288567,0.2868037973634563,0.08647376495306693,-0.0411188844755379,SCRAMBLED,textvqa,MSE-EIGEN (Multi-Scale),48
0.0619868922722971,6.1986892272297105,0.07623976978684795,7.623976978684794,0.03871540523874888,0.18799716190312257,0.04126708809687743,0.229264,0.045765919449933495,0.005070400647781775,0.7639926024146835,0.5551303432334437,0.15457081679363308,0.17647293136957284,0.9804768819075276,VALID,textvqa,Residual Calibrator,48
0.035168579103931175,3.5168579103931172,0.04560662692779602,4.5606626927796015,0.01954239564293192,0.16583849396083666,0.06342575603916334,0.229264,0.06579778416185199,0.0024597784134897877,0.8120943541070557,0.5039537181620695,0.13366784874102206,0.25907564067123445,0.7291516206064823,VALID,textvqa,Trajectory LR,48
0.06514655986470795,6.514655986470795,0.05322428335251758,5.322428335251758,0.05013590250450842,0.16925199432829469,0.06001225567170532,0.229264,0.06615694509780733,0.006520243080687907,0.8051329471700747,0.5109111701952929,0.13697285938541667,0.25944006634362193,0.5607055068220272,VALID,textvqa,Trajectory LR (No Bias),48
0.07539330024769986,7.539330024769986,0.07767974075738263,7.7679740757382625,0.029750704335702195,0.18175558740231196,0.047508662597688045,0.229264,0.05345595206917548,0.006801878692922234,0.7780026519645474,0.5411921906551526,0.15131893881713548,0.20207757197791745,0.9677727670910683,VALID,textvqa,VCPS-5D (Our Method),48
0.09346040235021558,9.346040235021558,0.0890573306185406,8.90573306185406,0.033590733410770214,0.17718025457857223,0.052083995421427776,0.229264,0.06286792933495566,0.010292409448449323,0.7845453276571985,0.5327519686191328,0.1508320506682709,0.21374948211930847,0.9387268909075636,VALID,textvqa,VCPS-17D (Our Method),48
0.3245898561999202,32.45898561999202,0.31875965230911973,31.875965230911973,0.2822894843939055,0.3167975700419323,-0.08753332004193232,0.229264,0.033205817206414724,0.11999077893116089,0.705187033289134,1.2766947341546333,0.4312866347381753,0.3039291923022892,1.0,COLLAPSED,textvqa,Naive Confidence (NC),49
0.1766639988908144,17.66639988908144,0.18454098948434056,18.454098948434055,0.17725706713601594,0.2478855276788563,-0.018621277678856296,0.229264,0.020038145108534054,0.04171696654429825,0.705187033289134,0.6890312146837362,0.4312866347381753,0.05122109432130186,1.0,COLLAPSED,textvqa,Temperature Scaling (TS),49
0.09062133363687126,9.062133363687126,0.1149756997903829,11.497569979038289,0.07417582882585651,0.2095293523997534,0.019734897600246604,0.229264,0.030975392509344758,0.011723338753441146,0.705187033289134,0.6038049633962531,0.20847232918690356,0.1635421408800563,1.0,VALID,textvqa,Platt Scaling (1D),49
0.062261591098221866,6.226159109822187,0.08439284661427553,8.439284661427553,0.05384230093601375,0.20306981235082588,0.026194437649174118,0.229264,0.0322780678336597,0.006528229469318674,0.6956608974806338,0.5872468066634152,0.20740765880848505,0.181003781619141,0.9638463496500232,VALID,textvqa,Quadratic Platt (Logit-Only),49
0.03823783389875428,3.8237833898754277,0.07088467653791439,7.088467653791438,0.029336736719332554,0.1989392914174292,0.03032495858257081,0.229264,0.032285257544495495,0.002188477885860068,0.705187033289134,0.5816698494661366,0.20225150137533626,0.18166011942278373,1.0,VALID,textvqa,Beta Calibration,49
0.06289593951612915,6.289593951612915,0.06657704129694823,6.657704129694824,0.06377157421692253,0.20487863878034693,0.024385611219653075,0.229264,0.03120252734484722,0.006815368636707219,0.7066089748063367,0.5947827483469408,0.20455281424300045,0.1352735482644935,0.9901101192935358,VALID,textvqa,Spline Calibration,49
0.18418690328603837,18.418690328603837,0.18860975969797159,18.86097596979716,0.1845797822026693,0.2469771953147339,-0.017712945314733886,0.229264,0.02391578754260228,0.04383957453680755,0.7160653220741153,0.6871591983919336,0.4147138640825746,0.0579121762893215,0.9985909303299039,COLLAPSED,textvqa,Adaptive TS (ATS),49
0.007785227977596027,0.7785227977596028,0.0952803069207985,9.52803069207985,0.0127448241937619,0.2282198870036338,0.0010443629963662049,0.229264,0.0035912727272727277,0.002440444349348947,0.5832228348105242,0.6489404043819385,0.2834463216815829,0.017594034292121034,-0.008383237758103734,COLLAPSED,textvqa,Probability Margin (1D),49
0.04006866347544333,4.0068663475443325,0.07129584188570985,7.129584188570985,0.03661456283609921,0.22346141036345296,0.005802839636547041,0.229264,0.008132396357602153,0.0032693509622971485,0.6176285853862796,0.6379064444305016,0.25708172722307493,0.09005759902905468,0.13980339564439018,VALID,textvqa,MSSC (Multi-Scale Proxy),49
0.06389409599976281,6.389409599976281,0.09265355377435701,9.2653553774357,0.06670188928864977,0.20767943481530537,0.021584815184694628,0.229264,0.030473220604005834,0.009026578258965887,0.6747679531021007,0.6055612154078576,0.2652575926664271,0.08874541671656831,-0.03887113241743686,SCRAMBLED,textvqa,MSE-EIGEN (Multi-Scale),49
0.047363890730027135,4.736389073002713,0.04983586240329891,4.983586240329891,0.017993174365488813,0.19462389963922208,0.03464035036077792,0.229264,0.03609677679212546,0.003053570800274367,0.7374904040756507,0.5717821680127342,0.18486113354509234,0.18164477733005832,0.9804536253453886,VALID,textvqa,Residual Calibrator,49
0.040184557420258074,4.018455742025807,0.031189159666935858,3.118915966693586,0.03967547811956301,0.1706782393747327,0.058586010625267304,0.229264,0.06145033855870298,0.0033398090945393087,0.780968664945216,0.5192265736101885,0.14912914846909708,0.25828113312928935,0.735193758419684,VALID,textvqa,Trajectory LR,49
0.07212742766883251,7.212742766883251,0.06488230449745608,6.488230449745608,0.06186154401534859,0.17915730143504993,0.05010694856495007,0.229264,0.06100935708037839,0.010254729127847438,0.7704305952962524,0.5359692691192418,0.15800494377816715,0.2512448102691481,0.5499504050004298,VALID,textvqa,Trajectory LR (No Bias),49
0.05149187539791148,5.149187539791148,0.06318925323927244,6.318925323927243,0.02873764470493832,0.18683840795543735,0.04242584204456265,0.229264,0.04608486215758018,0.003850421149023656,0.7545537022820852,0.5546149002164993,0.17421256861627638,0.20574212353360946,0.9663374885420543,VALID,textvqa,VCPS-5D (Our Method),49
0.04768633458063985,4.768633458063985,0.07035678655145117,7.035678655145117,0.033410896943076494,0.1809199213815193,0.0483443286184807,0.229264,0.053269653534356115,0.00500796561954168,0.7653709260939353,0.542826656350969,0.16597388461560386,0.21809973248006423,0.9367437854569929,VALID,textvqa,VCPS-17D (Our Method),49
0.31495513250678775,31.495513250678776,0.3149551325067878,31.49551325067878,0.2827114073873041,0.31070640455662885,-0.08144215455662887,0.229264,0.04168578922188075,0.12235270727037773,0.7205841300858398,1.176344601917055,0.4083965190222096,0.30024738053115174,1.0,COLLAPSED,textvqa,Naive Confidence (NC),50
0.17341753542732585,17.341753542732587,0.186890140281075,18.6890140281075,0.17516823383303798,0.24607884977276323,-0.016814599772763256,0.229264,0.023702732886133275,0.04254964746626737,0.7205841300858398,0.6852784889179168,0.4083965190222096,0.04508183008190073,1.0,COLLAPSED,textvqa,Temperature Scaling (TS),50
0.07860435946156381,7.8604359461563815,0.09675033023603431,9.675033023603431,0.06415785784392683,0.20424850738179423,0.025015742618205744,0.229264,0.0356679484892147,0.010207006814876069,0.7205841300858398,0.5919247561213699,0.18580352645545106,0.14988308202338832,1.0,VALID,textvqa,Platt Scaling (1D),50
0.07923204919434354,7.923204919434354,0.07484207115050202,7.484207115050203,0.05040677437345945,0.2006528180900599,0.028611431909940088,0.229264,0.03665690617458396,0.0077190052156454435,0.7074464372949961,0.5785802519377067,0.19142875608981658,0.17302886387692298,0.9737263269053076,VALID,textvqa,Quadratic Platt (Logit-Only),50
0.043056688827620926,4.305668882762093,0.05946049870253624,5.946049870253624,0.023302336705793947,0.19673790732157892,0.032526342678421055,0.229264,0.03524562584478424,0.0036726550245922574,0.7205841300858398,0.5685693152674257,0.18440061333673866,0.17637617192241087,1.0,VALID,textvqa,Beta Calibration,50
0.05955907017819587,5.955907017819587,0.0824247460467343,8.242474604673431,0.059564930818358175,0.20259031142090578,0.026673938579094197,0.229264,0.032573871389121226,0.006109219669655358,0.716867890292414,0.5876556181270742,0.19209553015895797,0.139488407282516,0.9945148547101672,VALID,textvqa,Spline Calibration,50
0.18705601663893348,18.705601663893347,0.1962300007518604,19.623000075186038,0.18499940163163878,0.24519786709106706,-0.01593361709106708,0.229264,0.03036043710003765,0.047491872494916675,0.7291855677297788,0.6834589488606145,0.39880495806126975,0.05189449791057907,0.9989070356281425,COLLAPSED,textvqa,Adaptive TS (ATS),50
0.004485093642237091,0.4485093642237091,0.07906569297993675,7.906569297993675,0.014381053395311165,0.2284662870061385,0.0007979629938614785,0.229264,0.0018388987854251015,0.0008012483611230823,0.5403203294019122,0.6494616049920043,0.3008507520532727,0.01491443223198912,-0.0073195172216506425,COLLAPSED,textvqa,Probability Margin (1D),50
0.050274353900387314,5.027435390038732,0.05736536325334719,5.736536325334719,0.039837742453407765,0.22035970716994682,0.008904542830053153,0.229264,0.010783138772134167,0.002948705576175095,0.6412694535557262,0.6312925337891867,0.25284731291319285,0.08819624015585507,0.2249789062894591,VALID,textvqa,MSSC (Multi-Scale Proxy),50
0.060205766243246535,6.0205766243246535,0.09584153137824689,9.58415313782469,0.05327075611488263,0.2136434763058884,0.015620773694111578,0.229264,0.02485442797693104,0.009591607861549464,0.6655558657268478,0.6177122134844907,0.27886852767842457,0.0858728035465314,-0.015453181812727248,SCRAMBLED,textvqa,MSE-EIGEN (Multi-Scale),50
0.04472149464116806,4.472149464116805,0.07973106221563318,7.973106221563318,0.029129143855104574,0.18947307011800887,0.0397911798819911,0.229264,0.04242931398404497,0.004302230047646934,0.7559494730965176,0.5594828156883694,0.16522030329856532,0.16828780954146588,0.9793544454177817,VALID,textvqa,Residual Calibrator,50
0.03813569815404834,3.813569815404834,0.03024341097419092,3.024341097419092,0.016085654213756743,0.1641959683651484,0.06506828163485157,0.229264,0.06730770556092867,0.003052976418339853,0.8127573452439111,0.49998562877798713,0.1312589400205337,0.24943190194443943,0.7362293449173796,VALID,textvqa,Trajectory LR,50
0.07609175962964983,7.609175962964983,0.07699180370419526,7.699180370419525,0.051668923308886804,0.17267812001630506,0.056586129983694916,0.229264,0.06577300488676256,0.009239664382005327,0.7974562076906972,0.5196221814547418,0.1430398366014989,0.2535337653035559,0.5918949755799022,VALID,textvqa,Trajectory LR (No Bias),50
0.08754596065109782,8.754596065109782,0.07924671136573616,7.924671136573616,0.032995350840051715,0.18326455277512244,0.04599969722487754,0.229264,0.057279222786548505,0.010899788665426364,0.7698373927001186,0.5473950293831896,0.16959675118981382,0.191916748034954,0.9679058236232945,VALID,textvqa,VCPS-5D (Our Method),50
0.062259031134537714,6.2259031134537715,0.06389769725646482,6.389769725646483,0.029045308131655963,0.17915631118801856,0.05010793881198142,0.229264,0.055378549193685005,0.006757091607642329,0.7778281806127434,0.5415416577582289,0.16507112629215204,0.20494382103493358,0.9372627890511562,VALID,textvqa,VCPS-17D (Our Method),50
0.30043297626823184,30.043297626823183,0.30043297626823184,30.043297626823183,0.26646954481023083,0.3162443143621815,-0.0869800643621815,0.229264,0.029462994833928932,0.11699930553378576,0.6984088212715471,1.222350288323039,0.41930509309061725,0.3075467848492075,1.0,COLLAPSED,textvqa,Naive Confidence (NC),51
0.17562405263538425,17.562405263538423,0.1731230633214629,17.312306332146292,0.17478818286799283,0.24703843140158976,-0.01777418140158979,0.229264,0.02033343976803408,0.040170485248346786,0.6984088212715471,0.6872282042565963,0.41930509309061725,0.048984354924611374,1.0,COLLAPSED,textvqa,Temperature Scaling (TS),51
0.0748537631822119,7.48537631822119,0.07188563448179337,7.1885634481793375,0.0466692303744694,0.20895406468345515,0.020310185316544827,0.229264,0.02908620202351781,0.008324499994283701,0.6984088212715471,0.6033466376757133,0.20843304419252734,0.16126408798429223,1.0,VALID,textvqa,Platt Scaling (1D),51
0.060995422467775874,6.099542246777587,0.057520761121509556,5.752076112150956,0.051189061289721415,0.20844525503095832,0.02081899496904166,0.229264,0.02698048860869594,0.006229253004755905,0.6857422011305744,0.6015105879324365,0.21630025259012914,0.1852044258562371,0.956122160488642,VALID,textvqa,Quadratic Platt (Logit-Only),51
0.04018904671910607,4.018904671910607,0.05458744512187809,5.458744512187809,0.03417839718775348,0.20507036488032007,0.024193885119679903,0.229264,0.02759906657074273,0.003614892291914492,0.6921104054714216,0.598151012495086,0.21030304985846632,0.18857605801373514,0.9842768651074603,VALID,textvqa,Beta Calibration,51
0.051503965772024124,5.150396577202413,0.05559996577202403,5.559996577202403,0.05169531427669172,0.20804477775582905,0.021219472244170923,0.229264,0.024860276014208857,0.003901853067947076,0.6965070835368834,0.6007637636094089,0.22198082567391295,0.1440187764631647,0.9923446674375571,VALID,textvqa,Spline Calibration,51
0.18326711810111165,18.326711810111167,0.18197753723354115,18.197753723354115,0.18054929798764893,0.24615123630934618,-0.016886986309346208,0.229264,0.024323870505452403,0.04276852762893947,0.7084234768650987,0.6853804310583499,0.4046542630965749,0.05560465050458271,0.9988012432049728,COLLAPSED,textvqa,Adaptive TS (ATS),51
0.007596891792734761,0.7596891792734761,0.0737059766432178,7.370597664321781,0.014567266988861034,0.2279203194093388,0.0013439305906611798,0.229264,0.002769091649694501,0.0013179456871222643,0.5777618814990578,0.6483256787727941,0.29832255930333285,0.019721534979669428,0.06613143226882419,COLLAPSED,textvqa,Probability Margin (1D),51
0.053952648569739796,5.39526485697398,0.06809227942123361,6.809227942123361,0.0445807438282372,0.22879320024405997,0.0004710497559400062,0.229264,0.004203778663228376,0.004427680191979011,0.584566264219415,0.6491964402223798,0.28439747864620357,0.09683328966660719,0.20163647852329933,COLLAPSED,textvqa,MSSC (Multi-Scale Proxy),51
0.06524512903191852,6.5245129031918525,0.09371214917972573,9.371214917972573,0.05954013434261056,0.21140108421795759,0.01786316578204239,0.229264,0.02301964880269122,0.005605765290207921,0.6728487682322564,0.6130635048235481,0.28195739374150525,0.08542859780102162,0.00782998331993328,SCRAMBLED,textvqa,MSE-EIGEN (Multi-Scale),51
0.0414276688851221,4.14276688851221,0.07500284422125286,7.5002844221252865,0.02323497187508384,0.19535423481164277,0.033910015188357207,0.229264,0.036366450206816864,0.0030123088928594418,0.7283655523762999,0.5742151340179069,0.18961461775375982,0.18013908722884459,0.9813535574142296,VALID,textvqa,Residual Calibrator,51
0.057091193126683676,5.709119312668368,0.056547600562876534,5.654760056287653,0.05340982235279286,0.1754880001307907,0.053776249869209286,0.229264,0.05767175800313308,0.004720308491105315,0.7693139786447066,0.5338014913988439,0.1641487276089471,0.25747006642023823,0.7479019356077424,VALID,textvqa,Trajectory LR,51
0.10615006090027203,10.615006090027203,0.11070934780029945,11.070934780029946,0.07609179183154763,0.18913534327835804,0.04012890672164193,0.229264,0.06016689744304673,0.01978002986922495,0.7471910112359551,0.5613952119668236,0.18083061670326606,0.2590491089457264,0.5935516542066167,VALID,textvqa,Trajectory LR (No Bias),51
0.056065538312931616,5.606553831293161,0.08767188357024164,8.767188357024164,0.0440146735424663,0.18852453961544935,0.040739710384550626,0.229264,0.044972367058143246,0.005321631560105987,0.7411019610579943,0.5589988515170505,0.1753186457600665,0.20381428513257763,0.9708489073956296,VALID,textvqa,VCPS-5D (Our Method),51
0.06579293037937456,6.579293037937456,0.07462201570752268,7.462201570752268,0.04811039116586522,0.18492531204829946,0.04433893795170052,0.229264,0.05088899636558122,0.007395149787027147,0.7465454672342802,0.5520380610698815,0.1760793697588645,0.21719827123240096,0.9427150348601394,VALID,textvqa,VCPS-17D (Our Method),51
0.30258572885394097,30.2585728853941,0.3025857288539409,30.25857288539409,0.2971200468331096,0.24213220013962816,-0.06077595013962811,0.181356,0.04015289447545605,0.10080594297439233,0.8024438121705376,0.7495995303366971,0.33057573313762745,0.2697009863348139,1.0,COLLAPSED,vizwiz-vqa,Naive Confidence (NC),42
0.28769316092671615,28.769316092671616,0.2876931609267162,28.76931609267162,0.28769253518787063,0.2325553430443985,-0.05119909304439846,0.181356,0.03869540686753342,0.09130459581107322,0.8024438121705376,0.6598305353424052,0.33057573313762745,0.11990296054974917,1.0,COLLAPSED,vizwiz-vqa,Temperature Scaling (TS),42
0.06696349381818711,6.696349381818711,0.068111839859413,6.811183985941301,0.03291143201589438,0.14787219194834075,0.0334840580516593,0.181356,0.047289858763591104,0.013655519083606646,0.8024438121705376,0.45387425951900906,0.0933173133792207,0.20843944017170787,1.0,VALID,vizwiz-vqa,Platt Scaling (1D),42
0.04922625838184004,4.922625838184004,0.05141691243754053,5.141691243754052,0.026512101650910457,0.14445242097362357,0.03690382902637648,0.181356,0.04186537358827909,0.0049276793983669825,0.8026423167692274,0.43949226483356063,0.08513150534359637,0.20909332585448784,0.9999941439762948,VALID,vizwiz-vqa,Quadratic Platt (Logit-Only),42
0.05634746917930808,5.634746917930808,0.05068072473392142,5.068072473392142,0.022737763339606223,0.1444235941664265,0.03693265583357355,0.181356,0.04518239624660965,0.008964573584741557,0.8024438121705376,0.4390063285584001,0.08584190797819136,0.20613028387944782,1.0,VALID,vizwiz-vqa,Beta Calibration,42
0.06057836218270154,6.057836218270154,0.05644676686171356,5.644676686171356,0.058641234663875094,0.1497136661058257,0.03164258389417435,0.181356,0.03939221057118499,0.008150414605856129,0.797569421469375,0.4554822960196406,0.09220738452225372,0.19763801849396184,0.9940565939749992,VALID,vizwiz-vqa,Spline Calibration,42
0.2905282813189782,29.05282813189782,0.2845352516355747,28.45352516355747,0.2845216103576838,0.22983367594231496,-0.04847742594231491,0.181356,0.041767570179255725,0.09149471645425424,0.8013851209775248,0.6546216558197745,0.31662771737597195,0.12881696557533825,0.9991136284119677,COLLAPSED,vizwiz-vqa,Adaptive TS (ATS),42
0.002043133468925819,0.2043133468925819,0.07898659546782105,7.898659546782105,0.009951701268161738,0.18082711130525173,0.0005291386947483268,0.181356,0.001220247311827957,0.000627700762958228,0.526246719160105,0.5475479371216213,0.1946617059243824,0.010198877729072643,0.22285586371985577,COLLAPSED,vizwiz-vqa,Probability Margin (1D),42
0.062020242873335366,6.202024287333536,0.06202024287333536,6.202024287333536,0.04006153234670404,0.17402693712593628,0.00732931287406377,0.181356,0.012028189713581768,0.004883080717338878,0.6625862943602638,0.527584327146928,0.139732204497239,0.07429712645843706,0.41438288192632183,VALID,vizwiz-vqa,MSSC (Multi-Scale Proxy),42
0.04306282996899517,4.306282996899517,0.08433968761936018,8.433968761936018,0.060472678798850654,0.17755943996904666,0.0037968100309533903,0.181356,0.00824488888888889,0.005337869649203573,0.6583515295882132,0.5385367661212467,0.15554677141167889,0.026875770939882738,0.4241649970199079,VALID,vizwiz-vqa,MSE-EIGEN (Multi-Scale),42
0.06261535592803026,6.2615355928030265,0.06609564009219891,6.609564009219891,0.0327000999120717,0.14740822023577035,0.0339480297642297,0.181356,0.04642997117226229,0.012361618202332642,0.8031496062992126,0.4526204114653328,0.092763059418907,0.21150150164408488,0.9996368305298899,VALID,vizwiz-vqa,Residual Calibrator,42
0.0711447333698354,7.11447333698354,0.05574213704988345,5.5742137049883445,0.028500913370514268,0.1434974729218688,0.03785877707813126,0.181356,0.047359824766702925,0.009326284612959194,0.8042744656917885,0.4419353443846894,0.0854347034360416,0.21114267977130713,0.9527200006105624,VALID,vizwiz-vqa,Trajectory LR,42
0.06101439100325286,6.101439100325286,0.0737564248976551,7.375642489765511,0.05453189849632955,0.14974712643863985,0.0316091235613602,0.181356,0.038696180529388,0.007641528583970895,0.7782703632634155,0.4613274022148317,0.1027133170472913,0.22477753546500662,0.806345808087831,VALID,vizwiz-vqa,Trajectory LR (No Bias),42
0.056909356365812624,5.690935636581262,0.061135793736445766,6.113579373644576,0.03360027487703819,0.14660652851910677,0.03474972148089328,0.181356,0.04324949577023618,0.008692658732455654,0.8035245594300713,0.4506723262460345,0.09100699260571549,0.21164716405072334,0.999267997036852,VALID,vizwiz-vqa,VCPS-5D (Our Method),42
0.0549340537011682,5.49340537011682,0.05341417851396882,5.341417851396882,0.033512070778824475,0.14634123983587607,0.03501501016412398,0.181356,0.042535874224641335,0.007333300990940567,0.8031716623657337,0.45044004511116376,0.09045139707588817,0.2131457849868657,0.9987302988602499,VALID,vizwiz-vqa,VCPS-17D (Our Method),42
0.3211307088956237,32.113070889562366,0.3211307088956237,32.113070889562366,0.316137373776912,0.2515670388010287,-0.07021078880102866,0.181356,0.043446588260471375,0.11395554743224287,0.8087077350625289,0.7727625103831435,0.3440533277167763,0.2657695484261287,1.0,COLLAPSED,vizwiz-vqa,Naive Confidence (NC),43
0.296107686468504,29.6107686468504,0.296107686468504,29.6107686468504,0.2961076289584999,0.23599326996182582,-0.05463701996182577,0.181356,0.04062724901683064,0.09599968736388739,0.8087077350625289,0.6668542423122479,0.3440533277167763,0.12274552792425654,1.0,COLLAPSED,vizwiz-vqa,Temperature Scaling (TS),43
0.07940122372680053,7.940122372680053,0.06289109618020976,6.289109618020976,0.03276697929023465,0.14581362556723917,0.03554262443276088,0.181356,0.04407711285570567,0.009215186363670656,0.8087077350625289,0.4476185659769102,0.08819135670863515,0.2103056763162218,1.0,VALID,vizwiz-vqa,Platt Scaling (1D),43
0.04518113551782648,4.518113551782648,0.04419368517745358,4.419368517745358,0.026624168744129234,0.14238414350493822,0.03897210649506183,0.181356,0.04285315493262078,0.004562966356851331,0.8086636229294868,0.43336576986644537,0.08292768775000478,0.20842018120013786,0.9999927039708159,VALID,vizwiz-vqa,Quadratic Platt (Logit-Only),43
0.04360113400828409,4.360113400828409,0.04133480522128609,4.133480522128609,0.026311335660275718,0.14231422558593693,0.039042024414063126,0.181356,0.04393459946154206,0.004364301268627815,0.8087077350625289,0.43193330899916826,0.08322921276157583,0.20532620776841956,1.0,VALID,vizwiz-vqa,Beta Calibration,43
0.07455365860777052,7.455365860777052,0.07079815487565401,7.079815487565401,0.07377366443004442,0.15267166246346955,0.028684587536530498,0.181356,0.04160608927286387,0.013250088664174955,0.803480447297029,0.46137659156419303,0.09338859998459423,0.19720305123081416,0.9919667010498608,VALID,vizwiz-vqa,Spline Calibration,43
0.29371444747800457,29.371444747800457,0.2937144474780046,29.371444747800464,0.29370784150951357,0.23411701250656158,-0.05276076250656153,0.181356,0.04054304747476813,0.09424322467080054,0.8076049317364742,0.6640433219111678,0.3410123081700092,0.1325704483713305,0.9992739490957965,COLLAPSED,vizwiz-vqa,Adaptive TS (ATS),43
0.001614527521835614,0.1614527521835614,0.08326882086470072,8.326882086470071,0.008648347740284399,0.1813576347429591,-1.3847429590485572e-06,0.181356,5.4859825620388975e-05,1.2791036242196403e-05,0.5611394163964799,0.5487579020874912,0.1789888182667696,0.004606875787014588,0.1779099024263519,COLLAPSED,vizwiz-vqa,Probability Margin (1D),43
0.041974291298932695,4.197429129893269,0.04197429129893268,4.197429129893268,0.02378390729916377,0.17302666022546515,0.008329589774534907,0.181356,0.010713241671372104,0.00237548984163282,0.6541608769492048,0.5256719721056647,0.1467570226167886,0.07701110788199635,0.38153490199687595,VALID,vizwiz-vqa,MSSC (Multi-Scale Proxy),43
0.05658401928600488,5.658401928600488,0.08159982269154652,8.159982269154652,0.06934427863836348,0.17647661901976416,0.004879630980235888,0.181356,0.01241657233704292,0.009007307825542345,0.6598733981781689,0.5359233391611622,0.1669798870108149,0.024390439908269633,0.4010075240300961,VALID,vizwiz-vqa,MSE-EIGEN (Multi-Scale),43
0.06657505131519928,6.657505131519928,0.06039538541885031,6.039538541885031,0.033067495044703084,0.145331135420887,0.03602511457911306,0.181356,0.04286322720334996,0.007808472995895179,0.8091047442599087,0.44644300090767847,0.08790521359744481,0.21301994731206178,0.9996293425173698,VALID,vizwiz-vqa,Residual Calibrator,43
0.04594483437165546,4.594483437165546,0.03867871907621826,3.867871907621826,0.021403121925871557,0.13921646065168083,0.04213978934831922,0.181356,0.0462625145830138,0.005076499662176985,0.8105825007168221,0.4329060086939801,0.087293742234846,0.21120159496050608,0.9556435985743942,VALID,vizwiz-vqa,Trajectory LR,43
0.06351538098146907,6.351538098146907,0.07525690614559852,7.525690614559852,0.07085250754108097,0.14408614296343092,0.03727010703656913,0.181356,0.04393018175055777,0.006026804537847702,0.7856150334149408,0.46127023817228613,0.1143730970247909,0.2218296437991766,0.8079007356029425,VALID,vizwiz-vqa,Trajectory LR (No Bias),43
0.07485192198288117,7.485192198288117,0.06493963769042588,6.493963769042588,0.03195714672707353,0.14444337674511024,0.036912873254889816,0.181356,0.044964687520172346,0.008337031289711574,0.8105604446503011,0.44437248184527556,0.08653891317154518,0.2122799771517975,0.9995269101076403,VALID,vizwiz-vqa,VCPS-5D (Our Method),43
0.06946679035155102,6.946679035155102,0.06456221943475966,6.456221943475966,0.029429339845181264,0.1435822353779566,0.03777401462204344,0.181356,0.044055510025056914,0.006757490578656996,0.8118396965085246,0.4420660204393601,0.08501183136570911,0.21231700695965364,0.9991034524138097,VALID,vizwiz-vqa,VCPS-17D (Our Method),43
0.31977820056676864,31.977820056676865,0.31977820056676864,31.977820056676865,0.3177315749024169,0.24430603020421132,-0.06294978020421127,0.181356,0.049304720245157294,0.11124438992394749,0.8271466066741658,0.7499245550589962,0.32355711870107917,0.2673061351067001,1.0,COLLAPSED,vizwiz-vqa,Naive Confidence (NC),44
0.2999007168381824,29.990071683818243,0.2959570354613717,29.59570354613717,0.29595823867350607,0.23202232114904933,-0.05066607114904928,0.181356,0.04675049552808763,0.09895325244220106,0.8271466066741658,0.6579621365225841,0.32355711870107917,0.12184866640117938,1.0,COLLAPSED,vizwiz-vqa,Temperature Scaling (TS),44
0.061617408357953415,6.161740835795341,0.05195920307235937,5.195920307235937,0.020460876182131448,0.1374527551913102,0.04390349480868985,0.181356,0.04957856444535857,0.006921969799174999,0.8271466066741658,0.4286804128377001,0.08287121168565961,0.2138693575549114,1.0,VALID,vizwiz-vqa,Platt Scaling (1D),44
0.05662127067758716,5.662127067758716,0.03849025373323183,3.849025373323183,0.015987372488095772,0.1352765792617442,0.04607967073825586,0.181356,0.052097061670569864,0.005595533872953591,0.8274112794724189,0.41514089251107145,0.07388265789954132,0.20784389979499013,0.9998625274501098,VALID,vizwiz-vqa,Quadratic Platt (Logit-Only),44
0.04449309249317964,4.449309249317964,0.03372488015416901,3.372488015416901,0.022223472476383246,0.13568431766737507,0.04567193233262498,0.181356,0.04970423045383602,0.0035768223049393727,0.8271466066741658,0.4144935052971072,0.07444607138423359,0.20598222020072451,1.0,VALID,vizwiz-vqa,Beta Calibration,44
0.06930041801770045,6.930041801770045,0.07172621513354403,7.172621513354403,0.07165772495810191,0.147926822782805,0.03342942721719505,0.181356,0.04298104711919759,0.010010669950126668,0.814177639559761,0.4500948226652569,0.08174750471152745,0.19639792273166073,0.9915763918604373,VALID,vizwiz-vqa,Spline Calibration,44
0.2917399515926228,29.17399515926228,0.29173995159262284,29.173995159262283,0.29173691555342746,0.22886043913842308,-0.047504189138423025,0.181356,0.04562664762916912,0.09406136137717218,0.8265952050111384,0.6521066466434832,0.3098761098523699,0.1309514381955461,0.9989279637118549,COLLAPSED,vizwiz-vqa,Adaptive TS (ATS),44
0.004065001501782169,0.4065001501782169,0.11283332354456013,11.283332354456013,0.014207378958300081,0.18186504339430137,-0.0005087933943013212,0.181356,0.000390764826175869,0.0009713840778373647,0.5690906283773352,0.5498297629019173,0.1656584102840057,0.017370342440030162,0.21868636919794301,COLLAPSED,vizwiz-vqa,Probability Margin (1D),44
0.02725842185191535,2.725842185191535,0.027258421851915335,2.7258421851915333,0.016998991152723353,0.17302559006492635,0.008330659935073703,0.181356,0.008843626384207996,0.0008489418328661951,0.6492423741150003,0.525895724657895,0.1455248292288326,0.07578590626080987,0.3336903360025355,VALID,vizwiz-vqa,MSSC (Multi-Scale Proxy),44
0.03849141913750235,3.849141913750235,0.0749116716268877,7.491167162688769,0.05333711134473275,0.1773533717672628,0.004002878232737261,0.181356,0.0062693949191685895,0.0034313944843117282,0.6547784468117956,0.5381606798697255,0.16337230494352245,0.02947469703037456,0.4512721730886924,VALID,vizwiz-vqa,MSE-EIGEN (Multi-Scale),44
0.05562167952925315,5.562167952925315,0.04817805882003458,4.817805882003458,0.01928807363371072,0.1369242739476743,0.04443197605232574,0.181356,0.0487728839650978,0.00541305966585177,0.8277862326032775,0.4269777520571813,0.08243599530862827,0.21738658069013841,0.999433213732855,VALID,vizwiz-vqa,Residual Calibrator,44
0.050825652197601906,5.08256521976019,0.05544424750527846,5.544424750527846,0.01669589256367595,0.1336593011960826,0.04769694880391745,0.181356,0.052961460198033224,0.0044927779694643784,0.8283817463993471,0.41722237370944454,0.07794362364131102,0.2177767697470298,0.948377713510854,VALID,vizwiz-vqa,Trajectory LR,44
0.039229627478893726,3.9229627478893727,0.03317725285241836,3.317725285241836,0.023948976216832056,0.1344140424057554,0.04694220759424464,0.181356,0.05346949010154059,0.00651274680104396,0.8248307196894507,0.420921225149204,0.08230469235875407,0.22018992455137248,0.925497557990232,VALID,vizwiz-vqa,Trajectory LR (No Bias),44
0.057570733124989344,5.757073312498934,0.049375686018992906,4.937568601899291,0.017369255917417236,0.13586095124455586,0.0454952987554442,0.181356,0.05026207832924296,0.005300456700448524,0.8298374467897396,0.4241684525106921,0.07910682906350144,0.21627132601963292,0.9992281569126277,VALID,vizwiz-vqa,VCPS-5D (Our Method),44
0.05941760272747778,5.941760272747778,0.04394261254860033,4.394261254860033,0.01934358238995649,0.13565233000820923,0.045703919991790826,0.181356,0.05070086269760673,0.005079123094105736,0.8299036149893028,0.4230909224239534,0.07740245073347847,0.21676960411779134,0.9988561554246216,VALID,vizwiz-vqa,VCPS-17D (Our Method),44
0.30686513128876686,30.686513128876687,0.30686513128876686,30.686513128876687,0.30241161868157607,0.23835707392142352,-0.05700082392142347,0.181356,0.0450596972950531,0.1025428477531036,0.8193167030591764,0.7346317900156576,0.3252764560433298,0.26691151968453436,1.0,COLLAPSED,vizwiz-vqa,Naive Confidence (NC),45
0.2885362291902341,28.853622919023408,0.28822929718504053,28.822929718504053,0.2883506048885286,0.23129451790634029,-0.049938267906340233,0.181356,0.04499286839117845,0.09557125897154908,0.8193167030591764,0.6563097431500782,0.3252764560433298,0.11569153546859652,1.0,COLLAPSED,vizwiz-vqa,Temperature Scaling (TS),45
0.06365545964228188,6.365545964228188,0.06820009657596875,6.8200096575968745,0.03993481699882419,0.14335720660643045,0.037999043393569604,0.181356,0.045929492713273144,0.008340974605372864,0.8193167030591764,0.43984872904446176,0.08344418265894288,0.19958533040078139,1.0,VALID,vizwiz-vqa,Platt Scaling (1D),45
0.03943466553616278,3.943466553616278,0.044588437559277584,4.4588437559277585,0.026361970306558503,0.1397336651310125,0.04162258486898754,0.181356,0.046969291818629244,0.004268387700676439,0.8188314695957123,0.42826608288089585,0.08229799659358805,0.20434713459376247,0.9998521594015412,VALID,vizwiz-vqa,Quadratic Platt (Logit-Only),45
0.03455364533785649,3.455364533785649,0.043329698128577655,4.332969812857765,0.024054918068614498,0.13902568223720385,0.0423305677627962,0.181356,0.04533687761216674,0.0029168741665032572,0.8193167030591764,0.42644243740450016,0.08228138281485659,0.1999148373938014,1.0,VALID,vizwiz-vqa,Beta Calibration,45
0.056893676941350224,5.689367694135022,0.07007847944369536,7.007847944369535,0.05996809287798288,0.14416077683066283,0.03719547316933722,0.181356,0.042866685007203094,0.006098465416000959,0.8173537131387988,0.4446576007965889,0.08567018393562215,0.19239883934524968,0.9925290865971749,VALID,vizwiz-vqa,Spline Calibration,45
0.2866867131007525,28.66867131007525,0.28643006202002336,28.643006202002336,0.2864683123102138,0.22945978344687468,-0.048103533446874625,0.181356,0.044939360494113616,0.09386002639359078,0.8194049273252608,0.6530195773588942,0.3192178242835949,0.12337070491325672,0.9993650534297364,COLLAPSED,vizwiz-vqa,Adaptive TS (ATS),45
0.0034160260783058696,0.34160260783058694,0.10092592059876326,10.092592059876326,0.011064791866844436,0.1809908517919851,0.00036539820801495537,0.181356,0.0015535806451612904,0.0010967200785891923,0.5789938022453075,0.5479467104631955,0.1665047618502369,0.013608552760155643,0.2092628849705597,COLLAPSED,vizwiz-vqa,Probability Margin (1D),45
0.05180008929082153,5.1800089290821525,0.05180008929082153,5.1800089290821525,0.03752685075893673,0.17832819397900893,0.0030280560209911267,0.181356,0.005759655603655604,0.0030031912782390808,0.6145040693442732,0.5389006062470605,0.15978254673408804,0.08416704135450652,0.392892106866256,VALID,vizwiz-vqa,MSSC (Multi-Scale Proxy),45
0.042803100165120705,4.280310016512071,0.09687243760965196,9.687243760965195,0.06981198691455127,0.1766919540458719,0.00466429595412815,0.181356,0.00872001179941003,0.005876209280451958,0.6666225545336246,0.5364146239303419,0.16797618957228633,0.02196273468773098,0.4692505235261192,VALID,vizwiz-vqa,MSE-EIGEN (Multi-Scale),45
0.05716998092789526,5.7169980927895265,0.06656776613278902,6.656776613278901,0.03832332303391659,0.14330157287850084,0.03805467712149921,0.181356,0.044238725609080355,0.006716908737298471,0.8179492269348684,0.4398278301548419,0.08408673980052539,0.2018958992018198,0.999358237402145,VALID,vizwiz-vqa,Residual Calibrator,45
0.05497634861468665,5.497634861468665,0.042416074904714184,4.241607490471418,0.03210944173103244,0.142962831621662,0.03839341837833804,0.181356,0.047980823662151575,0.010015373507822986,0.7980987670658815,0.4434900305210763,0.09315734968046345,0.21064638439631161,0.946267526490947,VALID,vizwiz-vqa,Trajectory LR,45
0.06523147652452219,6.523147652452218,0.07465770969425466,7.465770969425465,0.07336318779095699,0.1512209012655506,0.030135348734449452,0.181356,0.036978014312434825,0.0065961882813153775,0.7614856966408611,0.48102582018111995,0.12365546547868328,0.22717529359824834,0.8111034913469329,VALID,vizwiz-vqa,Trajectory LR (No Bias),45
0.06646343173460342,6.646343173460342,0.06955079933617307,6.9550799336173075,0.038014918000014455,0.142906420115056,0.03844982988494405,0.181356,0.04539818312833874,0.007465466196677107,0.8191181984604865,0.43862291421225563,0.0826716786972274,0.20357507913214024,0.9993953895525369,VALID,vizwiz-vqa,VCPS-5D (Our Method),45
0.06486842030977004,6.486842030977004,0.06557752037128757,6.557752037128757,0.03713924904161033,0.14251986985562173,0.03883638014437832,0.181356,0.046237895643807654,0.007795023066608042,0.8174198813383621,0.4377024533794502,0.08222976028208417,0.20620428742948385,0.9986447625139987,VALID,vizwiz-vqa,VCPS-17D (Our Method),45
0.3215793722122908,32.15793722122908,0.32157937221229077,32.157937221229076,0.31695177283826775,0.2597707260231616,-0.07841447602316154,0.181356,0.03806896257823772,0.11708615552168067,0.7866957806744744,0.7896245153643965,0.36076096765217647,0.26640776573405106,1.0,COLLAPSED,vizwiz-vqa,Naive Confidence (NC),46
0.2965691256252253,29.656912562522532,0.2965691256252253,29.656912562522532,0.29657808071782266,0.2389641353431378,-0.05760788534313774,0.181356,0.035559962112319946,0.09448995605064486,0.7866957806744744,0.6728384047997297,0.36076096765217647,0.1251409517988053,1.0,COLLAPSED,vizwiz-vqa,Temperature Scaling (TS),46
0.06336419776664542,6.336419776664543,0.07696395171644439,7.696395171644439,0.02886881968880338,0.15017280964246446,0.03118344035753559,0.181356,0.039526309561785065,0.009414060261593768,0.7866957806744744,0.46083788340724546,0.09990624537088952,0.20952549655129066,1.0,VALID,vizwiz-vqa,Platt Scaling (1D),46
0.05284395337887734,5.284395337887734,0.07012986663358006,7.0129866633580065,0.031116212793887453,0.14855132740594224,0.03280492259405782,0.181356,0.037349393855557085,0.004939674026343168,0.7861884911444893,0.45184654826149073,0.0943585871330172,0.20832266621517545,0.999757599030396,VALID,vizwiz-vqa,Quadratic Platt (Logit-Only),46
0.06210452231524287,6.210452231524287,0.06718746164826138,6.718746164826138,0.030375251216672127,0.14787429088924142,0.03348195911075863,0.181356,0.04339804635642135,0.010078396164902949,0.7866957806744744,0.45018201672288705,0.09416280108614397,0.2080644071635095,1.0,VALID,vizwiz-vqa,Beta Calibration,46
0.07629214786735375,7.629214786735375,0.09458111920568525,9.458111920568525,0.07822684691424524,0.15945560016551322,0.021900649834486835,0.181356,0.03413957652764425,0.012785029442777946,0.7785129799951477,0.47802547809893225,0.1107290426354323,0.20378073096499338,0.9911735315775331,VALID,vizwiz-vqa,Spline Calibration,46
0.2934633774745876,29.34633774745876,0.2932260227770067,29.32260227770067,0.293256323647312,0.23682482575562977,-0.05546857575562972,0.181356,0.03666397348841222,0.09293407949952916,0.7860561547453626,0.6687055216149806,0.35038022580881567,0.13207677169036158,0.9993230052920211,COLLAPSED,vizwiz-vqa,Adaptive TS (ATS),46
0.006506761285641391,0.6506761285641391,0.09680058231526457,9.680058231526457,0.015310837720806348,0.18046776813788942,0.0008884818621106294,0.181356,0.0027218536585365853,0.0018196853278837413,0.5191336377070513,0.5467335960838485,0.19144351003184457,0.014543165687839081,0.1713039491111741,COLLAPSED,vizwiz-vqa,Probability Margin (1D),46
0.045802085547603504,4.58020855476035,0.04580208554760351,4.580208554760351,0.027250405010299225,0.17589304619448773,0.005463203805512323,0.181356,0.007724858394599845,0.0023972631259054312,0.6327554643904806,0.5329288305748051,0.15780355206627641,0.07953374329052111,0.34053966782875095,VALID,vizwiz-vqa,MSSC (Multi-Scale Proxy),46
0.03336548018866436,3.3365480188664356,0.07908292064706748,7.908292064706749,0.06054903150354251,0.1776251473234087,0.0037311026765913524,0.181356,0.005202371100164203,0.002960423779071339,0.6558150819382873,0.5387039395255689,0.16041466285092204,0.030362793333963495,0.5084884979539918,VALID,vizwiz-vqa,MSE-EIGEN (Multi-Scale),46
0.06580134923952381,6.580134923952381,0.06193867953063463,6.193867953063463,0.029558954910118528,0.1501248374794291,0.03123141252057096,0.181356,0.040178854689127866,0.009913368634123395,0.7867840049405589,0.4607455846096559,0.10029058162342318,0.21331538888164667,0.999499165996664,VALID,vizwiz-vqa,Residual Calibrator,46
0.05099360053356444,5.0993600533564445,0.04441814698611046,4.441814698611046,0.03437561819088937,0.14755162892369086,0.03380462107630919,0.181356,0.03950122610255149,0.005463313595003567,0.7843357815567171,0.4551980784677379,0.09777489589952412,0.2211394269465474,0.9461843927375708,VALID,vizwiz-vqa,Trajectory LR,46
0.07626256728708856,7.6262567287088565,0.08710172630178784,8.710172630178784,0.08858519066760832,0.1624820186050359,0.018874231394964164,0.181356,0.030390707892523194,0.011381573281848764,0.7323055206334503,0.50095570759187,0.13449189289648097,0.22947413546644288,0.7485793143172572,VALID,vizwiz-vqa,Trajectory LR (No Bias),46
0.06538965819592568,6.538965819592568,0.06710033335312293,6.710033335312293,0.03016752444614556,0.14956305096641073,0.03179319903358932,0.181356,0.03885591917581012,0.007858685755315167,0.7877324158009661,0.4591903166140525,0.09860783858916801,0.2129984291382307,0.9994048936195744,VALID,vizwiz-vqa,VCPS-5D (Our Method),46
0.06765456162399747,6.7654561623997465,0.076191517467623,7.6191517467623,0.029790304683897564,0.14844680482167666,0.03290944517832339,0.181356,0.040692375669760444,0.007834271240296611,0.7876662476014029,0.4565539239874389,0.09760926643054307,0.21500715700762524,0.9982801531206125,VALID,vizwiz-vqa,VCPS-17D (Our Method),46
0.31474952646344906,31.474952646344907,0.31474952646344895,31.474952646344896,0.3077397322758696,0.2587249598945821,-0.07736870989458206,0.181356,0.036172724341638526,0.11410135818531224,0.7792628862568649,0.7920093227983833,0.3579993301772559,0.27130402415136967,1.0,COLLAPSED,vizwiz-vqa,Naive Confidence (NC),47
0.2949128802368819,29.49128802368819,0.29402371526681675,29.402371526681677,0.2940482800790794,0.23879259232959602,-0.05743634232959596,0.181356,0.035195192034669705,0.0931560970744001,0.7792628862568649,0.6723831335247501,0.3579993301772559,0.12667548673331094,1.0,COLLAPSED,vizwiz-vqa,Temperature Scaling (TS),47
0.07774411466738701,7.774411466738701,0.07621768318070415,7.621768318070416,0.04075917217371458,0.15384732733271522,0.02750892266728483,0.181356,0.03995859373047045,0.013610753909281117,0.7792628862568649,0.4672632884713821,0.09747689911035337,0.21410329054569763,1.0,VALID,vizwiz-vqa,Platt Scaling (1D),47
0.07767307089742813,7.767307089742813,0.07551966250738329,7.551966250738329,0.046161254102654876,0.15218984329924656,0.02916640670075349,0.181356,0.038316171801643394,0.010199326882069582,0.7787997088599219,0.4617470475331349,0.09767473710765306,0.21762509564551843,0.9999278077112307,VALID,vizwiz-vqa,Quadratic Platt (Logit-Only),47
0.061678306593239356,6.167830659323935,0.07073431014486145,7.073431014486145,0.04230521273000146,0.15084593857215556,0.030510311427844494,0.181356,0.03512374124632006,0.0056220833123400826,0.7792628862568649,0.45866142179234193,0.09694410777503419,0.21235486730712747,1.0,VALID,vizwiz-vqa,Beta Calibration,47
0.07795657458237251,7.795657458237251,0.08653834978723815,8.653834978723815,0.07124194382659589,0.15959836864255317,0.021757881357446884,0.181356,0.03356382416753545,0.012242080521330677,0.7767484946734599,0.47811853944631755,0.1083339229347454,0.20735799932665408,0.9905452502130182,VALID,vizwiz-vqa,Spline Calibration,47
0.28896104961112495,28.896104961112496,0.288961049611125,28.8961049611125,0.2889728648925639,0.23585524695050952,-0.05449899695050947,0.181356,0.03689929185656809,0.09101619671287933,0.7787555967268798,0.6668597566711207,0.34959151153973034,0.1342859863089136,0.9985926343705374,COLLAPSED,vizwiz-vqa,Adaptive TS (ATS),47
0.006189758421587605,0.6189758421587606,0.08403811048278165,8.403811048278165,0.014887660881998027,0.1806306614472005,0.0007255885527995554,0.181356,0.0026689251700680273,0.0017852354465996978,0.559011005977194,0.5471121564608283,0.1822073109659212,0.016108947133886612,0.2737132067236239,COLLAPSED,vizwiz-vqa,Probability Margin (1D),47
0.03931436797081053,3.9314367970810533,0.03931436797081053,3.9314367970810533,0.0235074446497622,0.17539833890296785,0.005957911097032198,0.181356,0.007905782141018919,0.0020745170662242645,0.6356448091047443,0.5319351913064014,0.15996825723279282,0.0755399782788108,0.34695305868800874,VALID,vizwiz-vqa,MSSC (Multi-Scale Proxy),47
0.03457616924556778,3.4576169245567776,0.09051021392746361,9.05102139274636,0.06857602213751483,0.17678803648805805,0.004568213511942004,0.181356,0.005722381697121941,0.002764542292489159,0.6925163766293919,0.5366862539080354,0.13814988593350408,0.027783050141533035,0.5453654134616538,VALID,vizwiz-vqa,MSE-EIGEN (Multi-Scale),47
0.07523864004797683,7.523864004797683,0.07845374444459036,7.845374444459035,0.043024616731421134,0.15374981404413324,0.027606435955866815,0.181356,0.03811574020850418,0.011878935879713295,0.7798584000529346,0.4671444364459624,0.09747246410398487,0.2184643951067049,0.9995205740822962,VALID,vizwiz-vqa,Residual Calibrator,47
0.05204697114551922,5.204697114551922,0.06432143815572326,6.432143815572326,0.04305149314232456,0.1509488787046186,0.030407371295381458,0.181356,0.03793234907952994,0.007290368534922996,0.7772116720704029,0.4642767608259499,0.10265628009351181,0.22769049804401018,0.9498556394225577,VALID,vizwiz-vqa,Trajectory LR,47
0.05528229049724086,5.528229049724086,0.06305985954855944,6.305985954855944,0.04132526096355858,0.15317270457248688,0.028183545427513168,0.181356,0.03682068862433904,0.009854387428168139,0.7765941022078123,0.4705308060194483,0.11027894664295666,0.23348267804852055,0.908502418009672,VALID,vizwiz-vqa,Trajectory LR (No Bias),47
0.0723122878320743,7.23122878320743,0.07716255921302483,7.716255921302483,0.042993161608841764,0.1530562224039539,0.028300027596046162,0.181356,0.039907191978454895,0.012759298598695642,0.7817111096407068,0.4658537005745992,0.09653080588939343,0.21871022371639115,0.9991100764403057,VALID,vizwiz-vqa,VCPS-5D (Our Method),47
0.07534101456935521,7.534101456935521,0.07571636784399428,7.571636784399429,0.042888683305407,0.15259770981545848,0.028758540184541576,0.181356,0.038753389561885364,0.011158415624998674,0.7822183991706919,0.4652808854311435,0.0963545532053118,0.22057968198897177,0.9981835767343068,VALID,vizwiz-vqa,VCPS-17D (Our Method),47
0.3179082099124789,31.79082099124789,0.317908209912479,31.790820991247898,0.31307152234770963,0.2528095000682905,-0.07145325006829045,0.181356,0.0401270417273811,0.11190096721333977,0.8001499812523434,0.7641031859167704,0.34462573455336504,0.2673124088184663,1.0,COLLAPSED,vizwiz-vqa,Naive Confidence (NC),48
0.29467867817889004,29.467867817889005,0.29388953813800855,29.388953813800857,0.2943718992783828,0.23581019533965786,-0.054453945339657805,0.181356,0.03688432301630128,0.09314503931345086,0.8001499812523434,0.6650067461045942,0.34462573455336504,0.11961629654360693,1.0,COLLAPSED,vizwiz-vqa,Temperature Scaling (TS),48
0.0724031058207152,7.24031058207152,0.062368627821677125,6.236862782167712,0.037848120224213494,0.14635405628755296,0.03500219371244709,0.181356,0.04438891380229994,0.010292491511995525,0.8001499812523434,0.4466822380009786,0.08547031796620208,0.20232386946802475,1.0,VALID,vizwiz-vqa,Platt Scaling (1D),48
0.04966791788170195,4.9667917881701955,0.04734692586099289,4.734692586099289,0.030045566243834393,0.14538925480416,0.03596699519584004,0.181356,0.04377259414438956,0.007061303072186934,0.7995103553232317,0.441240628348839,0.08747435420499584,0.2073687621950239,0.9998867195468781,VALID,vizwiz-vqa,Quadratic Platt (Logit-Only),48
0.04602095079895057,4.602095079895057,0.042725252345162855,4.272525234516285,0.025505567652429402,0.143795976619273,0.03756027338072704,0.181356,0.043118536914941094,0.005520074389025219,0.8001499812523434,0.4370789218016512,0.08651282195616009,0.2041397695982134,1.0,VALID,vizwiz-vqa,Beta Calibration,48
0.0715340738406691,7.1534073840669095,0.07147985937147654,7.147985937147654,0.07457418438766916,0.15246034845071954,0.02889590154928051,0.181356,0.036704616641891064,0.008393670064402793,0.7955292353161737,0.4618847784904797,0.09799175152688742,0.2030236564617548,0.9915763918604373,VALID,vizwiz-vqa,Spline Calibration,48
0.2918200632258046,29.182006322580463,0.2905477355254039,29.054773552540393,0.2907049520575201,0.23276899346649738,-0.051412743466497324,0.181356,0.039969180053793026,0.09193884642765693,0.8005469904497232,0.6588084264270878,0.3313478431419352,0.12835837958798213,0.9986842187368749,COLLAPSED,vizwiz-vqa,Adaptive TS (ATS),48
0.010163186427058539,1.016318642705854,0.10012451499568237,10.012451499568236,0.016994301620575334,0.18039258937185657,0.0009636606281434867,0.181356,0.0037355918367346945,0.0027548322924860202,0.5441011050089327,0.5465085374872349,0.17654751447897507,0.013648957439510122,0.2185242359079553,COLLAPSED,vizwiz-vqa,Probability Margin (1D),48
0.014751591416614838,1.4751591416614838,0.019442476445168222,1.9442476445168222,0.022218513903220417,0.17681440307907156,0.004541846920928488,0.181356,0.004776358500408307,0.00037527665944676636,0.6012263172985729,0.5363439112299714,0.18629619946929804,0.08664574604591183,0.3308465703497362,VALID,vizwiz-vqa,MSSC (Multi-Scale Proxy),48
0.018333491414548226,1.8333491414548226,0.07363178771959465,7.363178771959465,0.05116528681168706,0.178261703356703,0.003094546643297058,0.181356,0.004382423576423576,0.002425521454519251,0.6240984582809502,0.5405054517784318,0.174399919612666,0.027647483342232625,0.42440454561818247,VALID,vizwiz-vqa,MSE-EIGEN (Multi-Scale),48
0.07417808179616206,7.417808179616206,0.07473993256736114,7.473993256736114,0.03840638271802107,0.14613363454328882,0.03522261545671124,0.181356,0.04500298562205142,0.010552189340825382,0.8001279251858223,0.44593444877359045,0.08563041415825502,0.2055162219923731,0.9996060144240577,VALID,vizwiz-vqa,Residual Calibrator,48
0.03638657485511239,3.638657485511239,0.0500365330724986,5.00365330724986,0.0282211627823208,0.1441620150768506,0.03719423492314944,0.181356,0.03935359269014097,0.0021849694532358357,0.7912834425108627,0.44438349648198777,0.09400140454576225,0.2072699418005827,0.9518918075672302,VALID,vizwiz-vqa,Trajectory LR,48
0.058536074919330876,5.853607491933087,0.06208801111458624,6.208801111458624,0.06685841993135636,0.15181189404845696,0.02954435595154309,0.181356,0.03667857017176372,0.007158459937826219,0.7653675643485741,0.48503253709732724,0.12436800838852799,0.22129452776618277,0.8065934983739934,VALID,vizwiz-vqa,Trajectory LR (No Bias),48
0.07472480640879825,7.472480640879825,0.06643793858075135,6.643793858075135,0.03816906017184354,0.14545955455627263,0.03589669544372742,0.181356,0.0504186300487421,0.014095194811004071,0.8015395134431725,0.4443028113650646,0.0841437606692638,0.2048962699534917,0.9994714218856875,VALID,vizwiz-vqa,VCPS-5D (Our Method),48
0.06894623988821938,6.894623988821938,0.06857816032262097,6.857816032262097,0.03781428319431953,0.1446858664876117,0.036670383512388355,0.181356,0.04836508274205238,0.011532247948509471,0.8022011954388054,0.4425536548323379,0.08348789185547816,0.20733270744214038,0.9989347797391188,VALID,vizwiz-vqa,VCPS-17D (Our Method),48
0.30424019523710016,30.424019523710015,0.30424019523710016,30.424019523710015,0.3014820672599152,0.2408864779625146,-0.05953022796251456,0.181356,0.04260091745072679,0.10143867674329071,0.8069873618738833,0.7322438947402391,0.31493231481010964,0.2637113624784402,1.0,COLLAPSED,vizwiz-vqa,Naive Confidence (NC),49
0.28760061882607557,28.76006188260756,0.2876006188260754,28.76006188260754,0.2876041166235331,0.23158470868808342,-0.05022845868808337,0.181356,0.040275241034285286,0.09196770551156676,0.8069873618738833,0.6564525195616143,0.31493231481010964,0.11682370958898396,1.0,COLLAPSED,vizwiz-vqa,Temperature Scaling (TS),49
0.07142486116377633,7.142486116377633,0.06453265589883458,6.4532655898834586,0.030201766425423847,0.14491657346706893,0.03643967653293112,0.181356,0.04578768917619331,0.010861481370384991,0.8069873618738833,0.44581867210133436,0.08766681136580212,0.20141531685927916,1.0,VALID,vizwiz-vqa,Platt Scaling (1D),49
0.04550154004879661,4.550154004879661,0.04951470090824724,4.951470090824724,0.0253084355996554,0.14241734371110923,0.03893890628889082,0.181356,0.04382510985494803,0.004231922416749741,0.8054654932839278,0.435528986561417,0.08480122458600572,0.1952612940691722,0.9996426865707463,VALID,vizwiz-vqa,Quadratic Platt (Logit-Only),49
0.03881926485510751,3.881926485510751,0.04888689938331836,4.8886899383318365,0.023960078650570094,0.14159103101497555,0.0397652189850245,0.181356,0.04478659777979023,0.00431106408900368,0.8069873618738833,0.43262537662004286,0.08392969107897427,0.20103570854413755,1.0,VALID,vizwiz-vqa,Beta Calibration,49
0.06031914723690178,6.031914723690178,0.06606818454353508,6.606818454353508,0.06052448338454315,0.1506416048343432,0.030714645165656862,0.181356,0.04003802787527428,0.009144067060815286,0.7998522243543087,0.45778279171073927,0.09034203461100558,0.19527123975787924,0.9937372439708799,VALID,vizwiz-vqa,Spline Calibration,49
0.2869308451981404,28.69308451981404,0.284992815669857,28.4992815669857,0.285044205161114,0.22921835536216856,-0.047862105362168506,0.181356,0.043217536408739994,0.09173759365266491,0.8061271752795607,0.6517074190660361,0.305155080127473,0.1250803849382134,0.999443581774327,COLLAPSED,vizwiz-vqa,Adaptive TS (ATS),49
0.003114472544867111,0.3114472544867111,0.10541496239472604,10.541496239472604,0.01269008223788567,0.1813720745046743,-1.5824504674244455e-05,0.181356,0.0006266155632984901,0.0006061015887846358,0.5413882088268378,0.5487526333022675,0.17990876410760165,0.011792601349632854,0.20274526389571396,COLLAPSED,vizwiz-vqa,Probability Margin (1D),49
0.04459094401814609,4.459094401814609,0.0445909440181461,4.45909440181461,0.029599789332764272,0.1765334801722032,0.004822769827796863,0.181356,0.006665311740890688,0.0021339225585830573,0.6272745318599882,0.5344847358917931,0.16532441404131024,0.0802768064821631,0.4086270662765003,VALID,vizwiz-vqa,MSSC (Multi-Scale Proxy),49
0.06198676395281778,6.198676395281779,0.0998863805139156,9.98863805139156,0.07194583259317777,0.1770027727838968,0.004353477216103241,0.181356,0.013775123204837491,0.010347680995630232,0.6810692781049428,0.5370596589783415,0.15786562044719654,0.024863196369783697,0.40361508646034583,VALID,vizwiz-vqa,MSE-EIGEN (Multi-Scale),49
0.06934533852471896,6.934533852471896,0.06257741323638334,6.257741323638334,0.028927845965030282,0.1445017993647949,0.03685445063520515,0.181356,0.04643345224547856,0.010886107700681909,0.8060610070799974,0.4450678198943464,0.08806047539212582,0.204240608024294,0.9993952935811743,VALID,vizwiz-vqa,Residual Calibrator,49
0.029070895163511457,2.907089516351146,0.037919508225237986,3.7919508225237983,0.024983126990330912,0.14164648006312683,0.039709769936873224,0.181356,0.0413516333409943,0.002281788375486694,0.7884823220626833,0.4445291994305428,0.09946404099354254,0.20509365008321181,0.9380600722402889,VALID,vizwiz-vqa,Trajectory LR,49
0.05619285149884831,5.619285149884831,0.0631223087234046,6.31223087234046,0.058793726859308296,0.14266298773503222,0.03869326226496783,0.181356,0.0463590320725973,0.0067818077687622266,0.7711021416440592,0.4798667614832172,0.12745519593022725,0.22035886241912572,0.7860278161112645,VALID,vizwiz-vqa,Trajectory LR (No Bias),49
0.06707907615809379,6.707907615809379,0.06157722951472901,6.157722951472901,0.028684886312470674,0.1437145329321328,0.03764171706786726,0.181356,0.04604495048203331,0.008629545723363205,0.8072740907386576,0.4430309416184357,0.08630531940129427,0.20267394622269622,0.9994093096372385,VALID,vizwiz-vqa,VCPS-5D (Our Method),49
0.07162067867171258,7.162067867171258,0.07312445832031142,7.312445832031142,0.028402036130648504,0.14301351125360398,0.03834273874639607,0.181356,0.0493172623401735,0.01085901867349118,0.807560819603432,0.44121186405345825,0.08525938485474933,0.20327734736312972,0.9988813075252301,VALID,vizwiz-vqa,VCPS-17D (Our Method),49
0.331129001557827,33.1129001557827,0.331129001557827,33.1129001557827,0.3272375737984043,0.2583388570724414,-0.07698260707244137,0.181356,0.04170249098514626,0.118586642289852,0.8122367057059044,0.7989685935840738,0.3529614909994916,0.2708827009209988,1.0,COLLAPSED,vizwiz-vqa,Naive Confidence (NC),50
0.30300754006325853,30.300754006325853,0.3030075400632586,30.30075400632586,0.3030090088705162,0.23778281611623953,-0.056426566116239474,0.181356,0.04089422568528451,0.09846861262337801,0.8122367057059044,0.6713215078601135,0.3529614909994916,0.131946574159721,1.0,COLLAPSED,vizwiz-vqa,Temperature Scaling (TS),50
0.06359447466274432,6.359447466274432,0.04808956215320177,4.808956215320177,0.026278365095098347,0.14359113587769162,0.03776511412230843,0.181356,0.04684060685655807,0.008848945861647278,0.8122367057059044,0.44515040850263593,0.0931495004125016,0.22432226128237226,1.0,VALID,vizwiz-vqa,Platt Scaling (1D),50
0.048170139676089234,4.817013967608923,0.03925108568244991,3.925108568244991,0.027895351131168533,0.14112500364367075,0.0402312463563293,0.181356,0.042252015350283785,0.003400401372413307,0.8125013785041577,0.4297036506625495,0.0814059528883647,0.216711933991019,0.9998636794547177,VALID,vizwiz-vqa,Quadratic Platt (Logit-Only),50
0.035422629773857496,3.5422629773857497,0.035254489912993486,3.5254489912993487,0.02754010742934662,0.14133203418336507,0.040024215816634984,0.181356,0.04398864536270834,0.0034992947956485653,0.8122367057059044,0.42929129319828474,0.08168632862345028,0.21526689453709166,1.0,VALID,vizwiz-vqa,Beta Calibration,50
0.08472477683780447,8.472477683780447,0.08176892349005709,8.176892349005708,0.08439382868049794,0.15448169738550172,0.026874552614498337,0.181356,0.03577203049672209,0.009697962753387034,0.7997640000882242,0.46594915037876783,0.0982523612548995,0.2011860672552353,0.9907579110988485,VALID,vizwiz-vqa,Spline Calibration,50
0.3007690368399198,30.07690368399198,0.30076903683991985,30.076903683991986,0.3007587181279877,0.23699710760458742,-0.05564085760458737,0.181356,0.040710820939204924,0.09716942289520952,0.8090165199938243,0.6702436346448198,0.35132148012601405,0.13705479043673854,0.9995431341725366,COLLAPSED,vizwiz-vqa,Adaptive TS (ATS),50
0.009445559649650255,0.9445559649650255,0.09393060403795236,9.393060403795236,0.015410647861791598,0.18158820831582353,-0.0002319583158234828,0.181356,0.001957626016260163,0.002129649262289733,0.5454685811332407,0.5494267171434883,0.18283793788060193,0.018553056780903996,0.18081312626551008,COLLAPSED,vizwiz-vqa,Probability Margin (1D),50
0.04613757524748331,4.613757524748332,0.046137575247483326,4.6137575247483325,0.026981785267327724,0.17108966426293273,0.010266585737067319,0.181356,0.012575913364213416,0.002234215562802022,0.6655528353073512,0.5209863278889043,0.1502067371824463,0.07371956384543964,0.36154349655121526,VALID,vizwiz-vqa,MSSC (Multi-Scale Proxy),50
0.03312478845067654,3.312478845067654,0.08455717605115004,8.455717605115003,0.05127977054385514,0.1768534045232749,0.004502845476725165,0.181356,0.005378753062912316,0.002331011918737214,0.6548225589448378,0.5370572217027225,0.16269550488754325,0.028692343598143443,0.4561205764823059,VALID,vizwiz-vqa,MSE-EIGEN (Multi-Scale),50
0.05081579064453484,5.081579064453484,0.054601967445530065,5.460196744553007,0.027344264923477007,0.14313354581858062,0.03822270418141943,0.181356,0.045264010394196905,0.006879602491754823,0.8128763316350162,0.4439259080713323,0.09297714738316518,0.22690654901623958,0.9996370225480902,VALID,vizwiz-vqa,Residual Calibrator,50
0.04453178188904222,4.453178188904222,0.052097449052418546,5.2097449052418545,0.029731927857797796,0.1386743788817576,0.042681871118242454,0.181356,0.046183631785885075,0.004182092313109162,0.8183241800657272,0.4307579814243954,0.08400425417861263,0.23202914499037997,0.9568202752811011,VALID,vizwiz-vqa,Trajectory LR,50
0.0597553947887162,5.97553947887162,0.05574572437345575,5.574572437345575,0.03469086436780609,0.13962454921890194,0.04173170078109811,0.181356,0.04879020940418671,0.00816852647305427,0.8140232470941133,0.43466524665306927,0.08838014006576475,0.23362185551050244,0.9347078348313393,VALID,vizwiz-vqa,Trajectory LR (No Bias),50
0.0521479675876232,5.214796758762319,0.04536502161184548,4.536502161184548,0.026383593361402082,0.14198030250816657,0.039375947491833485,0.181356,0.04501302565239662,0.005612635012556052,0.8156774520831955,0.44084438066675624,0.08992386523593385,0.227244011013476,0.9994714218856875,VALID,vizwiz-vqa,VCPS-5D (Our Method),50
0.04340739424436305,4.340739424436305,0.048086876587198804,4.80868765871988,0.026694230387685428,0.14134229496761144,0.04001395503238861,0.181356,0.04452530776520328,0.004386019056671265,0.8156333399501534,0.43867062158488684,0.08745103239156861,0.22784283572001857,0.998693722774891,VALID,vizwiz-vqa,VCPS-17D (Our Method),50
0.3026064554229379,30.26064554229379,0.3026064554229379,30.26064554229379,0.29837791062389907,0.24165842244675356,-0.06030217244675351,0.181356,0.040964581871053986,0.10148696033988819,0.8042303535587464,0.7402412698753907,0.3336166451756998,0.26852671992729116,1.0,COLLAPSED,vizwiz-vqa,Naive Confidence (NC),51
0.28592467241918246,28.592467241918246,0.28558403097785223,28.558403097785224,0.28567236803878937,0.23253130846722925,-0.051175058467229195,0.181356,0.04015558850764537,0.0917517659933875,0.8042303535587464,0.659022750499143,0.3336166451756998,0.11533256626006454,1.0,COLLAPSED,vizwiz-vqa,Temperature Scaling (TS),51
0.07147069600761602,7.147069600761602,0.06520908879923844,6.5209088799238435,0.04644814280217137,0.1485758376025522,0.03278041239744786,0.181356,0.04268083046328547,0.010006785014488234,0.8042303535587464,0.453340131002348,0.0946154758842999,0.19444636158783943,1.0,VALID,vizwiz-vqa,Platt Scaling (1D),51
0.03858803131850076,3.858803131850076,0.04689352303961816,4.689352303961816,0.03412762250924919,0.1445436404419141,0.03681260955808596,0.181356,0.040758026696077046,0.0035120948083240074,0.8037451200952821,0.44309927955964773,0.0936155451525675,0.2007144351685368,0.9999309757239029,VALID,vizwiz-vqa,Quadratic Platt (Logit-Only),51
0.03959379295127828,3.959379295127828,0.04294247904798443,4.294247904798443,0.030675455441315967,0.14344954580788571,0.03790670419211434,0.181356,0.041823663433020984,0.003587026657657497,0.8042303535587464,0.4420812537459818,0.09332809181080637,0.1989542689841319,1.0,VALID,vizwiz-vqa,Beta Calibration,51
0.06199217286183378,6.199217286183378,0.06579124485551523,6.579124485551523,0.06499720152714862,0.1473771073003796,0.03397914269962046,0.181356,0.04048738404425786,0.006430889995046081,0.8027195130020511,0.45268383670331824,0.09670767842273499,0.19577634300575208,0.9943648359861224,VALID,vizwiz-vqa,Spline Calibration,51
0.2828045070581061,28.280450705810612,0.2820162038178073,28.201620381780728,0.2820770801148829,0.23010203959026967,-0.04874578959026962,0.181356,0.04097613994625345,0.09031445706766421,0.8024658682370587,0.6541508428307029,0.3254698621691911,0.12284216540465759,0.9994248616994467,COLLAPSED,vizwiz-vqa,Adaptive TS (ATS),51
0.0070613499882806715,0.7061349988280672,0.09262983497858973,9.262983497858974,0.016328892028832198,0.18112515068590482,0.00023109931409523443,0.181356,0.002115674134419552,0.001832738441572205,0.5608085753986635,0.5483768562376581,0.17392128338649304,0.020017632103769025,0.2432026539103157,COLLAPSED,vizwiz-vqa,Probability Margin (1D),51
0.06700896712589421,6.700896712589421,0.06700896712589423,6.700896712589423,0.046892789101753624,0.17829203201856866,0.0030642179814313886,0.181356,0.007696952981551805,0.004882874329023106,0.6241205143474713,0.5385517914711611,0.15838023375584248,0.08062138934108604,0.36295828851241335,VALID,vizwiz-vqa,MSSC (Multi-Scale Proxy),51
0.05539474361431041,5.539474361431041,0.0855893203469999,8.558932034699989,0.07558453834195758,0.1767404386150007,0.004615811384999363,0.181356,0.013064527131782942,0.009703739880741455,0.673349654822559,0.5364248304489309,0.16079401724788106,0.02650220288965643,0.5059238476953908,VALID,vizwiz-vqa,MSE-EIGEN (Multi-Scale),51
0.06548341656091959,6.548341656091959,0.06704383927593102,6.704383927593102,0.04502120521336563,0.14815858477419436,0.033197665225805695,0.181356,0.04214530581222641,0.009838023495428191,0.8038554004278877,0.45239957305482253,0.09541526095286457,0.19806895893935908,0.9995998703994816,VALID,vizwiz-vqa,Residual Calibrator,51
0.0383179658607192,3.83179658607192,0.052478093473191975,5.247809347319198,0.031076649575637,0.14536668656735469,0.035989563432645366,0.181356,0.039440167117038204,0.004527702555865809,0.7966651227420103,0.4496751255259012,0.09987721118645061,0.20867837899020936,0.9457918471673887,VALID,vizwiz-vqa,Trajectory LR,51
0.06433581320797561,6.433581320797561,0.0745352744634977,7.45352744634977,0.06753995257555603,0.15668935146872043,0.024666898531279624,0.181356,0.03449245717787594,0.01018925861052292,0.7605813979134962,0.4768242636056974,0.11103678283621016,0.2181064556906238,0.7570089160356641,VALID,vizwiz-vqa,Trajectory LR (No Bias),51
0.07080591790205257,7.080591790205257,0.06483468828894284,6.483468828894284,0.044108497094110646,0.14775443108045672,0.033601818919543336,0.181356,0.04209404738528464,0.009669531062044979,0.8042303535587463,0.4511987071180941,0.09349120370993699,0.19720040474465153,0.9994759339037356,VALID,vizwiz-vqa,VCPS-5D (Our Method),51
0.07507626300018298,7.507626300018298,0.06172124518230908,6.172124518230908,0.03990736161308556,0.1469454335426401,0.03441081645735994,0.181356,0.043870853364164464,0.009549282123453682,0.8037010079622401,0.44909647903300015,0.09241609403230536,0.1980488730903397,0.9985598982395929,VALID,vizwiz-vqa,VCPS-17D (Our Method),51
0.12143950939178466,12.143950939178467,0.11524903386831285,11.524903386831285,0.05507586795681191,0.14390451150497807,0.03850173849502195,0.1824,0.05707476026414723,0.018252918494387302,0.7458881578947368,0.6083981472536911,0.14297372766451047,0.23810937137044827,1.0,VALID,vqav2,Naive Confidence (NC),42
0.150950488897148,15.095048889714798,0.15958270560395987,15.958270560395988,0.11368501070218148,0.15966864625940735,0.022737603740592666,0.1824,0.05497155388471178,0.032127233387956096,0.7458881578947368,0.5200489637256563,0.14297372766451047,0.18116741899683533,1.0,VALID,vqav2,Temperature Scaling (TS),42
0.14264795186762844,14.264795186762843,0.15958429052245732,15.958429052245732,0.1149578730893381,0.15880674407954604,0.023599505920453984,0.1824,0.04876332678232584,0.025238065260748364,0.7458881578947368,0.5055715124886258,0.1493968311056575,0.12140234438356493,1.0,VALID,vqav2,Platt Scaling (1D),42
0.062477533228238,6.2477533228238,0.09076772862801724,9.076772862801723,0.056326040743787775,0.14351556288460202,0.038890687115398004,0.1824,0.049777179488168066,0.00993825163950936,0.7652138157894738,0.4549427107533239,0.14069348685645844,0.1591402916249939,0.8483282082052053,VALID,vqav2,Quadratic Platt (Logit-Only),42
0.09505815153279265,9.505815153279265,0.09535556400762574,9.535556400762573,0.05358666789141652,0.14163322270585887,0.040773027294141145,0.1824,0.05502194055944056,0.014997697809247075,0.7820723684210525,0.4469969776636363,0.11091640638677441,0.16910541038409482,0.8533608340208505,VALID,vqav2,Beta Calibration,42
0.0883835340614384,8.83835340614384,0.15165846342789208,15.165846342789207,0.09035146958497964,0.1648026460994632,0.017603603900536807,0.1824,0.042615384439916054,0.02636527101373015,0.7493146929824561,0.5010596122993283,0.12925585739668047,0.06611346291107645,0.9916776621537063,VALID,vqav2,Spline Calibration,42
0.11790074018979989,11.790074018979988,0.13030347070718185,13.030347070718184,0.08838932574362965,0.15417192175985545,0.028234328240144574,0.1824,0.049432852271343315,0.022365591040847396,0.7671326754385964,0.49399256475183134,0.12366326604612597,0.18596602082702843,0.9893587339683494,VALID,vqav2,Adaptive TS (ATS),42
0.01796742930812794,1.796742930812794,0.1552486941474633,15.52486941474633,0.01959822954253389,0.18381712117611673,-0.0014108711761167125,0.1824,0.003323076923076923,0.004906520469445782,0.6988075657894737,0.5569707048600459,0.16679467781643412,0.028200243549879076,0.12362571324096595,COLLAPSED,vqav2,Probability Margin (1D),42
0.0521448581580475,5.21448581580475,0.0521448581580475,5.21448581580475,0.047227439597292004,0.17367604216522886,0.008730207834771159,0.1824,0.01406070516096065,0.0053367473261895625,0.6356907894736842,0.5296549322670762,0.15132009472278035,0.11267907888066993,0.27732778818740816,VALID,vqav2,MSSC (Multi-Scale Proxy),42
0.0022098007160087363,0.22098007160087363,0.09744312878469404,9.744312878469403,0.007469285664550962,0.18200016037407452,0.00040608962592550424,0.1824,0.0,4.883219204472724e-06,0.6204769736842105,0.5499837428511395,0.15514397963508986,0.0024297254035487736,-0.15645841146028652,COLLAPSED,vqav2,MSE-EIGEN (Multi-Scale),42
0.11291954191695158,11.291954191695158,0.1508121859478484,15.08121859478484,0.0937711227886343,0.15432239127721764,0.02808385872278238,0.1824,0.04547384957396998,0.018745033702853128,0.751233552631579,0.49104529488207055,0.14015997660963617,0.13752396716478246,0.9927143178579467,VALID,vqav2,Residual Calibrator,42
0.082679017437687,8.2679017437687,0.085588712191078,8.5588712191078,0.05058072971937415,0.14932817838536105,0.033078071614638965,0.1824,0.0490560744300612,0.01514485377556876,0.8018092105263158,0.45086146836097263,0.08807292242071582,0.18387755818077886,0.7218090452261307,VALID,vqav2,Trajectory LR,42
0.07416831718636276,7.416831718636276,0.10533730576881073,10.533730576881073,0.06420005466394081,0.151201516880844,0.03120473311915603,0.1824,0.051215621483518464,0.020697814258442485,0.7871436403508771,0.45704095727796984,0.09687838599661819,0.1951551706385373,0.764299107477687,VALID,vqav2,Trajectory LR (No Bias),42
0.09401727042914419,9.40172704291442,0.1111045035803477,11.11045035803477,0.08090739807057597,0.15310875332850224,0.02929749667149778,0.1824,0.042086467372374425,0.014941674973007734,0.7638432017543859,0.4816689505745502,0.1299024678342558,0.1348995263406912,0.9838460961524039,VALID,vqav2,VCPS-5D (Our Method),42
0.07779232664962607,7.779232664962607,0.07825191205694558,7.825191205694558,0.06008975957217327,0.1502090434739939,0.032197206526006134,0.1824,0.044945982718616995,0.013176152499036954,0.770970394736842,0.4692203435761262,0.11882311417815308,0.14186497962802266,0.9654916372909323,VALID,vqav2,VCPS-17D (Our Method),42
0.1383183006197214,13.83183006197214,0.12370423637330531,12.370423637330532,0.10196156716538833,0.17617986643822386,0.006226383561776155,0.1824,0.03187725874470061,0.02738555689038625,0.6776315789473685,0.6915805302571928,0.16355582285939435,0.24617304884850053,1.0,VALID,vqav2,Naive Confidence (NC),43
0.09610002973658129,9.610002973658128,0.11015418012956882,11.015418012956882,0.09801745199511538,0.1737692848839534,0.008636965116046613,0.1824,0.0232444307084013,0.014366146678398972,0.6776315789473685,0.5463921775977962,0.16355582285939435,0.19428264365010606,1.0,VALID,vqav2,Temperature Scaling (TS),43
0.10228224785417434,10.228224785417433,0.08764370322150124,8.764370322150123,0.056162049936699744,0.16771162088768055,0.014694629112319474,0.1824,0.03236287312717333,0.017826163548615524,0.6776315789473685,0.524970240225213,0.1620116319345929,0.13484843649236444,1.0,VALID,vqav2,Platt Scaling (1D),43
0.09778489557508363,9.778489557508363,0.09348029877393213,9.348029877393213,0.06718714289587009,0.16448992261499862,0.0179163273850014,0.1824,0.03616689976689977,0.017123181247954856,0.6795504385964912,0.5122062472249903,0.1475407841541529,0.18199931998242805,0.8295807395184881,VALID,vqav2,Quadratic Platt (Logit-Only),43
0.07137598943203456,7.137598943203456,0.07664854029288352,7.664854029288352,0.06445879004267535,0.16376402555765995,0.018642224442340066,0.1824,0.039666581477424856,0.020107421611135136,0.654468201754386,0.5048904359617962,0.17537131793565042,0.1942795366964657,0.7009360234005851,VALID,vqav2,Beta Calibration,43
0.09563675485100104,9.563675485100104,0.10138641370979433,10.138641370979434,0.09515534741259118,0.17190410191169372,0.010502148088306296,0.1824,0.028090471650139837,0.017605355812555654,0.6650219298245614,0.5353738451277175,0.1706888001121969,0.10453082301612092,0.9053438524600914,VALID,vqav2,Spline Calibration,43
0.12299488962143709,12.299488962143709,0.12836432010744167,12.836432010744167,0.09849538417215628,0.17235936072854835,0.01004688927145167,0.1824,0.026185260491142847,0.018523202118511103,0.690515350877193,0.5354542958897909,0.14390738221949795,0.1967628764489502,0.9866796669916749,VALID,vqav2,Adaptive TS (ATS),43
0.00206198316014917,0.20619831601491698,0.11182212405864983,11.182212405864982,0.017080650570509767,0.18213350974282277,0.00027274025717724526,0.1824,0.0008771573604060912,0.00024468045428002375,0.5411869517543859,0.5500075274211546,0.2446367393290073,0.014626086390634374,0.0007942728353496013,COLLAPSED,vqav2,Probability Margin (1D),43
0.03179044413522264,3.1790444135222637,0.03179044413522263,3.1790444135222633,0.029356846335085677,0.16589738290215195,0.016508867097848073,0.1824,0.01840017979144193,0.001863224602218689,0.6888706140350878,0.5067380752583364,0.19562066396764752,0.10821368059194734,0.4498079450478853,VALID,vqav2,MSSC (Multi-Scale Proxy),43
0.002561434956500186,0.2561434956500186,0.08018040911373904,8.018040911373904,0.006106050962374882,0.18233193071168188,7.43192883181365e-05,0.1824,0.0,6.5609490363811095e-06,0.49369517543859653,0.5508906012319973,0.22979557429514247,0.0034360635553362185,-0.23945998649966252,COLLAPSED,vqav2,MSE-EIGEN (Multi-Scale),43
0.07130001934430952,7.130001934430952,0.10515149972873127,10.515149972873127,0.05911834372672629,0.16617028365512507,0.016235966344874952,0.1824,0.025285898498108323,0.008664713435017306,0.6864035087719298,0.5188849245269228,0.15351758048297098,0.15375384470615502,0.9926123153078829,VALID,vqav2,Residual Calibrator,43
0.07203545547597201,7.2035455475972014,0.12102299809656847,12.102299809656847,0.05910776708609287,0.16543875082477555,0.01696749917522447,0.1824,0.03393694766894193,0.01943658888204798,0.7182017543859649,0.5187732952509636,0.1454569115174753,0.21396124198269073,0.7320723018075453,VALID,vqav2,Trajectory LR,43
0.08321358861466763,8.321358861466763,0.07536392732852185,7.5363927328521845,0.0652683792555278,0.17145323443419563,0.010953015565804386,0.1824,0.02755834971480133,0.016313192138073414,0.7053179824561403,0.531790009113365,0.15182977306477957,0.2169047402650722,0.7442151053776346,VALID,vqav2,Trajectory LR (No Bias),43
0.08482383880150668,8.482383880150667,0.10201627586541738,10.201627586541738,0.05888954880387642,0.16575305155204473,0.016653198447955292,0.1824,0.028045381162969507,0.011966001868849323,0.6947642543859649,0.5134738218573598,0.14024130472555077,0.1517617387725123,0.9791029775744394,VALID,vqav2,VCPS-5D (Our Method),43
0.09541859972668908,9.541859972668908,0.0890075528703454,8.90075528703454,0.06124711424606634,0.16487789978576559,0.017528350214234434,0.1824,0.032651013563320064,0.015356537856790056,0.7010690789473684,0.5080857265430686,0.1314740156402847,0.1623709985768241,0.9534223355583892,VALID,vqav2,VCPS-17D (Our Method),43
0.10074620202183723,10.074620202183723,0.10448861435055735,10.448861435055736,0.07573218721565686,0.1754251369325266,0.006981113067473399,0.1824,0.02313829846623964,0.014284450257263548,0.6742050438596491,0.6788813633738845,0.1725780527435115,0.2241616576008011,1.0,VALID,vqav2,Naive Confidence (NC),44
0.10660728841830827,10.660728841830828,0.11510458827561777,11.510458827561777,0.10390530399959157,0.17782558396070908,0.004580666039290915,0.1824,0.019607722832722833,0.016093929806351423,0.6742050438596491,0.5592107434539484,0.1725780527435115,0.17599725685387496,1.0,VALID,vqav2,Temperature Scaling (TS),44
0.07838327627557971,7.838327627557971,0.09788697309634867,9.788697309634866,0.05825383496847664,0.17106639751420377,0.01133985248579622,0.1824,0.01959828674677813,0.00765138031859228,0.6742050438596491,0.5355380820597653,0.169564476592665,0.12356057398510074,1.0,VALID,vqav2,Platt Scaling (1D),44
0.06802088621501104,6.802088621501104,0.07432026150790585,7.432026150790586,0.04360637972883249,0.1672035609789074,0.015202689021092591,0.1824,0.022281651576857055,0.00852028312954578,0.6855811403508772,0.514112978809764,0.1571625980669678,0.15920465250281016,0.8652335297633914,VALID,vqav2,Quadratic Platt (Logit-Only),44
0.05431401512320931,5.431401512320931,0.059605263924609644,5.960526392460965,0.048527438945396476,0.1696930589823343,0.012713191017665687,0.1824,0.025948269712743395,0.01437601674849472,0.6942160087719297,0.5181689917500688,0.1511820447576674,0.16853522719885988,0.7915201316433897,VALID,vqav2,Beta Calibration,44
0.09037044282644488,9.037044282644487,0.09963664494000068,9.963664494000069,0.09037040588638359,0.1782515055878997,0.004154744412100286,0.1824,0.019843181818181822,0.0166579129773741,0.6748218201754386,0.5421791603224674,0.1660932534642603,0.06975616328395745,0.9466714460734466,VALID,vqav2,Spline Calibration,44
0.09004665722171519,9.004665722171518,0.10029818803582109,10.02981880358211,0.08973204603214603,0.1735748856452055,0.00883136435479448,0.1824,0.020957062541749238,0.013153308858870394,0.6914747807017544,0.5374390295766441,0.15324082826559032,0.1831247767074699,0.986900542601338,VALID,vqav2,Adaptive TS (ATS),44
0.0031895102159957794,0.31895102159957794,0.08963464108041909,8.96346410804191,0.008472051563286096,0.18205503114618427,0.0003512188538157268,0.1824,0.0005818181818181818,0.00025104813737338494,0.6069764254385965,0.5499766718830843,0.18541704905328563,0.009355319434590382,0.09538792244276759,COLLAPSED,vqav2,Probability Margin (1D),44
0.06724499094505161,6.724499094505161,0.06724499094505161,6.724499094505161,0.05974681643628366,0.17481732750381315,0.0075889224961868396,0.1824,0.0173731182795699,0.009785072076953477,0.6176672149122807,0.5354074494248467,0.23439792881383725,0.11334924516743898,0.2950378319542138,VALID,vqav2,MSSC (Multi-Scale Proxy),44
0.002568871090599001,0.2568871090599001,0.10873408049561739,10.87340804956174,0.004447531147457654,0.18227591850484554,0.00013033149515445652,0.1824,0.0,6.5990986801153e-06,0.5359100877192982,0.5507373608658498,0.21469064518607095,0.0032994665257521307,-0.18965281244012902,COLLAPSED,vqav2,MSE-EIGEN (Multi-Scale),44
0.07693508563148245,7.693508563148245,0.08553148190504532,8.553148190504531,0.052794708489552575,0.16683347361110548,0.01557277638889451,0.1824,0.02486477272727273,0.010088108370623796,0.6879111842105263,0.5220292896807357,0.15815820094653443,0.14230012519610793,0.9894468572140714,VALID,vqav2,Residual Calibrator,44
0.08340900876154417,8.340900876154416,0.09297644372797587,9.297644372797587,0.04748134350515674,0.16005821401588108,0.022348035984118914,0.1824,0.040758514673732066,0.01849418307243569,0.7339638157894738,0.49114030373692086,0.11962780682276303,0.18732866535166923,0.7333161078962895,VALID,vqav2,Trajectory LR,44
0.08143134901604045,8.143134901604045,0.09241517578541729,9.241517578541728,0.04545650930629665,0.1591259568998244,0.023280293100175597,0.1824,0.04227663329680137,0.01828649229106829,0.7371162280701754,0.48822087054325225,0.1180530497750984,0.18536351974156007,0.7341111280699264,VALID,vqav2,Trajectory LR (No Bias),44
0.08348190388963143,8.348190388963143,0.09205623602951349,9.205623602951349,0.048702702185765306,0.16548309829648203,0.016923151703517963,0.1824,0.02754954954954955,0.010955479238309248,0.6973684210526316,0.5125605787616756,0.14924906014136413,0.14053192940248174,0.9752339965627314,VALID,vqav2,VCPS-5D (Our Method),44
0.05059990844386656,5.059990844386656,0.07880626757966448,7.880626757966448,0.04167897536960245,0.16421132771632732,0.01819492228367267,0.1824,0.02101168137735644,0.003423777174556217,0.7050438596491228,0.5068918403623939,0.14354575475689713,0.14673425760024378,0.9593305930138653,VALID,vqav2,VCPS-17D (Our Method),44
0.11016095817089079,11.016095817089079,0.09960117712616921,9.96011771261692,0.07114784948189765,0.1649143343773945,0.01749191562260552,0.1824,0.03506804039623512,0.017751930701110648,0.6807839912280702,0.6941044712202288,0.1909302213260975,0.23165020196606437,1.0,VALID,vqav2,Naive Confidence (NC),45
0.10488476052369086,10.488476052369085,0.11897676753578847,11.897676753578846,0.10212567491998713,0.17081190799216717,0.011594342007832853,0.1824,0.029113090759143385,0.018050414593005007,0.6807839912280702,0.5536646021097392,0.1909302213260975,0.18129551787884712,1.0,VALID,vqav2,Temperature Scaling (TS),45
0.11999343224397438,11.999343224397437,0.12645759819885363,12.645759819885363,0.08593263731802096,0.1672015063185183,0.015204743681481725,0.1824,0.03621887723572929,0.020769543084750756,0.6807839912280702,0.53315251983566,0.19273830158377997,0.12538563757778726,1.0,VALID,vqav2,Platt Scaling (1D),45
0.05675752411749817,5.675752411749817,0.08342722285937382,8.342722285937382,0.05156466921276703,0.15647741822478914,0.02592883177521088,0.1824,0.03200372664271433,0.005324056976822834,0.7129934210526315,0.4901874422075552,0.15054433430458716,0.16396097091869669,0.924494112352809,VALID,vqav2,Quadratic Platt (Logit-Only),45
0.04819114313832014,4.819114313832014,0.07252947522766356,7.252947522766356,0.050945212930489814,0.15687106063530046,0.025535189364699562,0.1824,0.033913575064136864,0.009359498017302412,0.7080592105263157,0.4865983076300985,0.1650560109240345,0.17298760677360167,0.8587459686492164,VALID,vqav2,Beta Calibration,45
0.08534419746472784,8.534419746472784,0.09351931473538051,9.351931473538052,0.08534359710715149,0.16977096276278167,0.012635287237218351,0.1824,0.02728057413600892,0.016363680188920253,0.7095668859649122,0.5184449670108292,0.17985441998813723,0.07912849527989593,0.9053438524600914,VALID,vqav2,Spline Calibration,45
0.11063382832471444,11.063382832471444,0.10057672740911766,10.057672740911766,0.08745670627826346,0.1666694287503495,0.015736821249650507,0.1824,0.03408275719378661,0.01933903295716637,0.7001096491228069,0.5313784580969373,0.15589475018024643,0.18459217294516633,0.98780769519238,VALID,vqav2,Adaptive TS (ATS),45
0.003975981676934084,0.39759816769340844,0.1440857377442593,14.408573774425932,0.013957084009691357,0.18237114692688608,3.510307311394012e-05,0.1824,0.00028944723618090466,0.00011670929036823454,0.6474780701754386,0.5509199075051745,0.17901363193654324,0.007092371084899352,0.06420934601914954,COLLAPSED,vqav2,Probability Margin (1D),45
0.0043589907816097275,0.43589907816097273,0.010327786311231081,1.0327786311231082,0.026469924994298823,0.17024141636930995,0.01216483363069007,0.1824,0.011870673610518231,2.195525047010992e-05,0.6564555921052632,0.5181114554289599,0.1351478451609464,0.1126181653495964,0.33357681689988916,VALID,vqav2,MSSC (Multi-Scale Proxy),45
0.0022867117301704765,0.22867117301704765,0.09664604628392778,9.664604628392778,0.006462167973639764,0.1820212645738083,0.00038498542619172516,0.1824,0.0,5.229050536899254e-06,0.639391447368421,0.5500419023387484,0.15795268714051447,0.002589252493338769,-0.2261396534913373,COLLAPSED,vqav2,MSE-EIGEN (Multi-Scale),45
0.08746660465237448,8.746660465237447,0.10946819935492927,10.946819935492927,0.08104790505618185,0.16313361637106752,0.0192726336289325,0.1824,0.03226098516765661,0.012749659541855841,0.6888706140350876,0.5211241447622263,0.18040716998764067,0.14176627827678237,0.9947513687842197,VALID,vqav2,Residual Calibrator,45
0.11645965473957083,11.645965473957084,0.11913146570840673,11.913146570840674,0.039436041204405865,0.1565055644022012,0.025900685597798817,0.1824,0.04841758658008658,0.022395589350645357,0.755345394736842,0.4802469029519368,0.11239893687971936,0.19135780948091274,0.7295132378309459,VALID,vqav2,Trajectory LR,45
0.07909204722547249,7.909204722547249,0.09263377542438099,9.263377542438098,0.07744950004435028,0.16228629357670388,0.020119956423296143,0.1824,0.03847608100711549,0.01700801809049635,0.7425986842105262,0.4951287185899052,0.12189850013302658,0.22184423319810329,0.8163654091352286,VALID,vqav2,Trajectory LR (No Bias),45
0.08767738196521073,8.767738196521073,0.10840650820600296,10.840650820600297,0.07588647859732145,0.16194357273663282,0.0204626772633672,0.1824,0.02947186326035431,0.01042699801713224,0.7009320175438596,0.5110689234755408,0.158498764851219,0.1396400630179891,0.9831290782269558,VALID,vqav2,VCPS-5D (Our Method),45
0.09447474321844987,9.447474321844988,0.09204019559376597,9.204019559376597,0.0685498537367666,0.15873165022401,0.023674599775990013,0.1824,0.03559429347826087,0.012401369280590066,0.715734649122807,0.49824569631141274,0.14473388626354067,0.14831024178276156,0.9585584639615992,VALID,vqav2,VCPS-17D (Our Method),45
0.09861911118030547,9.861911118030548,0.10503060132265093,10.503060132265093,0.07445405596412673,0.14419822617275257,0.038208023827247445,0.1824,0.05361396417592071,0.015571951348195764,0.78125,0.5184036713431994,0.12327660977045268,0.25032629263765804,1.0,VALID,vqav2,Naive Confidence (NC),46
0.1622400067601521,16.22400067601521,0.14397750626295808,14.397750626295808,0.1129195862556771,0.1601306176550475,0.02227563234495253,0.1824,0.05714944848752898,0.03550557883502691,0.78125,0.5008798393770001,0.12327660977045268,0.17616137883543728,1.0,VALID,vqav2,Temperature Scaling (TS),46
0.11037493305522085,11.037493305522085,0.131016092655585,13.101609265558501,0.09181641851306792,0.15630050641617138,0.02610574358382864,0.1824,0.04181730791099654,0.017360213176821515,0.78125,0.4877510427608709,0.12781927135631155,0.11379683367947009,1.0,VALID,vqav2,Platt Scaling (1D),46
0.0777678298572318,7.776782985723179,0.10100332749555793,10.100332749555793,0.057723341088101565,0.14100573687064946,0.04140051312935056,0.1824,0.05490084481039158,0.014164423213036001,0.7904331140350876,0.4477820142926411,0.10129935117367929,0.17249769118643316,0.9392514812870324,VALID,vqav2,Quadratic Platt (Logit-Only),46
0.09283259031152881,9.28325903115288,0.08516203147452213,8.516203147452213,0.05546939291040818,0.13982762030984866,0.04257862969015136,0.1824,0.06027836370946127,0.018389543502612064,0.7770010964912281,0.44318735843006235,0.12010122828501035,0.1944464100056255,0.8738093452336309,VALID,vqav2,Beta Calibration,46
0.10569135377811709,10.569135377811708,0.10064244067526786,10.064244067526786,0.08279039617079999,0.16048663071291266,0.021919619287087355,0.1824,0.04272420896476984,0.023015118647500825,0.7789884868421052,0.4895708063742443,0.1031313004610613,0.07861391881424892,0.9594278308158793,VALID,vqav2,Spline Calibration,46
0.12197700891082598,12.197700891082599,0.1295399145162819,12.953991451628191,0.09368382463211487,0.15516233654316736,0.027243913456832664,0.1824,0.053831686073905746,0.028070109379424685,0.794407894736842,0.4793164136520423,0.0992559704260653,0.18347689888817317,0.992270306757669,VALID,vqav2,Adaptive TS (ATS),46
0.003339305740230607,0.3339305740230607,0.11149522790810401,11.149522790810401,0.007600213712370414,0.18207942851296674,0.00032682148703327973,0.1824,0.0005818181818181819,0.00029595306543977275,0.5905975877192983,0.5500962258360063,0.20558541616401813,0.007755100786956414,0.1266928278980204,COLLAPSED,vqav2,Probability Margin (1D),46
0.03798875199815366,3.798875199815366,0.03798875199815366,3.798875199815366,0.036364070183280896,0.16881614070724638,0.013590109292753644,0.1824,0.015822619047619044,0.0026407044837601615,0.6643366228070176,0.5163247258224577,0.16529592395526388,0.11019515518428576,0.41918996802192193,VALID,vqav2,MSSC (Multi-Scale Proxy),46
0.002992969117038613,0.2992969117038613,0.07795468982872633,7.795468982872633,0.003633080265758353,0.182255445967755,0.0001508040322450166,0.1824,0.0,8.957864135546896e-06,0.5226151315789475,0.5506820485730999,0.20726478722926844,0.002420600162698295,-0.1556228905722643,COLLAPSED,vqav2,MSE-EIGEN (Multi-Scale),46
0.08680052285864086,8.680052285864086,0.10602114369289747,10.602114369289747,0.06988302183849894,0.15142702305646388,0.030979226943536137,0.1824,0.042382071521473705,0.012881229424016382,0.7852247807017544,0.4726318759312742,0.11460022531272288,0.13619290988930127,0.9847416185404636,VALID,vqav2,Residual Calibrator,46
0.07111389410520028,7.111389410520028,0.09413577140882547,9.413577140882547,0.037246679773309345,0.14806036055529007,0.034345889444709954,0.1824,0.04997265861008146,0.01601415529870084,0.7889254385964912,0.4574026850487824,0.10506801654495426,0.18234202744552871,0.7366624165604141,VALID,vqav2,Trajectory LR,46
0.06960843769625633,6.960843769625632,0.09403125443482148,9.403125443482148,0.03792332642894174,0.1476789842250422,0.03472726577495783,0.1824,0.05061034360164795,0.016422873013224783,0.7905701754385964,0.4566912746578526,0.10472773585069597,0.18118880754808225,0.7374529363234082,VALID,vqav2,Trajectory LR (No Bias),46
0.08118000842770841,8.11800084277084,0.10757358329706325,10.757358329706324,0.06634154167772945,0.1508477601038004,0.03155848989619961,0.1824,0.04255501165501165,0.01215453113502406,0.7924890350877192,0.46761476398812346,0.10291267707713683,0.13198151204752331,0.9745548638715968,VALID,vqav2,VCPS-5D (Our Method),46
0.06518838497782102,6.518838497782102,0.09232327544566891,9.23232754456689,0.05525165196153886,0.14992521270649617,0.03248103729350385,0.1824,0.042261330698287226,0.010799113364627515,0.7859100877192983,0.4652292461595748,0.10224222035993653,0.1419031540323772,0.9592064801620042,VALID,vqav2,VCPS-17D (Our Method),46
0.09292946077883242,9.292946077883242,0.09720830552279948,9.720830552279947,0.07914296471046542,0.16525996351361488,0.017146286486385137,0.1824,0.030795721148769932,0.01174122939039825,0.6999725877192983,0.6755313935253501,0.16688323384906129,0.2375300130114966,1.0,VALID,vqav2,Naive Confidence (NC),47
0.11538389667000765,11.538389667000764,0.11372249526153257,11.372249526153256,0.10167110206012318,0.17107271328182616,0.011333536718173859,0.1824,0.029485087719298246,0.01858451670200836,0.6999725877192983,0.5510174289481135,0.16688323384906129,0.1859632155965197,1.0,VALID,vqav2,Temperature Scaling (TS),47
0.08687581068172934,8.687581068172934,0.10504808780389056,10.504808780389057,0.06967797344783046,0.16608485340634047,0.016321396593659554,0.1824,0.030038179627195193,0.013222375574572034,0.6999725877192983,0.5279485811439062,0.16680717652111537,0.1294632124128382,1.0,VALID,vqav2,Platt Scaling (1D),47
0.04783977558851313,4.783977558851313,0.059258499664761224,5.925849966476123,0.03450705576334733,0.1567279577962192,0.025678292203780817,0.1824,0.03125690512896396,0.005542327954840077,0.7290296052631579,0.4857262663137983,0.13864235201511432,0.16303273349632336,0.8512202805070128,VALID,vqav2,Quadratic Platt (Logit-Only),47
0.0544242030952523,5.442420309525231,0.07252496851564183,7.2524968515641834,0.03737315666775217,0.15529255174257847,0.027113698257421548,0.1824,0.03239286867243524,0.004455047847677131,0.7336896929824561,0.4825075234227259,0.13596208649267538,0.16740520490183888,0.8368199204980125,VALID,vqav2,Beta Calibration,47
0.07885463691063928,7.8854636910639275,0.08572582131243113,8.572582131243113,0.07885457717524345,0.16981360883963695,0.012592641160363072,0.1824,0.027271479774705575,0.015119971680879054,0.7125822368421052,0.5174804685400025,0.14683755819138966,0.0738243830894281,0.9292031992328893,VALID,vqav2,Spline Calibration,47
0.10214864615211348,10.214864615211349,0.09728047347021698,9.728047347021699,0.0833669266741377,0.16630668563973716,0.016099564360262858,0.1824,0.03407892540175149,0.017447136536658938,0.7172423245614036,0.5260570838777574,0.15112962334245872,0.19101835885492077,0.9916042901072527,VALID,vqav2,Adaptive TS (ATS),47
0.0025844324438213453,0.2584432443821345,0.10093200714210901,10.093200714210901,0.009747893098700073,0.18192750944434632,0.000478740555653695,0.1824,0.0008771573604060911,0.0003971466893609828,0.6299342105263157,0.549596678142493,0.1829990573727301,0.010231081993445282,0.10909854570580395,COLLAPSED,vqav2,Probability Margin (1D),47
0.01660183213665707,1.660183213665707,0.02398577919099748,2.398577919099748,0.03083707103245696,0.16713288230218187,0.015273367697818147,0.1824,0.014989912906910333,0.00040087642926291806,0.674890350877193,0.5094611519563599,0.17135992109813591,0.10358945753316745,0.31548276938096914,VALID,vqav2,MSSC (Multi-Scale Proxy),47
0.0024419948722337326,0.24419948722337326,0.0753262704820115,7.53262704820115,0.004394107459235018,0.1820994901373735,0.00030675986262651556,0.1824,0.0,5.963338956015844e-06,0.5635964912280702,0.5502534582162053,0.18442993203414873,0.002789195776202857,-0.25020625515637895,COLLAPSED,vqav2,MSE-EIGEN (Multi-Scale),47
0.07567905176140391,7.567905176140391,0.12004851215965895,12.004851215965894,0.061945337567520575,0.16162638487513423,0.020779865124865793,0.1824,0.029375748013090223,0.010319306014434114,0.7143640350877193,0.5143098064033679,0.1578442180757898,0.14545427279720366,0.9939023475586891,VALID,vqav2,Residual Calibrator,47
0.04653713303429639,4.6537133034296385,0.09178310021208527,9.178310021208528,0.028947944464144778,0.14535255314215706,0.03705369685784296,0.1824,0.04115029707561662,0.0035782301385902295,0.7875548245614035,0.4494204690563409,0.09034718785835427,0.1849678060726375,0.784636615915398,VALID,vqav2,Trajectory LR,47
0.07721227266070134,7.721227266070134,0.0683459766100334,6.8345976610033405,0.03956500791519745,0.15157334427694147,0.03083290572305855,0.1824,0.04431397316305607,0.011522748159115193,0.7741228070175438,0.4624045798078181,0.09685555520668,0.19661345675004963,0.7979029475736894,VALID,vqav2,Trajectory LR (No Bias),47
0.07562496146598763,7.562496146598763,0.10490720147580808,10.490720147580808,0.05559291956610827,0.15996801028599655,0.022438239714003466,0.1824,0.028938434905233908,0.008833554475889484,0.7246436403508772,0.5029647910324266,0.14966021096132853,0.14385044760025148,0.9864366609165232,VALID,vqav2,VCPS-5D (Our Method),47
0.0793281061116733,7.932810611167331,0.09127546017080548,9.12754601708055,0.05130922123094411,0.15702398619625005,0.02538226380374997,0.1824,0.033372090139966726,0.00929303643438345,0.7354714912280701,0.4905382022735736,0.13531965689787986,0.1522765363383499,0.9645781144528616,VALID,vqav2,VCPS-17D (Our Method),47
0.0997919803857803,9.97919803857803,0.09192355483770372,9.192355483770372,0.06345321131302596,0.1405931398219706,0.04181311017802941,0.1824,0.05364073106116451,0.012902729477226788,0.7774122807017543,0.5257819047524375,0.11567267816623827,0.2483676514407464,1.0,VALID,vqav2,Naive Confidence (NC),48
0.1334790572153428,13.347905721534282,0.14110936030512275,14.110936030512274,0.10084656867740709,0.15467311202015405,0.027733137979845973,0.1824,0.056557600732600743,0.029118261865835427,0.7774122807017543,0.48788493809728967,0.11567267816623827,0.17938453726287004,1.0,VALID,vqav2,Temperature Scaling (TS),48
0.11374552870146609,11.374552870146609,0.13903015490289494,13.903015490289494,0.09458421376991888,0.15470255756463402,0.027703692435365995,0.1824,0.04730079727829274,0.019468029207244348,0.7774122807017543,0.48274878899131546,0.12242811388636819,0.11373080746873764,1.0,VALID,vqav2,Platt Scaling (1D),48
0.09663876036331434,9.663876036331434,0.09927454063120841,9.927454063120841,0.0634189245343743,0.1402427278907437,0.04216352210925631,0.1824,0.057214248251748256,0.016078874099415108,0.7826206140350878,0.4477521906025323,0.10037054447623729,0.1712928038360824,0.8877926106597245,VALID,vqav2,Quadratic Platt (Logit-Only),48
0.07046477108556407,7.046477108556407,0.0655671665654899,6.55671665654899,0.05494000789008693,0.13733846956967646,0.045067780430323556,0.1824,0.05300432263814617,0.008423898159991873,0.7690515350877193,0.43861057136265486,0.11786698452106761,0.18704965523750694,0.7946972134532464,VALID,vqav2,Beta Calibration,48
0.08424475783097161,8.424475783097161,0.0993825352276594,9.93825352276594,0.09065512869568071,0.15632160829448905,0.026084641705510975,0.1824,0.0482954221491228,0.023166980766975306,0.7664473684210527,0.47854669429419244,0.17063340316432157,0.09139333731015059,0.9412363213293855,VALID,vqav2,Spline Calibration,48
0.10185688288856586,10.185688288856586,0.11837069459514263,11.837069459514263,0.08325306588925596,0.15143942971813196,0.030966820281868063,0.1824,0.05543845673317189,0.024161910830563876,0.7901589912280702,0.47235724079456437,0.10125268409985802,0.1873813294538374,0.9903858810418011,VALID,vqav2,Adaptive TS (ATS),48
0.012240064618118243,1.2240064618118243,0.13157097322341862,13.157097322341862,0.02494390081257475,0.18411589617695534,-0.0017096461769553206,0.1824,0.0006828282828282829,0.0021205559837365233,0.5567434210526315,0.5582223385692244,0.25636712047931487,0.020209709458231244,-0.009550756676591728,COLLAPSED,vqav2,Probability Margin (1D),48
0.07284880462947284,7.284880462947283,0.07284880462947284,7.284880462947283,0.06471633226849338,0.16914054349319013,0.013265706506809888,0.1824,0.021948629645573252,0.009378810854595188,0.6651589912280702,0.5188804118412961,0.16529713345708524,0.11268634006404252,0.2993903055444045,VALID,vqav2,MSSC (Multi-Scale Proxy),48
0.002572871191380832,0.2572871191380832,0.08800482502085664,8.800482502085664,0.004886551339903193,0.18228345401999063,0.00012279598000938807,0.1824,0.0,6.619666167437423e-06,0.5086348684210527,0.5507558080543855,0.22231968467332913,0.0031738236279161046,-0.08576092618350796,COLLAPSED,vqav2,MSE-EIGEN (Multi-Scale),48
0.07970465747887459,7.970465747887459,0.10715163632877779,10.715163632877779,0.06993869045064031,0.1499863442512731,0.03241990574872691,0.1824,0.04091760249554368,0.010576885992041594,0.7783717105263158,0.4689636430781687,0.11470591577280866,0.13486308051087795,0.9872950526120295,VALID,vqav2,Residual Calibrator,48
0.044813112129332366,4.481311212933237,0.06227381472469794,6.227381472469793,0.02420432887841013,0.15400960222608046,0.028396647773919564,0.1824,0.03650488692086881,0.008466253162502881,0.7702850877192983,0.4704157109565529,0.10439429422316769,0.1965746322519076,0.7283547320013758,VALID,vqav2,Trajectory LR,48
0.03830200644341358,3.8302006443413585,0.062275700471303624,6.227570047130363,0.024024459866857438,0.15395815181431904,0.028448098185680976,0.1824,0.035838327655506944,0.007513786663252019,0.7702850877192983,0.47025426225458744,0.1043061695795977,0.19646387514945565,0.7283817326865183,VALID,vqav2,Trajectory LR (No Bias),48
0.08794957681832645,8.794957681832646,0.10585303737696797,10.585303737696798,0.06457869209894276,0.14989367395391334,0.03251257604608668,0.1824,0.04128583980342335,0.011483534406480455,0.7841282894736842,0.465702540242422,0.1072411120469643,0.13200817576641202,0.9759382644335287,VALID,vqav2,VCPS-5D (Our Method),48
0.0645751724912092,6.45751724912092,0.0768562937759574,7.68562937759574,0.050329185134579485,0.1490829099310375,0.03332334006896251,0.1824,0.03848289858289858,0.006652077359283021,0.7848135964912281,0.4615852603487069,0.10115385401033146,0.1444158096446187,0.9480810575569023,VALID,vqav2,VCPS-17D (Our Method),48
0.10625277630984782,10.625277630984781,0.10234445683658125,10.234445683658125,0.05713763076547543,0.16261392842898353,0.019792321571016486,0.1824,0.03568271565036271,0.013692568996593067,0.7127192982456141,0.6435920116521916,0.15489602777608674,0.23266737104778032,1.0,VALID,vqav2,Naive Confidence (NC),49
0.10396585258756866,10.396585258756867,0.10272970185642091,10.272970185642091,0.0846996449812282,0.16557197238662957,0.016834277613370446,0.1824,0.03158819431056273,0.015349655443434437,0.7127192982456141,0.5294334400656544,0.15489602777608674,0.18018007722476145,1.0,VALID,vqav2,Temperature Scaling (TS),49
0.0977135991126155,9.77135991126155,0.1093213983825736,10.93213983825736,0.06592247470422834,0.16351676724543707,0.018889482754562953,0.1824,0.03244302879806912,0.013903179926678982,0.7127192982456141,0.5146739965154414,0.15580062961702063,0.12192169075405009,1.0,VALID,vqav2,Platt Scaling (1D),49
0.05483078073993928,5.483078073993928,0.08266376701223214,8.266376701223214,0.03103096643487404,0.1571924370600444,0.025213812939955615,0.1824,0.02865869963369963,0.0063014873033013135,0.7394462719298245,0.4853474100991116,0.1142102682373649,0.16484749179406302,0.8416050401260032,VALID,vqav2,Quadratic Platt (Logit-Only),49
0.0701197863931933,7.01197863931933,0.1025445973561006,10.254459735610059,0.04483385440856103,0.15906307966984584,0.023343170330154178,0.1824,0.03688385223483571,0.012916962226293625,0.739720394736842,0.4905597048440466,0.12109318123746016,0.17818243627120606,0.7208520213005327,VALID,vqav2,Beta Calibration,49
0.08816061758680163,8.816061758680164,0.09379376910000177,9.379376910000177,0.08816032444178734,0.17187477697327475,0.010531473026725274,0.1824,0.031828571428571435,0.02038314076464253,0.7219024122807017,0.5243997094698883,0.13276543305228128,0.07711387681878967,0.910524972965135,VALID,vqav2,Spline Calibration,49
0.10239235561841077,10.239235561841078,0.09866836220766752,9.866836220766752,0.06569686973184007,0.16406350421363508,0.01834274578636494,0.1824,0.03154206014175527,0.013159635597914356,0.7188870614035088,0.51817760001626,0.1439727649738413,0.18792522433338635,0.9884257106427663,VALID,vqav2,Adaptive TS (ATS),49
0.003718044936391068,0.37180449363910684,0.13128579809181692,13.128579809181693,0.00875681138229576,0.18218685689787287,0.00021939310212715224,0.1824,0.00028944723618090466,7.629544384510765e-05,0.5890899122807017,0.5503428093651956,0.2296964375372116,0.009109252052751976,0.014747673995731077,COLLAPSED,vqav2,Probability Margin (1D),49
0.04671812328082993,4.671812328082993,0.04671812328082993,4.671812328082993,0.0482491451772168,0.16112680823744058,0.021279441762559442,0.1824,0.02761418519560934,0.006340993433049896,0.7191611842105263,0.49343847163574817,0.15252635374711332,0.10018312456159345,0.419559200167596,VALID,vqav2,MSSC (Multi-Scale Proxy),49
0.0024182668866318258,0.24182668866318258,0.10066875617300199,10.066875617300198,0.010829410507503384,0.18245411383135562,-4.786383135560457e-05,0.1824,0.0,5.848014734979983e-06,0.48807565789473684,0.5512252478392641,0.24295734432874644,0.003716222468620116,-0.20548713717842948,COLLAPSED,vqav2,MSE-EIGEN (Multi-Scale),49
0.08075835219701932,8.075835219701933,0.0894969347994378,8.949693479943779,0.04774989418715544,0.16129012124511866,0.021116128754881364,0.1824,0.03286223513328776,0.010951482973801505,0.7105263157894737,0.5068908995358835,0.15144770277814668,0.13831085947499006,0.9912577814445362,VALID,vqav2,Residual Calibrator,49
0.09378891158622935,9.378891158622935,0.11008874316320108,11.008874316320108,0.03665988342857692,0.1590349349709837,0.02337131502901632,0.1824,0.04117207473898651,0.017147381027393986,0.753700657894737,0.4848803301753098,0.11034250620666722,0.18512328065775838,0.7503307582689569,VALID,vqav2,Trajectory LR,49
0.07768031393123492,7.768031393123493,0.08198274957764044,8.198274957764044,0.04667406776882026,0.16290722046059058,0.019499029539409435,0.1824,0.031264698817442725,0.014881919374318613,0.7397203947368421,0.4948378614957542,0.11482708713101455,0.18798098844752653,0.7777154428860722,VALID,vqav2,Trajectory LR (No Bias),49
0.09071455067450647,9.071455067450646,0.08124397553383296,8.124397553383297,0.04196813595364334,0.16118982893714356,0.021216421062856455,0.1824,0.03272243966080946,0.010974954019078956,0.7151864035087719,0.5027236368564797,0.14611278050746648,0.13883392382434515,0.9816830420760521,VALID,vqav2,VCPS-5D (Our Method),49
0.07121202089676192,7.121202089676191,0.09247644872899359,9.24764487289936,0.052026997822856094,0.16085854629765678,0.02154770370234324,0.1824,0.032592880736524,0.0098479950302771,0.716282894736842,0.49832885355683,0.13088149941287583,0.1492648622055767,0.9498297457436438,VALID,vqav2,VCPS-17D (Our Method),49
0.09758447634056214,9.758447634056214,0.08273995516821742,8.273995516821742,0.06168555164000848,0.15795193189634027,0.02445431810365975,0.1824,0.044167406204906196,0.01837268889592622,0.7261513157894737,0.6067665787110712,0.157547600282766,0.23127106317341142,1.0,VALID,vqav2,Naive Confidence (NC),50
0.1307432619300322,13.07432619300322,0.1302872971133941,13.028729711339409,0.11772079009879,0.17028098074690315,0.012125269253096871,0.1824,0.03511254578754578,0.022907062963699883,0.7261513157894737,0.5379587654758718,0.157547600282766,0.17183911926386627,1.0,VALID,vqav2,Temperature Scaling (TS),50
0.11067224971184506,11.067224971184505,0.12082548782975583,12.082548782975582,0.08846161044625189,0.16429899384591448,0.018107256154085538,0.1824,0.03370276013294882,0.016433319429794646,0.7261513157894737,0.5163838243774979,0.1593259097842231,0.11749815485186596,1.0,VALID,vqav2,Platt Scaling (1D),50
0.043436112647400264,4.3436112647400265,0.04993804042462657,4.993804042462657,0.04670199468808308,0.15310531680269712,0.029300933197302897,0.1824,0.033984902965662214,0.004427159661715125,0.7431469298245614,0.47583393996817525,0.13487714441965554,0.1610315593031205,0.9331808295207381,VALID,vqav2,Quadratic Platt (Logit-Only),50
0.06395823868458195,6.395823868458194,0.057481391333636465,5.7481391333636465,0.049352462659527266,0.1544246273769808,0.02798162262301923,0.1824,0.0388271978021978,0.011707097438516936,0.7582236842105263,0.47672193939923796,0.11439802990095756,0.16995213271638412,0.8962304057601441,VALID,vqav2,Beta Calibration,50
0.06884746066835995,6.884746066835995,0.09629746066836015,9.629746066836015,0.06884746056921495,0.17028166613438345,0.012124583865616573,0.1824,0.026511111111111114,0.017244244696001675,0.7480811403508771,0.5180449874519182,0.12084948334074297,0.06989599873563775,0.9579644786726489,VALID,vqav2,Spline Calibration,50
0.12733945762636006,12.733945762636006,0.10646699838455263,10.646699838455262,0.09640278305873544,0.16556703976918846,0.016839210230811558,0.1824,0.0379172614124227,0.022270539452057557,0.7367050438596491,0.5181131711884465,0.13945078437167072,0.1789923028176144,0.9892582314557865,VALID,vqav2,Adaptive TS (ATS),50
0.018613958273703934,1.8613958273703934,0.10753238685518664,10.753238685518664,0.02002519553596299,0.18432664537576207,-0.0019203953757620518,0.1824,0.0013795918367346936,0.0032686589891432944,0.5297423245614035,0.5594725635228233,0.25191806855124643,0.020701944402150535,-0.06878773560334184,COLLAPSED,vqav2,Probability Margin (1D),50
0.04228532063221015,4.228532063221015,0.042285320632210154,4.2285320632210155,0.0396014000446996,0.16452022752135487,0.017886022478645153,0.1824,0.020415952860017243,0.003378059779296549,0.6983963815789473,0.5040121396317292,0.16322602272264392,0.11060957081833972,0.3569955476049095,VALID,vqav2,MSSC (Multi-Scale Proxy),50
0.002327276561538305,0.2327276561538305,0.08377008972331576,8.377008972331575,0.002881629233820654,0.18212281935527763,0.00028343064472238777,0.1824,0.0,5.4162161938855565e-06,0.5941611842105263,0.5503185793015246,0.1819742878255857,0.0028997395684211905,-0.06432610815270383,COLLAPSED,vqav2,MSE-EIGEN (Multi-Scale),50
0.07856559334325537,7.856559334325537,0.08306335161149599,8.3063351611496,0.0681084782222763,0.16095481295818848,0.021451437041811544,0.1824,0.028741720779220777,0.008903453574604835,0.7273848684210527,0.5055230181435607,0.15608285229719002,0.13302032619372212,0.9906907672691819,VALID,vqav2,Residual Calibrator,50
0.06438262483354658,6.438262483354658,0.060155324366492784,6.015532436649278,0.02586285336868583,0.15568078548515252,0.026725464514847502,0.1824,0.03654846264846265,0.010479555235452373,0.7604166666666667,0.47073157593271,0.10269884586794811,0.176240023992294,0.7471806795169881,VALID,vqav2,Trajectory LR,50
0.07334659192628805,7.334659192628805,0.07787675308317356,7.787675308317356,0.041699116152090626,0.15994078361721506,0.02246546638278496,0.1824,0.037492548468556534,0.016100713211345066,0.7442434210526315,0.4821723982960313,0.11187664016080741,0.1817162510315092,0.7574319357983951,VALID,vqav2,Trajectory LR (No Bias),50
0.07591380842543774,7.591380842543774,0.08393850542483272,8.393850542483271,0.06044601241756505,0.1596964703529639,0.022709779647036132,0.1824,0.030151123498401166,0.00863701335700144,0.7379385964912281,0.4980236435417213,0.1386949065229584,0.1322393420255801,0.9805235130878274,VALID,vqav2,VCPS-5D (Our Method),50
0.05543448775876593,5.543448775876593,0.06574605370892564,6.574605370892564,0.043071687788719,0.15810770406512792,0.0242985459348721,0.1824,0.030929965435563866,0.0046865835411474795,0.7379385964912281,0.48990554708463885,0.13100596390013602,0.13872136176486116,0.955682892072302,VALID,vqav2,VCPS-17D (Our Method),50
0.13238746538758273,13.238746538758273,0.12708972409367564,12.708972409367563,0.09924336682146571,0.1663782452258766,0.016028004774123417,0.1824,0.037834601783193346,0.02243394885857153,0.6689967105263158,0.7208672118456029,0.18961209845742527,0.24172089098241267,1.0,VALID,vqav2,Naive Confidence (NC),51
0.17752902010492214,17.752902010492214,0.190488488748322,19.0488488748322,0.14896046147566286,0.17949024824203,0.0029160017579700215,0.1824,0.04137222222222222,0.03866977468087409,0.6689967105263158,0.58549441239297,0.18961209845742527,0.18348849028054326,1.0,VALID,vqav2,Temperature Scaling (TS),51
0.13763664410787424,13.763664410787424,0.16765859553399698,16.765859553399697,0.1167865116052323,0.17091663000137367,0.011489619998626355,0.1824,0.039316788394729574,0.027741546340577832,0.6689967105263158,0.553157677258363,0.18981564046304114,0.13361090040619447,1.0,VALID,vqav2,Platt Scaling (1D),51
0.08235683133402935,8.235683133402935,0.09267836195220053,9.267836195220053,0.07925933749000923,0.15636771879540956,0.02603853120459046,0.1824,0.035449965840657884,0.008099198045137198,0.6890076754385965,0.49500688386439023,0.15962262523056925,0.17535454486321617,0.9261111527788196,VALID,vqav2,Quadratic Platt (Logit-Only),51
0.08852038863307,8.852038863307001,0.0996953463457962,9.96953463457962,0.05673352136974733,0.1516842059373231,0.030722044062676923,0.1824,0.043435163113573795,0.011450012620066887,0.6689967105263158,0.4794041108655433,0.18579547648999345,0.18831357416162683,1.0,VALID,vqav2,Beta Calibration,51
0.07388002805011355,7.3880028050113555,0.0932540223977244,9.32540223977244,0.07387933988995767,0.16479450014076796,0.017611749859232056,0.1824,0.03342159753736001,0.01666868301835422,0.6961348684210527,0.5063318447929636,0.1773428638761569,0.08287020608481396,0.9517419005781624,VALID,vqav2,Spline Calibration,51
0.15527554409059394,15.527554409059393,0.16365942499272568,16.365942499272567,0.12742930488569326,0.17493911592374878,0.007467134076251242,0.1824,0.03628242926663979,0.02920602670057786,0.6831140350877193,0.5652601158939485,0.1858659434215818,0.1883176117108675,0.9923003075076878,VALID,vqav2,Adaptive TS (ATS),51
0.0038557247440658545,0.38557247440658543,0.10718919022571845,10.718919022571844,0.013382072886090732,0.1824091207735545,-2.8707735544863944e-06,0.1824,0.00028944723618090466,0.00011300571229171378,0.6163651315789473,0.5510316842416529,0.21436998700564064,0.007453754441797535,0.10610849518262387,COLLAPSED,vqav2,Probability Margin (1D),51
0.06583308254949011,6.583308254949011,0.06583308254949011,6.583308254949011,0.05236136573987267,0.15865799389486587,0.023748256105134147,0.1824,0.032377668962548435,0.008674202900630798,0.7421189692982456,0.4882307324075589,0.11548613530918625,0.1033900432307315,0.3665873547094236,VALID,vqav2,MSSC (Multi-Scale Proxy),51
0.002463955536804008,0.24639555368040078,0.09622335674591198,9.622335674591199,0.0024639554111684885,0.18222893314628105,0.00017731685371896733,0.1824,0.0,6.071076887347126e-06,0.5786732456140351,0.5506129917397918,0.20775281649300725,0.002940908222407028,-0.11496737418435463,COLLAPSED,vqav2,MSE-EIGEN (Multi-Scale),51
0.1123636386432235,11.23636386432235,0.1357399162320443,13.573991623204428,0.10337556420765252,0.1673686296338865,0.01503762036611353,0.1824,0.03783470418470418,0.02134225796485619,0.6747532894736842,0.5413131226685656,0.1863481612721733,0.1492994683163675,0.993975849396235,VALID,vqav2,Residual Calibrator,51
0.05462572176716302,5.462572176716303,0.08452887528146472,8.452887528146471,0.03860968398731259,0.14772335111886878,0.03468289888113124,0.1824,0.041545116393182216,0.006712381752102229,0.7623355263157894,0.46194943579662456,0.11096002651335678,0.17738962479262302,0.845428635715893,VALID,vqav2,Trajectory LR,51
0.06406813876118157,6.406813876118157,0.07752229771274402,7.752229771274402,0.045080721868486454,0.15269188118287322,0.0297143688171268,0.1824,0.037280226553389965,0.008504253202769593,0.7495888157894737,0.47644358620493676,0.11934126059800677,0.18322432215968865,0.8534148353708844,VALID,vqav2,Trajectory LR (No Bias),51
0.11075579196654114,11.075579196654115,0.12626822336979818,12.626822336979817,0.09483571877993482,0.16622965715836677,0.016176592841633253,0.1824,0.0327274140513271,0.018050620487639373,0.6858552631578948,0.5326918747605417,0.1838705089645562,0.14936460032762844,0.9868656716417912,VALID,vqav2,VCPS-5D (Our Method),51
0.0961616159973861,9.616161599738609,0.13885541537529938,13.885541537529939,0.09066466557153673,0.16456455375719614,0.01784169624280388,0.1824,0.032537444883068464,0.01537524350071878,0.6920230263157895,0.5245508194288413,0.1700911109402099,0.15698141514798428,0.9734598364959124,VALID,vqav2,VCPS-17D (Our Method),51
