ece,ece_percent,adaptive_ece,adaptive_ece_percent,kde_ece,brier,brier_gain,murphy_uncertainty,murphy_resolution,murphy_reliability,auroc,nll,aurc,prob_std,spearman_rho,status,dataset,method,seed
0.41798912509190833,41.798912509190835,0.4179891250919083,41.79891250919083,0.41224892116630496,0.41799076278106395,-0.17471476278106393,0.24327600000000002,0.0,0.17471490869509898,0.5978230487183281,5.604019281913084,0.3452196420558608,3.97977070908984e-05,1.0,COLLAPSED,ai2d,Naive Confidence (NC),42
0.08563798227600211,8.563798227600211,0.09375854045585637,9.375854045585637,0.08422087039647448,0.24740113457961663,-0.004125134579616607,0.24327600000000002,0.006064700260046125,0.010695120737566413,0.5978230487183281,0.6884761722716373,0.3452196420558608,0.023065662950338135,1.0,COLLAPSED,ai2d,Temperature Scaling (TS),42
0.0349066025993644,3.49066025993644,0.0519179939888838,5.19179939888838,0.037408043575669944,0.23941953769659052,0.003856462303409497,0.24327600000000002,0.006577820485863041,0.0037675601250303694,0.5978230487183281,0.6717501221829336,0.36362555714347267,0.11045721420603616,1.0,VALID,ai2d,Platt Scaling (1D),42
0.031402587784015216,3.1402587784015217,0.05104185857985115,5.104185857985115,0.03693296550461507,0.23825014452201396,0.005025855477986063,0.24327600000000002,0.00863480398488972,0.002333548515063814,0.5978230487183281,0.6691896061039118,0.350613148732485,0.12023846091008443,1.0,VALID,ai2d,Quadratic Platt (Logit-Only),42
0.03493453048914119,3.493453048914119,0.05193332268032617,5.193332268032616,0.037430784580874746,0.23942300137080133,0.0038529986291986895,0.24327600000000002,0.006577820485863041,0.0037712163169895258,0.5978230487183281,0.6717581040038925,0.36362555714347267,0.1104976719164636,1.0,VALID,ai2d,Beta Calibration,42
0.007399538180910447,0.7399538180910447,0.07682604713630148,7.682604713630148,0.015813345646933655,0.24332171869967031,-4.571869967029407e-05,0.24327600000000002,0.00046036213991769524,0.0011502313281588116,0.597814827603216,0.6797091503840947,0.3526481219606566,0.02437501176622412,0.9999999758417866,COLLAPSED,ai2d,Spline Calibration,42
0.08838475566244096,8.838475566244096,0.1144969413489318,11.44969413489318,0.08486598680297577,0.24728975246407162,-0.004013752464071596,0.24327600000000002,0.00706625236489804,0.011810608055837571,0.6066443052335619,0.688218965702886,0.3221250876703123,0.02332105731724637,0.9946575603302849,COLLAPSED,ai2d,Adaptive TS (ATS),42
6.009524834704738e-05,0.006009524834704738,0.07908345644461089,7.908345644461089,0.008270313294268455,0.24327603953036994,-3.953036992188075e-08,0.24327600000000002,0.0,3.611438873893301e-09,0.49371906805439086,0.6796383208474047,0.45038381945687855,2.576681628265939e-06,0.27705610902602196,COLLAPSED,ai2d,Probability Margin (1D),42
0.01304795292026261,1.304795292026261,0.04731742906278861,4.7317429062788605,0.02710256585595136,0.23204500759742938,0.011230992402570639,0.24327600000000002,0.0115581725009022,0.00038610281210894057,0.6051562833982801,0.6566276148334471,0.37946715966424777,0.10149794753539212,0.24429812580855914,VALID,ai2d,MSSC (Multi-Scale Proxy),42
1.0357934795202084e-05,0.0010357934795202084,0.07609674577130633,7.609674577130633,1.0357934795202084e-05,0.24327600010728656,-1.0728654076253008e-10,0.24327600000000002,0.0,1.0728681322165804e-10,0.46971341192719385,0.6796382398275949,0.42561771137847354,9.335911557727144e-15,1.0,COLLAPSED,ai2d,MSE-EIGEN (Multi-Scale),42
0.051829116929369076,5.182911692936908,0.07860565775227629,7.860565775227629,0.04545321610945729,0.23660541747265243,0.0066705825273475905,0.24327600000000002,0.011265760004090153,0.00576955620993225,0.6154902250941318,0.6655760000823229,0.33095125052480057,0.11674612567529022,0.9781203812501285,VALID,ai2d,Residual Calibrator,42
0.07204250313457894,7.204250313457894,0.09233215535934629,9.23321553593463,0.05373281405670126,0.23070057976271596,0.012575420237284057,0.24327600000000002,0.023335933056984948,0.010336949274636673,0.6445107614396818,0.653053032296184,0.3098131846029212,0.13127745028997498,0.8181771081246081,VALID,ai2d,Trajectory LR,42
0.05527917994199534,5.527917994199534,0.08104320783638254,8.104320783638254,0.04831460628720496,0.23472467560961746,0.008551324390382559,0.24327600000000002,0.014400719809504333,0.005468906600323482,0.6284960292014009,0.6615679352359228,0.32241324069366883,0.10421383966091959,0.7385866982303396,VALID,ai2d,Trajectory LR (No Bias),42
0.07206253421306612,7.206253421306612,0.08833204042911533,8.833204042911532,0.053687109477761855,0.23068854071853223,0.012587459281467789,0.24327600000000002,0.023205636442284662,0.010291576407418148,0.6445765303605782,0.6530275739358835,0.30959014365863946,0.13117623000051312,0.8176738341458623,VALID,ai2d,Trajectory Platt (5D),42
0.07567917931079865,7.567917931079865,0.09377171421051028,9.377171421051028,0.055682780279979686,0.23130992647893536,0.011966073521064657,0.24327600000000002,0.021758604517368534,0.009742534218985556,0.6435982176622437,0.6543837922874896,0.30950862885320135,0.13603770978669974,0.8371721010783599,VALID,ai2d,Trajectory Platt (17D),42
0.061860401329618696,6.186040132961869,0.08072320736702221,8.07232073670222,0.05511489241549488,0.23205867439582442,0.011217325604175599,0.24327600000000002,0.017551379208909538,0.006460013290252816,0.6369966622272645,0.6557622255512999,0.30213316814717656,0.1326141136845902,0.8763393140692262,VALID,ai2d,VCPS-5D (Our Method),42
0.06715147702969543,6.715147702969543,0.09574607136379848,9.574607136379848,0.05563893607609059,0.23232979092103448,0.01094620907896554,0.24327600000000002,0.018890432386934403,0.007546023741548202,0.636741807658791,0.6563685978661176,0.30259278538609663,0.13533451443804811,0.8807636831051591,VALID,ai2d,VCPS-17D (Our Method),42
0.41829383273432463,41.82938327343246,0.4176815413982651,41.76815413982651,0.41232930868727136,0.4180355894506978,-0.17475958945069783,0.24327600000000002,0.0003501482965931863,0.17511069679247243,0.6383778095660896,5.558194755931572,0.32220372567031097,0.006838793442427068,1.0,COLLAPSED,ai2d,Naive Confidence (NC),43
0.08564884442182547,8.564884442182546,0.11940273071955604,11.940273071955604,0.0938977560612306,0.24602207484762337,-0.002746074847623403,0.24327600000000002,0.009277812071692138,0.013472924516763806,0.6383778095660896,0.6853740229842092,0.32220372567031097,0.023044679711933358,1.0,COLLAPSED,ai2d,Temperature Scaling (TS),43
0.07735808371805619,7.73580837180562,0.07864912370890313,7.8649123708903135,0.039388175503246046,0.23167620130193645,0.011599798698063518,0.24327600000000002,0.021973101206055376,0.009658049709751352,0.6383778095660896,0.6565203454250277,0.32903474980281855,0.10022774327272421,1.0,VALID,ai2d,Platt Scaling (1D),43
0.052316389612892436,5.231638961289244,0.06384482646348318,6.384482646348317,0.03408561419161357,0.22905403366432073,0.014221966335679237,0.24327600000000002,0.01665580758260561,0.0033382398703824365,0.6400713592791727,0.6499917605812205,0.32907569065642406,0.10669290554427903,0.9986277997323598,VALID,ai2d,Quadratic Platt (Logit-Only),43
0.07737361183242009,7.737361183242008,0.07867009885012055,7.867009885012055,0.0393568383206763,0.23171808127303006,0.011557918726969901,0.24327600000000002,0.021973101206055376,0.00969973657001312,0.6383778095660896,0.6567596443615378,0.32903474980281855,0.10036398230205389,1.0,VALID,ai2d,Beta Calibration,43
0.007547272870880717,0.7547272870880717,0.11832514870743097,11.832514870743097,0.036707987549770706,0.2424121886767848,0.000863811323215169,0.24327600000000002,0.001157390593047035,0.0016816635361141176,0.6383778095660896,0.6778593698439078,0.33471622998163036,0.02204413469162175,1.0,COLLAPSED,ai2d,Spline Calibration,43
0.08593528238659441,8.593528238659442,0.12301372471006722,12.301372471006722,0.09650288143285585,0.24586532370895947,-0.0025893237089595067,0.24327600000000002,0.009718188586758526,0.013824012922698593,0.6468948848221774,0.6850171282570233,0.3036883265859589,0.023364710992744585,0.9955799842541838,COLLAPSED,ai2d,Adaptive TS (ATS),43
5.846906208695213e-05,0.005846906208695213,0.11188480793821563,11.188480793821563,0.008809826438123256,0.24328990515577045,-1.3905155770488342e-05,0.24327600000000002,0.0,3.4186312213278626e-09,0.5068892944639011,0.6796667421889943,0.45369681137464385,0.0003654422535466007,0.20962686266166483,COLLAPSED,ai2d,Probability Margin (1D),43
0.031133491179615096,3.11334911796151,0.07772419983064306,7.772419983064307,0.03507072019504313,0.2286346493452114,0.014641350654788554,0.24327600000000002,0.015583728595015323,0.0010286787285602138,0.6232509577599107,0.6496244010648591,0.329103638647318,0.09984656024106908,0.3418668723364288,VALID,ai2d,MSSC (Multi-Scale Proxy),43
1.0357936235050325e-05,0.0010357936235050325,0.08475266290735095,8.475266290735096,1.0357936235050325e-05,0.24327600010772932,-1.0772935321590182e-10,0.24327600000000002,0.0,1.072868430493685e-10,0.5071852546079351,0.679638239828505,0.43866135735268746,1.1881631062466358e-11,1.0,COLLAPSED,ai2d,MSE-EIGEN (Multi-Scale),43
0.06577322501960749,6.577322501960749,0.08840221987989468,8.840221987989468,0.053537765486211183,0.22847509013395112,0.014800909866048845,0.24327600000000002,0.022012384283443102,0.00792838847244895,0.6588648284253276,0.6510180797045789,0.31061275088456536,0.10980825898995664,0.9770943974034954,VALID,ai2d,Residual Calibrator,43
0.06923294091314426,6.9232940913144265,0.09559915366732928,9.559915366732929,0.04108366047236868,0.2242398209874542,0.019036179012545756,0.24327600000000002,0.027385349928931685,0.00951066668837402,0.6761620546210888,0.6512681523528937,0.2893456035487181,0.13321296431837915,0.8289301199874218,VALID,ai2d,Trajectory LR,43
0.08167600941825916,8.167600941825915,0.08766262344397169,8.76626234439717,0.05344968147316773,0.2300513131819664,0.01322468681803357,0.24327600000000002,0.024944678805196373,0.01070804669804073,0.663353557276509,0.6640037868829208,0.3116166894242108,0.11230176098441903,0.7338350165620628,VALID,ai2d,Trajectory LR (No Bias),43
0.06926633244723776,6.926633244723776,0.09467761892051205,9.467761892051204,0.041131300401878304,0.22424052815859272,0.019035471841407248,0.24327600000000002,0.027385349928931685,0.00951126627174452,0.6761373912757527,0.6512509155724003,0.2892531970085157,0.13314584799613013,0.8287998041527331,VALID,ai2d,Trajectory Platt (5D),43
0.05949523991532628,5.949523991532628,0.09893353783898058,9.893353783898059,0.03778783967047086,0.22167058210747365,0.02160541789252632,0.24327600000000002,0.028182588915851143,0.007209865658229762,0.680798763544287,0.6341663372000358,0.2782214656617636,0.1370760156216266,0.8258142132631291,VALID,ai2d,Trajectory Platt (17D),43
0.04438272317269862,4.4382723172698615,0.08481331404950318,8.481331404950318,0.04142233536250583,0.2240455185823888,0.01923048141761116,0.24327600000000002,0.024218551913214613,0.006791204493128817,0.6765566681464674,0.6413333685254285,0.28704936661065183,0.13193541148667057,0.8811189620859173,VALID,ai2d,VCPS-5D (Our Method),43
0.04595888894577547,4.595888894577547,0.0804961517377665,8.049615173776651,0.04060938832448779,0.22409281987830507,0.0191831801216949,0.24327600000000002,0.025127382727209355,0.0075505265155888564,0.6768115227149412,0.6432557911706143,0.2884364202737496,0.13379909296538015,0.8833666625445984,VALID,ai2d,VCPS-17D (Our Method),43
0.41829371852391817,41.829371852391816,0.41768142718785867,41.76814271878587,0.41237682246055596,0.41803381426946645,-0.17475781426946646,0.24327600000000002,0.0003501482965931863,0.1751106011240614,0.6206037586938292,5.630591940302086,0.32705330910065344,0.006838822895358764,0.9999999999999998,COLLAPSED,ai2d,Naive Confidence (NC),44
0.08662248018094597,8.662248018094596,0.11519632153372276,11.519632153372276,0.0908098627837639,0.24696867790507382,-0.0036926779050738268,0.24327600000000002,0.006116392176379835,0.01115841594200061,0.6206037586938292,0.6875025879355344,0.32705330910065344,0.022474287295119088,0.9999999999999998,COLLAPSED,ai2d,Temperature Scaling (TS),44
0.041959462763896435,4.195946276389644,0.07123650941256009,7.123650941256009,0.02812180681245018,0.23496231266500317,0.008313687334996822,0.24327600000000002,0.012586633686606053,0.004166381457241294,0.6206037586938292,0.6632422944162921,0.32137720928566105,0.10024477203940176,0.9999999999999998,VALID,ai2d,Platt Scaling (1D),44
0.021264144199939335,2.1264144199939334,0.06750947249474605,6.7509472494746054,0.02212586199382074,0.23296723695696225,0.010308763043037739,0.24327600000000002,0.009642424285863725,0.0007341554690081385,0.6224781729393775,0.6579985243547374,0.3144577102843134,0.10690972511867418,0.9977325444731205,VALID,ai2d,Quadratic Platt (Logit-Only),44
0.04197815953469426,4.197815953469426,0.07126149990964999,7.126149990964999,0.02811879640611598,0.23500237499729615,0.008273625002703844,0.24327600000000002,0.012586633686606053,0.004206152555672242,0.6206037586938292,0.6634826763321403,0.32137720928566105,0.10038139382748762,0.9999999999999998,VALID,ai2d,Beta Calibration,44
0.006384203024337976,0.6384203024337975,0.09608496566788836,9.608496566788837,0.013115910578055527,0.2422855492670988,0.000990450732901188,0.24327600000000002,0.002200100475220638,0.0016567970990454789,0.6205873164636052,0.6776253718763596,0.3294914981162606,0.017609476425724094,0.9999999034056558,COLLAPSED,ai2d,Spline Calibration,44
0.08704056869737226,8.704056869737226,0.11449106651230655,11.449106651230654,0.09344919714498909,0.2468857976829288,-0.0036097976829287948,0.24327600000000002,0.005616277777777781,0.010812716769654677,0.6253720054588204,0.6873106632758216,0.3135607652228547,0.022804655661969514,0.9947425003661673,COLLAPSED,ai2d,Adaptive TS (ATS),44
5.90337291830334e-05,0.00590337291830334,0.09584916250193115,9.584916250193116,0.00880036192426455,0.24328967632171986,-1.3676321719863216e-05,0.24327600000000002,0.0,3.4849811812557292e-09,0.5183002022394316,0.6796662718788152,0.43677232600575944,0.00036542786592343575,0.24378507079476922,COLLAPSED,ai2d,Probability Margin (1D),44
0.014432762712004903,1.4432762712004903,0.07686030679667608,7.686030679667607,0.029823509157949398,0.2354848547426397,0.007791145257360299,0.24327600000000002,0.008320425910480954,0.0005895179713855648,0.5888291487857412,0.6637218033639208,0.3745447297352992,0.10793784635208617,0.35532990282008753,VALID,ai2d,MSSC (Multi-Scale Proxy),44
1.0357936246152555e-05,0.0010357936246152555,0.09275266290733403,9.275266290733402,1.0357936246152555e-05,0.24327600010774678,-1.0774678371738844e-10,0.24327600000000002,0.0,1.0728684327936088e-10,0.5133675331721994,0.6796382398285407,0.4098970471914145,1.2291718915429556e-11,1.0,COLLAPSED,ai2d,MSE-EIGEN (Multi-Scale),44
0.040790099184780514,4.079009918478051,0.061284810561144154,6.128481056114415,0.030665157623722177,0.23283302046785256,0.010442979532147428,0.24327600000000002,0.012932075914396345,0.0037995821020691246,0.6357963794209046,0.659705132366295,0.31763714807472543,0.11106108406725752,0.972838912950812,VALID,ai2d,Residual Calibrator,44
0.04264748680368027,4.264748680368028,0.06943728563759906,6.9437285637599055,0.037209820823434644,0.2326560044477888,0.010619995552211187,0.24327600000000002,0.018026807462056794,0.007349511674084492,0.6417977934527039,0.6662061785203242,0.3215743468392217,0.1399414506429474,0.8181287955924538,VALID,ai2d,Trajectory LR,44
0.05338682358021054,5.338682358021054,0.07084555771961173,7.084555771961173,0.041557306389328676,0.2338271312432555,0.0094488687567445,0.24327600000000002,0.015352353569374953,0.006812501441867126,0.6392328055377432,0.6676466249677079,0.3217658698061381,0.11789469554294132,0.703177519712353,VALID,ai2d,Trajectory LR (No Bias),44
0.04261325848847629,4.261325848847629,0.07742245543748141,7.742245543748141,0.037194305433583076,0.23265583183651242,0.01062016816348757,0.24327600000000002,0.018026807462056794,0.007345464548727498,0.6417155823015834,0.6662430836884352,0.32024622643703127,0.1398786651429724,0.817847321305591,VALID,ai2d,Trajectory Platt (5D),44
0.04818203315113981,4.818203315113981,0.07462979170655211,7.462979170655211,0.04224376957083547,0.2334592459435575,0.0098167540564425,0.24327600000000002,0.017038710622710618,0.0075034295905423536,0.639816504710699,0.7005261001915513,0.32081783992122576,0.1424451543593259,0.8225830701566995,VALID,ai2d,Trajectory Platt (17D),44
0.0314205789325364,3.14205789325364,0.061406710334979506,6.14067103349795,0.031315128274710294,0.23076264824367593,0.012513351756324065,0.24327600000000002,0.018436297583870602,0.005213163709361866,0.6466318091385915,0.6552812510687082,0.30729732711398233,0.1372549681685315,0.8680723483971966,VALID,ai2d,VCPS-5D (Our Method),44
0.031005808237257723,3.1005808237257724,0.057814383602388095,5.781438360238809,0.03232944798464059,0.2309438045246534,0.012332195475346586,0.24327600000000002,0.01786059349798584,0.0045764985052941165,0.6466564724839277,0.6572155368096114,0.30934826600398846,0.1391706061376199,0.8703084248355522,VALID,ai2d,VCPS-17D (Our Method),44
0.41788261214536904,41.7882612145369,0.417882612145369,41.788261214536895,0.41221702217235356,0.41797370149703145,-0.17469770149703143,0.24327600000000002,0.0,0.17462587753343692,0.6321297620809285,5.4278286006641405,0.32670776752222525,0.0021267709459675747,0.9999999999999998,COLLAPSED,ai2d,Naive Confidence (NC),45
0.08109937488344664,8.109937488344663,0.10288349564582948,10.288349564582948,0.08483673057829555,0.244864042799761,-0.0015880427997609914,0.24327600000000002,0.01003206030417746,0.012722361754857536,0.6321297620809285,0.6829486692978285,0.32670776752222525,0.02505351716999306,0.9999999999999998,COLLAPSED,ai2d,Temperature Scaling (TS),45
0.03456108337401349,3.4561083374013495,0.04528435260625849,4.528435260625849,0.020312123518273845,0.23047958176231148,0.01279641823768854,0.24327600000000002,0.015309459392317344,0.00316819024420502,0.6321297620809285,0.6537269924923496,0.31428937570416393,0.10993886904363581,0.9999999999999998,VALID,ai2d,Platt Scaling (1D),45
0.02782154098042122,2.7821540980421218,0.06517424813590705,6.517424813590705,0.022719188089080862,0.2308290253010628,0.012446974698937213,0.24327600000000002,0.015671964613649655,0.0022426521020811442,0.6340370607869251,0.6538461153568764,0.31690481366144657,0.11461841809169718,0.99435740910536,VALID,ai2d,Quadratic Platt (Logit-Only),45
0.034564088053790104,3.4564088053790103,0.04526938258511411,4.526938258511411,0.02031363825360571,0.23047460180085141,0.012801398199148606,0.24327600000000002,0.015309459392317344,0.0031636160362352585,0.6321297620809285,0.6537085358804202,0.31427137315237996,0.11003268881630784,0.9999999999999998,VALID,ai2d,Beta Calibration,45
0.014034249857967862,1.4034249857967862,0.06520817728011169,6.520817728011169,0.014815507018319797,0.2434738833635269,-0.00019788336352688507,0.24327600000000002,0.0,0.00019696016907587096,0.5060671829526957,0.680047702334621,0.40213586053907757,2.4665406051466365e-05,0.18911959396072833,COLLAPSED,ai2d,Spline Calibration,45
0.0815310119911958,8.15310119911958,0.10746597800162375,10.746597800162375,0.08724230705632006,0.24477950046141944,-0.0015035004614194214,0.24327600000000002,0.010883521186440679,0.01342634484103581,0.6367171443134547,0.6827530605908567,0.3182579524936565,0.02538631872524013,0.9952195145966138,COLLAPSED,ai2d,Adaptive TS (ATS),45
5.865826110307282e-05,0.005865826110307282,0.12557610649588677,12.557610649588677,0.0081623237723139,0.24327337141161423,2.6285883857890546e-06,0.24327600000000002,0.0,3.4407915956362655e-09,0.5118219635311334,0.6796328334116482,0.44413306420606524,8.443516367814234e-05,0.26866463465155277,COLLAPSED,ai2d,Probability Margin (1D),45
0.02022956553360474,2.022956553360474,0.06178821550541668,6.178821550541668,0.03611293442244033,0.23700874389564572,0.006267256104354302,0.24327600000000002,0.008092125051419173,0.0019027807977515176,0.583288117200217,0.6668714970898223,0.3794109484192038,0.1118944027074532,0.30201552923279684,VALID,ai2d,MSSC (Multi-Scale Proxy),45
1.0357934756011211e-05,0.0010357934756011211,0.08727411301882884,8.727411301882885,1.0357934756011211e-05,0.2432760001072001,-1.072000821444874e-10,0.24327600000000002,0.0,1.0728681240978502e-10,0.4384978378467255,0.6796382398274172,0.5014080812045147,2.4489648005307455e-12,1.0,COLLAPSED,ai2d,MSE-EIGEN (Multi-Scale),45
0.032202198184043095,3.2202198184043094,0.03187154496140526,3.1871544961405265,0.01737968731436373,0.22840808116306585,0.014867918836934169,0.24327600000000002,0.01716088891371508,0.0030215849595612255,0.6462371956132129,0.6491863634458731,0.3093999684660973,0.11925771879816353,0.9754723812345801,VALID,ai2d,Residual Calibrator,45
0.03254410625895183,3.254410625895183,0.058312531346182986,5.831253134618299,0.036098766587098714,0.2289227642733896,0.01435323572661043,0.24327600000000002,0.017073676392841762,0.0030528010463235613,0.6467962314408326,0.6499147280228419,0.3113680478363796,0.1435291045625566,0.8082907975538441,VALID,ai2d,Trajectory LR,45
0.05986162987122181,5.986162987122181,0.07658984115026606,7.658984115026605,0.04644502975542804,0.23245911378214287,0.010816886217857147,0.24327600000000002,0.017526505161936382,0.007271495072504361,0.6397918413653628,0.6572724396935917,0.32791874031515544,0.1175338896610607,0.6901834541174656,VALID,ai2d,Trajectory LR (No Bias),45
0.032535463243722904,3.2535463243722904,0.058282915502786636,5.828291550278664,0.03612363346420892,0.228925551563114,0.014350448436886015,0.24327600000000002,0.017073676392841762,0.0030474973799992596,0.6467551258652724,0.6499184411805645,0.3115368161710977,0.14344303300674127,0.808080616109331,VALID,ai2d,Trajectory Platt (5D),45
0.03655347734689711,3.6553477346897107,0.059906658113002775,5.9906658113002775,0.03848904473851875,0.22966767850123376,0.013608321498766257,0.24327600000000002,0.018206701649655543,0.004587628446240877,0.6461467633469804,0.6516360141759244,0.3205731396695333,0.1454129151565959,0.8178788642976307,VALID,ai2d,Trajectory Platt (17D),45
0.04674292847124135,4.674292847124135,0.04880372904272403,4.880372904272403,0.02527591766724612,0.22704460133193502,0.016231398668065,0.24327600000000002,0.020943911910193916,0.003929199061797191,0.6550337887831105,0.6462306811328705,0.30428325789797894,0.14351374528597524,0.8794333584123142,VALID,ai2d,VCPS-5D (Our Method),45
0.05861088000662364,5.861088000662364,0.04479007442410504,4.479007442410504,0.026115999718860406,0.2270754476397157,0.01620055236028431,0.24327600000000002,0.021552839161545607,0.005722966173881234,0.6547131652937405,0.6462096588390599,0.3044669141158847,0.14594906082347,0.8835649308467141,VALID,ai2d,VCPS-17D (Our Method),45
0.41829636651195984,41.82963665119598,0.4176840751759004,41.76840751759004,0.41237419548904264,0.41803607635182577,-0.17476007635182578,0.24327600000000002,0.0003501482965931863,0.17511281921945296,0.6143885956691166,5.713517980294424,0.3208233121421392,0.006838564859558955,1.0,COLLAPSED,ai2d,Naive Confidence (NC),46
0.08791063562958454,8.791063562958454,0.12895048744790133,12.895048744790133,0.09447954286538028,0.2479793493008099,-0.0047033493008099,0.24327600000000002,0.003661638108780659,0.009573991482937876,0.6143885956691166,0.689698976660673,0.3208233121421392,0.02213199318495242,1.0,COLLAPSED,ai2d,Temperature Scaling (TS),46
0.05995986997039428,5.995986997039428,0.11036050253946204,11.036050253946204,0.05387777037936271,0.2387634023186184,0.004512597681381597,0.24327600000000002,0.010650601400081684,0.006738664584948735,0.6143885956691166,0.670874066334705,0.3337470856871868,0.1019244879176171,1.0,VALID,ai2d,Platt Scaling (1D),46
0.0570695828344771,5.70695828344771,0.09779904129206668,9.779904129206669,0.04558027539397394,0.23620138017924613,0.007074619820753858,0.24327600000000002,0.010726852524168464,0.0058384785215400475,0.6152929183314424,0.6642988909189248,0.31497923646599457,0.10954591307274987,0.9993766177053638,VALID,ai2d,Quadratic Platt (Logit-Only),46
0.05997772138662565,5.997772138662565,0.11038365888909119,11.03836588890912,0.053878257915399,0.23880197025797995,0.004474029742020047,0.24327600000000002,0.010650601400081684,0.0067771989639817,0.6143885956691166,0.6711163621873867,0.3337470856871868,0.10205632182570586,1.0,VALID,ai2d,Beta Calibration,46
0.006100960797794307,0.6100960797794307,0.11749288738788845,11.749288738788845,0.011309325740984717,0.2430563034912991,0.00021969650870087842,0.24327600000000002,0.0013627035205120745,0.0012482238059827796,0.6143885956691166,0.6791905643494879,0.3207950858767482,0.01887867166189466,1.0,COLLAPSED,ai2d,Spline Calibration,46
0.08830366062089631,8.830366062089631,0.1412680312847326,14.12680312847326,0.09853645211032466,0.2478367286285137,-0.004560728628513699,0.24327600000000002,0.0037236658476658495,0.009662085832223161,0.62376888801197,0.6893714145114209,0.29748225247398863,0.022444263192536243,0.9938803497083653,COLLAPSED,ai2d,Adaptive TS (ATS),46
5.835135451426332e-05,0.005835135451426332,0.09358995830385186,9.358995830385187,0.008812966008156965,0.2432899810131099,-1.39810131098983e-05,0.24327600000000002,0.0,3.4048805736492386e-09,0.48863841891514165,0.6796668980904901,0.46070745649573713,0.0003654381046172652,0.13511513453920504,COLLAPSED,ai2d,Probability Margin (1D),46
0.02568171943660188,2.5681719436601878,0.05999307918783667,5.999307918783667,0.032429272383130654,0.2291035864048981,0.01417241359510188,0.24327600000000002,0.014930462432544624,0.0008354794302422907,0.6189266512109703,0.6506126660637399,0.3429645675833911,0.0989216789181878,0.34587547798743334,VALID,ai2d,MSSC (Multi-Scale Proxy),46
1.035793624593051e-05,0.001035793624593051,0.08642470433907706,8.642470433907706,1.035793624593051e-05,0.24327600010774655,-1.0774656167278351e-10,0.24327600000000002,0.0,1.0728684327476103e-10,0.5220243673851921,0.6796382398285402,0.40128606915723164,1.2286760030319124e-11,1.0,COLLAPSED,ai2d,MSE-EIGEN (Multi-Scale),46
0.06820437687181057,6.820437687181056,0.10273207095011877,10.273207095011877,0.06274436356502255,0.23574336009979197,0.007532639900208027,0.24327600000000002,0.013320424681940779,0.008360340010316158,0.6354099870106382,0.6657276330840439,0.311488845549893,0.11137785282397478,0.9785136833904726,VALID,ai2d,Residual Calibrator,46
0.0690535590176945,6.90535590176945,0.09278696849794354,9.278696849794354,0.047481807466717166,0.23006147912415315,0.013214520875846847,0.24327600000000002,0.022651734768439936,0.008675790706666324,0.6624081290386228,0.6630469737003009,0.30752353731407334,0.1336569395198506,0.8416330456395943,VALID,ai2d,Trajectory LR,46
0.09346132453394972,9.346132453394972,0.10074906069971143,10.074906069971142,0.06276694838888229,0.23357245123584713,0.009703548764152858,0.24327600000000002,0.02318618273653354,0.01556691353227691,0.6571959420575807,0.6709052495334684,0.31992767886021806,0.11948902259644803,0.7835480824651937,VALID,ai2d,Trajectory LR (No Bias),46
0.06903476399963257,6.903476399963257,0.0927613921839511,9.27613921839511,0.04756094069211823,0.23004378451427537,0.013232215485724619,0.24327600000000002,0.022651734768439936,0.008671466417949978,0.6624985613048554,0.6630794018351126,0.3050019188687571,0.13348922777275798,0.8412641711171575,VALID,ai2d,Trajectory Platt (5D),46
0.06567435836791996,6.567435836791996,0.08010783529281618,8.010783529281618,0.044147448722339444,0.2276763013393773,0.01559969866062269,0.24327600000000002,0.02242062464445563,0.006065010685240609,0.6674394514871997,0.6463085735700167,0.2831229612476593,0.1328419798657991,0.8392798473420703,VALID,ai2d,Trajectory Platt (17D),46
0.07225628112431412,7.225628112431412,0.09893172382571004,9.893172382571004,0.048654295136800724,0.23069361474293482,0.012582385257065176,0.24327600000000002,0.022062918988817487,0.009103855664748249,0.6583633404034923,0.6548497479530727,0.29941397146308885,0.13312690000511615,0.8849770289205695,VALID,ai2d,VCPS-5D (Our Method),46
0.07450638307765871,7.450638307765871,0.1019859034073842,10.19859034073842,0.04826149002220155,0.23083664628139627,0.012439353718603718,0.24327600000000002,0.022305527950747615,0.009543055776294516,0.6582975714825959,0.6567770551923086,0.29972385886371844,0.13465899525607544,0.8866510646083069,VALID,ai2d,VCPS-17D (Our Method),46
0.4179812277838242,41.79812277838242,0.4179812277838241,41.798122778382414,0.41244478593373385,0.41797685712803023,-0.1747008571280302,0.24327600000000002,0.0,0.1747083067796731,0.6054686857725381,5.59875071456542,0.3395360790525626,0.00014928991253103905,1.0,COLLAPSED,ai2d,Naive Confidence (NC),47
0.0837404760139988,8.37404760139988,0.10301476437952359,10.301476437952358,0.08374047602083523,0.24689954641069922,-0.003623546410699202,0.24327600000000002,0.00349600892575297,0.008532988372321365,0.6054686857725381,0.6874178428762604,0.3395360790525626,0.02331246057061594,1.0,COLLAPSED,ai2d,Temperature Scaling (TS),47
0.039234989564604174,3.9234989564604175,0.05208606278206251,5.2086062782062506,0.0291491647436966,0.23668414561054807,0.006591854389451951,0.24327600000000002,0.009922409644939054,0.0034670035977117804,0.6054686857725381,0.6661449558900542,0.3360542518891304,0.10852007624990227,1.0,VALID,ai2d,Platt Scaling (1D),47
0.04268721901685981,4.268721901685981,0.0512187689022869,5.12187689022869,0.04244012528869735,0.23694406061059883,0.006331939389401187,0.24327600000000002,0.008767550089738492,0.00296270698435515,0.6051727256285042,0.6666458260036527,0.33717259944828964,0.12043491223694136,0.9997677639874681,VALID,ai2d,Quadratic Platt (Logit-Only),47
0.039298066789290265,3.9298066789290265,0.05211464993608022,5.211464993608022,0.029220063802088657,0.2366893207030439,0.0065866792969561105,0.24327600000000002,0.009922409644939054,0.0034719595195371253,0.6054686857725381,0.6661568349985612,0.33606694864064945,0.10863270959060259,1.0,VALID,ai2d,Beta Calibration,47
0.008489982439835148,0.8489982439835148,0.07954380637035591,7.954380637035591,0.03495235270049728,0.24177623549653515,0.0014997645034648677,0.24327600000000002,0.0007081345029239762,0.0004557390776539559,0.6054604646574261,0.6765677875288987,0.33472272975778583,0.024766078945781148,0.9999999758188239,VALID,ai2d,Spline Calibration,47
0.08422001645354732,8.422001645354731,0.12127407491418192,12.127407491418191,0.08435578164147409,0.24677791792795978,-0.003501917927959758,0.24327600000000002,0.0034078740399385568,0.00852696713906587,0.6144708068202371,0.6871346459053476,0.3312822694180916,0.023625042924033543,0.9943009181194816,COLLAPSED,ai2d,Adaptive TS (ATS),47
6.140246046593134e-05,0.006140246046593134,0.09757154105307884,9.757154105307885,0.008241091772022424,0.24327533356894174,6.664310582826793e-07,0.24327600000000002,0.0,3.770262151270262e-09,0.5307140860586329,0.6796368700181,0.4112596517329945,8.952485851250092e-06,0.1836230444695271,COLLAPSED,ai2d,Probability Margin (1D),47
0.02477657330881839,2.477657330881839,0.08432576937595916,8.432576937595917,0.03394720914825985,0.22943662778110344,0.013839372218896584,0.24327600000000002,0.014921455950063353,0.0011866008254433293,0.6153422450221148,0.6513238522615602,0.33890791683841887,0.09589151882804679,0.26988267946894134,VALID,ai2d,MSSC (Multi-Scale Proxy),47
1.0357934767446508e-05,0.0010357934767446508,0.06491937852392576,6.491937852392576,1.0357934767446508e-05,0.24327600010729952,-1.0729950261634258e-10,0.24327600000000002,0.0,1.0728681264667716e-10,0.49020043078643194,0.6796382398276216,0.4265097760963133,2.486290054440445e-13,1.0,COLLAPSED,ai2d,MSE-EIGEN (Multi-Scale),47
0.0363754525466146,3.63754525466146,0.06687942121332639,6.6879421213326395,0.031285819593324264,0.23376820538239912,0.009507794617600901,0.24327600000000002,0.010904633094311377,0.0038006527301992065,0.6252815731925878,0.6597411850386462,0.32341695445582685,0.11538970373496107,0.9786555344313903,VALID,ai2d,Residual Calibrator,47
0.07102251975822688,7.102251975822687,0.09332843987797043,9.332843987797043,0.05484307363382327,0.22866133660874277,0.014614663391257249,0.24327600000000002,0.023111636113581607,0.010097986819484216,0.6559792170209967,0.64890495172868,0.30563536767732385,0.13064795822774547,0.8416643840495992,VALID,ai2d,Trajectory LR,47
0.07393764506101584,7.393764506101584,0.07765640319222002,7.765640319222002,0.05183378031079197,0.23433168666025142,0.0089443133397486,0.24327600000000002,0.017800315303703625,0.00936863684867116,0.6377447837024613,0.6611742419355178,0.3323342265037013,0.10979798407920413,0.7489692796483777,VALID,ai2d,Trajectory LR (No Bias),47
0.07100158578157424,7.100158578157425,0.09335518473386761,9.335518473386761,0.05486504026806286,0.22865183314306958,0.014624166856930437,0.24327600000000002,0.023111636113581607,0.010096189009369733,0.6560943126325656,0.6488839539606222,0.29932463592166764,0.13053843296513287,0.8412615732965613,VALID,ai2d,Trajectory Platt (5D),47
0.07279503604024647,7.279503604024646,0.09250005022436382,9.250005022436381,0.05595004801288153,0.22958853899318404,0.013687461006815976,0.24327600000000002,0.025432493058099224,0.012285871895804287,0.6536690836745096,0.6509749092591139,0.30856578496616194,0.13699267353235853,0.8586065679924592,VALID,ai2d,Trajectory Platt (17D),47
0.06390882238305186,6.390882238305186,0.07740590951542528,7.740590951542528,0.04772637123664018,0.2289403981677898,0.01433560183221022,0.24327600000000002,0.021234231644685492,0.007544230135037695,0.6502079942123349,0.6493761518092385,0.30170552209087803,0.1320909808461347,0.895431511062886,VALID,ai2d,VCPS-5D (Our Method),47
0.06056610676972758,6.056610676972758,0.07459687704788513,7.4596877047885135,0.046614388534578256,0.2291281840159496,0.014147815984050433,0.24327600000000002,0.019742474307346214,0.006088742880546266,0.6496818428451635,0.6498098500973758,0.30171013195017043,0.1347319737921126,0.8987342509646905,VALID,ai2d,VCPS-17D (Our Method),47
0.41794452368199,41.794452368198996,0.41794452368199014,41.79445236819902,0.4124103506431369,0.4179458559764154,-0.1746698559764154,0.24327600000000002,0.0,0.1746776248757655,0.6170933425409824,5.579804205286294,0.3210407826303218,0.0005380225920785519,0.9999999999999998,COLLAPSED,ai2d,Naive Confidence (NC),48
0.08366711551495959,8.366711551495959,0.10118077155770518,10.118077155770518,0.08392402764711909,0.24657261414586182,-0.003296614145861798,0.24327600000000002,0.009392915048421897,0.01300224297421621,0.6170933425409824,0.6866691007895713,0.3210407826303218,0.02482103109554605,0.9999999999999998,COLLAPSED,ai2d,Temperature Scaling (TS),48
0.046508312722714606,4.650831272271461,0.04649975738240955,4.649975738240955,0.03389402334637378,0.23618631582244007,0.007089684177559952,0.24327600000000002,0.012972346694416673,0.005336676543151654,0.6170933425409824,0.6653603161769236,0.3458660026723687,0.11495341759338398,0.9999999999999998,VALID,ai2d,Platt Scaling (1D),48
0.02741027208735963,2.741027208735963,0.040155746884888946,4.015574688488894,0.03047969374536942,0.234429533401081,0.008846466598919023,0.24327600000000002,0.010626553406088372,0.0013346058425328057,0.6171755536921028,0.6611930219658104,0.32944312339669446,0.11909042588055936,0.99963945421255,VALID,ai2d,Quadratic Platt (Logit-Only),48
0.046497259560890104,4.649725956089011,0.046520082783510816,4.652008278351081,0.033958273733715655,0.2361908992211169,0.007085100778883108,0.24327600000000002,0.012972346694416673,0.0053402972748506595,0.6170933425409824,0.6653713089664407,0.34579601878429506,0.11506492973754051,0.9999999999999998,VALID,ai2d,Beta Calibration,48
0.008337399841011096,0.8337399841011096,0.08397610519735046,8.397610519735046,0.01948834169871606,0.24223195521004284,0.001044044789957177,0.24327600000000002,0.0008170229645093943,0.0007997116997575838,0.6170933425409824,0.6775068413487062,0.35373592864858017,0.031050929240344364,0.9999999999999998,VALID,ai2d,Spline Calibration,48
0.08400519402052965,8.400519402052966,0.13815068008609294,13.815068008609293,0.08888037877939348,0.24643014725070975,-0.003154147250709727,0.24327600000000002,0.00758636397597052,0.01158400329322036,0.6304690968282938,0.6863386575404274,0.3091298548034212,0.02509126753737645,0.9917164982713822,COLLAPSED,ai2d,Adaptive TS (ATS),48
6.510540166937417e-05,0.0065105401669374174,0.10704740397808522,10.704740397808523,0.007941851980929105,0.24326763074032975,8.369259670265583e-06,0.24327600000000002,0.0,4.23871332653055e-09,0.49523997435012085,0.6796210163814891,0.4456463536635571,0.0002026706794660798,0.19833588453527193,COLLAPSED,ai2d,Probability Margin (1D),48
0.03230255352150396,3.2302553521503965,0.05456709958595932,5.4567099585959316,0.03805369711430352,0.22714764227769513,0.016128357722304892,0.24327600000000002,0.017483030802702398,0.001137958356657689,0.6303211167562769,0.64662026841887,0.3391469142098481,0.09866629338992529,0.28346676734767856,VALID,ai2d,MSSC (Multi-Scale Proxy),48
1.03579346175664e-05,0.00103579346175664,0.06727411301933843,6.727411301933843,1.03579346175664e-05,0.24327600010686973,-1.0686970752793457e-10,0.24327600000000002,0.0,1.0728680954178041e-10,0.4916144625857052,0.679638239826738,0.4260554065431298,1.1657318952431396e-11,1.0,COLLAPSED,ai2d,MSE-EIGEN (Multi-Scale),48
0.048592995803153606,4.85929958031536,0.10388131601544677,10.388131601544677,0.04752504709728617,0.23293986345440845,0.010336136545591568,0.24327600000000002,0.013096871369400607,0.0047030604430076724,0.6416826978411352,0.6581786109013842,0.3075427453021556,0.12291392391100452,0.976763640705031,VALID,ai2d,Residual Calibrator,48
0.09161273931641528,9.161273931641528,0.10506354497479554,10.506354497479554,0.06440800753254695,0.22656031033149635,0.016715689668503675,0.24327600000000002,0.027439931016121834,0.012404623391203348,0.6717226524605797,0.6452546358974631,0.2862403142489219,0.13832482209815627,0.8400876225720075,VALID,ai2d,Trajectory LR,48
0.08917201742322961,8.91720174232296,0.0939637448378979,9.39637448378979,0.060093110834979015,0.23219143288196836,0.011084567118031657,0.24327600000000002,0.0223385564704627,0.011812159968444974,0.6578289679212088,0.6574235168632249,0.3249591532230298,0.122141285097176,0.7780877637251412,VALID,ai2d,Trajectory LR (No Bias),48
0.09164648185670375,9.164648185670375,0.10509447346627712,10.509447346627713,0.06439755882775366,0.2265480628067367,0.01672793719326332,0.24327600000000002,0.027439931016121834,0.012402847867768978,0.6717966424965882,0.6452224532166426,0.28628720770307425,0.138218958964133,0.8398708235854875,VALID,ai2d,Trajectory Platt (5D),48
0.09763497091829776,9.763497091829777,0.10906816594302653,10.906816594302652,0.06357058409782516,0.22518256663494846,0.018093433365051564,0.24327600000000002,0.030541335789633212,0.014111225373203072,0.6748384550880482,0.6406300119094273,0.2786018895064926,0.14201083696602138,0.8345966333434633,VALID,ai2d,Trajectory Platt (17D),48
0.08183270497544293,8.183270497544292,0.10408225079866913,10.408225079866913,0.06374631426952147,0.22718657092112035,0.01608942907887967,0.24327600000000002,0.02634118245545293,0.011433654195734005,0.6655568161265394,0.6455234153452113,0.29336217866332276,0.1395451717595299,0.8800877166268551,VALID,ai2d,VCPS-5D (Our Method),48
0.08907517019890532,8.907517019890532,0.10753458448201021,10.753458448201021,0.062735404312685,0.22677051534750328,0.016505484652496738,0.24327600000000002,0.028690623138461394,0.012164311516391973,0.6651210970256005,0.644261895927455,0.28776825053721505,0.14035750059337887,0.8825357693398248,VALID,ai2d,VCPS-17D (Our Method),48
0.4179862528130066,41.79862528130066,0.4179862528130066,41.79862528130066,0.41229023265111553,0.4179869065063832,-0.1747109065063832,0.24327600000000002,0.0,0.17471250754065867,0.6627945214488893,5.524212048966212,0.3066107423505235,6.892391910752618e-05,1.0,COLLAPSED,ai2d,Naive Confidence (NC),49
0.08721370536880628,8.721370536880627,0.13947929213328703,13.947929213328703,0.10841975050395897,0.24509390611406434,-0.0018179061140643493,0.24327600000000002,0.013178143541301986,0.01621386617837245,0.6627945214488893,0.6833282479296927,0.3066107423505235,0.02312717083235591,1.0,COLLAPSED,ai2d,Temperature Scaling (TS),49
0.05970093020375269,5.970093020375269,0.08017490666844239,8.017490666844239,0.046703285022576084,0.22832287556835393,0.014953124431646064,0.24327600000000002,0.019963185408305745,0.005473376522220481,0.6627945214488893,0.6485061103264793,0.3066889393371849,0.09777021099827943,1.0,VALID,ai2d,Platt Scaling (1D),49
0.03870659773993265,3.8706597739932653,0.06641060453709569,6.641060453709569,0.03224655744262056,0.22583480029134467,0.01744119970865532,0.24327600000000002,0.018535957534308506,0.0022166601416534716,0.6628767326000098,0.6429624729447234,0.2976377989274755,0.10542810287965845,0.9999982597179526,VALID,ai2d,Quadratic Platt (Logit-Only),49
0.05964511388339058,5.964511388339059,0.08013836326206981,8.013836326206981,0.04664378287852651,0.22831645939730355,0.014959540602696442,0.24327600000000002,0.019959121277219015,0.00535524111569793,0.6627945214488893,0.6484924581413133,0.3066512870910106,0.09787605438472974,1.0,VALID,ai2d,Beta Calibration,49
0.004166074365443958,0.41660743654439575,0.1307061943259106,13.07061943259106,0.02191175385409349,0.2424523331514272,0.000823666848572796,0.24327600000000002,0.0003492510288065843,0.0003130488877260033,0.6627451947582169,0.6779442278887323,0.30657582008866696,0.02146852600076073,0.9999995165882033,COLLAPSED,ai2d,Spline Calibration,49
0.08823972797650437,8.823972797650438,0.13925854338960997,13.925854338960997,0.11222040214532823,0.24493805043052674,-0.0016620504305267514,0.24327600000000002,0.014411244643214735,0.017225963602568055,0.6709252042947105,0.6829678405909997,0.290223995029349,0.023391308450161935,0.9942103401020929,COLLAPSED,ai2d,Adaptive TS (ATS),49
5.967571278520101e-05,0.005967571278520101,0.1422298181663466,14.222981816634661,0.008192563524262493,0.2432741371338425,1.8628661574981997e-06,0.24327600000000002,0.0,3.5611906964218028e-09,0.49721304197701377,0.6796344092863044,0.46582559958907915,5.560459290394019e-05,0.2099133807749303,COLLAPSED,ai2d,Probability Margin (1D),49
0.04002462091531856,4.002462091531856,0.05022529681482454,5.022529681482454,0.04223090410528847,0.22897043564360098,0.014305564356399014,0.24327600000000002,0.016552352042620806,0.0022486431727448274,0.6210559200249922,0.6503258184001759,0.31390904397243896,0.0996048267749379,0.3042000116996253,VALID,ai2d,MSSC (Multi-Scale Proxy),49
1.0357934775884203e-05,0.0010357934775884203,0.08327411301877852,8.327411301877852,1.0357934775884203e-05,0.24327600010723024,-1.0723025245518158e-10,0.24327600000000002,0.0,1.0728681282147134e-10,0.4558690540784952,0.6796382398274791,0.4588603458692779,1.5352705027497308e-12,1.0,COLLAPSED,ai2d,MSE-EIGEN (Multi-Scale),49
0.07405820590837103,7.405820590837103,0.10866587113974041,10.866587113974042,0.06008756968315798,0.2246326254910415,0.018643374508958505,0.24327600000000002,0.025015867559709415,0.007641543789372316,0.6833555303441359,0.6406159978987762,0.2883343057928339,0.10551994973671945,0.9742139486050988,VALID,ai2d,Residual Calibrator,49
0.08013164389107967,8.013164389107967,0.08583931738555647,8.583931738555647,0.06329869507368159,0.22064439253292864,0.022631607467071352,0.24327600000000002,0.03228396803261101,0.009325156938504102,0.6965586412140943,0.6322395320033438,0.27055117037265336,0.12857169725220136,0.8021380934309154,VALID,ai2d,Trajectory LR,49
0.09017414518379194,9.017414518379194,0.11161620280209374,11.161620280209373,0.06598440593856433,0.2259628384023514,0.01731316159764859,0.24327600000000002,0.028984923903660746,0.01085843852461368,0.6831088968907743,0.6430446351618077,0.2704811836030284,0.10009495330576718,0.6707959339326035,VALID,ai2d,Trajectory LR (No Bias),49
0.08017892301082613,8.017892301082613,0.08587158727645877,8.587158727645877,0.06333239106395303,0.22064980147963656,0.022626198520363433,0.24327600000000002,0.03228396803261101,0.009329465944026952,0.6965586412140943,0.6322500517780337,0.27476922240314566,0.12849674428816976,0.802007132294875,VALID,ai2d,Trajectory Platt (5D),49
0.07674327185750009,7.674327185750009,0.08538587209582331,8.538587209582332,0.06025250199909621,0.2188746877767395,0.024401312223260502,0.24327600000000002,0.03252349409257851,0.007513130909207955,0.7010062644897153,0.6278578227237239,0.25387898769753847,0.12925584529029555,0.8036457635270476,VALID,ai2d,Trajectory Platt (17D),49
0.08520020889630471,8.520020889630471,0.08605895917554242,8.605895917554243,0.06294262919911531,0.21934761119610005,0.02392838880389994,0.24327600000000002,0.03622619897872147,0.011679272736931283,0.6985645933014355,0.6290396415407514,0.2730478207868412,0.1242363981684142,0.8764824447951369,VALID,ai2d,VCPS-5D (Our Method),49
0.08571974106015931,8.571974106015931,0.09253197161847171,9.25319716184717,0.06140718249696174,0.21915603519623422,0.02411996480376577,0.24327600000000002,0.035412439862895655,0.010925305073866447,0.697298541574179,0.6285338312864052,0.2684976656156355,0.1266986369849134,0.8800453788425832,VALID,ai2d,VCPS-17D (Our Method),49
0.4179785803031312,41.797858030313115,0.4179785803031312,41.797858030313115,0.4126247771214515,0.41796797086062326,-0.17469197086062324,0.24327600000000002,0.0,0.17470609359222108,0.6379503115802627,5.579136572402243,0.31866257388160074,0.00016265833569706036,1.0,COLLAPSED,ai2d,Naive Confidence (NC),50
0.08443484926571222,8.443484926571223,0.12461536690450378,12.461536690450378,0.09568132148841865,0.24599633621777542,-0.0027203362177753987,0.24327600000000002,0.007892810801312652,0.01190995663211696,0.6379503115802627,0.685369827911552,0.31866257388160074,0.02282103146561231,1.0,COLLAPSED,ai2d,Temperature Scaling (TS),50
0.0581002067553611,5.81002067553611,0.07354066876556863,7.354066876556862,0.039673457501867425,0.23170378257838617,0.01157221742161385,0.24327600000000002,0.016729554358800258,0.0060827173175119955,0.6379503115802627,0.6553430980306917,0.3073168856257533,0.09955317673324347,1.0,VALID,ai2d,Platt Scaling (1D),50
0.032055446215632145,3.2055446215632144,0.04951033889383666,4.951033889383666,0.030387056895476345,0.23015689561611885,0.01311910438388117,0.24327600000000002,0.015033498515946571,0.0015653369616767986,0.637391275752643,0.6519570156143653,0.3180896235969045,0.10775127986231048,0.9999294536309348,VALID,ai2d,Quadratic Platt (Logit-Only),50
0.05621135587024165,5.621135587024165,0.07354320989637829,7.354320989637829,0.03963395477691357,0.2317020400522627,0.011573959947737328,0.24327600000000002,0.01667899930276575,0.005916754115612525,0.6379503115802627,0.6553390498511614,0.30737403757472953,0.09965577550364473,1.0,VALID,ai2d,Beta Calibration,50
0.0037826559944472327,0.37826559944472327,0.10919773644943812,10.919773644943811,0.02186978423835569,0.24221150489507925,0.0010644951049207652,0.24327600000000002,0.0004780618556701032,0.00029709507027123825,0.6379503115802627,0.6774622439568131,0.320143025189202,0.02718220192808904,0.9999999758402842,VALID,ai2d,Spline Calibration,50
0.08492034308353602,8.492034308353603,0.13180907950137186,13.180907950137186,0.09877996073263043,0.2459229500925699,-0.0026469500925698775,0.24327600000000002,0.006774729028978141,0.011084505495743514,0.645472631907792,0.6851931059200649,0.3047146746246833,0.02312521879454725,0.9940860061799652,COLLAPSED,ai2d,Adaptive TS (ATS),50
5.860649157851672e-05,0.005860649157851672,0.10961233439397199,10.961233439397198,0.008289586010643845,0.2432765065159786,-5.065159785766493e-07,0.24327600000000002,0.0,3.4347208551427508e-09,0.4692037027902464,0.6796392806723315,0.4734181626592025,9.960839361757285e-06,0.16913917128196734,COLLAPSED,ai2d,Probability Margin (1D),50
0.020661770801323285,2.0661770801323285,0.052186726020972754,5.218672602097276,0.029716827882848056,0.2361465949017851,0.007129405098214914,0.24327600000000002,0.007407872563516605,0.0004334903586162574,0.5826550913365889,0.665128352415886,0.34223368260498,0.10458905909936132,0.28344656380521976,VALID,ai2d,MSSC (Multi-Scale Proxy),50
1.0357934786653367e-05,0.0010357934786653367,0.07209674577130919,7.209674577130919,1.0357934786653367e-05,0.2432760001072909,-1.0729087063232612e-10,0.24327600000000002,0.0,1.0728681304456393e-10,0.47646294743418993,0.6796382398276036,0.4386967281100749,5.644123592876187e-14,1.0,COLLAPSED,ai2d,MSE-EIGEN (Multi-Scale),50
0.06423677031962235,6.423677031962235,0.08644955923265983,8.644955923265982,0.048798407428766344,0.22917560104747195,0.01410039895252807,0.24327600000000002,0.018491712353513885,0.006332320663159628,0.6562340715894702,0.6498526658949577,0.29306452619110246,0.10745435147035504,0.9723509545264416,VALID,ai2d,Residual Calibrator,50
0.06251117498097741,6.2511174980977415,0.08477888116591242,8.477888116591242,0.0552051065974,0.22932173373227488,0.01395426626772514,0.24327600000000002,0.02230423472365268,0.008636091871198527,0.6607556849010999,0.649915481946649,0.3022670608683431,0.13060557567620965,0.7996051502414165,VALID,ai2d,Trajectory LR,50
0.05964582890526073,5.964582890526073,0.07019421640488782,7.019421640488782,0.04925970885215526,0.23019541498777057,0.013080585012229445,0.24327600000000002,0.01690985170254078,0.004802312158694852,0.6506272710830497,0.652125130359505,0.3088613989440119,0.10302885178550004,0.6858670486808697,VALID,ai2d,Trajectory LR (No Bias),50
0.062498716324567785,6.249871632456778,0.0858978405892849,8.58978405892849,0.055202359116774916,0.22932532220481602,0.013950677795183997,0.24327600000000002,0.0219934605315052,0.00845414807678944,0.6608050115917723,0.6499230840564856,0.3022630672536579,0.13053069987431506,0.7995365975092736,VALID,ai2d,Trajectory Platt (5D),50
0.06894845083355905,6.894845083355905,0.08253923633694647,8.253923633694647,0.05659299230571943,0.2292153231991723,0.014060676800827732,0.24327600000000002,0.02321873379410393,0.008796327407514584,0.6594567487133954,0.6495796609233241,0.2977458015194918,0.13317925657560678,0.8123700723334625,VALID,ai2d,Trajectory Platt (17D),50
0.05893507669040628,5.893507669040628,0.06830872354167423,6.830872354167424,0.04397760183517832,0.2262921914398194,0.016983808560180613,0.24327600000000002,0.022097753119387473,0.005360493662504721,0.6641427843272663,0.6434231208864442,0.2876267186833237,0.12889775619122615,0.8715075181353026,VALID,ai2d,VCPS-5D (Our Method),50
0.059235656788850566,5.923565678885057,0.07470434678321906,7.470434678321906,0.04331492826514219,0.22632173845473258,0.01695426154526744,0.24327600000000002,0.022421171722781644,0.00558420515079834,0.6640112464854733,0.6434888203798415,0.29304242919577167,0.13140591857992218,0.8744891291905325,VALID,ai2d,VCPS-17D (Our Method),50
0.4179703672056855,41.79703672056855,0.4179703672056855,41.79703672056855,0.412291637825319,0.4179736905358565,-0.17469769053585646,0.24327600000000002,0.0,0.17469922786205555,0.6586346372021901,5.612601606453867,0.293098660033188,0.00024524643212003937,1.0,COLLAPSED,ai2d,Naive Confidence (NC),51
0.08593778398613805,8.593778398613805,0.130979916895909,13.097991689590899,0.10068691716090164,0.24575499401600082,-0.002478994016000796,0.24327600000000002,0.011368726192910206,0.015410316918071034,0.6586346372021901,0.6848077215762584,0.293098660033188,0.023148448308878196,1.0,COLLAPSED,ai2d,Temperature Scaling (TS),51
0.05511579875820443,5.511579875820443,0.08143945884529682,8.143945884529682,0.04725006836935371,0.22970843162099971,0.013567568379000305,0.24327600000000002,0.017495026579432187,0.003928206000893496,0.6586346372021901,0.6515531534335142,0.31538499779859697,0.09873737840874813,1.0,VALID,ai2d,Platt Scaling (1D),51
0.035256945057588016,3.5256945057588016,0.0786293454489677,7.86293454489677,0.033311834825937525,0.22717359663867484,0.01610240336132518,0.24327600000000002,0.016873732487157553,0.0017658964444009905,0.6587497328137588,0.645814228819381,0.29362475767377,0.10491076747810833,0.9999817783497137,VALID,ai2d,Quadratic Platt (Logit-Only),51
0.05507409649539331,5.507409649539332,0.08143154861955644,8.143154861955644,0.047206818304001696,0.2297033275099533,0.013572672490046733,0.24327600000000002,0.0175917535949092,0.0039157932454634455,0.6586346372021901,0.6515428592019076,0.31540666409075846,0.09883788207768804,1.0,VALID,ai2d,Beta Calibration,51
0.0018367561466400618,0.18367561466400617,0.12624030684992008,12.624030684992007,0.009346171759223016,0.2425984704469737,0.0006775295530263292,0.24327600000000002,0.00037552283571915505,1.5589877075851938e-05,0.6586346372021901,0.6782600066020287,0.31370339053542845,0.023675820755540717,1.0,COLLAPSED,ai2d,Spline Calibration,51
0.08640812876100389,8.640812876100389,0.14432376835462563,14.432376835462563,0.10390467245942553,0.24565491934912867,-0.0023789193491286498,0.24327600000000002,0.009290330125832722,0.013719432221771636,0.6694125191140926,0.6845707368256537,0.2760772439728433,0.02347494009003235,0.9925899022555023,COLLAPSED,ai2d,Adaptive TS (ATS),51
5.768984225451579e-05,0.005768984225451579,0.11509665768893804,11.509665768893804,0.007932754255208837,0.24326738796173078,8.612038269240063e-06,0.24327600000000002,0.0,3.328117899350915e-09,0.5130797941432776,0.6796205155053193,0.44568635621256486,0.0002064849258762289,0.12650145613547364,COLLAPSED,ai2d,Probability Margin (1D),51
0.016849262672485127,1.6849262672485126,0.0838958071916368,8.38958071916368,0.030369115782838622,0.2336327047951854,0.009643295204814634,0.24327600000000002,0.010509823560620527,0.0008626086408082842,0.5955293576020652,0.6599510401865615,0.3317254322279574,0.10205359698626917,0.2946902944548869,VALID,ai2d,MSSC (Multi-Scale Proxy),51
1.0357934666194168e-05,0.0010357934666194168,0.07127411301936021,7.127411301936021,1.0357934666194168e-05,0.24327600010682207,-1.0682205120460253e-10,0.24327600000000002,0.0,1.072868105491469e-10,0.4575379404462421,0.6796382398266403,0.46124771532805825,1.1400655397863712e-11,1.0,COLLAPSED,ai2d,MSE-EIGEN (Multi-Scale),51
0.0823138891869368,8.23138891869368,0.09402491858815586,9.402491858815585,0.06356138050296121,0.22767330163577754,0.015602698364222484,0.24327600000000002,0.023256468382192516,0.009363225410910496,0.6760469590095202,0.6470967292750128,0.2875840283601167,0.10817237163000397,0.9708497829911286,VALID,ai2d,Residual Calibrator,51
0.09095179648812793,9.095179648812794,0.09287120662637331,9.287120662637331,0.0617497182180416,0.22688409713529883,0.016391902864701186,0.24327600000000002,0.030301508205237533,0.013839732110098516,0.6803877077886844,0.6476524500739594,0.28160130923359533,0.13324009299318132,0.8082482282564624,VALID,ai2d,Trajectory LR,51
0.08764333338256412,8.764333338256412,0.11777878923335525,11.777878923335525,0.07801627960419706,0.23389828087949094,0.009377719120509082,0.24327600000000002,0.022848917554558378,0.014425265225001106,0.6657212384287805,0.660481941705682,0.32582745233985927,0.11474676874672622,0.7401618638784723,VALID,ai2d,Trajectory LR (No Bias),51
0.09099810598790642,9.099810598790642,0.09289017163217068,9.289017163217068,0.061725678388984025,0.22688816309565862,0.016387836904341396,0.24327600000000002,0.030557281905364914,0.013961556002154901,0.6803548233282362,0.6476515144200523,0.28165146528717794,0.13315977994538525,0.8079411187994652,VALID,ai2d,Trajectory Platt (5D),51
0.08375741112232209,8.375741112232209,0.10049647653102872,10.049647653102872,0.06045256690203137,0.22376293783909584,0.019513062160904177,0.24327600000000002,0.02989202570159834,0.010311220218732774,0.6864466696262681,0.6378002862938492,0.2656995679694278,0.12930926408742374,0.790291615940975,VALID,ai2d,Trajectory Platt (17D),51
0.08259050348209698,8.259050348209698,0.09550565700131688,9.550565700131688,0.06273300281177926,0.2250028170720524,0.018273182927947607,0.24327600000000002,0.02989043593205453,0.01111948140153241,0.6826731777898355,0.6410306492804922,0.27883375031163254,0.13121185158383736,0.8627361601788174,VALID,ai2d,VCPS-5D (Our Method),51
0.0803496281122659,8.03496281122659,0.08242464958648957,8.242464958648958,0.06236775348096951,0.224840538957584,0.01843546104241603,0.24327600000000002,0.029912502026251772,0.010726882052969918,0.6822045742284484,0.6404309755908154,0.2805998085759709,0.13219069466955205,0.8651844849081796,VALID,ai2d,VCPS-17D (Our Method),51
0.707028782710433,70.7028782710433,0.707028782710433,70.7028782710433,0.6612785053941574,0.6077089198754193,-0.5258079198754193,0.0819,0.0055392632892632895,0.5324287462833108,0.8349694749694749,2.9086345140134884,0.7590341303155799,0.23981796538534275,1.0,COLLAPSED,chartqa,Naive Confidence (NC),42
0.45447646257919544,45.447646257919544,0.450678799212151,45.067879921215095,0.45239042881000724,0.2775349475496193,-0.19563394754961932,0.0819,0.012112365591397849,0.20910417717276786,0.8349694749694749,0.7486507332525683,0.7590341303155799,0.04152706987456394,1.0,COLLAPSED,chartqa,Temperature Scaling (TS),42
0.029624544103183027,2.9624544103183026,0.023548112779570647,2.3548112779570647,0.024624935120426343,0.06848483958623462,0.01341616041376538,0.0819,0.017165485527240492,0.003992229717014883,0.8349694749694749,0.2372306402251912,0.023082025526363355,0.12537058093997985,1.0,VALID,chartqa,Platt Scaling (1D),42
0.03127016780761052,3.127016780761052,0.02143687354195043,2.143687354195043,0.02310055580041788,0.06814030489941446,0.013760695100585543,0.0819,0.01821215729370092,0.005004461749279088,0.8349694749694749,0.2359506880680576,0.023226543813740497,0.11868703028082925,1.0,VALID,chartqa,Quadratic Platt (Logit-Only),42
0.023345125965864365,2.3345125965864364,0.025088597124249084,2.5088597124249086,0.02498155533577834,0.0686720240468828,0.0132289759531172,0.0819,0.018626414403762417,0.006234705153157616,0.8349694749694749,0.238112966962438,0.023086602189151872,0.1278574794597945,1.0,VALID,chartqa,Beta Calibration,42
0.02679348220677382,2.679348220677382,0.03799577188938273,3.7995771889382732,0.025402228261135994,0.07120638858134949,0.01069461141865051,0.0819,0.012900854393937518,0.002659553087414944,0.8276678876678877,0.24538948462292992,0.022980655567690973,0.0884916986601071,0.9664688694356486,VALID,chartqa,Spline Calibration,42
0.4543153369333289,45.43153369333289,0.45050916156497856,45.050916156497856,0.45220391426725914,0.27740513252775567,-0.19550413252775567,0.0819,0.012523557265463156,0.20926759032829836,0.8349694749694749,0.7483849587640681,0.7590284659723552,0.04135765978519449,1.0,COLLAPSED,chartqa,Adaptive TS (ATS),42
0.005077797070854374,0.5077797070854374,0.08546454625119917,8.546454625119917,0.009739005549153239,0.08141006429454814,0.0004909357054518615,0.0819,0.0004805084745762711,6.26820356571431e-05,0.5165811965811966,0.29826049947946864,0.064041403645873,0.015362129355603639,-0.25492481914816784,COLLAPSED,chartqa,Probability Margin (1D),42
0.01660061240986263,1.6600612409862632,0.03349656801676018,3.349656801676018,0.012967877516969543,0.07947947896767069,0.0024215210323293157,0.0819,0.0027967274863501283,0.00033559914358628025,0.6594871794871795,0.2890491179401107,0.06315857367843733,0.035568039057345555,0.23862981761610996,VALID,chartqa,MSSC (Multi-Scale Proxy),42
0.0012089562890017919,0.12089562890017919,0.0831927459218682,8.31927459218682,0.0018547132939784447,0.08171925322856467,0.0001817467714353288,0.0819,0.0,1.461575308716984e-06,0.7885225885225885,0.30140889143121374,0.036328860679374915,0.0023967942943634597,0.6356848110214232,COLLAPSED,chartqa,MSE-EIGEN (Multi-Scale),42
0.030602130913704565,3.0602130913704566,0.026824250578821787,2.6824250578821784,0.02503114427066926,0.06841385392092886,0.013487146079071144,0.0819,0.019275877773687347,0.006382095619214268,0.8355067155067155,0.237027306423664,0.023071552214433112,0.12653350993032167,0.999539318101993,VALID,chartqa,Residual Calibrator,42
0.034164110246187956,3.4164110246187955,0.03894231455948589,3.8942314559485887,0.02826072158377049,0.06815464239536283,0.013746357604637174,0.0819,0.01677648161652738,0.003203502874623734,0.825982905982906,0.23826077853943536,0.025171285262205943,0.12857217816455546,0.9572303597890849,VALID,chartqa,Trajectory LR,42
0.024947275409944167,2.4947275409944165,0.04501611047250132,4.501611047250132,0.03137761230695736,0.06967492846895856,0.012226071531041438,0.0819,0.015567037512593305,0.003618885343783691,0.7996092796092795,0.24834400639028978,0.033993505415645234,0.1261455230189915,0.8220073226701716,VALID,chartqa,Trajectory LR (No Bias),42
0.03427745299693197,3.4277452996931967,0.03879195000138134,3.8791950001381337,0.028296406510357777,0.0681285144190036,0.013772485580996405,0.0819,0.01676917543057655,0.003193071723131604,0.8261782661782662,0.23825606268764415,0.0251656578656727,0.12799298817640703,0.9566022292011866,VALID,chartqa,Trajectory Platt (5D),42
0.030706541285384446,3.0706541285384445,0.0354603310530074,3.54603310530074,0.028736291960994437,0.0685506768914355,0.013350323108564502,0.0819,0.01656332445086703,0.003924345984142177,0.8254456654456654,0.23924656919625858,0.026027248593012503,0.13194504724506906,0.8180398663242513,VALID,chartqa,Trajectory Platt (17D),42
0.029474920793068134,2.9474920793068136,0.022018546452937455,2.2018546452937455,0.025500641061759505,0.06819407317641467,0.013706926823585333,0.0819,0.0190179804946595,0.005364821309197689,0.8371672771672771,0.2365870623326279,0.022949624924891453,0.12826048612510846,0.9987570108788872,VALID,chartqa,VCPS-5D (Our Method),42
0.026722441078613025,2.6722441078613026,0.022213590687237595,2.2213590687237597,0.024994317331964274,0.06816191361925206,0.013739086380747945,0.0819,0.018701154075054415,0.005500795344722845,0.8383394383394384,0.23637757073275206,0.022725109088019776,0.12897150395538534,0.9971667163268738,VALID,chartqa,VCPS-17D (Our Method),42
0.716329135030508,71.6329135030508,0.7151746201813223,71.51746201813222,0.6744649052922587,0.6222839837888443,-0.5403829837888443,0.0819,0.004447220501539537,0.5458330240554936,0.7693284493284493,2.902014230619218,0.7891640583416165,0.223265231112015,1.0,COLLAPSED,chartqa,Naive Confidence (NC),43
0.44989685242364885,44.989685242364885,0.4498968524236489,44.98968524236489,0.4498968524237278,0.27852862744333945,-0.19662762744333945,0.0819,0.011247608876125987,0.20818099338733534,0.7693284493284493,0.7506706012707021,0.7891640583416165,0.039716540233618085,1.0,COLLAPSED,chartqa,Temperature Scaling (TS),43
0.02871084072923853,2.871084072923853,0.0266655011852642,2.66655011852642,0.027933407350521904,0.07139175191237745,0.01050924808762256,0.0819,0.016307937856535986,0.00596143683079455,0.7693284493284493,0.25741536525533254,0.04473610203175261,0.11880142153761988,1.0,VALID,chartqa,Platt Scaling (1D),43
0.02419358891745913,2.419358891745913,0.03386726317534965,3.3867263175349653,0.028048034644694325,0.07115909650255105,0.010741903497448968,0.0819,0.01237608604845447,0.0013679714849623183,0.7693284493284493,0.2598411093758183,0.0446915905798742,0.11520987956517806,1.0,VALID,chartqa,Quadratic Platt (Logit-Only),43
0.034271656231159506,3.4271656231159504,0.02644953404405738,2.644953404405738,0.027846852562097395,0.07140163072070567,0.010499369279294346,0.0819,0.018599577466925598,0.008277331773252858,0.7693284493284493,0.25694636814950317,0.044732168504133724,0.11960790099993288,1.0,VALID,chartqa,Beta Calibration,43
0.027470568756651294,2.7470568756651295,0.05041245300169579,5.041245300169579,0.029562064163521317,0.073902322462374,0.007998677537626009,0.0819,0.011196590137255297,0.003278956025210636,0.7699145299145299,0.2640746163633513,0.04664418480847333,0.089929912965316,0.9957465127415733,VALID,chartqa,Spline Calibration,43
0.44973045278828894,44.97304527882889,0.4497304527882888,44.973045278828884,0.4497304527884263,0.2783961271996048,-0.19649512719960482,0.0819,0.012008313636830747,0.2086835149899064,0.7692796092796094,0.7503991725548783,0.7891742814748827,0.039553658388296824,0.9999996159984456,COLLAPSED,chartqa,Adaptive TS (ATS),43
0.001815539716745271,0.18155397167452708,0.06751325322260243,6.751325322260243,0.0058746818486650745,0.08166513256531531,0.0002358674346847056,0.0819,0.0002677685950413223,4.172338485550923e-05,0.5752869352869353,0.30049439939890915,0.0618799070869928,0.011700540081386173,-0.06866914533696139,COLLAPSED,chartqa,Probability Margin (1D),43
0.0038809888563869533,0.3880988856386953,0.032253185605889995,3.2253185605889994,0.009873879952817896,0.0803607078126027,0.0015402921873973185,0.0819,0.001565073517691689,2.3777291394215665e-05,0.612991452991453,0.2941074264199068,0.06928243175902672,0.03995373990755356,0.1868110119126866,VALID,chartqa,MSSC (Multi-Scale Proxy),43
0.0008323981613523601,0.08323981613523601,0.06818707618105832,6.818707618105832,0.0038351467936509538,0.08179886893784762,0.00010213106215239964,0.0819,0.0,6.928866990227897e-07,0.7157020757020758,0.30190951448466974,0.0551791393112246,0.002658602519511619,0.6943388906838295,COLLAPSED,chartqa,MSE-EIGEN (Multi-Scale),43
0.0352546655498858,3.52546655498858,0.02485663379465428,2.485663379465428,0.029514279452839274,0.07134392483533215,0.010557075164667862,0.0819,0.017814402958152956,0.00716925415514455,0.768986568986569,0.25747879353462594,0.044375869179011984,0.1204725009555312,0.9994887979306539,VALID,chartqa,Residual Calibrator,43
0.027184115772548027,2.7184115772548028,0.03463139605394623,3.4631396053946233,0.03565936904161497,0.07107611667969585,0.010824883320304166,0.0819,0.01603399582527894,0.005146930385207828,0.747057387057387,0.26057442776929685,0.04477880868119943,0.1262480235275438,0.9414911231560664,VALID,chartqa,Trajectory LR,43
0.037564171497927644,3.7564171497927643,0.03876708529673966,3.876708529673966,0.04137473933643937,0.07233787086473575,0.009563129135264262,0.0819,0.01710512411565043,0.006921773100822976,0.7262515262515263,0.2718624924973979,0.05362394626675467,0.12792657873056,0.7864551035702592,VALID,chartqa,Trajectory LR (No Bias),43
0.024842060072347526,2.4842060072347527,0.03448549329675734,3.448549329675734,0.03562972622125344,0.07105262731188441,0.010848372688115601,0.0819,0.015157805349088461,0.0041623972321499,0.7468131868131868,0.260452276350513,0.04482053215976987,0.12561435558388817,0.9405412953111632,VALID,chartqa,Trajectory Platt (5D),43
0.021049625657964494,2.1049625657964492,0.03400223232107238,3.400223232107238,0.03319951341260444,0.07039302989467007,0.011507970105329945,0.0819,0.0161665732469115,0.004219418234847105,0.7757753357753359,0.25430202029013566,0.03926617210955694,0.12663953314272625,0.8665623398443516,VALID,chartqa,Trajectory Platt (17D),43
0.03340522141817455,3.340522141817455,0.027486673266292814,2.7486673266292816,0.03299021586984921,0.07121793943817054,0.01068306056182948,0.0819,0.018732933104631217,0.0077318042621916305,0.7681074481074481,0.25711020433652726,0.044830868466391845,0.12351739304093913,0.9988280272558544,VALID,chartqa,VCPS-5D (Our Method),43
0.035927649481105016,3.5927649481105015,0.0352925595790513,3.52925595790513,0.032915558146026994,0.07113352610638049,0.010767473893619525,0.0819,0.01991645180568599,0.008798378851629282,0.7692796092796093,0.2565396778525963,0.04403629566351349,0.12415800311150796,0.9973844694123322,VALID,chartqa,VCPS-17D (Our Method),43
0.7231310297697782,72.31310297697782,0.7231310297697784,72.31310297697785,0.6901567283098768,0.6271515282809018,-0.5452505282809018,0.0819,0.005935231397763043,0.5521667809459307,0.7959951159951161,2.821904238356231,0.7875247691633864,0.21329321308143656,1.0,COLLAPSED,chartqa,Naive Confidence (NC),44
0.44929591953657283,44.92959195365728,0.4492959195365728,44.92959195365728,0.4497313584965902,0.2774124481057671,-0.1955114481057671,0.0819,0.011723575145427472,0.20770669719234144,0.7959951159951161,0.7483995351036961,0.7875247691633864,0.038811012992824016,1.0,COLLAPSED,chartqa,Temperature Scaling (TS),44
0.035215926505468266,3.5215926505468267,0.03140253109112227,3.1402531091122268,0.024922606935893397,0.07112964720057888,0.010771352799421124,0.0819,0.017930676573229765,0.007114533607644524,0.7959951159951161,0.25053804326376417,0.03776097026025291,0.11963538712768935,1.0,VALID,chartqa,Platt Scaling (1D),44
0.03646661961376058,3.6466619613760582,0.0318014443691712,3.1801444369171197,0.025696497415731805,0.07049450836836747,0.011406491631632529,0.0819,0.01887039139587059,0.007129721788766977,0.7959951159951161,0.24933669557823976,0.03777171179654763,0.11414725814949656,1.0,VALID,chartqa,Quadratic Platt (Logit-Only),44
0.0294877474049719,2.94877474049719,0.032070340475006044,3.2070340475006045,0.02443816651958685,0.07126511148320291,0.010635888516797087,0.0819,0.017400795214735133,0.00688619456229372,0.7959951159951161,0.25036057807535345,0.03778252265763411,0.12185209527822968,1.0,VALID,chartqa,Beta Calibration,44
0.026956982271063128,2.6956982271063126,0.03706485953633819,3.706485953633819,0.021648766707599926,0.07206576862376432,0.009835231376235681,0.0819,0.013113826717935113,0.003720638683872863,0.7954090354090353,0.25070409536032023,0.03726139513290479,0.0854170113962558,0.9973628475466864,VALID,chartqa,Spline Calibration,44
0.4491313961090005,44.913139610900046,0.4491313961090005,44.913139610900046,0.4496347667903506,0.2772841834854586,-0.19538318348545858,0.0819,0.011723575145427472,0.2075775775355222,0.7959951159951161,0.7481370523272689,0.7875072592034686,0.038653285591758506,0.9999997119987789,COLLAPSED,chartqa,Adaptive TS (ATS),44
0.0057626125879267414,0.5762612587926741,0.07424995362352119,7.424995362352119,0.00994447213346524,0.08151828093185312,0.0003827190681468806,0.0819,0.0004987261146496816,7.735192016171062e-05,0.5478388278388279,0.29897641584834045,0.06611509931091887,0.015368854218905771,-0.08028359630095588,COLLAPSED,chartqa,Probability Margin (1D),44
0.008989466531298194,0.8989466531298195,0.03377439472658341,3.377439472658341,0.010439106548128388,0.0797346943061192,0.0021663056938808073,0.0819,0.002243780218388369,0.00013547568253425928,0.6426373626373626,0.2905932027602167,0.05731321194042738,0.037429527110167546,0.07275103936063101,SCRAMBLED,chartqa,MSSC (Multi-Scale Proxy),44
0.0011557949707503706,0.11557949707503706,0.06330825083415144,6.330825083415144,0.003647805455834065,0.08178603425843592,0.00011496574156408257,0.0819,0.0,1.3358620144118501e-06,0.7083760683760684,0.30182690566264353,0.055143037320273564,0.0027140085473651874,0.572804990945842,COLLAPSED,chartqa,MSE-EIGEN (Multi-Scale),44
0.035133154897067614,3.5133154897067613,0.027505583074162045,2.7505583074162043,0.02448698689995204,0.07102660808275209,0.010874391917247914,0.0819,0.018196133142432215,0.007293931027248725,0.7967765567765568,0.2501518722340563,0.037750571349569585,0.12048473290151254,0.9997014147411649,VALID,chartqa,Residual Calibrator,44
0.04117418246744461,4.117418246744461,0.03336594632126107,3.336594632126107,0.025125742009711835,0.07072451470189238,0.011176485298107622,0.0819,0.02017993797749117,0.008992041537254714,0.8062026862026863,0.24759984106702893,0.03093229525824303,0.12114094872319417,0.9634367818494727,VALID,chartqa,Trajectory LR,44
0.019736476486129032,1.9736476486129033,0.03167064309805188,3.1670643098051876,0.024783746056681714,0.07264854055120043,0.009252459448799571,0.0819,0.01179650651390412,0.0033382143438878084,0.8152380952380952,0.25100268960004596,0.029182810830283235,0.11855701413503612,0.7802442975099586,VALID,chartqa,Trajectory LR (No Bias),44
0.04046620793361218,4.0466207933612175,0.03329139838088304,3.329139838088304,0.02512505977786289,0.0706919437417756,0.011209056258224395,0.0819,0.01917993797749117,0.008002571297271374,0.8061538461538461,0.2475221856291111,0.03091712977370787,0.12052445826034228,0.9625381220607231,VALID,chartqa,Trajectory Platt (5D),44
0.030434100499842322,3.043410049984232,0.03755012670299039,3.755012670299039,0.02662743293647969,0.07048312764781174,0.01141787235218826,0.0819,0.01850399904754744,0.006415772753842288,0.8160683760683761,0.2462038167358445,0.030467301506738258,0.12432153527810229,0.8236323524339981,VALID,chartqa,Trajectory Platt (17D),44
0.03127096506823633,3.127096506823633,0.029086013053997117,2.9086013053997117,0.023352883476239095,0.07069866589778066,0.011202334102219338,0.0819,0.01979300511918093,0.008245195043132165,0.7980463980463981,0.24926077423510223,0.03764631738377554,0.12120143744972231,0.999263652895561,VALID,chartqa,VCPS-5D (Our Method),44
0.031666789278109383,3.1666789278109384,0.0340284334723728,3.4028433472372797,0.02359498140414151,0.07095829933119802,0.010942700668801986,0.0819,0.017447878787878783,0.006530997090550097,0.7983882783882784,0.2495455288640278,0.03662552506236751,0.1223540391768152,0.996027095250234,VALID,chartqa,VCPS-17D (Our Method),44
0.7146350975036622,71.46350975036621,0.7146350975036622,71.46350975036621,0.6759321787905538,0.6201777729169675,-0.5382767729169675,0.0819,0.005225087291684803,0.5444797061957014,0.7977045177045177,2.8318751502090063,0.7854181068679511,0.23042245827419724,1.0,COLLAPSED,chartqa,Naive Confidence (NC),45
0.4501348519817145,45.01348519817145,0.4488922836782485,44.88922836782485,0.44955802702071246,0.27744488893167385,-0.19554388893167385,0.0819,0.009537364416383361,0.2059611467960438,0.7977045177045177,0.7484641428605473,0.7854181068679511,0.038320845561169055,1.0,COLLAPSED,chartqa,Temperature Scaling (TS),45
0.03164436920899692,3.1644369208996923,0.034730782850891644,3.4730782850891644,0.027729432463472807,0.07264438465248862,0.00925661534751139,0.0819,0.012713740992431232,0.004249596298794864,0.7977045177045177,0.2521519239833503,0.037419364615449195,0.10622593930373586,1.0,VALID,chartqa,Platt Scaling (1D),45
0.02567374004562292,2.567374004562292,0.03266988431536377,3.2669884315363773,0.02713796995108452,0.07199973113537686,0.009901268864623156,0.0819,0.013076086146971203,0.002852400764674284,0.7977045177045177,0.25080417384761106,0.03746718195104743,0.10371390654517254,1.0,VALID,chartqa,Quadratic Platt (Logit-Only),45
0.02857722644882362,2.857722644882362,0.03481617540361041,3.4816175403610408,0.02785010683457101,0.0728200829773412,0.009080917022658813,0.0819,0.011935661794996506,0.0038724124786187275,0.7977045177045177,0.25180029331420173,0.0374309206004574,0.10747503645977227,1.0,VALID,chartqa,Beta Calibration,45
0.020892940715844008,2.089294071584401,0.041062653876689136,4.1062653876689135,0.021684033526980673,0.07191555311516626,0.009985446884833757,0.0819,0.01165333339139624,0.0015765836502908733,0.8017582417582417,0.24847113769533496,0.03941054101817079,0.08697420363228565,0.9674716243928687,VALID,chartqa,Spline Calibration,45
0.4499749542866594,44.99749542866594,0.44872947635592875,44.87294763559287,0.44941084603842063,0.27731702335616704,-0.19541602335616703,0.0819,0.009537364416383361,0.20583075587514102,0.7977045177045177,0.7482025283859205,0.7854042782178626,0.0381639754746392,0.99999951999808,COLLAPSED,chartqa,Adaptive TS (ATS),45
0.0069219659308093675,0.6921965930809367,0.0865430192025638,8.65430192025638,0.017218009089290852,0.08220483586621619,-0.00030383586621617054,0.0819,3.162819713038057e-05,0.00014958369805240484,0.5223199023199023,0.316394788594853,0.07511899323924603,0.020086612036666635,-0.18278699610763152,COLLAPSED,chartqa,Probability Margin (1D),45
0.011297933230492548,1.1297933230492547,0.04585830869788008,4.585830869788008,0.013068463709166204,0.08125996074325781,0.0006410392567422069,0.0819,0.0008128191099349776,0.00019147446031213473,0.5930647130647131,0.29854889343354973,0.0683582384880302,0.041908501965488544,0.17718819851731427,COLLAPSED,chartqa,MSSC (Multi-Scale Proxy),45
0.000891796343674936,0.0891796343674936,0.0802566248225311,8.025662482253109,0.00306774633952361,0.08177797292315903,0.00012302707684098968,0.0819,0.0,7.953007185919845e-07,0.7516727716727717,0.30178416023863885,0.04885228587001212,0.002521037654705542,0.6167657138652327,COLLAPSED,chartqa,MSE-EIGEN (Multi-Scale),45
0.03435972224291066,3.4359722242910657,0.02694868072612924,2.6948680726129237,0.02847258520017588,0.07262591459531934,0.00927508540468068,0.0819,0.014262951222182725,0.0057554978518619595,0.7992185592185592,0.25207764319573206,0.037330116624533186,0.1073317647356092,0.9994039336157344,VALID,chartqa,Residual Calibrator,45
0.02801734315414496,2.801734315414496,0.04612800804458483,4.612800804458483,0.03641762024506341,0.07262632958422466,0.009274670415775357,0.0819,0.014328046474598196,0.005542107341477702,0.7958485958485958,0.25374481009990163,0.04149569889099085,0.11019507177165805,0.9360368641474566,VALID,chartqa,Trajectory LR,45
0.016918745869488015,1.6918745869488014,0.02860692836824579,2.860692836824579,0.023459465470429215,0.07355963994413162,0.0083413600558684,0.0819,0.011321602888082805,0.002873996935532199,0.7734798534798535,0.26283635514556214,0.04134452103634328,0.11344694550404197,0.7745896583586334,VALID,chartqa,Trajectory LR (No Bias),45
0.026432733384892347,2.6432733384892346,0.04612595430202783,4.612595430202783,0.03651823151420548,0.07260739204272257,0.009293607957277447,0.0819,0.013728046474598197,0.004816909172124208,0.796043956043956,0.25373236180860126,0.04149560065151024,0.10972756254600488,0.9350766683066731,VALID,chartqa,Trajectory Platt (5D),45
0.030618703973528685,3.0618703973528687,0.03964813443547792,3.9648134435477917,0.03633498501081567,0.07288066138870443,0.009020338611295586,0.0819,0.013380025288080145,0.0052979664794578375,0.8014652014652014,0.2664706697744712,0.04033065237559053,0.11221863173402356,0.8389068436273744,VALID,chartqa,Trajectory Platt (17D),45
0.02784754927190243,2.784754927190243,0.03575582237325962,3.575582237325962,0.0305089633178818,0.07272628367636136,0.009174716323638657,0.0819,0.013884874751780801,0.004890401403350502,0.8008302808302808,0.2520465391637145,0.03708291278936049,0.10797545792603405,0.9981095604382417,VALID,chartqa,VCPS-5D (Our Method),45
0.02803057814664074,2.8030578146640743,0.03957555408018441,3.9575554080184405,0.030299626874883735,0.07262764168672925,0.009273358313270766,0.0819,0.013840576113334939,0.004880751118115295,0.8015628815628816,0.2515064999552151,0.03803240422591631,0.10857505192471256,0.9967476989907961,VALID,chartqa,VCPS-17D (Our Method),45
0.71384323636559,71.384323636559,0.7127290799405908,71.27290799405908,0.6735581088708316,0.6165545351814224,-0.5346535351814224,0.0819,0.005731641634020061,0.5413586105266952,0.7886935286935288,2.833941085035217,0.7996401871356361,0.22964410709846927,1.0,COLLAPSED,chartqa,Naive Confidence (NC),46
0.4484711722066785,44.84711722066785,0.4484711722066784,44.84711722066784,0.448471172205799,0.27780096930288106,-0.19589996930288106,0.0819,0.0068205616694352175,0.203683148231013,0.7886935286935288,0.7492592297966273,0.7996401871356361,0.03810807818710878,1.0,COLLAPSED,chartqa,Temperature Scaling (TS),46
0.025443747551731805,2.5443747551731803,0.0323683472262831,3.23683472262831,0.02972463314617461,0.07669950506906918,0.0052014949309308195,0.0819,0.009986903135665191,0.005187855768790559,0.7886935286935288,0.2631638628251785,0.03689466299540687,0.1067643286791912,1.0,VALID,chartqa,Platt Scaling (1D),46
0.030686348115032885,3.0686348115032884,0.031792484518119585,3.1792484518119584,0.02954695339229543,0.07607759904178714,0.005823400958212863,0.0819,0.010908635666719929,0.00543157032246004,0.7886935286935288,0.261456195751592,0.036761011128759694,0.10560611204895004,1.0,VALID,chartqa,Quadratic Platt (Logit-Only),46
0.030517276681863634,3.0517276681863637,0.03291163276892668,3.2911632768926684,0.02972583559788079,0.07700290187001571,0.004898098129984291,0.0819,0.01045787579941426,0.00585033086162075,0.7886935286935288,0.26351336430720607,0.03694206543368856,0.10805134459630786,1.0,VALID,chartqa,Beta Calibration,46
0.009697350835509282,0.9697350835509282,0.03382441655620869,3.382441655620869,0.020772257853035075,0.07297200385140623,0.00892899614859377,0.0819,0.00889641068317227,0.00020015858050109888,0.7917216117216117,0.2519698844921245,0.029032446783798176,0.08659860140231995,0.9669728713410956,VALID,chartqa,Spline Calibration,46
0.4483099567903812,44.830995679038125,0.44830995679038127,44.830995679038125,0.44830995678949725,0.27767196981175174,-0.19577096981175174,0.0819,0.0068205616694352175,0.2035513814690588,0.7886935286935288,0.7489943469233252,0.799623388087066,0.03795198272316049,0.9999999039996067,COLLAPSED,chartqa,Adaptive TS (ATS),46
0.0023864465868121444,0.23864465868121443,0.0785318350463252,7.85318350463252,0.007228554248619139,0.0815122215917425,0.00038877840825750354,0.0819,0.0002850931677018634,3.794121029086649e-05,0.5704517704517704,0.2993925396139512,0.05706851251612335,0.012281914766012848,-0.16539935137729592,COLLAPSED,chartqa,Probability Margin (1D),46
0.005941340405338181,0.5941340405338181,0.03925023268814912,3.9250232688149116,0.007571554851766777,0.08010473660406592,0.0017962633959340835,0.0819,0.001770561923399497,8.158721392632027e-05,0.6412942612942613,0.2924594110717462,0.05344609010516776,0.03555001378528419,0.09034609218952952,SCRAMBLED,chartqa,MSSC (Multi-Scale Proxy),46
0.0009794638171603393,0.09794638171603393,0.0680912288087271,6.80912288087271,0.003359183275646711,0.08178737112451029,0.00011362887548971301,0.0819,0.0,9.593493691263025e-07,0.7123321123321121,0.3018427222538998,0.05532483997871507,0.0026941525960802277,0.6339090132775023,COLLAPSED,chartqa,MSE-EIGEN (Multi-Scale),46
0.026537657113129626,2.6537657113129627,0.0324014438152085,3.24014438152085,0.029756005852748423,0.0766278019991444,0.0052731980008556,0.0819,0.010625641097712938,0.005268132853918631,0.7897435897435898,0.2627641368578167,0.03684688476612322,0.10723575541591916,0.9997546950011184,VALID,chartqa,Residual Calibrator,46
0.036709525916192476,3.6709525916192476,0.03402833068491866,3.4028330684918657,0.03599010518786292,0.07603251594312081,0.005868484056879189,0.0819,0.01185618143394049,0.006873667425413852,0.8052747252747253,0.2591178135582948,0.032108459722391645,0.10707960478350496,0.9668917451831865,VALID,chartqa,Trajectory LR,46
0.03898559499416204,3.898559499416204,0.04323118219781563,4.323118219781563,0.033250465384925196,0.07781597983458614,0.004085020165413858,0.0819,0.013050619677806964,0.008947978396203966,0.8075213675213675,0.2636709273490355,0.02858174954944117,0.11387601209316221,0.7742175206137442,VALID,chartqa,Trajectory LR (No Bias),46
0.03524542650021613,3.524542650021613,0.033966768046841025,3.3966768046841027,0.0361035636128769,0.07598477995767383,0.00591622004232617,0.0819,0.011502491334719775,0.006458377676627542,0.8055677655677657,0.25899839468101105,0.03191443512490444,0.10655015830086242,0.9663303348971239,VALID,chartqa,Trajectory Platt (5D),46
0.03649005749914796,3.649005749914796,0.0317703218171373,3.17703218171373,0.037410259474044964,0.07581754568761902,0.006083454312380984,0.0819,0.013587290446643514,0.008221566075596869,0.8266178266178267,0.25407718832747994,0.023742875938113805,0.1094017514573293,0.8433710182067864,VALID,chartqa,Trajectory Platt (17D),46
0.031691318334249104,3.1691318334249106,0.02553673714792651,2.553673714792651,0.03342417388389012,0.07644424611284427,0.0054567538871557325,0.0819,0.012182785293819776,0.006346464927502196,0.7952136752136753,0.2617934859226002,0.03624679651133058,0.10648735671284758,0.9991201324171793,VALID,chartqa,VCPS-5D (Our Method),46
0.028781629145221685,2.8781629145221683,0.025760172801011137,2.5760172801011136,0.03299013267903775,0.07640173809341033,0.00549926190658967,0.0819,0.011719479525449673,0.006369123256056789,0.7962393162393162,0.2614153570602659,0.03469227498299333,0.10745651349935065,0.9980244799556827,VALID,chartqa,VCPS-17D (Our Method),46
0.7146036856770516,71.46036856770516,0.7146036856770516,71.46036856770516,0.6737233911553324,0.6228669658000795,-0.5409659658000795,0.0819,0.005412902769926513,0.5474275131993561,0.79001221001221,2.8403497777586213,0.7696849159041844,0.2317195791342082,1.0,COLLAPSED,chartqa,Naive Confidence (NC),47
0.45052030771146684,45.05203077114668,0.4492777394080009,44.927773940800094,0.45236912591506195,0.27732905756299725,-0.19542805756299725,0.0819,0.012656367370892018,0.20885958411298725,0.79001221001221,0.7481458002044087,0.7696849159041844,0.03869346396704541,1.0,COLLAPSED,chartqa,Temperature Scaling (TS),47
0.027027715433530122,2.702771543353012,0.037795436785860684,3.7795436785860685,0.02240171719832917,0.06790145285813884,0.013999547141861177,0.0819,0.01797636353334467,0.0040507679849994226,0.79001221001221,0.24504720146943787,0.03714846973529842,0.10471616011155428,1.0,VALID,chartqa,Platt Scaling (1D),47
0.028783954073969317,2.8783954073969316,0.040201627486012755,4.020162748601275,0.026057905787471327,0.06877872671236182,0.013122273287638195,0.0819,0.01736994671994672,0.0035296312289121667,0.79001221001221,0.24831651584666165,0.03724432202667198,0.10256348369398012,1.0,VALID,chartqa,Quadratic Platt (Logit-Only),47
0.025271963531789413,2.527196353178941,0.03710643567484931,3.7106435674849307,0.021942050466519075,0.06784714299809541,0.014053857001904604,0.0819,0.01710727785722045,0.003209814309528721,0.79001221001221,0.24447276244311347,0.037127609855376935,0.10536047610837439,1.0,VALID,chartqa,Beta Calibration,47
0.02270596610425566,2.270596610425566,0.04869230153541881,4.8692301535418805,0.023730816670581474,0.0725292363205395,0.00937176367946052,0.0819,0.013526320671951406,0.0043204060236136585,0.7894749694749694,0.2534634635970264,0.03773712751053834,0.08818520612161634,0.9948068131948403,VALID,chartqa,Spline Calibration,47
0.4503591727909664,45.03591727909664,0.4491136948602356,44.91136948602356,0.4522089850511569,0.27720140695069256,-0.19530040695069256,0.0819,0.013081668949403803,0.20909650863884258,0.79001221001221,0.7478856711498983,0.7696802538995223,0.038534325521583,0.9999999039995883,COLLAPSED,chartqa,Adaptive TS (ATS),47
0.0009804427171087164,0.09804427171087164,0.08493243564929924,8.493243564929925,0.009473659075802795,0.08172597277483418,0.00017502722516583857,0.0819,0.00010435694102634216,1.3046970202533176e-05,0.5234676434676434,0.30045518349555583,0.07127001793990866,0.01535652932630767,-0.11853908167960903,COLLAPSED,chartqa,Probability Margin (1D),47
0.02141182245164818,2.141182245164818,0.03856786614056009,3.856786614056009,0.01131484761135645,0.08033862960281156,0.0015623703971884562,0.0819,0.0021538926033830763,0.0006174907410012921,0.6564102564102564,0.2928470219353791,0.0537560543761063,0.03771504209827088,0.15400040723395164,VALID,chartqa,MSSC (Multi-Scale Proxy),47
0.0010548985971401553,0.10548985971401553,0.07515621045329869,7.515621045329869,0.003233528341150108,0.08176716849843432,0.00013383150156569268,0.0819,0.0,1.1128110502482677e-06,0.7392918192918193,0.3017056039178731,0.048885804948939994,0.002651866969248323,0.6166260704945395,COLLAPSED,chartqa,MSE-EIGEN (Multi-Scale),47
0.02431960578541844,2.431960578541844,0.040196972181630056,4.019697218163006,0.02238057954529923,0.06776731760737911,0.014133682392620903,0.0819,0.01718944346188147,0.0032139606729130344,0.7903296703296704,0.24464344625660428,0.037405741203014,0.10564434960140365,0.9995485580858875,VALID,chartqa,Residual Calibrator,47
0.024696556411976316,2.4696556411976314,0.024888970073035747,2.4888970073035748,0.022594242453672374,0.06710884799479078,0.014792152005209239,0.0819,0.018322757260799058,0.003920376888126791,0.7987301587301587,0.24192611585668206,0.03315843370003209,0.10665111844804472,0.9636657179426452,VALID,chartqa,Trajectory LR,47
0.021316404217993603,2.1316404217993603,0.02073556135638492,2.073556135638492,0.018083173581155916,0.06821098099838133,0.013690019001618689,0.0819,0.01580433188432627,0.0021140403583145566,0.8017582417582418,0.24403295738637393,0.02930338506614779,0.10725112829503261,0.7914295636613508,VALID,chartqa,Trajectory LR (No Bias),47
0.024271077081561086,2.4271077081561088,0.024923743806779385,2.4923743806779384,0.022639827432032245,0.06712056613269222,0.01478043386730779,0.0819,0.018380194199921054,0.003906900111059435,0.7988278388278387,0.24194288101273126,0.033133241099582676,0.10620674781870897,0.9627981622642092,VALID,chartqa,Trajectory Platt (5D),47
0.017196582552045588,1.7196582552045587,0.02616928166151047,2.616928166151047,0.022677427763715948,0.0671216690831518,0.014779330916848216,0.0819,0.015694761068984556,0.0018234057938467793,0.8126495726495726,0.23965035422153944,0.029057621001866877,0.10802727372372904,0.8394723433627369,VALID,chartqa,Trajectory Platt (17D),47
0.03270240982911517,3.270240982911517,0.03603890306907088,3.603890306907088,0.021699009193888476,0.06750238169656456,0.01439861830343546,0.0819,0.019341932741565093,0.004814992559911445,0.7927228327228327,0.24369947798750366,0.036931997218091726,0.10602349288225639,0.9989155794020578,VALID,chartqa,VCPS-5D (Our Method),47
0.022758784256167806,2.2758784256167806,0.03201478799415304,3.201478799415304,0.020401628720275622,0.06735706021413447,0.014543939785865545,0.0819,0.01746539581129801,0.002724565490201704,0.7935531135531135,0.2431322341451418,0.03670776881683939,0.10649588288123299,0.9966282737038816,VALID,chartqa,VCPS-17D (Our Method),47
0.7126284284677837,71.26284284677837,0.7126284284677837,71.26284284677837,0.676577557860956,0.6134063030720949,-0.5315053030720949,0.0819,0.006313088578088578,0.5392120487931011,0.8466666666666667,2.798218026113331,0.7632991402098775,0.23219338211792,1.0,COLLAPSED,chartqa,Naive Confidence (NC),48
0.44952608084283485,44.95260808428348,0.44952608084283474,44.952608084283476,0.4495260808428496,0.27604409365639104,-0.19414309365639104,0.0819,0.011196023150702167,0.20696889020874337,0.8466666666666667,0.7456357587498085,0.7632991402098775,0.04087285426644664,1.0,COLLAPSED,chartqa,Temperature Scaling (TS),48
0.03378606885853366,3.378606885853366,0.03342654637056003,3.342654637056003,0.02479202041269791,0.0671799370326072,0.014721062967392798,0.0819,0.018673189950866784,0.003938471100836113,0.8466666666666667,0.23253208554522295,0.024272020172039468,0.12697688490555728,1.0,VALID,chartqa,Platt Scaling (1D),48
0.030138163312699442,3.013816331269944,0.030609950985661903,3.0609950985661905,0.023237478722369222,0.0667693691819706,0.015131630818029401,0.0819,0.01924065741648289,0.004276914437350609,0.8466666666666667,0.23077566494091642,0.024194298593376524,0.12068751876458424,1.0,VALID,chartqa,Quadratic Platt (Logit-Only),48
0.03999963720934789,3.999963720934789,0.034164750736540045,3.4164750736540044,0.02504977706701955,0.06732743481275401,0.014573565187245993,0.0819,0.020811831714545113,0.006761616279325014,0.8466666666666667,0.23314580910018107,0.02434499882915963,0.12984116042091798,1.0,VALID,chartqa,Beta Calibration,48
0.0246712342842135,2.46712342842135,0.03867317359926114,3.8673173599261137,0.027881915675872084,0.06950251067259518,0.012398489327404824,0.0819,0.015879153161496115,0.0035981786993720447,0.8476434676434677,0.23705879232584443,0.023364024096957023,0.08550401405892868,0.9669728729534773,VALID,chartqa,Spline Calibration,48
0.449361165737707,44.936116573770704,0.449361165737707,44.936116573770704,0.4493611657377158,0.27592102318989525,-0.19402002318989525,0.0819,0.011196023150702167,0.2068404283638619,0.8466666666666667,0.7453839094319941,0.7632941276785492,0.040706792182426024,1.0,COLLAPSED,chartqa,Adaptive TS (ATS),48
0.0037070729221498552,0.37070729221498555,0.08395642205674501,8.395642205674502,0.008245499998722811,0.08168004436112583,0.0002209556388741707,0.0819,9.380071405387859e-06,0.0001029392516138282,0.5407081807081808,0.30028564418447723,0.06724674531035257,0.015042395788885398,-0.14148417708738642,COLLAPSED,chartqa,Probability Margin (1D),48
0.007646956910978777,0.7646956910978777,0.03896114729751077,3.8961147297510768,0.006200131449484113,0.08058485747428046,0.0013161425257195436,0.0819,0.0013531634476981387,7.593446687650948e-05,0.625860805860806,0.29467364036615357,0.0616770995209345,0.04098563704293775,0.21641337119322984,VALID,chartqa,MSSC (Multi-Scale Proxy),48
0.0009658339312385439,0.09658339312385439,0.07921702689672314,7.921702689672314,0.0030493831374712494,0.08176259749162441,0.00013840250837558743,0.0819,0.0,9.328351827317003e-07,0.7657631257631258,0.301677835370282,0.04387809453517231,0.0025441439276970806,0.6771034446642615,COLLAPSED,chartqa,MSE-EIGEN (Multi-Scale),48
0.036275615210714124,3.6275615210714123,0.03253137395997082,3.253137395997082,0.02582692604056566,0.06713576681753747,0.014765233182462534,0.0819,0.020186029617281356,0.00581229118601756,0.8463980463980464,0.2324465874584069,0.0241285512499919,0.12863090530594495,0.9992977811742716,VALID,chartqa,Residual Calibrator,48
0.035238758786976916,3.523875878697692,0.03904122663578423,3.904122663578423,0.03379334093802718,0.06691807220481925,0.014982927795180748,0.0819,0.020249162939686056,0.005503109779535695,0.8407814407814408,0.2332120171386732,0.024428456040444788,0.13250389416988292,0.9481597673949043,VALID,chartqa,Trajectory LR,48
0.026603954932267738,2.660395493226774,0.025245996070612373,2.5245996070612375,0.023616085838654523,0.06707125880014284,0.014829741199857166,0.0819,0.017081671138938583,0.001994063839600443,0.8383394383394384,0.23454268151122365,0.025748733110980908,0.13180916658597575,0.7814787606705331,VALID,chartqa,Trajectory LR (No Bias),48
0.03750390800461172,3.7503908004611723,0.038969139102846384,3.8969139102846384,0.03383302290127602,0.06691061312916582,0.014990386870834177,0.0819,0.022414956699050265,0.007831200694317772,0.8405372405372405,0.2332648408272379,0.024470034715684333,0.13190178436605487,0.9473345480742218,VALID,chartqa,Trajectory Platt (5D),48
0.042543957968242466,4.254395796824246,0.040030762058682744,4.0030762058682745,0.03976076049609562,0.0669236671163774,0.014977332883622602,0.0819,0.021364068858461847,0.0066882718483901975,0.8444444444444444,0.23267506248716774,0.024336093823922232,0.1355614358524165,0.8030427034438388,VALID,chartqa,Trajectory Platt (17D),48
0.038579878962486734,3.8579878962486736,0.03508624411998622,3.5086244119986216,0.02940159550273476,0.06711232818837219,0.01478867181162781,0.0819,0.019851455608586956,0.004751358265140792,0.8485470085470086,0.23241063671966283,0.02410748785313511,0.1313926342830358,0.9983284172735514,VALID,chartqa,VCPS-5D (Our Method),48
0.04034189937268658,4.034189937268658,0.03526372448540165,3.5263724485401653,0.029293969305265337,0.06706773734856318,0.014833262651436821,0.0819,0.019691707495741485,0.005231081683417574,0.8487423687423687,0.23237261727677003,0.02399195920124275,0.13226239922977306,0.995424309587422,VALID,chartqa,VCPS-17D (Our Method),48
0.7326939471811056,73.26939471811056,0.7326939471811058,73.26939471811058,0.697013338834614,0.6420171091182925,-0.5601161091182925,0.0819,0.004518178118178119,0.5654264853599901,0.8054212454212454,2.9135058625203145,0.7813979577304951,0.21771131421042547,1.0,COLLAPSED,chartqa,Naive Confidence (NC),49
0.4519749491965697,45.197494919656975,0.4507323808931039,45.073238089310394,0.4515922063915154,0.2785332193418589,-0.19663221934185887,0.0819,0.01043735100441777,0.20831352968944314,0.8054212454212454,0.7506046635993456,0.7813979577304951,0.03833601416404062,1.0,COLLAPSED,chartqa,Temperature Scaling (TS),49
0.023255325648209094,2.3255325648209095,0.03764384417842972,3.764384417842972,0.02483067140846417,0.06909179910472911,0.012809200895270892,0.0819,0.014165341274949925,0.0008959107934704953,0.8054212454212454,0.24436914455175246,0.03121838287397295,0.11049015387248542,1.0,VALID,chartqa,Platt Scaling (1D),49
0.026840746167911593,2.6840746167911593,0.038850002167310264,3.8850002167310262,0.02684414519615419,0.06916925956893058,0.012731740431069422,0.0819,0.014468975595738258,0.002256392361106113,0.8054212454212454,0.24441763970684324,0.031268771461020584,0.10690842988577116,1.0,VALID,chartqa,Quadratic Platt (Logit-Only),49
0.027450977115136933,2.745097711513693,0.03731273476056239,3.731273476056239,0.02449141186836523,0.06913175847699872,0.012769241523001282,0.0819,0.014731637227179331,0.0019826029104213425,0.8054212454212454,0.2443754956430189,0.03120392403997401,0.11242412470283279,1.0,VALID,chartqa,Beta Calibration,49
0.02795099168126968,2.795099168126968,0.04731466966336641,4.731466966336641,0.02418694154662742,0.07208879964148679,0.009812200358513212,0.0819,0.012835564197817506,0.0034113662063400925,0.8025396825396826,0.25152860381797865,0.029130782740568215,0.08561381740740846,0.9779504208026613,VALID,chartqa,Spline Calibration,49
0.45180798030218,45.180798030218,0.4505625023714493,45.05625023714493,0.4514102852463403,0.2784005052515727,-0.19649950525157273,0.0819,0.010723655913978496,0.2084080918769114,0.8054212454212454,0.7503337502075749,0.7814027781027839,0.03817881371320007,0.999999711998848,COLLAPSED,chartqa,Adaptive TS (ATS),49
0.0011259553756300623,0.11259553756300623,0.07589850850689567,7.589850850689567,0.010273159823984456,0.08175060145976266,0.000150398540237337,0.0819,0.00013157894736842108,5.3500006270364075e-06,0.5212210012210012,0.30063502526766844,0.07353880795773156,0.0153227336690804,-0.03711181458439588,COLLAPSED,chartqa,Probability Margin (1D),49
0.007253155413714329,0.725315541371433,0.04117340825105341,4.117340825105341,0.004444359512182051,0.08001942124534675,0.0018815787546532514,0.0819,0.0018624776226279986,5.530226881539214e-05,0.6505250305250305,0.2916002554138691,0.053005837410477125,0.03849960444816498,0.20008083754148226,VALID,chartqa,MSSC (Multi-Scale Proxy),49
0.0008340695700721767,0.08340695700721767,0.06341517555261969,6.341517555261969,0.003883000682741225,0.08179869375942522,0.00010230624057477877,0.0819,0.0,6.956720477203857e-07,0.7093772893772893,0.3019070342391091,0.05474381018103756,0.00256928957994324,0.6512476126203933,COLLAPSED,chartqa,MSE-EIGEN (Multi-Scale),49
0.025221014687556775,2.5221014687556775,0.033728471997237115,3.3728471997237115,0.023979396356676716,0.0690102208960738,0.012890779103926206,0.0819,0.01400939479469409,0.0010189351695139058,0.806056166056166,0.2441042462473232,0.03091841944599665,0.1115742882766187,0.9995288301153203,VALID,chartqa,Residual Calibrator,49
0.025875199647938912,2.5875199647938913,0.03339545790496241,3.3395457904962407,0.02458301911492045,0.06872762405832163,0.013173375941678375,0.0819,0.014562126222371262,0.0016934236600405388,0.8040537240537241,0.24368472320076906,0.030501592722694603,0.11498043289896479,0.9554430537722151,VALID,chartqa,Trajectory LR,49
0.03674482718381126,3.674482718381126,0.03189311571079082,3.1893115710790823,0.02878452787440427,0.07069816434129382,0.011202835658706181,0.0819,0.015764020216236966,0.004993971047874183,0.799072039072039,0.25045282899176036,0.0313168241795968,0.11706106019273377,0.8076160944643779,VALID,chartqa,Trajectory LR (No Bias),49
0.02357677962072194,2.357677962072194,0.033280561016872524,3.3280561016872525,0.02458111279265726,0.06870750075255845,0.01319349924744155,0.0819,0.014325255260037868,0.001221970022612251,0.804004884004884,0.24365880326331252,0.030521299019716897,0.11435916269939346,0.9548471793887175,VALID,chartqa,Trajectory Platt (5D),49
0.023448335538152603,2.3448335538152603,0.03832539911055937,3.832539911055937,0.02833099246268257,0.06897939720252581,0.012921602797474188,0.0819,0.014716603935471861,0.0017905982017813594,0.7898412698412699,0.24717957123689008,0.0343907467313862,0.11762914746224792,0.8680242400969603,VALID,chartqa,Trajectory Platt (17D),49
0.02625155637937854,2.625155637937854,0.03427233966532985,3.4272339665329854,0.02132700379001513,0.06882000321777368,0.013080996782226323,0.0819,0.01396670563199583,0.001292735391215566,0.808009768009768,0.24346841852357431,0.030957477562785326,0.11313453319120333,0.9986973707894831,VALID,chartqa,VCPS-5D (Our Method),49
0.029219758602696874,2.9219758602696873,0.034634784232828904,3.4634784232828904,0.021033212670974348,0.0690200671837262,0.012880932816273796,0.0819,0.014300584973488198,0.0015895729338409248,0.8063980463980464,0.24422825539241722,0.03074916370100146,0.11432819372626601,0.995066444265777,VALID,chartqa,VCPS-17D (Our Method),49
0.7124085542857648,71.24085542857648,0.7124085542857647,71.24085542857647,0.6761262406227566,0.6108700776772141,-0.5289690776772141,0.0819,0.006338219732337379,0.5363439282119087,0.8426617826617827,2.7799783479920226,0.7621604392215204,0.2276255233876825,1.0,COLLAPSED,chartqa,Naive Confidence (NC),50
0.450410573270079,45.0410573270079,0.44916800496661313,44.91680049666131,0.44989496223311154,0.2760187910558903,-0.19411779105589028,0.0819,0.013651446466585452,0.2088900054889175,0.8426617826617827,0.7455459254245255,0.7621604392215204,0.03966877881625738,1.0,COLLAPSED,chartqa,Temperature Scaling (TS),50
0.026183663073537138,2.6183663073537136,0.029605646809390204,2.9605646809390205,0.02133069346885411,0.0668944574977887,0.015006542502211298,0.0819,0.018736896734462657,0.0034944529740993944,0.8426617826617827,0.23277656321175283,0.02309799505629755,0.1145138530625199,1.0,VALID,chartqa,Platt Scaling (1D),50
0.025449743144919962,2.5449743144919963,0.030959384604682283,3.0959384604682283,0.019928127810519485,0.06674537980825535,0.015155620191744656,0.0819,0.01736819223246892,0.0022973853076238915,0.8426617826617827,0.2316138255286004,0.023182027826106958,0.10957781466126965,1.0,VALID,chartqa,Quadratic Platt (Logit-Only),50
0.023501214163890165,2.3501214163890163,0.02952796388308266,2.952796388308266,0.021655882656723725,0.06695025483053058,0.014950745169469426,0.0819,0.017257681922698956,0.0023339399325843853,0.8426617826617827,0.2333006171753949,0.023100274140230297,0.11677328826098773,1.0,VALID,chartqa,Beta Calibration,50
0.022312534693516236,2.2312534693516235,0.042079361960767156,4.207936196076716,0.025849156191896875,0.0705098867598353,0.011391113240164702,0.0819,0.011464718997399533,0.0008714884715827336,0.8431990231990232,0.2413751175351968,0.022366738115137126,0.08327145606615019,0.9664688743479122,VALID,chartqa,Spline Calibration,50
0.4502502001734303,45.02502001734303,0.44900472224269966,44.90047222426997,0.449734669022839,0.2758965802034994,-0.19399558020349938,0.0819,0.013651446466585452,0.2087644365359917,0.8426617826617827,0.7452963605462698,0.7621654643471485,0.039506370144922164,0.9999999039996114,COLLAPSED,chartqa,Adaptive TS (ATS),50
0.004000554788301336,0.40005547883013354,0.07360237187542541,7.360237187542541,0.011138868176394447,0.08160401712238716,0.0002969828776128447,0.0819,0.00042631578947368426,5.1490615934397354e-05,0.4785347985347986,0.29958545593929714,0.07616805760402809,0.014952979647938323,-0.15660950082369027,COLLAPSED,chartqa,Probability Margin (1D),50
0.008410282899887375,0.8410282899887375,0.033272933482826283,3.3272933482826286,0.008590095262483635,0.08076703969869271,0.001133960301307288,0.0819,0.001202560526409899,0.00013133774504688205,0.6241269841269842,0.29562072711557325,0.0594608039363009,0.04003653647429411,0.1857312359496241,VALID,chartqa,MSSC (Multi-Scale Proxy),50
0.0008347103403134742,0.08347103403134742,0.0682834348561698,6.828343485616981,0.003458167581401507,0.08178781106311891,0.00011318893688108678,0.0819,0.0,6.96741352226236e-07,0.742026862026862,0.30184191432097546,0.050427092108310985,0.002567245343267071,0.6727178110164717,COLLAPSED,chartqa,MSE-EIGEN (Multi-Scale),50
0.023159108029022813,2.3159108029022812,0.029287302141771502,2.92873021417715,0.020864920095333632,0.06685738440234228,0.015043615597657725,0.0819,0.017806160115490747,0.0029446367736690893,0.8425885225885226,0.23271061269753354,0.023246372037914496,0.11583530221391324,0.9993479413761164,VALID,chartqa,Residual Calibrator,50
0.03179970479669309,3.179970479669309,0.030830462802637532,3.083046280263753,0.02193984911771582,0.06707371539451651,0.014827284605483493,0.0819,0.0173972241275384,0.0032604116999807773,0.8354578754578754,0.2344033962664987,0.025166436451329963,0.11837124541179322,0.9482469357456695,VALID,chartqa,Trajectory LR,50
0.027168086812408718,2.7168086812408716,0.030842227140776696,3.0842227140776695,0.024987027792715322,0.06789023869205249,0.014010761307947511,0.0819,0.017314156835602515,0.003749445372836976,0.8300854700854702,0.23810214394798385,0.026981201556107965,0.11512056165969496,0.7844860207717477,VALID,chartqa,Trajectory LR (No Bias),50
0.03162010073475539,3.1620100734755385,0.03078662771545351,3.0786627715453507,0.021968474238290472,0.06708102278709364,0.014819977212906357,0.0819,0.017367048578439515,0.003244505852110291,0.8352625152625152,0.23448549327297916,0.025189490892496523,0.11783679369707831,0.9471706754147982,VALID,chartqa,Trajectory Platt (5D),50
0.023269309475785125,2.3269309475785125,0.025277331005549054,2.5277331005549053,0.022696066565803367,0.06766912426855906,0.01423187573144094,0.0819,0.01653066772213558,0.0016697116994873963,0.8196825396825398,0.23830138465142484,0.027558148912427364,0.12075856172946933,0.7867581579148277,VALID,chartqa,Trajectory Platt (17D),50
0.02672631383393206,2.672631383393206,0.022800963017743994,2.2800963017743996,0.0210758774497432,0.06696914179723057,0.014931858202769432,0.0819,0.017389978902953587,0.0025654972751558243,0.8425396825396826,0.23316309280536365,0.023259431453174415,0.1176198926607904,0.998252864969529,VALID,chartqa,VCPS-5D (Our Method),50
0.023275893954268982,2.327589395426898,0.025650559500884098,2.56505595008841,0.02145403178894301,0.06708452685994941,0.014816473140050593,0.0819,0.016903524338797306,0.002291712932536283,0.840976800976801,0.23373331580573015,0.023424518484887854,0.11863134075071867,0.9949406596412147,VALID,chartqa,VCPS-17D (Our Method),50
0.7157808973193169,71.5780897319317,0.7131018244624138,71.31018244624137,0.6719978397874972,0.6227709460284817,-0.5408699460284817,0.0819,0.005288766508479564,0.5471962380724534,0.7731623931623932,2.9106722112746968,0.7795163743885045,0.2285213260773222,1.0,COLLAPSED,chartqa,Naive Confidence (NC),51
0.45024406399396516,45.02440639939652,0.4502440639939652,45.02440639939652,0.4504383952661627,0.2783203313973925,-0.19641933139739248,0.0819,0.008808935090981174,0.20625697765094017,0.7731623931623932,0.7502405672262105,0.7795163743885045,0.040844024237340834,1.0,COLLAPSED,chartqa,Temperature Scaling (TS),51
0.022582702299826875,2.2582702299826876,0.03251553009424942,3.251553009424942,0.022483653247326926,0.0705412165425739,0.011359783457426095,0.0819,0.015114342871920513,0.004592205608313287,0.7731623931623932,0.25417619136191777,0.05240776324350358,0.13078301465428088,1.0,VALID,chartqa,Platt Scaling (1D),51
0.01035746233270178,1.0357462332701781,0.030183684681270796,3.0183684681270795,0.02217081849561032,0.07011016086230903,0.011790839137690967,0.0819,0.012988769482151837,0.0007218690874188763,0.7731623931623932,0.2564886439352773,0.052336315719951516,0.12068624563963035,1.0,VALID,chartqa,Quadratic Platt (Logit-Only),51
0.018466982947171983,1.8466982947171984,0.03273098684028496,3.273098684028496,0.02254057315867346,0.07051583066211697,0.011385169337883028,0.0819,0.015032256887429303,0.004384151548708058,0.7731623931623932,0.2551532693116663,0.052386984978679225,0.13007965371811445,1.0,VALID,chartqa,Beta Calibration,51
0.022020308032726452,2.2020308032726454,0.04095189670606916,4.095189670606916,0.030415708601285084,0.07277567365132075,0.009125326348679255,0.0819,0.009421491327556744,0.00094062482964501,0.7731623931623932,0.25874520475677837,0.05235976704082315,0.08807227440508324,1.0,VALID,chartqa,Spline Calibration,51
0.4500759413108023,45.00759413108023,0.45007594131080236,45.00759413108024,0.45027530700930285,0.2781876525620008,-0.19628665256200079,0.0819,0.009331187455843428,0.20652202433202438,0.7731135531135531,0.7499688563089533,0.7795109417662232,0.04067779459959813,0.9999999039996114,COLLAPSED,chartqa,Adaptive TS (ATS),51
0.004150671928726617,0.4150671928726617,0.06223480924735062,6.223480924735062,0.01323092278713847,0.08177467805942779,0.00012632194057221602,0.0819,8.996334675777185e-05,0.00012948745506078247,0.5217582417582418,0.30924367127329105,0.07600141948926259,0.022760148517260187,-0.16296290295855753,COLLAPSED,chartqa,Probability Margin (1D),51
0.014226067819128552,1.4226067819128552,0.026424030136950733,2.6424030136950734,0.016330429014754427,0.08149340201978222,0.0004075979802177776,0.0819,0.000631790151958219,0.00029097703905924536,0.5848351648351648,0.2999437642121217,0.07661396030261132,0.042167562915162486,0.197791047983919,COLLAPSED,chartqa,MSSC (Multi-Scale Proxy),51
0.0012017967228046822,0.12017967228046822,0.06729235287609046,6.729235287609046,0.004137987469093714,0.0817999814164067,0.00010101858359330695,0.0819,0.0,1.444315362944074e-06,0.7074236874236874,0.3019105616356791,0.056004554775080574,0.002952907981965096,0.6338396377828537,COLLAPSED,chartqa,MSE-EIGEN (Multi-Scale),51
0.025070532580122956,2.5070532580122955,0.02885221053469438,2.885221053469438,0.023039194657172194,0.07056123955106218,0.011339760448937822,0.0819,0.014867578734677664,0.0038987833161710827,0.7726495726495727,0.25433230104950677,0.05237731443428934,0.1323267812019996,0.9993344053216472,VALID,chartqa,Residual Calibrator,51
0.028562413777618603,2.8562413777618603,0.03540512093264471,3.540512093264471,0.027091861228626737,0.07035790038847685,0.011543099611523153,0.0819,0.0168804024525697,0.005544849061469306,0.7737728937728938,0.2548978945227798,0.0464027966379323,0.13366786363886235,0.9619666389537553,VALID,chartqa,Trajectory LR,51
0.0250136318679484,2.50136318679484,0.027046342244381755,2.7046342244381756,0.032092081566372686,0.069752016975775,0.012148983024224999,0.0819,0.015914682298671063,0.004450658959127223,0.7886202686202688,0.2522085624284377,0.03789747090030065,0.12696307028016096,0.8181117400816422,VALID,chartqa,Trajectory LR (No Bias),51
0.025973114651627837,2.5973114651627838,0.03523080195020885,3.523080195020885,0.027036482203633062,0.07033059696623181,0.01157040303376819,0.0819,0.01575534393143089,0.004189994827314319,0.7736752136752136,0.2548378077309747,0.046399461454776955,0.1330237059688392,0.9611701237485782,VALID,chartqa,Trajectory Platt (5D),51
0.024671501400629493,2.4671501400629494,0.03452646808817007,3.4526468088170073,0.024718973823935186,0.0704526870428096,0.011448312957190399,0.0819,0.018061999948373444,0.006345776721947595,0.7914529914529914,0.26384928813185327,0.04397882334462058,0.13579053026526952,0.8426965270108249,VALID,chartqa,Trajectory Platt (17D),51
0.021396468442620577,2.1396468442620575,0.02846896815008712,2.846896815008712,0.024311769890808476,0.07047014093443409,0.011430859065565915,0.0819,0.015337985800066189,0.003564238177730033,0.7718192918192919,0.2541135447311843,0.0527482139484973,0.13380331646216764,0.9986261624716781,VALID,chartqa,VCPS-5D (Our Method),51
0.019736190643910894,1.9736190643910894,0.02836510302020423,2.836510302020423,0.02405379024392701,0.07045020978506639,0.011450790214933615,0.0819,0.015155555940729443,0.003248417805148708,0.7728449328449327,0.25355118588889763,0.05258385308687287,0.1342541093982639,0.9967623629717489,VALID,chartqa,VCPS-17D (Our Method),51
0.735183608904481,73.5183608904481,0.7351836089044809,73.5183608904481,0.6795009144182066,0.6320251236964234,-0.5899611236964234,0.042064,0.0012897320057919759,0.5914127974851515,0.7320273868391024,2.7480289644975375,0.8780237997308543,0.25345840562737526,1.0,COLLAPSED,docvqa,Naive Confidence (NC),42
0.48855504455470633,48.85550445547063,0.48855504455470633,48.85550445547063,0.48855504448509757,0.2795691028319551,-0.23750510283195508,0.042064,0.0010976877899772342,0.23870216543359754,0.7320273868391024,0.7526883033028509,0.8780237997308543,0.03329320762520795,1.0,COLLAPSED,docvqa,Temperature Scaling (TS),42
0.017979936944937495,1.7979936944937496,0.0238725788020795,2.38725788020795,0.016824489839258324,0.04179610350973798,0.00026789649026202206,0.042064,0.001111933112638995,0.001250321054872694,0.7320273868391024,0.1693607067730231,0.01665169665849711,0.055669579412230365,1.0,COLLAPSED,docvqa,Platt Scaling (1D),42
0.02105325541170887,2.105325541170887,0.022973024479382695,2.2973024479382693,0.016873175786032504,0.04136027082277675,0.0007037291772232571,0.042064,0.0006413312286992408,0.0008230478573745643,0.7320273868391024,0.16799548467509087,0.01665169665849711,0.05109779376019765,1.0,COLLAPSED,docvqa,Quadratic Platt (Logit-Only),42
0.019784009986869192,1.9784009986869193,0.02226269260212794,2.226269260212794,0.01607185119603061,0.0415033354972061,0.0005606645027939061,0.042064,0.001398199134199134,0.001599908299468257,0.7320273868391024,0.16750856416156648,0.01665169665849711,0.05271573497843792,1.0,COLLAPSED,docvqa,Beta Calibration,42
0.01277243610976709,1.277243610976709,0.019270667621286902,1.9270667621286903,0.012096714907382788,0.041005433474353155,0.0010585665256468493,0.042064,0.0004915491949910555,0.00019982015979805608,0.7320273868391024,0.166483591132708,0.01665169665849711,0.03966228296978476,1.0,VALID,docvqa,Spline Calibration,42
0.488418413026819,48.8418413026819,0.488418413026819,48.8418413026819,0.4884184129491311,0.27943600643814304,-0.23737200643814305,0.042064,0.0010976877899772342,0.23856958628786049,0.7320273868391024,0.7524168027854378,0.8780140724224766,0.03315496862316821,0.99999951999808,COLLAPSED,docvqa,Adaptive TS (ATS),42
0.00023979723225765748,0.023979723225765748,0.03221322807627269,3.2213228076272693,0.007269181479281164,0.04203279120215245,3.12087978475567e-05,0.042064,0.0,5.750271259843292e-08,0.4390452643590718,0.18002729959421432,0.043221335351723386,0.002561265817407386,-0.23341929513271426,COLLAPSED,docvqa,Probability Margin (1D),42
0.009988116418942507,0.9988116418942508,0.029275953031311627,2.9275953031311626,0.01146340936492777,0.04213329343035555,-6.929343035554786e-05,0.042064,7.232571834704031e-05,0.0001998863647309161,0.5839672879421833,0.18033863276588066,0.03175691301328647,0.023133673862965155,0.04589543427282387,COLLAPSED,docvqa,MSSC (Multi-Scale Proxy),42
0.00010046157204409573,0.010046157204409573,0.026845489051901775,2.6845489051901774,0.007722789666718212,0.042054033986972314,9.96601302769018e-06,0.042064,0.0,1.0092527457571036e-08,0.5558197033092431,0.18033101045525343,0.03650427526185158,0.0011464007445733124,0.38467257869031474,COLLAPSED,docvqa,MSE-EIGEN (Multi-Scale),42
0.018442403016542035,1.8442403016542035,0.02494016461169206,2.4940164611692057,0.017130067334607934,0.04174597952222484,0.0003180204777751619,0.042064,0.0011844355156030565,0.0013790020117820528,0.7324077596044123,0.16907892439260958,0.016809275921250418,0.05713062093699548,0.999134556538226,COLLAPSED,docvqa,Residual Calibrator,42
0.018927713150525084,1.8927713150525085,0.02398807009750937,2.398807009750937,0.024652783647544307,0.04096306978466036,0.001100930215339642,0.042064,0.004452832054560955,0.0033635074911959563,0.7311715481171548,0.16878647913066827,0.021663390273242322,0.06725015688520268,0.8539681518726076,VALID,docvqa,Trajectory LR,42
0.014713892049865314,1.4713892049865314,0.022869736321713997,2.2869736321714,0.020927103051280687,0.04169414457487529,0.0003698554251247155,0.042064,0.0017480926090670493,0.0015695551195799456,0.7018828451882845,0.17658615467682343,0.027379376134465234,0.06879159097995595,0.6812393649574597,COLLAPSED,docvqa,Trajectory LR (No Bias),42
0.023060750352451576,2.306075035245158,0.023897340872557835,2.3897340872557833,0.024792869850601463,0.040928745664310255,0.001135254335689749,0.042064,0.0059410088178035655,0.004999341686701065,0.7315519208824648,0.16864766056578281,0.02171055764336374,0.06667645033759345,0.8511721406885627,VALID,docvqa,Trajectory Platt (5D),42
0.016986177242710253,1.6986177242710252,0.02279649022722151,2.2796490227221513,0.0233815930342821,0.040959063435157345,0.0011049365648426596,0.042064,0.003787069403714565,0.0028308343374758927,0.742202358311145,0.16745320324132404,0.02074147464055552,0.06937863626573965,0.7673965415861663,VALID,docvqa,Trajectory Platt (17D),42
0.022165324928688817,2.2165324928688817,0.02478166614554061,2.4781666145540613,0.019384683976821006,0.041872001507117534,0.00019199849288246973,0.042064,0.0017672941338284854,0.0019988856429892883,0.7372575123621149,0.16858642925409584,0.01665287206667911,0.0672877543756601,0.9957602390409561,COLLAPSED,docvqa,VCPS-5D (Our Method),42
0.021731607058482618,2.173160705848262,0.03113515021829529,3.113515021829529,0.018725560956553394,0.04177807576306187,0.0002859242369381357,0.042064,0.0018043667830926373,0.0019931634242391387,0.7394446557626474,0.16808848874887214,0.01659541009216111,0.06729932458163024,0.9942406489625959,COLLAPSED,docvqa,VCPS-17D (Our Method),42
0.7341190716028214,73.41190716028214,0.7341190716028214,73.41190716028214,0.684147090034169,0.6257032325386328,-0.5836392325386328,0.042064,0.0013389015331018725,0.5852524909695425,0.7550399391403576,2.6147949843042135,0.8654119581654189,0.24164448206188105,1.0,COLLAPSED,docvqa,Naive Confidence (NC),43
0.48722236473005054,48.722236473005054,0.48722236473005054,48.722236473005054,0.4872223647822124,0.27776352638021967,-0.23569952638021968,0.042064,0.002766077035592394,0.23872513324805808,0.7550399391403576,0.748987270664912,0.8654119581654189,0.031457512749200306,1.0,COLLAPSED,docvqa,Temperature Scaling (TS),43
0.011052532651814884,1.1052532651814884,0.01984756024973279,1.984756024973279,0.012939920593877222,0.039433780085523125,0.0026302199144768793,0.042064,0.005054239867659222,0.002806318819010091,0.7550399391403576,0.16010160333339837,0.016033355733615976,0.042385061676234244,1.0,VALID,docvqa,Platt Scaling (1D),43
0.011908076524999336,1.1908076524999336,0.022039022678014695,2.2039022678014697,0.014129697020424674,0.04002124041302205,0.0020427595869779575,0.042064,0.0022922503498445735,0.00047065496689710826,0.7550399391403576,0.16263412348318934,0.016033355733615976,0.04358581278874477,1.0,VALID,docvqa,Quadratic Platt (Logit-Only),43
0.0086710680704127,0.8671068070412701,0.020552949860223626,2.0552949860223624,0.014783326754621611,0.03971018790299273,0.002353812097007274,0.042064,0.003158461094461094,0.0012278789498929143,0.7550399391403576,0.16075981066460115,0.016033355733615976,0.041666847328863194,1.0,VALID,docvqa,Beta Calibration,43
0.006420115354866694,0.6420115354866693,0.025374731382904712,2.5374731382904714,0.012832989989982833,0.040552913665134215,0.0015110863348657896,0.042064,0.0008222432406390319,4.293616584775297e-05,0.7550399391403576,0.16526498134649445,0.016033355733615976,0.038331297296244765,1.0,VALID,docvqa,Spline Calibration,43
0.4870908113976385,48.709081139763846,0.4870908113976384,48.70908113976384,0.4870908114367231,0.2776382162934877,-0.23557421629348774,0.042064,0.002766077035592394,0.23859967470293048,0.7550399391403576,0.7487325108026129,0.865405300413566,0.03132652066811379,0.999999903999616,COLLAPSED,docvqa,Adaptive TS (ATS),43
2.0359892037385974e-05,0.0020359892037385974,0.03427779733735772,3.427779733735772,0.007915173568918785,0.04204551748052445,1.8482519475553072e-05,0.042064,0.0,4.1452520377401277e-10,0.40661848611639406,0.1801636620711984,0.046929575379340976,0.0030875999261999465,-0.3367762986501844,COLLAPSED,docvqa,Probability Margin (1D),43
0.00018492052167799124,0.018492052167799124,0.0366413871504934,3.66413871504934,0.0042816806723742626,0.04164416304257071,0.0004198369574292954,0.042064,0.00032385958221374707,3.754744271182287e-08,0.6445891974134653,0.17583445353080362,0.024267060702811177,0.01886602883244263,0.013400246341164004,COLLAPSED,docvqa,MSSC (Multi-Scale Proxy),43
3.179603123604907e-05,0.003179603123604907,0.03267377515965768,3.2673775159657676,0.007373763841869333,0.04204560080269447,1.8399197305535298e-05,0.042064,0.0,1.0109876023638083e-09,0.6073602130087485,0.18023211192338803,0.032547157763971955,0.000980653292415852,0.3913705254821019,COLLAPSED,docvqa,MSE-EIGEN (Multi-Scale),43
0.007910278146590307,0.7910278146590307,0.032719927357371996,3.2719927357371996,0.01447505697230312,0.03921829208158349,0.0028457079184165124,0.042064,0.005520277915632753,0.0024904608576052974,0.7577025484975276,0.15923422161678955,0.015915506060497044,0.043108110506432776,0.9991626846507384,VALID,docvqa,Residual Calibrator,43
0.015217172880057594,1.5217172880057594,0.019891181261901283,1.9891181261901283,0.021781264980058713,0.0372816097082902,0.0047823902917098066,0.042064,0.008598162011842832,0.004047063567674575,0.7929821224800304,0.15099719036403395,0.016365466279695668,0.05200605613243088,0.8673639494557979,VALID,docvqa,Trajectory LR,43
0.008455560856640008,0.8455560856640008,0.022268143039247304,2.2268143039247303,0.012558477314537334,0.03882296001709458,0.003241039982905425,0.042064,0.004153089747684446,0.0010108171635106744,0.7830924305819703,0.15704234098218972,0.019218830730749238,0.057331315411294784,0.6645538262153048,VALID,docvqa,Trajectory LR (No Bias),43
0.014799740396905691,1.4799740396905692,0.01995671214396134,1.9956712143961342,0.02163173324264112,0.03730410281731463,0.004759897182685373,0.042064,0.008611783251231526,0.004070451453697989,0.7931723088626854,0.15099242670572677,0.016364498550158327,0.05166568496205659,0.8648595874383497,VALID,docvqa,Trajectory Platt (5D),43
0.011922173405997456,1.1922173405997456,0.019847843625582756,1.9847843625582757,0.01771968803704293,0.037693486718081745,0.004370513281918259,0.042064,0.006717005015607333,0.002291672043428853,0.7806200076074553,0.15358131456631782,0.016957338309530192,0.05517386809184604,0.7754539498157992,VALID,docvqa,Trajectory Platt (17D),43
0.012827282357946819,1.2827282357946819,0.0316618014897643,3.16618014897643,0.018755492853238735,0.03821509178776264,0.0038489082122373647,0.042064,0.006823147869674185,0.0030705650769876393,0.7625523012552301,0.15587537594880643,0.015648536324415672,0.04587102726387981,0.9967514430057719,VALID,docvqa,VCPS-5D (Our Method),43
0.01696878997501669,1.6968789975016692,0.031746563785599764,3.1746563785599764,0.019460141321559904,0.03818316022426735,0.0038808397757326557,0.042064,0.007490666666666666,0.003447114535007373,0.7673069608216052,0.15555296794559087,0.015348654957759588,0.04645493604812922,0.9951162684650737,VALID,docvqa,VCPS-17D (Our Method),43
0.7413911951184273,74.13911951184274,0.7413911951184272,74.13911951184272,0.6943166601857839,0.6322456920376738,-0.5901816920376738,0.042064,0.0018349167544783982,0.5921900033665257,0.8210346139216431,2.686483511235728,0.8690013418736714,0.23831721328466202,1.0,COLLAPSED,docvqa,Naive Confidence (NC),44
0.48854803313995615,48.85480331399562,0.4885480331399562,48.85480331399562,0.4885480330753358,0.278572503821007,-0.23650850382100702,0.042064,0.0018179213108239984,0.23888616361617449,0.8210346139216431,0.7506714950477372,0.8690013418736714,0.032801355552345715,1.0,COLLAPSED,docvqa,Temperature Scaling (TS),44
0.01674903568167311,1.674903568167311,0.02558856450936446,2.558856450936446,0.0208678149614326,0.04007919007795156,0.0019848099220484416,0.042064,0.0033059972625508155,0.0012817585145741884,0.8210346139216431,0.15450793581693079,0.010911141558779926,0.053904244418635214,1.0,VALID,docvqa,Platt Scaling (1D),44
0.009122065624802994,0.9122065624802994,0.02266400700727852,2.266400700727852,0.018511791155966784,0.03950643922609167,0.0025575607739083336,0.042064,0.002814002948245322,0.0005381389815099854,0.8210346139216431,0.15257227085091687,0.010911141558779926,0.04736517784533412,1.0,VALID,docvqa,Quadratic Platt (Logit-Only),44
0.01614907689811581,1.6149076898115808,0.023129363256070047,2.3129363256070046,0.020119512481552308,0.039790179635421946,0.002273820364578058,0.042064,0.0029124680693983023,0.001062953920681219,0.8210346139216431,0.15313079074297198,0.010911141558779926,0.04924315579724412,1.0,VALID,docvqa,Beta Calibration,44
0.013539908160606084,1.3539908160606084,0.02786665112646731,2.7866651126467312,0.015835446581396382,0.039869329141112665,0.002194670858887339,0.042064,0.002183240000732883,0.00021099354759480433,0.8210346139216431,0.15603330813828398,0.010911141558779926,0.03491967058390764,1.0,VALID,docvqa,Spline Calibration,44
0.48841283454348333,48.841283454348336,0.48841283454348344,48.84128345434834,0.48841283447242523,0.27844515210115484,-0.23638115210115485,0.042064,0.0018179213108239984,0.23875727219349713,0.8210346139216431,0.7504117934900166,0.8689934457515263,0.03266511113639133,0.99999951999808,COLLAPSED,docvqa,Adaptive TS (ATS),44
0.00012727904369792126,0.012727904369792126,0.04397635061680259,4.397635061680259,0.008030052625250837,0.042082121069089144,-1.8121069089140074e-05,0.042064,0.0,1.619995496465735e-08,0.44308672499049073,0.18089789716319019,0.04447740504065592,0.004153905405528119,-0.23683397866000014,COLLAPSED,docvqa,Probability Margin (1D),44
0.001994658600357247,0.1994658600357247,0.02876826824559176,2.876826824559176,0.004402521927571643,0.04148393178440192,0.0005800682155980841,0.042064,0.00037926965562053286,3.989936339258646e-06,0.699885888170407,0.1738732452897923,0.024266483059497166,0.018414949873944646,0.09276077083752028,COLLAPSED,docvqa,MSSC (Multi-Scale Proxy),44
2.3196015404298997e-05,0.0023196015404298997,0.03696562985962125,3.696562985962125,0.007572978714911259,0.04205066836693109,1.3331633068915105e-05,0.042064,0.0,5.380551306364764e-10,0.6007036896158235,0.18029373923512487,0.034899451797271025,0.0010332830773515755,0.38874971499885996,COLLAPSED,docvqa,MSE-EIGEN (Multi-Scale),44
0.016355772863657015,1.6355772863657014,0.020230726754084705,2.0230726754084705,0.022326885338333657,0.03996156749978085,0.002102432500219152,0.042064,0.0031102205292629238,0.001273541624537868,0.8235070368961582,0.15356748010302504,0.010806465596954425,0.05536592697198735,0.9990832923331692,VALID,docvqa,Residual Calibrator,44
0.028684113269816285,2.8684113269816285,0.025593452966630674,2.5593452966630674,0.02983639466612745,0.038246922173175005,0.0038170778268249994,0.042064,0.006712169751237506,0.003352074897498671,0.8684861163940663,0.14205872244263937,0.009275077283379257,0.06695020716524662,0.8898579914319656,VALID,docvqa,Trajectory LR,44
0.015352620760194457,1.5352620760194458,0.017365746693974227,1.7365746693974227,0.019525728606029077,0.03798155369006554,0.0040824463099344635,0.042064,0.004326142374408651,0.0009140396616431545,0.8493723849372387,0.14545213133893017,0.011445525887426271,0.060787897962157666,0.7409005316021263,VALID,docvqa,Trajectory LR (No Bias),44
0.028786509676836426,2.8786509676836425,0.02571811920125038,2.571811920125038,0.02987192020929546,0.03821980891340452,0.0038441910865954845,0.042064,0.006712169751237506,0.00332757633848777,0.8684861163940663,0.14205741685584736,0.009275096105137208,0.06633936331726192,0.8882335689342756,VALID,docvqa,Trajectory Platt (5D),44
0.024713438439503077,2.471343843950308,0.027459845508768923,2.745984550876892,0.03032556771095043,0.03898857554528374,0.003075424454716265,0.042064,0.0058510948288858725,0.003005006390976282,0.8740015214910611,0.14313132042099397,0.007951732308255115,0.06934492232888627,0.8193959175836704,VALID,docvqa,Trajectory Platt (17D),44
0.020068553200310597,2.0068553200310597,0.020897779081876962,2.0897779081876964,0.024456129681312316,0.03996294908838291,0.0021010509116170945,0.042064,0.005277714228565713,0.003674054988109993,0.8356789653860783,0.15110685764107953,0.010233413737774644,0.06708954767676248,0.9965150900603602,VALID,docvqa,VCPS-5D (Our Method),44
0.01911940600715818,1.911940600715818,0.020280946153918653,2.0280946153918653,0.024990934098507778,0.03990013979563809,0.002163860204361913,0.042064,0.005058389027431421,0.0036140359373884644,0.8396728794218334,0.15049365252005276,0.009968207665285266,0.06741430844589176,0.9953522374089496,VALID,docvqa,VCPS-17D (Our Method),44
0.7345296723544598,73.45296723544598,0.7345296723544597,73.45296723544597,0.6870066855276775,0.6258862507367471,-0.5838222507367471,0.042064,0.0017323501683501683,0.5863417736659812,0.8284518828451882,2.603901704908494,0.8571579275756783,0.24661600344804296,1.0,COLLAPSED,docvqa,Naive Confidence (NC),45
0.4873785470776852,48.73785470776852,0.48737854707768535,48.737854707768534,0.4873785470491846,0.2772219127035424,-0.23515791270354242,0.042064,0.0025443150627590394,0.2382170135573384,0.8284518828451882,0.7479247887650045,0.8571579275756783,0.0322640704605379,1.0,COLLAPSED,docvqa,Temperature Scaling (TS),45
0.0110484219651185,1.10484219651185,0.024957245424734112,2.495724542473411,0.016168951822039302,0.0392458742733248,0.002818125726675204,0.042064,0.0037236850861556746,0.001747693752247635,0.8284518828451882,0.1513577159418565,0.01080628115392683,0.04925132811897692,1.0,VALID,docvqa,Platt Scaling (1D),45
0.013917601807177722,1.3917601807177722,0.026508886136945468,2.650888613694547,0.01625271619461333,0.03893506597145609,0.003128934028543917,0.042064,0.003603669991843905,0.0007556203321860823,0.8284518828451882,0.1501798113960939,0.01080628115392683,0.04263703905665359,1.0,VALID,docvqa,Quadratic Platt (Logit-Only),45
0.009234029264241902,0.9234029264241902,0.026426134486506884,2.6426134486506885,0.01675556206821205,0.03917192415120297,0.0028920758487970336,0.042064,0.002898941486476014,0.0007619050281409812,0.8284518828451882,0.15074697668810308,0.01080628115392683,0.04479495349786475,1.0,VALID,docvqa,Beta Calibration,45
0.01745025043715421,1.7450250437154209,0.03153044761022664,3.1530447610226644,0.018154898932571828,0.0395284748808489,0.0025355251191511025,0.042064,0.002716765756550476,0.0004107077226502881,0.8284518828451882,0.15382002991459187,0.01080628115392683,0.034814620936380124,1.0,VALID,docvqa,Spline Calibration,45
0.48724699702789415,48.724699702789415,0.48724699702789404,48.7246997027894,0.48724699700519014,0.2770993158348798,-0.2350353158348798,0.042064,0.0025440972927241964,0.23809124095894874,0.8284518828451882,0.7476751732229261,0.8571727754788885,0.0321300336606061,0.9999990399961599,COLLAPSED,docvqa,Adaptive TS (ATS),45
0.00013823724859119563,0.013823724859119563,0.04230521269296086,4.230521269296085,0.010249705017475538,0.04216489795577676,-0.00010089795577675892,0.042064,0.0,1.9109536898064017e-08,0.4159851654621529,0.18227418625017866,0.05559253654540237,0.005817590321106655,-0.20922705383522766,COLLAPSED,docvqa,Probability Margin (1D),45
0.009899305924549708,0.9899305924549708,0.031729829648154254,3.1729829648154255,0.009280977257151993,0.04130878477467474,0.000755215225325262,0.042064,0.0007840000000000002,0.0001223231456744952,0.6849087105363255,0.17266061006258135,0.029666015758307487,0.01773966070897697,0.052311311699494566,COLLAPSED,docvqa,MSSC (Multi-Scale Proxy),45
5.563955651709945e-05,0.005563955651709945,0.03857144022744388,3.857144022744388,0.007039845502787132,0.0420375143126939,2.6485687306107564e-05,0.042064,0.0,3.0957602494195042e-09,0.7068276911373146,0.1801369656623062,0.0235784834912575,0.0007800067721000175,0.37189252757011027,COLLAPSED,docvqa,MSE-EIGEN (Multi-Scale),45
0.01410831024483733,1.410831024483733,0.02495060157616839,2.495060157616839,0.016664141843363407,0.03908213820803783,0.0029818617919621718,0.042064,0.0035684551798174993,0.0015474411142443346,0.8288322556104983,0.15056344381287354,0.01091913936130556,0.05066114594001574,0.9990280921123683,VALID,docvqa,Residual Calibrator,45
0.01399080744305022,1.3990807443050222,0.020153351906062746,2.0153351906062746,0.024157034773679267,0.037984542281635995,0.004079457718364009,0.042064,0.007000890645586298,0.0031212557349357406,0.8158995815899582,0.14951796655643051,0.015835269129875585,0.06236073093500867,0.8295849183396733,VALID,docvqa,Trajectory LR,45
0.009599630589969708,0.9599630589969708,0.01730183915578256,1.730183915578256,0.015961832731635792,0.03916807284194937,0.0028959271580506346,0.042064,0.0035415738890700503,0.0004936974227585897,0.7733929250665652,0.1592659293561038,0.02153345606327884,0.05900705791719998,0.6696472225888904,VALID,docvqa,Trajectory LR (No Bias),45
0.013666122135706246,1.3666122135706247,0.020336165157146754,2.0336165157146753,0.02424350780240557,0.03798995709534193,0.0040740429046580776,0.042064,0.0070217580314422415,0.0030971191477544924,0.8158995815899582,0.14958507175228794,0.01583168883604677,0.06178275377512165,0.8271995967983871,VALID,docvqa,Trajectory Platt (5D),45
0.011034992157539818,1.1034992157539818,0.020633168027678037,2.0633168027678037,0.02013923293751746,0.03807960564746417,0.003984394352535836,0.042064,0.007370159262168688,0.0032380615795726863,0.8075313807531381,0.1520586574900423,0.016623938637231314,0.06564011110321545,0.7202936651746606,VALID,docvqa,Trajectory Platt (17D),45
0.017536726402503876,1.7536726402503877,0.02000671762275928,2.000671762275928,0.021410113433078165,0.038620894310424855,0.003443105689575149,0.042064,0.0072307055904247556,0.004130365766405653,0.8369151768733358,0.14758248710204186,0.010597699264767599,0.06044818520556375,0.9962959211836846,VALID,docvqa,VCPS-5D (Our Method),45
0.013358698039901796,1.3358698039901795,0.023380008508265302,2.33800085082653,0.019976570938499295,0.03860827020912281,0.0034557297908771947,0.042064,0.006952084464555052,0.003888648940299908,0.8369151768733359,0.14753610276871304,0.01068620670162264,0.06082333357162252,0.994127080508322,VALID,docvqa,VCPS-17D (Our Method),45
0.7364644638746978,73.64644638746978,0.7364644638746978,73.64644638746978,0.6850461075634641,0.6304137528495344,-0.5883497528495344,0.042064,0.0014149618215500569,0.5902415893293751,0.8039178394826931,2.659623367055229,0.85115817860217,0.24754641031101893,1.0,COLLAPSED,docvqa,Naive Confidence (NC),46
0.4880672428753016,48.80672428753016,0.4880672428753016,48.80672428753016,0.4880672428846451,0.2780655377179813,-0.23600153771798132,0.042064,0.004019483500523525,0.24057386279038215,0.8039178394826931,0.7495979002065638,0.85115817860217,0.032094374407415964,1.0,COLLAPSED,docvqa,Temperature Scaling (TS),46
0.010401218189303708,1.040121818930371,0.021364404481580744,2.1364404481580745,0.01755693065811305,0.0386440880234024,0.003419911976597599,0.042064,0.0037269244651340753,0.0008378876524167336,0.8039178394826931,0.15254648186845393,0.012714580107958989,0.041801399637324155,1.0,VALID,docvqa,Platt Scaling (1D),46
0.013172898372534648,1.3172898372534647,0.022496663265211533,2.249666326521153,0.017687742897398037,0.0391806844869989,0.0028833155130010973,0.042064,0.0038297571515469686,0.00103934842822727,0.8039178394826931,0.15430156521918703,0.012714580107958989,0.042612192731055515,1.0,VALID,docvqa,Quadratic Platt (Logit-Only),46
0.013907437675749094,1.3907437675749095,0.021674276098329923,2.1674276098329925,0.018357677799542456,0.03901679522759566,0.0030472047724043397,0.042064,0.004356830428684808,0.0014587070012499152,0.8039178394826931,0.15327711597040503,0.012714580107958989,0.04083111911085192,1.0,VALID,docvqa,Beta Calibration,46
0.008236061397141193,0.8236061397141192,0.027412708608986567,2.741270860898657,0.017120828465194835,0.04001502227876422,0.00204897772123578,0.042064,0.0018235588235294118,7.870907053935148e-05,0.8039178394826931,0.1592990566670515,0.012714580107958989,0.03669785905327956,1.0,VALID,docvqa,Spline Calibration,46
0.4879313142615162,48.79313142615162,0.48793131426151626,48.793131426151625,0.4879313142715096,0.2779372700671494,-0.23587327006714942,0.042064,0.004019070927356252,0.24044333491706896,0.8039178394826931,0.7493371282797311,0.8511407064922591,0.03196183765736559,0.9999996159984456,COLLAPSED,docvqa,Adaptive TS (ATS),46
8.000486573571386e-05,0.008000486573571386,0.040500338502180266,4.050033850218027,0.007047556233462647,0.042032275434112816,3.17245658871812e-05,0.042064,0.0,6.400778541389602e-09,0.45416508178014453,0.180044900585501,0.03902019735235804,0.0017593833496676566,-0.3499029022527628,COLLAPSED,docvqa,Probability Margin (1D),46
0.0020527839731790654,0.20527839731790654,0.035474057844888156,3.5474057844888156,0.004439040363244068,0.0415618392693469,0.0005021607306530951,0.042064,0.0004034890491664686,4.228482682165122e-06,0.6558101939901103,0.17499571209314893,0.026336909316499707,0.01908307468518904,-0.002867251376163562,COLLAPSED,docvqa,MSSC (Multi-Scale Proxy),46
8.52771725216167e-06,0.0008527717252161671,0.03687331328002013,3.687331328002013,0.007156495112861233,0.042040626386557894,2.3373613442102814e-05,0.042064,0.0,7.27219615328158e-11,0.6938950171167745,0.18017611535535583,0.027372678103176826,0.0008861442558969916,0.37903712524539207,COLLAPSED,docvqa,MSE-EIGEN (Multi-Scale),46
0.014226597542893285,1.4226597542893284,0.02523269201620325,2.5232692016203253,0.018771886601059176,0.03844728890242376,0.0036167110975762404,0.042064,0.005473706574223103,0.0021894814114230008,0.8048687713959681,0.15179867532040664,0.01273781686408875,0.04255651237612832,0.9990470761654348,VALID,docvqa,Residual Calibrator,46
0.016755932153125173,1.6755932153125173,0.03192936001892242,3.1929360018922424,0.021248208385523087,0.03778468735263297,0.004279312647367028,0.042064,0.0068035810602590265,0.002501553148041009,0.8114302015975656,0.1488999929653946,0.013653875772415803,0.04914368972654984,0.8435041302606204,VALID,docvqa,Trajectory LR,46
0.00870902500685438,0.8709025006854381,0.0202347806078569,2.02347806078569,0.01485945779971677,0.03897308631030095,0.0030909136896990486,0.042064,0.0033807253958383515,0.00044492590272583927,0.8213198934956256,0.15117068600909636,0.013090422513981436,0.05318577371239533,0.6263186163061122,VALID,docvqa,Trajectory LR (No Bias),46
0.016948602351360025,1.6948602351360025,0.03204294135142118,3.2042941351421184,0.02130465603257495,0.03781214677533923,0.004251853224660769,0.042064,0.0068035810602590265,0.002523769332535662,0.8109547356409281,0.14902012866176523,0.01369491814271466,0.048838961517377454,0.84126578525352,VALID,docvqa,Trajectory Platt (5D),46
0.015606818845408267,1.5606818845408268,0.023254241211252517,2.3254241211252515,0.020812704057716607,0.03844294774779799,0.003621052252202009,0.042064,0.005465916898693511,0.0019264012296868883,0.8068657284138455,0.15065752760874576,0.013309221038650105,0.053501573577291336,0.7699032740907752,VALID,docvqa,Trajectory Platt (17D),46
0.011050734119048389,1.1050734119048389,0.025053966214132584,2.5053966214132584,0.019164156279034533,0.03762407509393918,0.0044399249060608145,0.042064,0.008023056976778497,0.003792866517674263,0.8111449220235831,0.14864787064910814,0.012487143719152832,0.044994513639193844,0.99663708246762,VALID,docvqa,VCPS-5D (Our Method),46
0.013782305475544607,1.3782305475544607,0.024851868084430975,2.4851868084430975,0.01920225417376534,0.03757741960673853,0.004486580393261469,0.042064,0.00816257978279031,0.0039431384794388355,0.8144731837200456,0.14817190481471865,0.012254375680600742,0.04542373959216052,0.9947687709495345,VALID,docvqa,VCPS-17D (Our Method),46
0.750796953573823,75.0796953573823,0.750796953573823,75.0796953573823,0.6990772162754217,0.649398628416483,-0.607334628416483,0.042064,0.001508624940277114,0.6091938985912264,0.756276150627615,2.8099369901590077,0.8887239687816538,0.2397945792801119,1.0,COLLAPSED,docvqa,Naive Confidence (NC),47
0.48991646862708155,48.99164686270815,0.4899164686270816,48.99164686270816,0.48991646866343613,0.2806904742211708,-0.23862647422117084,0.042064,0.0016701991016119457,0.24024867502741298,0.756276150627615,0.7549279410087932,0.8887239687816538,0.03218971471677706,1.0,COLLAPSED,docvqa,Temperature Scaling (TS),47
0.010471025365894338,1.0471025365894338,0.03361126313540725,3.361126313540725,0.022612907735144756,0.0415488980437227,0.0005151019562773043,0.042064,0.0012777444711234679,0.0011511997828636822,0.756276150627615,0.16486223787625484,0.015705227787050104,0.05072298317534121,1.0,COLLAPSED,docvqa,Platt Scaling (1D),47
0.012430343546131243,1.2430343546131242,0.031115672597254923,3.111567259725492,0.021527443183338265,0.04097684313127241,0.0010871568687275956,0.042064,0.0018039343665287953,0.0008342482689455517,0.756276150627615,0.16301805949769216,0.015701227787050104,0.04743963285784231,1.0,VALID,docvqa,Quadratic Platt (Logit-Only),47
0.012666527626590615,1.2666527626590616,0.031154585350904172,3.115458535090417,0.02162785761414068,0.04116220777602851,0.0009017922239714926,0.042064,0.0017945427343625656,0.0009714591581471246,0.756276150627615,0.16383022832925892,0.015701227787050104,0.04791689066745688,1.0,COLLAPSED,docvqa,Beta Calibration,47
0.005990447184251212,0.5990447184251212,0.02689192715370656,2.6891927153706563,0.015370321019041932,0.040377793614890196,0.0016862063851098077,0.042064,0.0016752279944615273,3.643719626166546e-05,0.756276150627615,0.1608277863745235,0.015701227787050104,0.03863696016697536,1.0,VALID,docvqa,Spline Calibration,47
0.4897754203532939,48.97754203532939,0.48977542035329397,48.9775420353294,0.4897754203792828,0.28055393066444606,-0.23848993066444607,0.042064,0.0016701991016119457,0.2401131728579892,0.756276150627615,0.754649594775616,0.8887307316552517,0.03205488789321047,0.9999990399961599,COLLAPSED,docvqa,Adaptive TS (ATS),47
7.708301501114373e-05,0.007708301501114373,0.03066554300830346,3.066554300830346,0.0072259071465308146,0.04203514601696934,2.8853983030666108e-05,0.042064,0.0,5.941791203208209e-09,0.4690947128185622,0.18007129818343662,0.04008527625872533,0.0020087121677071734,-0.3062765988214811,COLLAPSED,docvqa,Probability Margin (1D),47
0.00027937785624852703,0.027937785624852704,0.019621635063485392,1.9621635063485392,0.0030056223743639317,0.04161359806928826,0.00045040193071174683,0.042064,0.00032385958221374707,1.353299337841135e-07,0.6653195131228605,0.1754057317780709,0.024364647326436624,0.018261913314830985,-0.03464366485981991,COLLAPSED,docvqa,MSSC (Multi-Scale Proxy),47
2.855461219094385e-05,0.002855461219094385,0.028838394097370754,2.8838394097370754,0.007876553705176642,0.04205878941805517,5.21058194483115e-06,0.042064,0.0,8.153658773751992e-10,0.5739825028527957,0.18039487184025238,0.04014576643750915,0.0011048743140784866,0.29284581138324556,COLLAPSED,docvqa,MSE-EIGEN (Multi-Scale),47
0.012402858851933195,1.2402858851933196,0.0334980295341195,3.34980295341195,0.02197646301173597,0.041386108375321584,0.00067789162467842,0.042064,0.0016534015349526062,0.0015661741410695315,0.7579878280715101,0.16409277416822712,0.015735249394303548,0.051306260871808056,0.999316093264373,COLLAPSED,docvqa,Residual Calibrator,47
0.009197740816191265,0.9197740816191265,0.01812253088833211,1.8122530888332111,0.01722142514387438,0.03928433829360807,0.0027796617063919338,0.042064,0.003950654661864746,0.0014709109176569654,0.7632179535945227,0.15923396524465525,0.017110179701965666,0.05688538018945688,0.8583942495769982,VALID,docvqa,Trajectory LR,47
0.015093367170344282,1.5093367170344283,0.035981977118348676,3.598197711834868,0.024202488474200208,0.04070186178368713,0.0013621382163128762,0.042064,0.00464782731958763,0.0029769503996565343,0.7291745910992773,0.16926549041443092,0.02820530867711372,0.061185489949746576,0.700628466513866,VALID,docvqa,Trajectory LR (No Bias),47
0.008268249095650392,0.8268249095650392,0.022074904096079994,2.2074904096079995,0.01727222731357415,0.03925849186900042,0.0028055081309995844,0.042064,0.003936697354803991,0.0013972162744497374,0.7634081399771776,0.15914869686382888,0.0170410261006178,0.05641293409798598,0.8561016644066575,VALID,docvqa,Trajectory Platt (5D),47
0.018202996581443587,1.8202996581443587,0.024773478688322942,2.477347868832294,0.02207557585604578,0.03966898424824926,0.0023950157517507453,0.042064,0.005198725828327843,0.0030003218885522893,0.75190186382655,0.16161067598165438,0.018956393975209106,0.061541877281703634,0.793129348517394,VALID,docvqa,Trajectory Platt (17D),47
0.008016298205055861,0.8016298205055861,0.024592652214578743,2.4592652214578745,0.019333290237246486,0.040705422894169854,0.00135857710583015,0.042064,0.002097116883116883,0.0012468852940363748,0.7683529859262077,0.16108107940269162,0.015278541751009364,0.05360529918438057,0.9962045288181153,VALID,docvqa,VCPS-5D (Our Method),47
0.0037218568106247374,0.37218568106247374,0.025465609526797092,2.5465609526797093,0.021447070861544643,0.04068843873182555,0.0013755612681744522,0.042064,0.0023194296332468716,0.0012273180262379114,0.7709205020920502,0.16082305369720493,0.015056071197606857,0.054492334356683846,0.9943282013128052,VALID,docvqa,VCPS-17D (Our Method),47
0.7446948131769895,74.46948131769895,0.7446948131769896,74.46948131769896,0.7007186808680482,0.6370849285328332,-0.5950209285328332,0.042064,0.001962908135916392,0.5975421717642034,0.8459490300494485,2.6394919175533547,0.8548527468309103,0.23748216769322952,1.0,COLLAPSED,docvqa,Naive Confidence (NC),48
0.48817733590956697,48.8177335909567,0.4881773359095671,48.817733590956706,0.48817733740725416,0.2777848875019871,-0.2357208875019871,0.042064,0.003826625493318563,0.2400327215157194,0.8459490300494485,0.7490261138865375,0.8548527468309103,0.03154987568000824,1.0,COLLAPSED,docvqa,Temperature Scaling (TS),48
0.01909018289401134,1.909018289401134,0.026420074012728445,2.6420074012728447,0.022747177247422742,0.0384318517718434,0.0036321482281566064,0.042064,0.004139199333632199,0.0007748114979671532,0.8459490300494485,0.1477742510890079,0.009999121370553086,0.040029909759172186,1.0,VALID,docvqa,Platt Scaling (1D),48
0.022692517093117207,2.2692517093117206,0.025568424629891034,2.5568424629891036,0.022277523441547743,0.03862626734510885,0.003437732654891154,0.042064,0.0048711358773270525,0.0012102403426061266,0.8459490300494485,0.1476997038947208,0.009999121370553086,0.04020130685020231,1.0,VALID,docvqa,Quadratic Platt (Logit-Only),48
0.025912904310518008,2.591290431051801,0.02742754143175948,2.7427541431759477,0.02292392471414689,0.03871892679531776,0.0033450732046822473,0.042064,0.004622856469201297,0.0011443330789396222,0.8459490300494485,0.14866936398540023,0.009999121370553086,0.038782311010719,1.0,VALID,docvqa,Beta Calibration,48
0.019691132365921873,1.9691132365921873,0.02990179445573086,2.9901794455730863,0.02490968455239572,0.03938845871327469,0.0026755412867253137,0.042064,0.002804334809698972,0.00046108086580564625,0.8459490300494485,0.15243311862070616,0.009999121370553086,0.03453386839943571,1.0,VALID,docvqa,Spline Calibration,48
0.48804238802124617,48.804238802124615,0.4880423880212462,48.80423880212462,0.48804239030537944,0.2776598324189604,-0.23559583241896043,0.042064,0.003826625493318563,0.23990653069226506,0.8459490300494485,0.7487719066090406,0.8548461845000649,0.0314184726765113,0.999999231996928,COLLAPSED,docvqa,Adaptive TS (ATS),48
4.905882833044356e-05,0.004905882833044356,0.056378106130786476,5.637810613078647,0.007235533794319844,0.042033825705491606,3.0174294508397703e-05,0.042064,0.0,2.406768637155932e-09,0.5205401293267402,0.1800508895650948,0.032670763527066014,0.002427141872650295,-0.2759639544266136,COLLAPSED,docvqa,Probability Margin (1D),48
0.011639881198057794,1.1639881198057793,0.0330667017611276,3.3066701761127604,0.010935594637763483,0.041235337736689005,0.0008286622633109988,0.042064,0.0009174832676869418,0.0002584351767931914,0.7366869532141498,0.17166591278013169,0.01758930119681748,0.014865557545139522,0.03818693283835063,COLLAPSED,docvqa,MSSC (Multi-Scale Proxy),48
1.6680978144348324e-05,0.0016680978144348324,0.0444237556609083,4.44237556609083,0.006974434154984635,0.042035949920411236,2.8050079588767818e-05,0.042064,0.0,2.7825503185222646e-10,0.7552301255230125,0.18011880379496706,0.01771004890431269,0.0006228602998065463,0.381753591014364,COLLAPSED,docvqa,MSE-EIGEN (Multi-Scale),48
0.025725813553464264,2.5725813553464265,0.026245840644953375,2.6245840644953375,0.023548626337952818,0.03819845310832056,0.003865546891679443,0.042064,0.004977937867338371,0.0011824132838425263,0.8499429440852035,0.14673342096287711,0.009865663512570219,0.04081526537025995,0.9991416605666422,VALID,docvqa,Residual Calibrator,48
0.025169282755628252,2.516928275562825,0.03141321559578882,3.1413215595788824,0.029248449038838283,0.03625683550643885,0.005807164493561154,0.042064,0.0081553355587244,0.00244507608635595,0.8694370483073413,0.138650935705786,0.012083647318021877,0.04854420050029515,0.8708222672890691,VALID,docvqa,Trajectory LR,48
0.027259834318749857,2.725983431874986,0.0324309634147109,3.2430963414710896,0.03332409960860724,0.0368253367114901,0.005238663288509901,0.042064,0.009169196484926425,0.0038802688678491607,0.8690566755420313,0.14240143866118654,0.015711605707295274,0.049216626716211534,0.6885830103320413,VALID,docvqa,Trajectory LR (No Bias),48
0.02532681963592768,2.532681963592768,0.03156163492053748,3.156163492053748,0.029329441145134198,0.036292370097999606,0.005771629902000398,0.042064,0.008143517836752287,0.002472938650953808,0.8689615823507036,0.13882162046439633,0.012109815665980234,0.048232329835923876,0.8688413953655815,VALID,docvqa,Trajectory Platt (5D),48
0.01772817158965336,1.7728171589653359,0.02327159768329875,2.327159768329875,0.024059560207366184,0.03734161539801889,0.004722384601981114,0.042064,0.005055518159260095,0.0008818256230709359,0.8566945606694562,0.14190596490341453,0.010590122872155005,0.05232637888862521,0.8209006276025104,VALID,docvqa,Trajectory Platt (17D),48
0.024836686399813217,2.483668639981322,0.030312115000748565,3.0312115000748565,0.024226656074445137,0.03728460957319808,0.004779390426801922,0.042064,0.007195586120057891,0.0022041824617158425,0.858786610878661,0.14277384472288634,0.009466285077111919,0.0431285155741412,0.997377173508694,VALID,docvqa,VCPS-5D (Our Method),48
0.023466263736166892,2.3466263736166892,0.030220214039016886,3.0220214039016886,0.02503801048838915,0.03737187878374313,0.004692121216256874,0.042064,0.006800264759068184,0.00209107145170569,0.8560289083301635,0.14306461813842106,0.009643647628155961,0.043717044086943706,0.9949570998283992,VALID,docvqa,VCPS-17D (Our Method),48
0.753777758911252,75.3777758911252,0.7537777589112521,75.37777589112521,0.7026110911962845,0.6540418166074968,-0.6119778166074968,0.042064,0.0016276433883898388,0.6137283369286566,0.7796690756941803,2.8559328547080334,0.8817789004768967,0.2401544560680241,1.0,COLLAPSED,docvqa,Naive Confidence (NC),49
0.49064959382975154,49.064959382975154,0.4906495938297515,49.06495938297515,0.49064959385452833,0.2811503320347085,-0.23908633203470853,0.042064,0.0015599943813109508,0.24085384385366104,0.7796690756941803,0.755870662016013,0.8817789004768967,0.03307624138309008,1.0,COLLAPSED,docvqa,Temperature Scaling (TS),49
0.01393059590683292,1.393059590683292,0.024616377275185432,2.4616377275185433,0.01336377025887018,0.04113908533155797,0.0009249146684420367,0.042064,0.002387735872450682,0.0015672677325600196,0.7796690756941803,0.1615825247477668,0.015633433140824396,0.05585640260335489,1.0,COLLAPSED,docvqa,Platt Scaling (1D),49
0.006273448176863361,0.6273448176863361,0.022323722800393107,2.2323722800393107,0.010661203426768118,0.040435987575472274,0.0016280124245277305,0.042064,0.0018086836268754077,0.0002775962766678263,0.7796690756941803,0.1596969317155753,0.015629433140824395,0.04988117261530769,1.0,VALID,docvqa,Quadratic Platt (Logit-Only),49
0.004681030654446512,0.4681030654446512,0.0230913827214384,2.30913827214384,0.011843069435438369,0.04065259695406139,0.0014114030459386126,0.042064,0.001868074074074074,0.0005071408412392801,0.7796690756941803,0.16152978302518195,0.015629433140824395,0.05056628088353364,1.0,VALID,docvqa,Beta Calibration,49
0.0036381562046540208,0.36381562046540206,0.02629343505514328,2.6293435055143277,0.011875480851593513,0.04021072393498059,0.0018532760650194144,0.042064,0.00131110845742684,1.9089702877638104e-05,0.7796690756941803,0.15988770839846012,0.015629433140824395,0.036574823423565966,1.0,VALID,docvqa,Spline Calibration,49
0.49050486497915163,49.050486497915166,0.4905048649791515,49.05048649791515,0.49050486499080165,0.28101076657570456,-0.23894676657570457,0.042064,0.0015599943813109508,0.2407143143410502,0.7796690756941803,0.7555859571603335,0.8817736771033172,0.032938576436304996,0.999998847995392,COLLAPSED,docvqa,Adaptive TS (ATS),49
6.411721197126241e-05,0.006411721197126241,0.046438619851466426,4.643861985146643,0.00703269314970426,0.04203217383859733,3.1826161402674635e-05,0.042064,0.0,4.111016870967796e-09,0.4609166983643971,0.18004506149780247,0.03726972850515457,0.00172145839409235,-0.33518538786547586,COLLAPSED,docvqa,Probability Margin (1D),49
0.02115695332591789,2.115695332591789,0.026607911368249255,2.6607911368249257,0.018270434177967063,0.04106977116193787,0.0009942288380621334,0.042064,0.0017400238182039129,0.000863110976608765,0.7695416508178015,0.17009785102028735,0.015195053854448868,0.012985739167792821,0.04146287845013448,COLLAPSED,docvqa,MSSC (Multi-Scale Proxy),49
3.883834020099869e-05,0.003883834020099869,0.03870756073408263,3.870756073408263,0.0069686288914753486,0.042035865715629665,2.813428437033888e-05,0.042064,0.0,1.5084166695685109e-09,0.750190186382655,0.18011837189985777,0.0175039290537126,0.000588080900999763,0.41993054372217486,COLLAPSED,docvqa,MSE-EIGEN (Multi-Scale),49
0.013738219516053243,1.3738219516053243,0.024770231886710344,2.4770231886710343,0.013065456351606861,0.04096197399796287,0.0011020260020371334,0.042064,0.002531301881382474,0.001532298040158578,0.7842335488779003,0.16052225285517455,0.01517930455383602,0.05647913240849495,0.9995913263653055,VALID,docvqa,Residual Calibrator,49
0.023458037928938105,2.3458037928938102,0.02231423142498798,2.231423142498798,0.02729118005931284,0.03839248823476342,0.0036715117652365847,0.042064,0.006722773151730898,0.0030590207917522583,0.8427158615443134,0.14656510983288565,0.011620347491300096,0.057694955888499475,0.9154200136800548,VALID,docvqa,Trajectory LR,49
0.01500681520063162,1.500681520063162,0.018239776873332246,1.8239776873332245,0.02110697332765799,0.039771644507519924,0.0022923554924800804,0.042064,0.003917490990990991,0.0015461648560213988,0.8166603271205782,0.1537338788684565,0.014094492624502086,0.06276647604853358,0.7621698006792027,VALID,docvqa,Trajectory LR (No Bias),49
0.024078022170579062,2.407802217057906,0.022575943846022718,2.257594384602272,0.027384975237820623,0.03836674650921715,0.0036972534907828564,0.042064,0.006957919413919414,0.0032415231374143,0.8437618866489159,0.14650719682354565,0.011549384195317943,0.057160845279534134,0.9135782463129852,VALID,docvqa,Trajectory Platt (5D),49
0.016866010695899606,1.6866010695899607,0.02038974274529028,2.038974274529028,0.025401207143908342,0.038695295069898536,0.003368704930101468,0.042064,0.004354610377819681,0.0014282615262898395,0.8476607074933434,0.1463826280378871,0.010568344692573088,0.05889747867169361,0.8597917271669085,VALID,docvqa,Trajectory Platt (17D),49
0.012502903304349553,1.2502903304349553,0.02864886758104529,2.8648867581045288,0.012565689281962125,0.04008938245064429,0.0019746175493557117,0.042064,0.0031665051695154785,0.0014709953884897674,0.800494484594903,0.1561152814038216,0.014485818797438854,0.05840934569989574,0.9980090480361921,VALID,docvqa,VCPS-5D (Our Method),49
0.014257441036521348,1.4257441036521348,0.028219219428711664,2.821921942871166,0.012639527039107909,0.040095772210494283,0.0019682277895057207,0.042064,0.003316426164033213,0.0015581652951845806,0.801255230125523,0.15587636550106576,0.014296814352834558,0.058370301443718624,0.9964657458629835,VALID,docvqa,VCPS-17D (Our Method),49
0.7429177180081606,74.29177180081606,0.7429177180081605,74.29177180081605,0.6843326029874243,0.642812433194678,-0.600748433194678,0.042064,0.0013270341880341878,0.6021756335953818,0.7328832255610498,2.8095350708040248,0.8798099644947145,0.2529271241600854,1.0,COLLAPSED,docvqa,Naive Confidence (NC),50
0.48951338853426785,48.95133885342678,0.48951338853426785,48.95133885342678,0.48951338853097237,0.2805050679351836,-0.2384410679351836,0.042064,0.0019612363340784393,0.2402678972050605,0.7328832255610498,0.7545543647366842,0.8798099644947145,0.03272836883402308,1.0,COLLAPSED,docvqa,Temperature Scaling (TS),50
0.018656541793397957,1.8656541793397956,0.02678892992739351,2.678892992739351,0.020991305668080138,0.041599183845151474,0.00046481615484852967,0.042064,0.0028071235431235426,0.0023016582252388877,0.7328832255610498,0.16813134452523892,0.0163098546270066,0.05189625528998449,1.0,COLLAPSED,docvqa,Platt Scaling (1D),50
0.010475600544727116,1.0475600544727115,0.025603362272770904,2.5603362272770904,0.018819451715760407,0.04121782807277613,0.0008461719272238738,0.042064,0.001302786154575628,0.0006895522094932774,0.7328832255610498,0.1667214659742678,0.0163098546270066,0.048234660753491025,1.0,COLLAPSED,docvqa,Quadratic Platt (Logit-Only),50
0.011820890189056516,1.1820890189056517,0.024927317520914104,2.4927317520914105,0.019683297188517808,0.04137174826493342,0.0006922517350665819,0.042064,0.0016410360892852006,0.0008090913633427425,0.7328832255610498,0.1661667890077024,0.0163098546270066,0.04973265333351168,1.0,COLLAPSED,docvqa,Beta Calibration,50
0.01126907874422306,1.126907874422306,0.027294195768784123,2.729419576878412,0.008845717912648716,0.04111452057771224,0.0009494794222877634,0.042064,0.0005744385822948697,0.00017994594069684799,0.7328832255610498,0.1672930915063888,0.0163098546270066,0.04018726623886704,1.0,COLLAPSED,docvqa,Spline Calibration,50
0.489372606943249,48.937260694324905,0.489372606943249,48.937260694324905,0.4893726069519889,0.28036777873347535,-0.23830377873347536,0.042064,0.001960761133603239,0.2401307804270548,0.7328832255610498,0.7542745594325672,0.8798115589672098,0.032591984276054614,0.999999807999232,COLLAPSED,docvqa,Adaptive TS (ATS),50
0.0003049130624951518,0.030491306249515182,0.03855918893783654,3.8559188937836537,0.007561896636816946,0.04204222979249106,2.1770207508944872e-05,0.042064,0.0,9.297197568017236e-08,0.4817421072651198,0.1801511631147384,0.03913987393658716,0.002194792984960712,-0.2929533976425324,COLLAPSED,docvqa,Probability Margin (1D),50
0.0037651949469488504,0.37651949469488505,0.021080295096361185,2.1080295096361183,0.007777900390600888,0.04186912123914995,0.00019487876085005212,0.042064,0.00019154442406566643,2.5395807661683244e-05,0.5998953974895398,0.1782176494040403,0.031242174945192134,0.01965657059233064,0.06857831436239331,COLLAPSED,docvqa,MSSC (Multi-Scale Proxy),50
7.770857378797125e-06,0.0007770857378797125,0.034848541108595726,3.4848541108595725,0.007454302145004378,0.042047477654796855,1.652234520314877e-05,0.042064,0.0,6.038622440160572e-11,0.5954735640928109,0.18025354287927667,0.03237663231070221,0.0009913805819575746,0.423001404005616,COLLAPSED,docvqa,MSE-EIGEN (Multi-Scale),50
0.018376902214042316,1.8376902214042317,0.031425494739472176,3.1425494739472177,0.02099379321869946,0.041563705074803094,0.0005002949251969105,0.042064,0.0023804504732628123,0.002031122131635723,0.7339292506656523,0.1678079809318964,0.01629015910340571,0.05323874494056679,0.9991684446737785,COLLAPSED,docvqa,Residual Calibrator,50
0.021363211955508606,2.1363211955508605,0.02343200140567679,2.3432001405676792,0.01853326972475888,0.041352527404173764,0.0007114725958262402,0.042064,0.0028782636020785474,0.002503128141340146,0.7347850893875998,0.1681787815120087,0.017881182424670593,0.06522869514246417,0.866947307789231,COLLAPSED,docvqa,Trajectory LR,50
0.018259401849876768,1.8259401849876769,0.02697815701894864,2.697815701894864,0.022154725336852338,0.042574808035425835,-0.0005108080354258304,0.042064,0.002768578695980071,0.0028379704426646285,0.7243248383415747,0.1737190316176036,0.020313452019925727,0.06821558796354438,0.6818865995463982,COLLAPSED,docvqa,Trajectory LR (No Bias),50
0.02254717169236392,2.2547171692363923,0.023267494269646704,2.3267494269646702,0.018535303754872407,0.04131946752991435,0.000744532470085657,0.042064,0.003207318495243083,0.0027063382449373503,0.7343096234309624,0.16805812774537116,0.01791602545074406,0.06473886271529063,0.8651644846579386,COLLAPSED,docvqa,Trajectory Platt (5D),50
0.018489101726532682,1.8489101726532682,0.02428329043931444,2.428329043931444,0.02092691105183606,0.04177239964125916,0.00029160035874084556,0.042064,0.0019233193654977989,0.0021605151039632868,0.7149106124001521,0.17220533743281516,0.020726866995481753,0.06609412797300443,0.7779882639530558,COLLAPSED,docvqa,Trajectory Platt (17D),50
0.010300630759066995,1.0300630759066995,0.03452293305879702,3.452293305879702,0.018654599269275415,0.04163159716733406,0.00043240283266594154,0.042064,0.001981460317460318,0.001281368038951109,0.7389691898060098,0.16740098312712257,0.016036315039648415,0.06154459987037836,0.9955532622130487,COLLAPSED,docvqa,VCPS-5D (Our Method),50
0.01060842099201196,1.060842099201196,0.028189986758084675,2.8189986758084675,0.018347927596983327,0.041658697528901126,0.0004053024710988784,0.042064,0.0019510718462823727,0.0013452227832801223,0.741441612780525,0.16732048982852712,0.015902960553180457,0.06187045228703956,0.9937529670118681,COLLAPSED,docvqa,VCPS-17D (Our Method),50
0.7328053069412709,73.2805306941271,0.7328053069412709,73.2805306941271,0.6796233631294909,0.6263698482252846,-0.5843058482252846,0.042064,0.00152721488628044,0.5857379939041512,0.7635983263598326,2.6852134572180155,0.8673474702506614,0.2493582762948443,1.0,COLLAPSED,docvqa,Naive Confidence (NC),51
0.48798913766380825,48.79891376638083,0.48798913766380825,48.79891376638083,0.48799152641803145,0.2785806750879622,-0.2365166750879622,0.042064,0.001693835953520164,0.23832372167383947,0.7635983263598326,0.750665024631701,0.8673474702506614,0.03258710562603375,1.0,COLLAPSED,docvqa,Temperature Scaling (TS),51
0.009093959023433152,0.9093959023433151,0.020396613289598776,2.0396613289598777,0.010290521564206675,0.04019271464947358,0.0018712853505264207,0.042064,0.0026679567877131325,0.0012372764302046898,0.7635983263598326,0.16134392062288913,0.015474308636344476,0.04725525701545447,1.0,VALID,docvqa,Platt Scaling (1D),51
0.004254908344599377,0.4254908344599377,0.017948962393020643,1.7948962393020642,0.009234036482758204,0.04027699341270697,0.0017870065872930344,0.042064,0.0021497578581716513,0.00034637254480945407,0.7635983263598326,0.16122920973816615,0.015474308636344476,0.045682966985300166,1.0,VALID,docvqa,Quadratic Platt (Logit-Only),51
0.004624952329477581,0.46249523294775813,0.018101565676064392,1.8101565676064393,0.00906677522004674,0.04015649294828104,0.0019075070517189652,0.042064,0.0019731428571428573,0.0004052176479153307,0.7635983263598326,0.1609513322101509,0.015474308636344476,0.04528178739686224,1.0,VALID,docvqa,Beta Calibration,51
0.0011330840667887999,0.11330840667888,0.020960344149829772,2.0960344149829773,0.004894454696442318,0.0404278965087955,0.0016361034912045075,0.042064,0.0012159563239308466,2.571240138950425e-06,0.7635983263598326,0.1616698751726344,0.015474308636344476,0.039074724062516594,1.0,VALID,docvqa,Spline Calibration,51
0.48785436406319643,48.78543640631964,0.48785436406319643,48.78543640631964,0.4878564798670793,0.2784514635631674,-0.23638746356316742,0.042064,0.001693835953520164,0.23819500967491253,0.7635983263598326,0.7504018950550544,0.8673648314264559,0.03245145904873655,0.999999903999616,COLLAPSED,docvqa,Adaptive TS (ATS),51
0.00014131079620280373,0.014131079620280373,0.038557434969069944,3.8557434969069946,0.007051666563372821,0.04203284295285987,3.115704714013595e-05,0.042064,0.0,1.996874112347033e-08,0.4469379992392545,0.1800545357299354,0.038992764094067274,0.0016983300405628867,-0.31829242262616697,COLLAPSED,docvqa,Probability Margin (1D),51
0.0008966723773805624,0.08966723773805624,0.02065425549928482,2.065425549928482,0.003550020926411766,0.041670078131074775,0.00039392186892522885,0.042064,0.00028002515933316633,3.046478949786784e-06,0.6572841384556867,0.17592893414592675,0.020535364644180338,0.019057667194079732,0.05936178572510153,COLLAPSED,docvqa,MSSC (Multi-Scale Proxy),51
3.12790388555112e-05,0.00312790388555112,0.02679801337527825,2.6798013375278247,0.0071647028243798485,0.042040410879550454,2.3589120449550582e-05,0.042064,0.0,9.783782717245794e-10,0.6206732597945986,0.18016996613077169,0.02876365533260415,0.0008702826978495504,0.3768715874863499,COLLAPSED,docvqa,MSE-EIGEN (Multi-Scale),51
0.010846000291168426,1.0846000291168425,0.023170456518005266,2.3170456518005267,0.0105199093414612,0.04007647471143651,0.0019875252885634964,0.042064,0.0029026946386946388,0.0013878985221389161,0.7673069608216052,0.1605354811231036,0.0152778772071481,0.048292683942226355,0.9992205728822915,VALID,docvqa,Residual Calibrator,51
0.012031365531575754,1.2031365531575755,0.022206718305156376,2.2206718305156374,0.018813485543815015,0.03875819041335852,0.0033058095866414852,0.042064,0.005004854811692872,0.0015862817104321883,0.8071510079878281,0.1521233301738168,0.012404708512431998,0.05738404945015159,0.8748009072036288,VALID,docvqa,Trajectory LR,51
0.011090474870961167,1.1090474870961167,0.026075397562367063,2.607539756236706,0.01676332585264135,0.040200319091447057,0.0018636809085529477,0.042064,0.0026826372466405603,0.001184949629783878,0.799163179916318,0.15571131258909696,0.012936119651128989,0.061411169720007396,0.7135231420925684,VALID,docvqa,Trajectory LR (No Bias),51
0.01245105768297799,1.245105768297799,0.022345739876152945,2.2345739876152946,0.01873175674281213,0.03874441431797409,0.003319585682025915,0.042064,0.005024576674052544,0.0015873940847246225,0.8076264739444656,0.15210720761588215,0.01239553716325836,0.0570056055394554,0.87225526502106,VALID,docvqa,Trajectory Platt (5D),51
0.012681197026860902,1.2681197026860902,0.02158030065346975,2.158030065346975,0.019646480855357248,0.03921728777006827,0.0028467122299317346,0.042064,0.00502620308225671,0.002119293208920617,0.7930772156713579,0.15507599240417774,0.01333404887213919,0.05933750903640485,0.8087944031776126,VALID,docvqa,Trajectory Platt (17D),51
0.020310790162344522,2.031079016234452,0.01747502984147853,1.7475029841478529,0.016566980115382015,0.039753728398833815,0.002310271601166189,0.042064,0.0047212205160789295,0.0028459332344681547,0.7751996957017877,0.15850737124153214,0.014854002527259992,0.05436907776574256,0.9963467053868216,VALID,docvqa,VCPS-5D (Our Method),51
0.02343656705548764,2.343656705548764,0.021437050833098166,2.1437050833098166,0.015818374300875675,0.03994330821331817,0.0021206917866818317,0.042064,0.004048415584415584,0.0026553481885234634,0.7739634842145302,0.15922252150322252,0.014748042591478555,0.05539560662429261,0.9941862167448668,VALID,docvqa,VCPS-17D (Our Method),51
0.3253560257520546,32.53560257520546,0.3242636335458626,32.42636335458626,0.3234329383803959,0.3221379266117762,-0.10036167661177617,0.221776,0.005878249488752559,0.10683776895652504,0.6854844527811846,3.137617890497594,0.23341603768362454,0.05381805742421909,1.0,COLLAPSED,gqa,Naive Confidence (NC),42
0.08242077825964814,8.242077825964813,0.09899974898415456,9.899974898415456,0.07795455524932729,0.2075669846224552,0.014209265377544827,0.221776,0.023901849014768512,0.01072394643378971,0.6854844527811846,0.6030779124332147,0.23341603768362454,0.06301700462509918,1.0,VALID,gqa,Temperature Scaling (TS),42
0.04081702576796363,4.081702576796363,0.06698896294961457,6.6988962949614566,0.040156454001289046,0.19881964283238643,0.022956607167613607,0.221776,0.026960902755316145,0.002913491825336708,0.6854844527811846,0.5848061190915641,0.22904131252608104,0.14470613550422548,1.0,VALID,gqa,Platt Scaling (1D),42
0.04226904882442498,4.226904882442498,0.06688929886291499,6.688929886291499,0.04007749682978458,0.19879954744490028,0.02297670255509976,0.221776,0.026673025056912134,0.0029894023140753577,0.6854844527811846,0.5847393744013404,0.22902485866799038,0.14473174883339898,1.0,VALID,gqa,Quadratic Platt (Logit-Only),42
0.0419808288682872,4.19808288682872,0.06671831409795853,6.671831409795853,0.039739625844660134,0.19888413934764493,0.022892110652355108,0.221776,0.027254201233043344,0.003344914329575718,0.6854844527811846,0.5850105187340814,0.22901625175203352,0.1444236118318656,1.0,VALID,gqa,Beta Calibration,42
0.06736870911574852,6.736870911574852,0.06439321454394863,6.439321454394863,0.04851863861285997,0.20007981896399119,0.02169643103600885,0.221776,0.02756593998475802,0.005614512828313243,0.6849974749296588,0.5873443242154299,0.23254467500223172,0.09910706102240922,0.9999627873205351,VALID,gqa,Spline Calibration,42
0.09238620758095868,9.238620758095868,0.10424362128393268,10.424362128393268,0.07940574875567571,0.20501966920874462,0.016756580791255415,0.221776,0.028841347770670107,0.013457018398999269,0.7069295144650459,0.5966511142345922,0.21245984062590106,0.07101854205992003,0.9422624648312903,VALID,gqa,Adaptive TS (ATS),42
0.0005123978205127111,0.05123978205127111,0.14661132688657968,14.661132688657968,0.007860677835490893,0.221776565036396,-3.1503639597030286e-07,0.221776,0.0,2.625515264661765e-07,0.4691670875117235,0.6355872436604744,0.4122816091339562,2.428949451834694e-05,-0.10877093441972345,COLLAPSED,gqa,Probability Margin (1D),42
0.03614109590464039,3.614109590464039,0.05457355175728687,5.457355175728687,0.03656393351572326,0.21282458877083674,0.008951661229163299,0.221776,0.011418317188983857,0.0026014396191542635,0.6065038597503788,0.6160362943816555,0.25330414712031557,0.11569967953395822,0.18124866888764293,VALID,gqa,MSSC (Multi-Scale Proxy),42
0.012468509879930936,1.2468509879930936,0.154585023642984,15.458502364298399,0.006456886033926255,0.22173802358429,3.8226415710024275e-05,0.221776,0.0030526531713900135,0.003027505745388747,0.6855565976480773,0.6355005525389289,0.23085320082616198,0.00025612613041297726,0.9435419985100015,COLLAPSED,gqa,MSE-EIGEN (Multi-Scale),42
0.06629999679473098,6.629999679473098,0.06441308814253731,6.4413088142537305,0.04468051764175849,0.19567728989766717,0.02609896010233287,0.221776,0.032014877721442,0.006212040489885394,0.7016449029651541,0.5771068926488819,0.2185773337475934,0.1518253239452869,0.9683360782305144,VALID,gqa,Residual Calibrator,42
0.06578985686867686,6.578985686867686,0.0681161610387619,6.81161610387619,0.03830510733858675,0.19648541547514264,0.025290834524857392,0.221776,0.03326625754536925,0.008472582749624527,0.7052160738763438,0.5770135710948716,0.1988679049752714,0.18093805350541484,0.8306086140924027,VALID,gqa,Trajectory LR,42
0.06904807831650188,6.904807831650188,0.09314683431276582,9.314683431276583,0.046292924145226275,0.19826361510815288,0.023512634891847156,0.221776,0.035676090191393166,0.011474334916308577,0.7009775629463963,0.5816925956551304,0.2116282420900821,0.17773600833748607,0.8374925354996019,VALID,gqa,Trajectory LR (No Bias),42
0.06586800469458105,6.5868004694581055,0.0630872144550085,6.308721445500851,0.03814778454537493,0.19649587033651472,0.025280379663485314,0.221776,0.033186068993203054,0.008427112150288948,0.7056038525358921,0.5770349376099646,0.19778745333491468,0.18071606645719773,0.8300149232483033,VALID,gqa,Trajectory Platt (5D),42
0.06137258507311345,6.137258507311345,0.0619218234270811,6.19218234270811,0.04256548752515366,0.20410269324676233,0.0176735567532377,0.221776,0.034604147344052025,0.015544174266186369,0.6837800303008441,0.5992762553871269,0.23730481980711107,0.18369145036995246,0.7912035875860148,VALID,gqa,Trajectory Platt (17D),42
0.05477173481541632,5.477173481541632,0.04880420883274061,4.880420883274061,0.038895459032809984,0.19396150991925482,0.02781474008074522,0.221776,0.03207795804666198,0.004421932987232878,0.7098333453574779,0.5725914720826693,0.19963984975979493,0.1708718429052691,0.9074809644516116,VALID,gqa,VCPS-5D (Our Method),42
0.05016006045971051,5.016006045971051,0.0525194311809911,5.25194311809911,0.03887307634942537,0.19407688694384603,0.027699363056154003,0.221776,0.03099005657358846,0.0032884418073640203,0.7103473775340885,0.5729966817364966,0.20008824236965245,0.17059553257031054,0.9076552442718289,VALID,gqa,VCPS-17D (Our Method),42
0.32750894739422526,32.75089473942253,0.32750894739422537,32.750894739422534,0.32975736318814336,0.3255326528205859,-0.1037564028205859,0.221776,0.005544292682926831,0.10980272814474977,0.7355710266214559,3.0904869638467116,0.18891837984002,0.033237425455567446,0.9999999999999998,COLLAPSED,gqa,Naive Confidence (NC),43
0.10952383699385473,10.952383699385473,0.12980003939741208,12.980003939741207,0.11713649630804969,0.20416881720907493,0.01760743279092508,0.221776,0.031211654478007417,0.015599013206663211,0.7355710266214559,0.594443098202285,0.18891837984002,0.060482202083840184,0.9999999999999998,VALID,gqa,Temperature Scaling (TS),43
0.07331850980298323,7.331850980298323,0.07975013759271468,7.9750137592714685,0.0634782852148403,0.19104984432403335,0.030726405675966656,0.221776,0.03713619840414139,0.007607575985024845,0.7355710266214559,0.5643770078964241,0.17797904275589624,0.1309585423425655,0.9999999999999998,VALID,gqa,Platt Scaling (1D),43
0.0793571709305144,7.935717093051441,0.08250516218315819,8.25051621831582,0.06777321776012743,0.19156406478351454,0.03021218521648547,0.221776,0.03797674922593425,0.007848195821921481,0.7355710266214559,0.5655264505803852,0.1771089331838306,0.13100212065936026,0.9999999999999998,VALID,gqa,Quadratic Platt (Logit-Only),43
0.07275098201005077,7.275098201005077,0.07947727010321194,7.947727010321194,0.0631394692023893,0.19104202602671405,0.030734223973285957,0.221776,0.03698655475865395,0.0071593968613180995,0.7355710266214559,0.5643643488094193,0.17797523117865816,0.13109087820433954,0.9999999999999998,VALID,gqa,Beta Calibration,43
0.09953681590176908,9.953681590176908,0.10978346488102834,10.978346488102835,0.07683132121459374,0.19781772118300375,0.023958528816996255,0.221776,0.03424037014522121,0.011374924050686692,0.735192266070269,0.5815552864860153,0.18845187890355955,0.09425138477934386,0.9999628045180691,VALID,gqa,Spline Calibration,43
0.11639055215275813,11.639055215275814,0.12915288332481284,12.915288332481284,0.11788075673612211,0.20085300987702953,0.020923240122970477,0.221776,0.03993168203776899,0.020165287329868473,0.7588828367361662,0.5856756004841915,0.17181436898384284,0.06709838964346602,0.9504210783331355,VALID,gqa,Adaptive TS (ATS),43
0.021390965282493513,2.1390965282493513,0.17393037481967608,17.393037481967607,0.008878943905129201,0.2227823243188745,-0.001006074318874478,0.221776,0.005712354378818736,0.0067217944355392745,0.503057138734579,0.6440067615219014,0.3846307754044104,0.014713602540624138,-0.13636720912484843,COLLAPSED,gqa,Probability Margin (1D),43
0.00641773584602915,0.641773584602915,0.052168244613089956,5.216824461308995,0.024035437308805738,0.20881785774775813,0.01295839225224188,0.221776,0.013951358171330145,0.0010982490203581348,0.6253246519010172,0.6069088416827267,0.24959985905876012,0.10768661032092543,0.16197523099213945,VALID,gqa,MSSC (Multi-Scale Proxy),43
0.005779630135091168,0.5779630135091168,0.18670566430120694,18.670566430120694,0.00712670409098083,0.2217559885687026,2.0261431297408095e-05,0.221776,0.0007254949494949493,0.0007133632212594269,0.736950797200779,0.6355409833045184,0.19389172302975982,0.0002550556257609469,0.9417089745004892,COLLAPSED,gqa,MSE-EIGEN (Multi-Scale),43
0.06911089683584742,6.911089683584742,0.07863723311364403,7.863723311364403,0.05755073792705581,0.18689074868116695,0.034885501318833056,0.221776,0.04028817525164894,0.006699269291625086,0.7546443258062189,0.5541651281092439,0.1723019374439498,0.13641012844000666,0.9711275461248245,VALID,gqa,Residual Calibrator,43
0.06639650786771777,6.639650786771776,0.077699983415224,7.769998341522399,0.04978542717091136,0.1835858686995191,0.03819038130048091,0.221776,0.04388215730569964,0.005917865718411464,0.7629770579323281,0.5452178256483001,0.165906221104587,0.15815662481139603,0.8254221590941369,VALID,gqa,Trajectory LR,43
0.08086244950775777,8.086244950775777,0.07270258757134992,7.270258757134992,0.057989309888593604,0.1855089822730115,0.03626726772698852,0.221776,0.045584634883634886,0.009320278869121948,0.7625802611644181,0.5499342706746219,0.17072081310552817,0.15129943516660604,0.839251111364758,VALID,gqa,Trajectory LR (No Bias),43
0.06700846198201181,6.700846198201181,0.0778331244289875,7.78331244289875,0.04989029958303339,0.1836150706900633,0.038161179309936705,0.221776,0.04381141141111242,0.005946303865207045,0.7631393838828366,0.5452992546793973,0.1658266025160491,0.15794712850162718,0.824912778653062,VALID,gqa,Trajectory Platt (5D),43
0.07789773195981978,7.789773195981978,0.07775987279415135,7.775987279415135,0.053035744171737724,0.18600121883835924,0.03577503116164077,0.221776,0.04556104001895483,0.011094630857982834,0.7564659836952601,0.5561414269956096,0.17789023116482688,0.15866164092582719,0.8156007989096727,VALID,gqa,Trajectory Platt (17D),43
0.05234341198537221,5.234341198537221,0.058487070937220824,5.848707093722083,0.046617733213891864,0.18303076575354402,0.03874548424645599,0.221776,0.04287103609082593,0.004513649924168136,0.7638969049852103,0.543408767233184,0.16404734790095615,0.1535009029299985,0.9113725626039269,VALID,gqa,VCPS-5D (Our Method),43
0.05172563888994739,5.172563888994739,0.058014781818127734,5.801478181812773,0.04652721129889628,0.18308351962232086,0.038692730377679146,0.221776,0.04249724573918994,0.0041428499755992625,0.7637435971430633,0.5434942469238367,0.16316491407239034,0.15396243561470407,0.9116087597500088,VALID,gqa,VCPS-17D (Our Method),43
0.32809859499466487,32.809859499466484,0.32602089306843335,32.60208930684333,0.33588618777087775,0.3246794391725512,-0.1029031891725512,0.221776,0.007089905930470347,0.110880192225863,0.6738060024529255,3.1518129797499923,0.25083816741947673,0.03716398220658649,1.0,COLLAPSED,gqa,Naive Confidence (NC),44
0.057133093433249446,5.713309343324944,0.10751239490667874,10.751239490667874,0.07964694457747022,0.20763454226107358,0.014141707738926423,0.221776,0.021681124643359938,0.00914510327832917,0.6738060024529255,0.6033953941501359,0.25083816741947673,0.06366364832042994,1.0,VALID,gqa,Temperature Scaling (TS),44
0.07092742831449576,7.092742831449576,0.08874561276388572,8.874561276388572,0.053684904068539444,0.1991201845857668,0.022656065414233206,0.221776,0.029573315976850693,0.007121084086619976,0.6738060024529255,0.5859451685450865,0.2441240673202417,0.14725203754172808,1.0,VALID,gqa,Platt Scaling (1D),44
0.07690351888929095,7.690351888929095,0.08918593586346953,8.918593586346953,0.05401622802601433,0.19922377206270447,0.022552477937295534,0.221776,0.030713002668150288,0.008143930893366323,0.6738060024529255,0.5862414175134743,0.23769426929443266,0.14708352153341858,1.0,VALID,gqa,Quadratic Platt (Logit-Only),44
0.072284498185717,7.2284498185717,0.08899899449565911,8.899899449565911,0.05363183133977553,0.19911788429867783,0.02265836570132218,0.221776,0.029855838499373216,0.007275619697253426,0.6738060024529255,0.5859346901178574,0.24654233496179154,0.1472995311080589,1.0,VALID,gqa,Beta Calibration,44
0.06547872853048704,6.5478728530487045,0.10538565107434024,10.538565107434025,0.03572768153800698,0.20537494514445293,0.016401304855547083,0.221776,0.022516161558752523,0.006849883053703772,0.6740945819204964,0.5982898597054832,0.24853691481774412,0.11093358544187522,0.9999765651717283,VALID,gqa,Spline Calibration,44
0.08029677168956492,8.029677168956493,0.10232803098939466,10.232803098939467,0.07099548324236296,0.20455304322066484,0.01722320677933517,0.221776,0.030044636397333853,0.013614108721767815,0.7045126614241397,0.5959193530876568,0.22776486150408073,0.07116462044240715,0.9440240277587572,VALID,gqa,Adaptive TS (ATS),44
0.0005435455223434804,0.05435455223434804,0.14528301708834884,14.528301708834885,0.007876606789323533,0.22177699992899552,-7.499289955137378e-07,0.221776,0.0,2.9544173485964696e-07,0.4982234326527668,0.6355882225468432,0.3902050294581577,1.8843228175839425e-05,-0.07053679587951023,COLLAPSED,gqa,Probability Margin (1D),44
0.025050249791297902,2.5050249791297903,0.05757824126387701,5.7578241263877015,0.0335956890157761,0.20870617669272382,0.013070073307276192,0.221776,0.015304770999115822,0.0023173763565129436,0.6282735733352572,0.6068540772387885,0.23974606176347196,0.11221384075297491,0.17611620534888078,VALID,gqa,MSSC (Multi-Scale Proxy),44
0.004433823716951691,0.4433823716951691,0.14670962394816886,14.670962394816886,0.007421464057876881,0.22176554915451605,1.0700845483962995e-05,0.221776,0.0006760670690811535,0.0006653014429959288,0.6931498448885363,0.6355624040854698,0.22240576627977313,0.0002541326684578622,0.9421959974203509,COLLAPSED,gqa,MSE-EIGEN (Multi-Scale),44
0.06458525608885782,6.458525608885782,0.06800876780162651,6.8008767801626515,0.0383084013070042,0.1946625736751249,0.027113676324875102,0.221776,0.034013521050390315,0.006456119376605332,0.6981639131375803,0.5758880727781153,0.214384691272522,0.15405116901557311,0.971715521707928,VALID,gqa,Residual Calibrator,44
0.04900517185527487,4.900517185527487,0.06098948715738417,6.098948715738417,0.03601021922571695,0.19104955609482405,0.03072669390517596,0.221776,0.0356268480196911,0.0051264910039666945,0.7080116874684366,0.5670897620152675,0.1985368098811945,0.18056282988467703,0.836613463475135,VALID,gqa,Trajectory LR,44
0.040998848959528295,4.09988489595283,0.05748166212403988,5.748166212403988,0.02652647590136661,0.1926531376983048,0.029123112301695203,0.221776,0.03112142076310217,0.0025129635581918695,0.7041158646562297,0.571207000408204,0.20700880604033234,0.1758072515298154,0.8394902946507428,VALID,gqa,Trajectory LR (No Bias),44
0.048938611313700676,4.893861131370068,0.056654150351881975,5.665415035188198,0.03582537402043371,0.19105286475428415,0.030723385245715856,0.221776,0.03570988895536361,0.005230249821964377,0.7078944520597359,0.5670939588453553,0.19880766513874187,0.18032609910704653,0.8359823445945176,VALID,gqa,Trajectory Platt (5D),44
0.04628825102746486,4.628825102746486,0.04230719242990019,4.230719242990019,0.03113646893491921,0.19167580920355037,0.030100440796449635,0.221776,0.03284718369670412,0.0028000925952036,0.7055317076689994,0.5679100991484556,0.19544459610168513,0.1806354598837449,0.8312995991926562,VALID,gqa,Trajectory Platt (17D),44
0.049488370409706106,4.948837040970611,0.05311165529883244,5.311165529883244,0.03411191379424669,0.1923405171337114,0.029435732866288616,0.221776,0.03490668762695066,0.0058731738112119064,0.710139961041772,0.5702384039998795,0.20082629931647714,0.17289846194193717,0.911310018460671,VALID,gqa,VCPS-5D (Our Method),44
0.05066820760604654,5.066820760604654,0.051970148710460094,5.19701487104601,0.03272551625253687,0.1924398628093137,0.02933638719068632,0.221776,0.03356742057352153,0.004596588942380877,0.7097521823822235,0.5703990018220996,0.20342072090221022,0.17284471974058097,0.9116417564160577,VALID,gqa,VCPS-17D (Our Method),44
0.3269347226507141,32.693472265071414,0.32372810839480903,32.372810839480906,0.3209465995465427,0.3229560694653869,-0.1011798194653869,0.221776,0.006544916155419225,0.10818318750353842,0.6762318736021933,3.218791211368363,0.21976845025489655,0.055860370861539964,0.9999999999999998,COLLAPSED,gqa,Naive Confidence (NC),45
0.05942242497670515,5.942242497670515,0.09424888005904057,9.424888005904057,0.06976271622560244,0.20932433397391395,0.012451916026086057,0.221776,0.01688102540937323,0.005980630285435572,0.6762318736021933,0.6068397916521677,0.21976845025489655,0.06254703412570926,0.9999999999999998,VALID,gqa,Temperature Scaling (TS),45
0.03461253828934387,3.4612538289343866,0.06158882755031077,6.158882755031077,0.02961221770923404,0.20265535695369455,0.01912089304630546,0.221776,0.021525489836000354,0.002256502719859438,0.6762318736021933,0.592454616232722,0.22073818649975183,0.14501952262590614,0.9999999999999998,VALID,gqa,Platt Scaling (1D),45
0.03079404103739964,3.079404103739964,0.06281930710631846,6.281930710631846,0.030734811076378817,0.20274279527197944,0.019033454728020566,0.221776,0.02113924172488653,0.001744924859647431,0.6762318736021933,0.592524661817175,0.22098116370429394,0.1458337158893202,0.9999999999999998,VALID,gqa,Quadratic Platt (Logit-Only),45
0.03368984823777585,3.368984823777585,0.06121625157257402,6.1216251572574025,0.02947863637163777,0.2026678399570066,0.019108410042993407,0.221776,0.021316937112654418,0.0021016558122527455,0.6762318736021933,0.5924995245951941,0.2206296483487799,0.14455061630979918,0.9999999999999998,VALID,gqa,Beta Calibration,45
0.04049130823987785,4.0491308239877855,0.06960215582835458,6.960215582835458,0.018387046384937718,0.2056551241808246,0.016121125819175408,0.221776,0.018424246099726583,0.0031548614537702867,0.6759252579178991,0.5996110245912253,0.21855922019232135,0.10784117978385395,0.9999765567035306,VALID,gqa,Spline Calibration,45
0.08173376334077387,8.173376334077387,0.09636318013881257,9.636318013881256,0.07881566963663632,0.2056419433888219,0.016134306611178095,0.221776,0.02553811025371501,0.010441668251702684,0.7073984560998486,0.5972666695810831,0.19904444746814015,0.06848682283406805,0.9532897801452129,VALID,gqa,Adaptive TS (ATS),45
0.019216869161828992,1.921686916182899,0.14931972436959381,14.93197243695938,0.016988027783659897,0.22266243048032733,-0.0008861804803273199,0.221776,0.003878249488752557,0.004791947252951578,0.5459833345357478,0.6579927481395401,0.3603661080070618,0.02163452728599063,-0.11414380622471121,COLLAPSED,gqa,Probability Margin (1D),45
0.02348582988021849,2.348582988021849,0.06677060204424151,6.677060204424151,0.03259962712404802,0.2091039157870577,0.01267233421294231,0.221776,0.014529305170864447,0.0020122910370789456,0.6234669215785297,0.6078382453579735,0.26851217162310853,0.11121904018676108,0.16475094402413978,VALID,gqa,MSSC (Multi-Scale Proxy),45
0.0124547641295996,1.24547641295996,0.13058106200157582,13.058106200157582,0.00674437297137405,0.22174496236601926,3.128763398074774e-05,0.221776,0.0030526531713900135,0.0030194422588902385,0.6775845898564317,0.6355162096972244,0.2304688655081499,0.0003430658328169938,0.950471166605961,COLLAPSED,gqa,MSE-EIGEN (Multi-Scale),45
0.04066516582783555,4.066516582783556,0.06662141674345264,6.662141674345263,0.019645580669117004,0.1983240009703493,0.023452249029650707,0.221776,0.026575142310220484,0.0043973101185766335,0.6995527018252652,0.5813242993250862,0.19264681087398888,0.15050645463225384,0.9784152315263587,VALID,gqa,Residual Calibrator,45
0.0671034745572578,6.71034745572578,0.07157424319415977,7.157424319415977,0.031331787240044005,0.19207511762891857,0.029701132371081435,0.221776,0.034235896651530234,0.005410707743257995,0.7209797272924032,0.5657687160756427,0.17959946430622506,0.17146787320521248,0.8316021024779575,VALID,gqa,Trajectory LR,45
0.03967807695572825,3.967807695572825,0.05232004790321187,5.232004790321187,0.02468705547223253,0.19088110755586468,0.030895142444135326,0.221776,0.03335057844014794,0.0026950914703543355,0.7292403145516195,0.5632639846696736,0.1742521298318246,0.16118654399906646,0.8301170666200645,VALID,gqa,Trajectory LR (No Bias),45
0.06469072617590428,6.469072617590428,0.06984033091366293,6.9840330913662925,0.03127117387166237,0.19207003751472332,0.02970621248527669,0.221776,0.03442108929921527,0.0052126683231834125,0.7215208137940986,0.5657617325741167,0.17940703533722424,0.17126109686378252,0.8311968097990605,VALID,gqa,Trajectory Platt (5D),45
0.06791297302767633,6.791297302767633,0.05889778913930057,5.889778913930057,0.03426559712815862,0.1934045658376818,0.028371684162318195,0.221776,0.03478267122355709,0.00602956683833338,0.7134946973522835,0.5705802185773423,0.18546322869687037,0.17189403699069472,0.8007970712372207,VALID,gqa,Trajectory Platt (17D),45
0.07290677503612975,7.290677503612974,0.07041990963315799,7.041990963315799,0.033956359957829474,0.19395221413520355,0.027824035864796454,0.221776,0.03507595461459835,0.008341079385997428,0.7160197676935286,0.5691679160606156,0.18021743013241626,0.1638389860181162,0.919878184380008,VALID,gqa,VCPS-5D (Our Method),45
0.06529877121790431,6.529877121790431,0.06649626630052839,6.649626630052839,0.033999663227109414,0.19399795734624659,0.027778292653753422,0.221776,0.033520353672967275,0.006574150974269157,0.7161911117523988,0.5693141378353276,0.1797907201422781,0.16483507723781396,0.9196238609346901,VALID,gqa,VCPS-17D (Our Method),45
0.3300299377368362,33.00299377368362,0.3266388790534409,32.66388790534409,0.32498206113797345,0.3277582914563894,-0.1059820414563894,0.221776,0.003342801619433198,0.10943430873751633,0.6542637616333599,3.322201699399431,0.2337937094251977,0.042882587409805294,0.9999999999999998,COLLAPSED,gqa,Naive Confidence (NC),46
0.08102856931332877,8.102856931332877,0.0897082192105516,8.97082192105516,0.07926150298585073,0.212028318809028,0.009747931190972003,0.221776,0.016651393975419627,0.007156840733250968,0.6542637616333599,0.6122430570564867,0.2337937094251977,0.06198755766477193,0.9999999999999998,VALID,gqa,Temperature Scaling (TS),46
0.05643372170406119,5.643372170406119,0.08275305914093109,8.275305914093108,0.053499314689474636,0.20882053314680063,0.012955716853199378,0.221776,0.02133758082114914,0.007290683885056391,0.6542637616333599,0.6042910121763997,0.23856209663677316,0.1465446112138331,0.9999999999999998,VALID,gqa,Platt Scaling (1D),46
0.06216905483026565,6.216905483026565,0.0868697434016554,8.68697434016554,0.05607557467367477,0.21077702514402755,0.010999224855972461,0.221776,0.021969611758990745,0.0105182743779464,0.6542637616333599,0.6088443894244379,0.23417520370368777,0.14700513183586839,0.9999999999999998,VALID,gqa,Quadratic Platt (Logit-Only),46
0.05645225263352551,5.645225263352551,0.0827624323759015,8.27624323759015,0.053515837569879786,0.2088273202793939,0.0129489297206061,0.221776,0.02133758082114914,0.00730011285185279,0.6542637616333599,0.60430813223834,0.2385495096825214,0.1465590529102072,0.9999999999999998,VALID,gqa,Beta Calibration,46
0.03812988284622763,3.8129882846227634,0.0884422143235786,8.84422143235786,0.030123295267245016,0.2121317112020936,0.009644538797906416,0.221776,0.01288283311523199,0.003915452393497786,0.6539481278407041,0.6132768399761769,0.2344092642437208,0.10869574120870946,0.999976568975209,VALID,gqa,Spline Calibration,46
0.08160120163439855,8.160120163439855,0.10286516046629916,10.286516046629917,0.07722530034397707,0.20894806183753956,0.012828188162460452,0.221776,0.020184798314181764,0.008323126146215122,0.6855205252146309,0.6042075362381475,0.20114915769675723,0.0694172924970739,0.951115849607487,VALID,gqa,Adaptive TS (ATS),46
0.0005034852573965187,0.05034852573965187,0.11605967278077528,11.605967278077529,0.00784542491573284,0.22177618055925283,6.944074718018278e-08,0.221776,0.0,2.534974044156387e-07,0.475425654714667,0.635586376295235,0.3765660509077824,2.009613742135166e-06,-0.16950265084476876,COLLAPSED,gqa,Probability Margin (1D),46
0.018657904324917655,1.8657904324917656,0.07129989589574737,7.129989589574737,0.030011185791670277,0.20790484043979648,0.013871409560203524,0.221776,0.016604155057962883,0.0026745400151914085,0.6290401125459923,0.6052135401946936,0.2727708184297531,0.10795448099980916,0.19284410451892975,VALID,gqa,MSSC (Multi-Scale Proxy),46
0.0071211760739362685,0.7121176073936268,0.13057741580492407,13.057741580492408,0.006915601066459523,0.22174949886383563,2.6751136164376854e-05,0.221776,0.0008139600115908433,0.0007968911448597709,0.6570413390087295,0.6355264245116006,0.22160125591852814,0.0003315305753790331,0.9480909098657053,COLLAPSED,gqa,MSE-EIGEN (Multi-Scale),46
0.05728123445125678,5.728123445125679,0.08276971784248695,8.276971784248694,0.03924034939832131,0.20469701780206206,0.017079232197937944,0.221776,0.023752052247259674,0.005504353090417161,0.678612654209653,0.5942189997285955,0.20678796705023889,0.15224623021424333,0.9768564165516975,VALID,gqa,Residual Calibrator,46
0.05782050526719841,5.782050526719841,0.06548038456454262,6.548038456454262,0.04537659071399387,0.19974231830031067,0.02203393169968934,0.221776,0.027067888198899468,0.005857879844939702,0.6975867542024385,0.5824728769308226,0.19463768295460873,0.17436313083715502,0.8523876737661927,VALID,gqa,Trajectory LR,46
0.05812056517587884,5.812056517587884,0.07892357590274128,7.892357590274128,0.04572994033077981,0.2006622166269355,0.0211140333730645,0.221776,0.026539251939232334,0.006399104880141022,0.6940877281581416,0.5853142780830611,0.1968999333717432,0.16911026367150805,0.866562239319803,VALID,gqa,Trajectory LR (No Bias),46
0.057741597339510925,5.774159733951093,0.06943896649777888,6.943896649777888,0.045237751213626186,0.19972578304657887,0.02205046695342114,0.221776,0.026888393668259146,0.00574157690814647,0.6979023879950941,0.5824416017450025,0.19461588544590366,0.1742235921985144,0.8522875737560087,VALID,gqa,Trajectory Platt (5D),46
0.06355987844988704,6.355987844988705,0.06559344976022839,6.559344976022839,0.048937167540053124,0.19910118638632404,0.022675063613675966,0.221776,0.029707112699888672,0.007803770251224243,0.6986599090974677,0.5809239757385489,0.19054027969409795,0.18072564641242286,0.850563829856214,VALID,gqa,Trajectory Platt (17D),46
0.046758720877615276,4.675872087761528,0.07787703482082234,7.787703482082234,0.041329088473687145,0.20256277222522973,0.019213477774770282,0.221776,0.02228303167642097,0.003467267061360671,0.6923021427025468,0.5879253360204582,0.19686088652804615,0.16973349556113043,0.9138139073262782,VALID,gqa,VCPS-5D (Our Method),46
0.045365805116519026,4.536580511651903,0.07829505728988732,7.829505728988733,0.041328988228818746,0.20230575896758635,0.01947049103241366,0.221776,0.022764362173880497,0.003666248420973405,0.6927079575788183,0.5873318001755379,0.19590628584752282,0.17105271455055032,0.9131052838746715,VALID,gqa,VCPS-17D (Our Method),46
0.32441120682483904,32.441120682483906,0.3244112068248391,32.44112068248391,0.3342210911047892,0.3224464796775866,-0.1006702296775866,0.221776,0.005590814814814815,0.10773255586348598,0.7375189380275593,2.9182595912214544,0.2210353369852108,0.04261531071571065,1.0,COLLAPSED,gqa,Naive Confidence (NC),47
0.11575540261687768,11.575540261687769,0.12746196148055225,12.746196148055224,0.11420650799914826,0.20224245725874043,0.019533792741259576,0.221776,0.03391318585312639,0.016783401893698712,0.7375189380275593,0.5910167207105221,0.2210353369852108,0.06425687494604326,1.0,VALID,gqa,Temperature Scaling (TS),47
0.07419317305269249,7.419317305269249,0.07351027834542384,7.351027834542384,0.058741687948728326,0.18823571985418758,0.03354053014581243,0.221776,0.04400195677949668,0.010970452917506226,0.7375189380275593,0.5606543874974504,0.211936153777242,0.14176995477996107,1.0,VALID,gqa,Platt Scaling (1D),47
0.07577608107728719,7.577608107728719,0.07324816842347597,7.324816842347596,0.05861788054068141,0.18820399777789398,0.033572252222106025,0.221776,0.04432559204410407,0.011163612048770397,0.7375189380275593,0.5605769628432372,0.2120439531641221,0.1419264926565267,1.0,VALID,gqa,Quadratic Platt (Logit-Only),47
0.07464498252605645,7.464498252605645,0.07351681342960527,7.351681342960527,0.05866739295728058,0.18822321321993826,0.033553036780061746,0.221776,0.04392592539283311,0.010616279544084624,0.7375189380275593,0.5606275896006131,0.21196076549547954,0.1417000665138513,1.0,VALID,gqa,Beta Calibration,47
0.09897426174800777,9.897426174800778,0.10096723799242155,10.096723799242154,0.08545112529166903,0.19255889893567252,0.02921735106432749,0.221776,0.04065191429522083,0.01202496116536235,0.7376451915446216,0.5707893801483771,0.22073787337562872,0.09730236231414306,0.9999864831392363,VALID,gqa,Spline Calibration,47
0.12583526363943345,12.583526363943346,0.1396088735270714,13.960887352707141,0.121095439133536,0.198137373164972,0.023638876835027994,0.221776,0.042684164152548394,0.02098648114878188,0.7682165788904121,0.5808664792904972,0.1775046043386768,0.07052198243440917,0.9499138235760516,VALID,gqa,Adaptive TS (ATS),47
0.007273278600581648,0.7273278600581647,0.1716421148321453,17.16421148321453,0.00792369819452138,0.22197693677713637,-0.00020068677713636074,0.221776,0.0016254949494949494,0.0018245519142504618,0.5615485895678523,0.6360030572544004,0.36579373744523386,0.006154297730627745,0.1141908886470428,COLLAPSED,gqa,Probability Margin (1D),47
0.020595511616836926,2.0595511616836926,0.07411755169895012,7.411755169895012,0.02869817088481754,0.2053089547765084,0.016467295223491607,0.221776,0.018231381630878327,0.001764336407386738,0.6460031743741432,0.5991777805244158,0.24981901271259577,0.10652137506419632,0.15096388631942503,VALID,gqa,MSSC (Multi-Scale Proxy),47
0.008392122098285201,0.8392122098285202,0.1865724587358643,18.65724587358643,0.006806433430714827,0.2217480014102327,2.8248589767299048e-05,0.221776,0.0013603454790823213,0.001340133448893585,0.7421632638337783,0.6355229702647346,0.2036625642308377,0.00031149697165027226,0.949528404954178,COLLAPSED,gqa,MSE-EIGEN (Multi-Scale),47
0.08310442204632143,8.310442204632142,0.084624887689189,8.462488768918899,0.06331272192250466,0.18275848507274634,0.03901776492725367,0.221776,0.049751263470470215,0.009917185084676464,0.7630401846908593,0.5480233955160172,0.1644274925087599,0.14801920461324952,0.9742329264172442,VALID,gqa,Residual Calibrator,47
0.06325861316316013,6.325861316316013,0.0655885289167672,6.55885289167672,0.04504500821046401,0.17639362440003042,0.045382625599969584,0.221776,0.05192040918088041,0.005938582926891676,0.7761344780318881,0.532172239514457,0.15231515347630784,0.17263333460907776,0.8391425895839499,VALID,gqa,Trajectory LR,47
0.07577307030020329,7.577307030020329,0.06703426225252586,6.703426225252586,0.051238401796842165,0.17804463778858695,0.04373161221141306,0.221776,0.05172410579730017,0.007760842496996233,0.775737681263978,0.5361182827484758,0.16106347911902605,0.1687156816330286,0.8446225114213882,VALID,gqa,Trajectory LR (No Bias),47
0.06344340375065803,6.344340375065803,0.06317886355519296,6.317886355519296,0.045196177616839195,0.17642333107787567,0.04535291892212434,0.221776,0.05149812175674399,0.005767391492069823,0.7762156410071424,0.5322475976981447,0.1522491372983412,0.17239990185301957,0.8387823019884827,VALID,gqa,Trajectory Platt (5D),47
0.06448973204940558,6.448973204940558,0.050411747314035894,5.041174731403589,0.03781915477740768,0.17895029032977464,0.04282595967022537,0.221776,0.050768882844510754,0.007989670509476824,0.7676304018469087,0.5395441169080937,0.1692646068977488,0.17682815695739773,0.8293766641585971,VALID,gqa,Trajectory Platt (17D),47
0.06882950767365358,6.882950767365357,0.07158167066344699,7.158167066344699,0.05267223382328446,0.1779844689983047,0.04379178100169531,0.221776,0.0483283241648229,0.005596592503841743,0.7749440877281581,0.5356276913824053,0.15223577791681397,0.16442735797806596,0.916967136646552,VALID,gqa,VCPS-5D (Our Method),47
0.06865705728539427,6.865705728539427,0.07138541529435125,7.138541529435124,0.054966087963945094,0.17818981231768818,0.043586437682311824,0.221776,0.04869442412483034,0.006593539839641489,0.7746555082605873,0.5363156873070947,0.154978820389738,0.16475166797886692,0.9176865527673896,VALID,gqa,VCPS-17D (Our Method),47
0.32920621997036437,32.920621997036434,0.32677328187145693,32.67732818714569,0.32792264100037516,0.32701493431126355,-0.10523868431126354,0.221776,0.0038125853658536584,0.10947785084159223,0.6233857586032754,3.3141953005066527,0.2586996088887946,0.03656379567334735,1.0,COLLAPSED,gqa,Naive Confidence (NC),48
0.04184750919864125,4.184750919864125,0.07544126386391412,7.544126386391412,0.04919798223066507,0.2144276018907346,0.0073486481092654155,0.221776,0.01019314611589177,0.003521070908992784,0.6233857586032754,0.6185951531859887,0.2586996088887946,0.06278368437112407,1.0,VALID,gqa,Temperature Scaling (TS),48
0.07357645623212,7.357645623212,0.08063523869251318,8.063523869251318,0.06376558186246667,0.21583358050769694,0.005942669492303071,0.221776,0.014783608380493763,0.008252814166018087,0.6233857586032754,0.622796639200825,0.25673210149139297,0.15549590240511527,1.0,VALID,gqa,Platt Scaling (1D),48
0.07291814031834137,7.291814031834138,0.08065996037872812,8.065996037872813,0.06418628830656431,0.21637558871087886,0.005400661289121145,0.221776,0.01373218344622881,0.008418037003263322,0.6233857586032754,0.6236986017292285,0.26781235767635175,0.15699469446867229,1.0,VALID,gqa,Quadratic Platt (Logit-Only),48
0.07544048209017487,7.544048209017487,0.08072532750766293,8.072532750766293,0.0639290217296961,0.21585413477521725,0.0059221152247827535,0.221776,0.015787924217559195,0.009157018399591228,0.6233857586032754,0.622840797962999,0.2524524721075163,0.15558932419042568,1.0,VALID,gqa,Beta Calibration,48
0.05547900355738438,5.547900355738438,0.08160337860879943,8.160337860879944,0.04603241147577728,0.21539672645303584,0.0063795235469641665,0.221776,0.012242117889691043,0.0063068680177532305,0.6233857586032754,0.6203268470656625,0.2624835284988676,0.12176719875035794,1.0,VALID,gqa,Spline Calibration,48
0.059001864949388416,5.900186494938842,0.06640382864674539,6.640382864674539,0.0588039486245401,0.21108220675781852,0.010694043242181483,0.221776,0.014714965378815002,0.005143377241428746,0.6626776567347233,0.6098984285042538,0.22847191473582876,0.06844366533508368,0.9567420785165888,VALID,gqa,Adaptive TS (ATS),48
0.0013238835401542938,0.13238835401542937,0.10881072032693512,10.881072032693512,0.008905656009004503,0.2220530954465097,-0.0002768454465096881,0.221776,0.00022088977955911826,0.0004908151326991847,0.46291753841714156,0.6361621697912613,0.39371720842507185,0.007283116509573964,0.10183735067831141,COLLAPSED,gqa,Probability Margin (1D),48
0.02427747198842405,2.427747198842405,0.0575734722530049,5.7573472253004905,0.029080261575631657,0.21069515092300292,0.011081099076997086,0.221776,0.014032758587324631,0.002880674864606162,0.6147103383594258,0.6113596138333691,0.2779856313733859,0.10815238641880043,0.10331971128669301,VALID,gqa,MSSC (Multi-Scale Proxy),48
0.003086749435328046,0.3086749435328046,0.11070563260038108,11.070563260038108,0.0075695198925370836,0.22176914502791642,7.104972083588068e-06,0.221776,0.00022761290322580635,0.00021940798801734586,0.6282916095519804,0.6355705206125216,0.2607436242267822,0.0003037373691994743,0.9506116509735644,COLLAPSED,gqa,MSE-EIGEN (Multi-Scale),48
0.04921822778213151,4.9218227782131505,0.07616648868147897,7.616648868147897,0.047744929159635296,0.21203289164997463,0.009743358350025377,0.221776,0.013330811016467534,0.004467246701897008,0.6508458985643172,0.6127704129492603,0.2250703753177678,0.15979680079735809,0.9846335504564419,VALID,gqa,Residual Calibrator,48
0.057520320880466144,5.752032088046614,0.08290193412207665,8.290193412207666,0.046218936058144255,0.20499038098812417,0.016785869011875842,0.221776,0.025293428953186627,0.008228518038269416,0.6908141548228843,0.59670684935803,0.2124651365131113,0.17591808122191704,0.866700761985196,VALID,gqa,Trajectory LR,48
0.05841878986438413,5.841878986438413,0.06870776373191717,6.870776373191717,0.0406003860694056,0.20423575085406948,0.017540499145930533,0.221776,0.025090505586792235,0.008053314976497061,0.6929243921794965,0.596688971471451,0.23143831587334346,0.16812909443312188,0.8740947217960165,VALID,gqa,Trajectory LR (No Bias),48
0.05741841250658035,5.741841250658035,0.07927401238679882,7.927401238679882,0.046012227392383705,0.20494975413687525,0.016826495863124763,0.221776,0.025293428953186627,0.008209690092946899,0.6908592453646923,0.5966072595321111,0.21169331109027661,0.17563855635789705,0.8662327186474155,VALID,gqa,Trajectory Platt (5D),48
0.05157798904180524,5.157798904180524,0.07553335362672807,7.553335362672807,0.045665677099278636,0.20540752145688906,0.016368728543110944,0.221776,0.02309752464343003,0.007299769463169197,0.6885957001659332,0.5975201661266748,0.2189606250302295,0.1742126337795469,0.8652474343386322,VALID,gqa,Trajectory Platt (17D),48
0.04990872200062995,4.990872200062995,0.0657566304651702,6.57566304651702,0.045450724377122075,0.20751940420518378,0.01425684579481623,0.221776,0.021205138690581445,0.00580085508245216,0.6762589279272779,0.6003509130748248,0.20500240220345867,0.1719112843737103,0.9307094128102525,VALID,gqa,VCPS-5D (Our Method),48
0.04928429696040933,4.928429696040933,0.06573766139958322,6.573766139958321,0.04600627994828806,0.20778174272161798,0.013994507278382029,0.221776,0.02165564317699938,0.006741268582574104,0.6762859822523627,0.6012635840520983,0.20672428467202758,0.17206617165808072,0.9309639825016426,VALID,gqa,VCPS-17D (Our Method),48
0.3278433519277382,32.784335192773824,0.3267509597215462,32.67509597215462,0.3261388544359105,0.32700506577357724,-0.10522881577357723,0.221776,0.003265795918367347,0.1086855494832976,0.6466164057427314,3.3318567554798415,0.253682562565137,0.0402670784502021,0.9999999999999998,COLLAPSED,gqa,Naive Confidence (NC),49
0.058948315487234,5.8948315487234,0.07983641546615486,7.983641546615486,0.06464425740782939,0.21237280765303124,0.009403442346968771,0.221776,0.012905290676602444,0.0045051760141519735,0.6466164057427314,0.6137041806968007,0.253682562565137,0.06085594900682512,0.9999999999999998,VALID,gqa,Temperature Scaling (TS),49
0.04796137060788925,4.796137060788925,0.06111452670853113,6.111452670853113,0.04433536531783451,0.20872368851965578,0.013052561480344227,0.221776,0.01633248150169158,0.002793119222364865,0.6466164057427314,0.6067615416719816,0.2540136005655091,0.14382966979638417,0.9999999999999998,VALID,gqa,Platt Scaling (1D),49
0.053905859227484185,5.390585922748419,0.0619571374838372,6.19571374838372,0.04412068906191752,0.20889818070936222,0.012878069290637784,0.221776,0.01736712549064458,0.0041224561530007675,0.6466164057427314,0.6069121506066742,0.25412175580777513,0.14353922458666174,0.9999999999999998,VALID,gqa,Quadratic Platt (Logit-Only),49
0.047889792133064275,4.788979213306428,0.060979649570155905,6.0979649570155905,0.04436658830745862,0.2087090458126294,0.013067204187370618,0.221776,0.016482192488770107,0.0026709960592392287,0.6466164057427314,0.6067323250119764,0.25431688109889483,0.1437982975646268,0.9999999999999998,VALID,gqa,Beta Calibration,49
0.04913548832478404,4.913548832478404,0.06880178414974446,6.880178414974446,0.022811013875808743,0.20994248967710868,0.011833760322891324,0.221776,0.01656567955760216,0.0050519299784739236,0.6462196089748214,0.6086275486402251,0.2533931211203932,0.10705698863289317,0.9999724128598417,VALID,gqa,Spline Calibration,49
0.06787170944872964,6.787170944872964,0.08076722899583645,8.076722899583645,0.05764515770666844,0.20971838942889687,0.01205786057110314,0.221776,0.01933340319123601,0.007122827060415922,0.6729943727003824,0.6069719855440313,0.22417073991436415,0.06873273628932194,0.9444383084182534,VALID,gqa,Adaptive TS (ATS),49
0.0004987901029963604,0.04987901029963604,0.10938995089862506,10.938995089862507,0.007844193446860423,0.22177614697672435,1.0302327566047431e-07,0.221776,0.0,2.4879156684711983e-07,0.4956622898780752,0.6355863006422964,0.3725124183863824,3.578258720322571e-06,-0.11118874737975433,COLLAPSED,gqa,Probability Margin (1D),49
0.04084726863886333,4.084726863886333,0.06988359773783304,6.988359773783303,0.04226894813757072,0.2134968835095419,0.008279366490458101,0.221776,0.01073432321367854,0.0026307604576019253,0.6032122501983984,0.6175447177589026,0.2815165082313367,0.11475343986793464,0.1789782608930377,VALID,gqa,MSSC (Multi-Scale Proxy),49
0.009782244885462492,0.9782244885462492,0.1308235258316889,13.082352583168891,0.0070997129923529865,0.22175580792306518,2.0442076934829023e-05,0.221776,0.0022123636363636364,0.002192516080046713,0.6552286992280498,0.6355405457112474,0.2378302989076537,0.00023956889072449366,0.9408515706759647,COLLAPSED,gqa,MSE-EIGEN (Multi-Scale),49
0.052971897175798754,5.297189717579876,0.05976684383450965,5.976684383450965,0.03258491554364335,0.20537210433713415,0.016404145662865854,0.221776,0.02183079881808963,0.005870942859317746,0.6677458336339369,0.5984528586063041,0.21918030230930832,0.15072930242105664,0.973818025338236,VALID,gqa,Residual Calibrator,49
0.05090159917839883,5.090159917839883,0.05887588618410642,5.887588618410642,0.04617490147259323,0.20279084008002018,0.018985409919979823,0.221776,0.0249736454118437,0.006054555243678737,0.6817419378111247,0.5908773717938336,0.20110911225633396,0.17745866157166185,0.8453684277430984,VALID,gqa,Trajectory LR,49
0.04220263217731119,4.2202632177311195,0.056396791222951055,5.639679122295106,0.03974891793172262,0.2018954096112949,0.019880840388705107,0.221776,0.02159385167111084,0.002878102562153905,0.678062549599596,0.5899049655035372,0.20512897392138754,0.1714810806110239,0.8567154915867307,VALID,gqa,Trajectory LR (No Bias),49
0.04681627821922301,4.681627821922301,0.05468913644552232,5.468913644552232,0.046012885254077714,0.20276864676187206,0.019007603238127946,0.221776,0.024628265643713017,0.005373342094260966,0.681471394560277,0.5908196766294589,0.20121464874185938,0.1771788314489849,0.8445637834797468,VALID,gqa,Trajectory Platt (5D),49
0.06017855791747571,6.017855791747571,0.06362941671907903,6.362941671907903,0.05094694321972336,0.20280762907575733,0.018968620924242674,0.221776,0.025122228897259822,0.0063385133763179695,0.6795595555876199,0.5910294741481136,0.2003156622787157,0.1805906919511504,0.8392012999017301,VALID,gqa,Trajectory Platt (17D),49
0.03502449811800165,3.5024498118001652,0.061013308700997165,6.101330870099717,0.03527656545545823,0.2035616226698815,0.0182146273301185,0.221776,0.02204210224808847,0.003775644774405104,0.6809483442753048,0.5929677474864236,0.20578208688426844,0.16813545504696503,0.9126344357427394,VALID,gqa,VCPS-5D (Our Method),49
0.0399540995239258,3.99540995239258,0.06475785555840283,6.475785555840282,0.035798320262349595,0.20340586805662655,0.018370381943373454,0.221776,0.02320708549713128,0.004021278846237951,0.6805425293990333,0.5925510355388938,0.20510258175118923,0.16880645891463222,0.9127018306869842,VALID,gqa,VCPS-17D (Our Method),49
0.3287070429966712,32.87070429966712,0.32474256819942254,32.474256819942255,0.3312799968497785,0.32529324924059383,-0.10351699924059382,0.221776,0.006544916155419224,0.11061650034881021,0.6753661351994806,3.1421604819538933,0.22145659944358093,0.050191858390776015,1.0,COLLAPSED,gqa,Naive Confidence (NC),50
0.0675421626834114,6.75421626834114,0.08301614643269804,8.301614643269804,0.0723228929786276,0.2089084088859965,0.01286784111400352,0.221776,0.019604076870225445,0.007115401428617628,0.6753661351994806,0.6057292411026445,0.22145659944358093,0.06268236292005304,1.0,VALID,gqa,Temperature Scaling (TS),50
0.037552562481328176,3.7552562481328176,0.060065375604884785,6.0065375604884785,0.03262338772168539,0.2024587018605788,0.019317548139421215,0.221776,0.021581670174154525,0.0029143570288486975,0.6753661351994806,0.5909981246723498,0.21983733676854036,0.14628582353344477,1.0,VALID,gqa,Platt Scaling (1D),50
0.050062488393389226,5.006248839338923,0.05947434720795388,5.947434720795388,0.03427759581603808,0.2027697415619544,0.019006508438045605,0.221776,0.023615539986475337,0.006041134650796773,0.6753661351994806,0.5918050530759155,0.2078406952847,0.14817859251581783,1.0,VALID,gqa,Quadratic Platt (Logit-Only),50
0.03858508395932468,3.858508395932468,0.0597146672433214,5.9714667243321395,0.033129765418816265,0.2025163496159302,0.0192599003840698,0.221776,0.021976496984770808,0.003291008946870695,0.6753661351994806,0.5911824153299142,0.22146518916741592,0.1465785284885825,1.0,VALID,gqa,Beta Calibration,50
0.03696371168182312,3.696371168182312,0.086462646192862,8.6462646192862,0.016288436581681755,0.20781839377925942,0.013957856220740583,0.221776,0.015896528765920074,0.0023176424518513423,0.6750505014068249,0.6039934204263829,0.2201062431408948,0.1087149109533448,0.9999766143605822,VALID,gqa,Spline Calibration,50
0.072409016470879,7.2409016470879,0.0925599580843029,9.25599580843029,0.07210379465967945,0.20592374978720837,0.015852500212791637,0.221776,0.02388869702506243,0.008907418689534752,0.7022220619002959,0.5983831859122355,0.20896246088086262,0.06969831463501755,0.9479422529277644,VALID,gqa,Adaptive TS (ATS),50
0.00860225818097066,0.860225818097066,0.11977950083614418,11.977950083614418,0.008073415754912409,0.22198926017023807,-0.00021301017023805935,0.221776,0.002909064516129032,0.0031123433993221856,0.5091804343120988,0.6360287402088103,0.3754241788667503,0.006351851599545981,0.09797146247827619,COLLAPSED,gqa,Probability Margin (1D),50
0.04625487399312749,4.625487399312749,0.039386537576508826,3.9386537576508824,0.04251577694308846,0.21316366407762127,0.008612585922378735,0.221776,0.012585482341557812,0.004096046530064179,0.6042583507683428,0.6169848693877448,0.28123496836628553,0.115109410963375,0.13241856625662818,VALID,gqa,MSSC (Multi-Scale Proxy),50
0.009775449287839496,0.9775449287839496,0.1427977293879607,14.27977293879607,0.00705959074395609,0.22175325329426182,2.2996705738187462e-05,0.221776,0.0013959186991869916,0.0013687245035927831,0.6735444773104393,0.635534872617089,0.2410900972547872,0.0004369874191154749,0.9392311348062888,COLLAPSED,gqa,MSE-EIGEN (Multi-Scale),50
0.04850785697786384,4.850785697786384,0.060020660784316934,6.002066078431693,0.021202631427585546,0.19817775673390098,0.02359849326609903,0.221776,0.028634860496773662,0.005140398290351841,0.6989755428901233,0.5813906939294381,0.201696220094733,0.15179136514759184,0.9745854200424198,VALID,gqa,Residual Calibrator,50
0.04689643713237525,4.689643713237525,0.04115036344104672,4.115036344104672,0.02552084351185912,0.19288734110967806,0.028888908890321946,0.221776,0.03279499727879049,0.004204863569474918,0.7153885001082173,0.5707142210141406,0.1952830845758552,0.17413340169550032,0.8273627629919678,VALID,gqa,Trajectory LR,50
0.03681246188651672,3.681246188651672,0.04139903766818938,4.139903766818938,0.02465936575886348,0.19179466348090823,0.029981586519091774,0.221776,0.03367208403292614,0.004562385224967333,0.713458624918837,0.5693167776205168,0.20266474432127035,0.1669806560175435,0.8411847363053062,VALID,gqa,Trajectory LR (No Bias),50
0.04896091537177562,4.896091537177562,0.04120125778019428,4.120125778019428,0.02549501823282097,0.19291907576604797,0.028857174233952038,0.221776,0.03279522778545339,0.0042675969592665276,0.7149285765817762,0.5707808912349158,0.19422554471117193,0.17392290885063683,0.8263233746422507,VALID,gqa,Trajectory Platt (5D),50
0.036258528865873815,3.6258528865873814,0.04138668432086707,4.138668432086707,0.02354146026867692,0.19350279874576742,0.028273451254232584,0.221776,0.03207802356894177,0.002884259821207217,0.7102932688839189,0.5732052320424782,0.19751970660722015,0.17087406709657593,0.819341641396463,VALID,gqa,Trajectory Platt (17D),50
0.046555611891748234,4.655561189174824,0.0673537790443111,6.73537790443111,0.01863655657111148,0.19489905471285252,0.026877195287147493,0.221776,0.0322707716490031,0.004757563342155284,0.7143243633215497,0.5736615831164118,0.19158084989656607,0.16845760300250165,0.9129635889251027,VALID,gqa,VCPS-5D (Our Method),50
0.04289109143309937,4.289109143309937,0.05743263155611464,5.743263155611464,0.02007606100968744,0.19483831360282902,0.026937936397170986,0.221776,0.03181655035912963,0.0037757141835144366,0.7146580333309285,0.5736784327031369,0.19141199586582575,0.16859786986487765,0.9135194192313576,VALID,gqa,VCPS-17D (Our Method),50
0.3251510993341545,32.515109933415445,0.3251510993341545,32.515109933415445,0.32843910963924305,0.3238443462307268,-0.10206809623072677,0.221776,0.005336544217687075,0.10811055878550126,0.7076599812423346,3.116280988790422,0.20590390840295295,0.04935448081144546,1.0,COLLAPSED,gqa,Naive Confidence (NC),51
0.09645601760367659,9.645601760367658,0.11173129058260681,11.173129058260681,0.09937775178541486,0.2054941282918238,0.016282121708176195,0.221776,0.0272456897068208,0.011742226184478717,0.7076599812423346,0.5977104874034953,0.20590390840295295,0.06289479435247086,1.0,VALID,gqa,Temperature Scaling (TS),51
0.0487762615971969,4.87762615971969,0.05905184910628162,5.9051849106281615,0.04133596546275018,0.1944724809204782,0.02730376907952181,0.221776,0.03065793084205004,0.004207025805469056,0.7076599812423346,0.5724911245957526,0.20400878774904538,0.14017437040325026,1.0,VALID,gqa,Platt Scaling (1D),51
0.049740122570558466,4.974012257055847,0.05975506984402143,5.975506984402143,0.04319608188782076,0.19475082221269718,0.027025427787302825,0.221776,0.031654220256020785,0.004480538748181282,0.7076599812423346,0.5731212215616774,0.20369110301319246,0.1411319395300561,1.0,VALID,gqa,Quadratic Platt (Logit-Only),51
0.04940857814883599,4.940857814883599,0.059175941480637755,5.917594148063776,0.04147341925297458,0.1944784206357155,0.027297829364284515,0.221776,0.030288134175744524,0.0038314884330182307,0.7076599812423346,0.5725109231384095,0.20328130872183373,0.13996238250681353,1.0,VALID,gqa,Beta Calibration,51
0.06739035386381802,6.7390353863818016,0.09981708936453661,9.98170893645366,0.0408185545035433,0.20308076886207335,0.018695481137926656,0.221776,0.02457676130702556,0.006742195450615859,0.7076599812423346,0.5932333363400089,0.20410943371138393,0.10666808490913342,1.0,VALID,gqa,Spline Calibration,51
0.10297020995512873,10.297020995512874,0.11685308302705444,11.685308302705444,0.09808967318038525,0.20270298034353823,0.019073269656461778,0.221776,0.030769774972660723,0.013236289169486078,0.7296822018613375,0.5903759973355247,0.19324484264015382,0.07041664654646845,0.9485912744085642,VALID,gqa,Adaptive TS (ATS),51
0.004646964061486739,0.4646964061486739,0.1369324952438876,13.69324952438876,0.009240624911520525,0.22207135904024472,-0.0002951090402447121,0.221776,0.000894279569892473,0.0011654693794282296,0.47445169901161527,0.6362005275572433,0.4121069563339305,0.007549419133257042,0.045698100233210553,COLLAPSED,gqa,Probability Margin (1D),51
0.033132528446542145,3.3132528446542144,0.0629990583372222,6.299905833722221,0.03558570383821663,0.21106999081555824,0.010706259184441763,0.221776,0.01322000136875379,0.002510369171537986,0.6143766683500469,0.6122263155161375,0.28741967901955195,0.11216538023821089,0.1949305885912206,VALID,gqa,MSSC (Multi-Scale Proxy),51
0.008415731704041762,0.8415731704041761,0.15469628560502724,15.469628560502724,0.006809018135102775,0.22174684184184099,2.9408158159022202e-05,0.221776,0.0013603454790823213,0.0013386151071046368,0.7059465406536325,0.6355204274362529,0.2077760761629722,0.000351192703759853,0.9482984125082868,COLLAPSED,gqa,MSE-EIGEN (Multi-Scale),51
0.042705149160542424,4.270514916054243,0.07122719760076617,7.122719760076617,0.03232470927914355,0.1908943574941879,0.03088189250581211,0.221776,0.034084033411987784,0.003353246551459744,0.7258404876993001,0.5637904646614653,0.1792491141755826,0.14715130982336688,0.9723633232293929,VALID,gqa,Residual Calibrator,51
0.06445392766045922,6.445392766045923,0.05452302749085702,5.452302749085702,0.02813590847482313,0.18892463368780787,0.03285161631219213,0.221776,0.03858813850571665,0.006088549019900799,0.7352914652622466,0.5585252026169537,0.17701567960748948,0.17377467485930645,0.8364004748027755,VALID,gqa,Trajectory LR,51
0.0707444111990659,7.07444111990659,0.061994191673895124,6.199419167389513,0.038049906930523666,0.1900572118353146,0.03171903816468541,0.221776,0.03743611985743757,0.00633940191109827,0.7365179279994227,0.5612129230484586,0.1826167630980239,0.16801000828630222,0.8478546863506475,VALID,gqa,Trajectory LR (No Bias),51
0.06454395534098148,6.454395534098148,0.05454053087532522,5.454053087532522,0.02806958048451122,0.18893658566725122,0.03283966433274879,0.221776,0.03858813850571665,0.00609349692019509,0.735129139311738,0.5585611714802983,0.17759149035707394,0.17358738258755935,0.8355977241071936,VALID,gqa,Trajectory Platt (5D),51
0.06576219337433575,6.576219337433575,0.06041106165200473,6.041106165200473,0.029422803431572542,0.18864317405239894,0.033133075947601065,0.221776,0.03947774268898254,0.006318057993959877,0.7348585960608903,0.5578246579199747,0.178588073084757,0.17891313507798828,0.8362343802140528,VALID,gqa,Trajectory Platt (17D),51
0.047509329722454446,4.750932972245445,0.06503184281477459,6.503184281477459,0.02801971671261901,0.18851415629944798,0.033262093700552026,0.221776,0.0361491777359528,0.0033847674919579252,0.7352914652622465,0.5569544689624855,0.17221314427908566,0.16570120370648417,0.9096861333000293,VALID,gqa,VCPS-5D (Our Method),51
0.05417051752222657,5.4170517522226564,0.058284932563172305,5.8284932563172305,0.02893619693961565,0.18865218624633837,0.03312406375366164,0.221776,0.03754020293582486,0.004670915286133507,0.7348676141692518,0.5574832410607204,0.17461700851365203,0.1669280477882107,0.9097002680109352,VALID,gqa,VCPS-17D (Our Method),51
0.8454546543061733,84.54546543061733,0.8454546543061733,84.54546543061733,0.7819530961614131,0.764073386233666,-0.7561371362336661,0.007936,0.00016290169614231045,0.7560482584149426,0.4254032258064516,3.9742816312418316,0.9805037872529511,0.20091854524738947,1.0,COLLAPSED,infographicvqa,Naive Confidence (NC),42
0.5390964874005806,53.90964874005806,0.5390964874005806,53.90964874005806,0.5390964874083644,0.3000388992424669,-0.2921026492424669,0.007936,8.136199095022625e-05,0.29198300218576256,0.4254032258064516,0.7941169498167978,0.9805037872529511,0.03622641913090091,1.0,COLLAPSED,infographicvqa,Temperature Scaling (TS),42
0.0003744167052280971,0.03744167052280971,0.011261251318006624,1.1261251318006624,0.006759460156699441,0.00793078556584299,5.464434157010853e-06,0.007936,0.0,1.4018786915386373e-07,0.5745967741935484,0.046441859305351954,0.008366988614476129,0.004008149753870703,-1.0,COLLAPSED,infographicvqa,Platt Scaling (1D),42
0.0005063137125861979,0.050631371258619794,0.012402263850125595,1.2402263850125594,0.0069220210815583395,0.007942338194486661,-6.088194486660731e-06,0.007936,0.0,2.5635357555281906e-07,0.6960685483870968,0.04580942219190375,0.0030697585896846498,0.005276335810270557,-0.688134016536066,COLLAPSED,infographicvqa,Quadratic Platt (Logit-Only),42
0.0004998599424137998,0.049985994241379984,0.01197793445304966,1.197793445304966,0.0004998599424137998,0.007936249859962032,1.400379690680298e-10,0.007936,0.0,2.4985996202992727e-07,0.5,0.046609544989780226,0.006748968031554177,0.0,1.0,COLLAPSED,infographicvqa,Beta Calibration,42
0.0011666666666666683,0.11666666666666684,0.012289999999999999,1.2289999999999999,0.0011666666666666683,0.007937361111111114,-1.111111111113186e-06,0.007936,0.0,1.3611111111111148e-06,0.5,0.04667272007644913,0.006748968031554177,1.734723475976807e-18,1.0,COLLAPSED,infographicvqa,Spline Calibration,42
0.5388993399944019,53.88993399944019,0.538899339994402,53.889933999440196,0.5388993400039156,0.29981479787602333,-0.29187854787602335,0.007936,8.09479313256403e-05,0.29176041955728194,0.4254032258064516,0.7936570597262773,0.9805037872529511,0.03607602050566668,0.999999903999616,COLLAPSED,infographicvqa,Adaptive TS (ATS),42
0.0004279824325761003,0.04279824325761003,0.012307139188546314,1.2307139188546314,0.007356775212636566,0.007943122480566776,-6.872480566775391e-06,0.007936,0.0,1.8316896259375624e-07,0.2681451612903226,0.047009267185737044,0.013294755725662709,0.0012315022579775057,-0.07824135746614155,COLLAPSED,infographicvqa,Probability Margin (1D),42
0.00044590113786539126,0.044590113786539126,0.011820069626614789,1.1820069626614789,0.007003907565227663,0.007932800251605138,3.449748394862562e-06,0.007936,0.0,1.9882782474965066e-07,0.5670362903225806,0.04639106067867047,0.007310517887707041,0.0008533592161311875,-0.2599279921678132,COLLAPSED,infographicvqa,MSSC (Multi-Scale Proxy),42
0.0005074737780068547,0.05074737780068547,0.011946591337666675,1.1946591337666674,0.007143980849083639,0.007936244626384956,5.373615044254598e-09,0.007936,0.0,2.575296353645505e-07,0.48185483870967744,0.04660923104389136,0.007672232135402079,1.0283907470465036e-05,0.7648893955575822,COLLAPSED,infographicvqa,MSE-EIGEN (Multi-Scale),42
0.0003862991455467653,0.03862991455467653,0.01125832167859549,1.125832167859549,0.006758305338224591,0.007930764535420234,5.485464579766536e-06,0.007936,0.0,1.4922702985016095e-07,0.5751008064516129,0.046443113055677755,0.008362315717279866,0.0040512069614912875,-0.9999892479569918,COLLAPSED,infographicvqa,Residual Calibrator,42
0.0003023174772266435,0.03023174772266435,0.012432845305553225,1.2432845305553224,0.006308090721680466,0.007918500954532972,1.7749045467028643e-05,0.007936,0.0,9.13958570366821e-08,0.6466733870967742,0.04558180392282525,0.005097571460859134,0.0041954195998640175,-0.9484452017808072,COLLAPSED,infographicvqa,Trajectory LR,42
0.0008825196504818576,0.08825196504818576,0.011476299656367048,1.1476299656367048,0.007821571712251455,0.007985309919219745,-4.905991921974433e-05,0.007936,0.0,7.788409334866201e-07,0.6607862903225806,0.04633786176924626,0.003560187612066696,0.007888525410700387,-0.7371603566414265,COLLAPSED,infographicvqa,Trajectory LR (No Bias),42
0.00030545437568798607,0.030545437568798607,0.01246993321971968,1.246993321971968,0.0063369492450850795,0.007918809875835047,1.7440124164953136e-05,0.007936,0.0,9.330237562693733e-08,0.6491935483870968,0.0455676086408395,0.004946552893330689,0.003988776624244167,-0.943880191520766,COLLAPSED,infographicvqa,Trajectory Platt (5D),42
0.0002059641542728058,0.02059641542728058,0.012887217261537446,1.2887217261537445,0.006686500239618319,0.007929848897074166,6.401102925834151e-06,0.007936,0.0,4.242123284531214e-08,0.6033266129032259,0.04612990010220185,0.005228827065062664,0.005546039613581013,-0.6404897939591758,COLLAPSED,infographicvqa,Trajectory Platt (17D),42
0.00057401219760061,0.057401219760061,0.012171171895145251,1.2171171895145252,0.007377939483792677,0.007942913853925898,-6.663853925897509e-06,0.007936,0.0,3.294900029942817e-07,0.41985887096774194,0.04702710148713586,0.009284090415039177,0.0012396330668300308,0.9997408949635799,COLLAPSED,infographicvqa,VCPS-5D (Our Method),42
0.0005686605996069738,0.05686605996069738,0.012163135015806993,1.2163135015806994,0.007395773524844758,0.007943458642919378,-7.2086429193773255e-06,0.007936,0.0,3.23374877545363e-07,0.407258064516129,0.04706424164890737,0.009671741185322701,0.0012370929787518473,0.9948332593330373,COLLAPSED,infographicvqa,VCPS-17D (Our Method),42
0.8393511645793915,83.93511645793915,0.8393511645793913,83.93511645793913,0.7775079160987393,0.7538019303191961,-0.7458656803191961,0.007936,0.0002278906810035842,0.7457508619281359,0.49143145161290325,3.807797864609793,0.9780305023997389,0.20427054102573058,1.0,COLLAPSED,infographicvqa,Naive Confidence (NC),43
0.5369904718098658,53.69904718098658,0.5369904718098659,53.69904718098659,0.5369904718280019,0.297594153462155,-0.28965790346215503,0.007936,8.411463046757164e-05,0.2896358754257421,0.49143145161290325,0.7891436884353439,0.9780305023997389,0.03547613909670952,1.0,COLLAPSED,infographicvqa,Temperature Scaling (TS),43
0.0006049228260543542,0.06049228260543542,0.013170923288255448,1.3170923288255447,0.0074764161783915425,0.007951822063293206,-1.55720632932059e-05,0.007936,0.0,3.6593162548158647e-07,0.5085685483870968,0.0474633201578814,0.0093244315656678,0.004395146074995782,-1.0,COLLAPSED,infographicvqa,Platt Scaling (1D),43
0.0006183434194549694,0.06183434194549694,0.013094152398463581,1.309415239846358,0.00814276053157055,0.007981471338132377,-4.522133813237607e-05,0.007936,0.0,3.8234858438326423e-07,0.6219758064516129,0.047449120125478805,0.003933097773494625,0.006010664473884463,-0.7206216024864099,COLLAPSED,infographicvqa,Quadratic Platt (Logit-Only),43
0.0005052088908373796,0.05052088908373796,0.011980437760911896,1.1980437760911895,0.0005052088908373796,0.007936255236023385,-5.2360233839671144e-09,0.007936,0.0,2.5523602338113537e-07,0.5,0.046609863845335275,0.0057925446955604774,1.734723475976807e-18,1.0,COLLAPSED,infographicvqa,Beta Calibration,43
0.0013749999999999978,0.1374999999999998,0.012387500000000003,1.2387500000000002,0.0013749999999999978,0.007937890625000003,-1.6406250000020745e-06,0.007936,0.0,1.8906249999999939e-06,0.5,0.046701537798165015,0.0057925446955604774,1.734723475976807e-18,1.0,COLLAPSED,infographicvqa,Spline Calibration,43
0.5368022967892989,53.68022967892989,0.5368022967892988,53.680229678929884,0.53680229681178,0.29738146977553526,-0.2894452197755353,0.007936,8.604659832246039e-05,0.2894240478493229,0.49143145161290325,0.7887077344868663,0.9780390377422445,0.03532855278389927,0.999999711998848,COLLAPSED,infographicvqa,Adaptive TS (ATS),43
0.0006251489810949213,0.06251489810949212,0.012371979796747964,1.2371979796747965,0.007467902482411742,0.00794513140292865,-8.881402928649293e-06,0.007936,0.0,3.908112485640183e-07,0.2746975806451613,0.047141377719039215,0.013443082152163967,0.0012220626291675237,-0.11733811160916381,COLLAPSED,infographicvqa,Probability Margin (1D),43
0.0004944909201330359,0.049449092013303594,0.011943747181039537,1.1943747181039537,0.007030929772242646,0.007933283696095056,2.966303904944692e-06,0.007936,0.0,2.4452127009401655e-07,0.5579637096774194,0.04642052164463645,0.005238747012868689,0.0008866774260339402,-0.13807797448640752,COLLAPSED,infographicvqa,MSSC (Multi-Scale Proxy),43
0.0005082605521323919,0.050826055213239185,0.011981750528101638,1.1981750528101638,0.007144229569319005,0.007936246881684995,3.1183150055180686e-09,0.007936,0.0,2.5832878885392383e-07,0.5680443548387096,0.04660936558564147,0.006536134455351397,9.858978273163263e-06,0.7689836199344797,COLLAPSED,infographicvqa,MSE-EIGEN (Multi-Scale),43
0.0006123751380982048,0.06123751380982048,0.013174985766757798,1.3174985766757799,0.007481511276665164,0.00795205063801155,-1.5800638011549684e-05,0.007936,0.0,3.750033097607954e-07,0.5085685483870968,0.04747445217538254,0.0093244315656678,0.00443371534652237,-0.9999903999615998,COLLAPSED,infographicvqa,Residual Calibrator,43
0.00047498159022045863,0.04749815902204586,0.011539619979101396,1.1539619979101396,0.006975630530675948,0.007937923073903362,-1.6730739033615077e-06,0.007936,0.0,2.2560751104835567e-07,0.5529233870967742,0.046734939668848174,0.007570133168576658,0.004361549156525615,-0.9813410773643094,COLLAPSED,infographicvqa,Trajectory LR,43
0.0016861227159647597,0.16861227159647596,0.011201926087890897,1.1201926087890897,0.007881064501994215,0.007980173737917144,-4.392373791714359e-05,0.007936,0.0,2.8430098132923776e-06,0.6522177419354839,0.04625807272711914,0.00383417642527212,0.008638924329521859,-0.7670990363961456,COLLAPSED,infographicvqa,Trajectory LR (No Bias),43
0.0005046098064631216,0.05046098064631216,0.013028497681021692,1.3028497681021691,0.006932106326214083,0.007935878473625141,3.7152637485937667e-07,0.007936,0.0,2.5463105677874903e-07,0.5625,0.04655612396664908,0.007097623359901387,0.004177722256902918,-0.976317665270661,COLLAPSED,infographicvqa,Trajectory Platt (5D),43
0.0009698317403581316,0.09698317403581316,0.011549183702902154,1.1549183702902155,0.0075358392354938734,0.007955978187621228,-1.972818762122769e-05,0.007936,0.0,9.405736046060824e-07,0.563508064516129,0.047239939476488586,0.0061727523095984815,0.005984192003236956,-0.7156879507518029,COLLAPSED,infographicvqa,Trajectory Platt (17D),43
0.0004826220016975139,0.04826220016975139,0.01202136417933752,1.202136417933752,0.007220218601383375,0.00793890312749815,-2.6531274981492214e-06,0.007936,0.0,2.3292399652251513e-07,0.49294354838709675,0.046773374077554865,0.006982602321252592,0.0012072403990626736,0.9995761583046332,COLLAPSED,infographicvqa,VCPS-5D (Our Method),43
0.0004961186966210528,0.049611869662105276,0.012026312671923119,1.2026312671923118,0.007247238994632538,0.007939594821171401,-3.344821171400586e-06,0.007936,0.0,2.461337611369722e-07,0.4808467741935484,0.04681958522205235,0.007335744204489023,0.0012043233944352963,0.993630086520346,COLLAPSED,infographicvqa,VCPS-17D (Our Method),43
0.8352298078238964,83.52298078238964,0.8352298078238966,83.52298078238965,0.7754298058659735,0.7459012529540078,-0.7379650029540078,0.007936,0.00013965193701389494,0.7377712668055867,0.375,3.7071925846797136,0.9846380547744102,0.199321592138924,1.0,COLLAPSED,infographicvqa,Naive Confidence (NC),44
0.535612888852273,53.5612888852273,0.535612888852273,53.5612888852273,0.5356128888576414,0.2962921938372043,-0.2883559438372043,0.007936,2.2667136216368502e-05,0.2881877198787343,0.375,0.7864944152816618,0.9846380547744102,0.03488572471965054,1.0,COLLAPSED,infographicvqa,Temperature Scaling (TS),44
0.0007154551672960332,0.07154551672960333,0.011294388999026692,1.1294388999026692,0.006752089470480609,0.00792644543012177,9.804569878230085e-06,0.007936,0.0,5.118760964105948e-07,0.625,0.045729328350555244,0.00420843661781268,0.003493617281150841,-1.0,COLLAPSED,infographicvqa,Platt Scaling (1D),44
0.0004958837988200768,0.049588379882007684,0.013720777497433737,1.3720777497433736,0.007855563202632893,0.007973984372927196,-3.7734372927195406e-05,0.007936,0.0,2.459007419322304e-07,0.5196572580645161,0.04768360642176827,0.0077632192414375115,0.005735707459105001,-0.6103261853047411,COLLAPSED,infographicvqa,Quadratic Platt (Logit-Only),44
0.000492615996614116,0.049261599661411595,0.011974544286415405,1.1974544286415405,0.000492615996614116,0.007936242670520122,7.329479878928624e-09,0.007936,0.0,2.426705201201187e-07,0.5,0.04660911826906284,0.0058623703042556315,1.734723475976807e-18,1.0,COLLAPSED,infographicvqa,Beta Calibration,44
0.0013082606360319566,0.13082606360319565,0.012387260636031959,1.2387260636031958,0.007392023966561749,0.007938666518605336,-2.4165186053356352e-06,0.007936,0.0,1.7115458917907395e-06,0.405241935483871,0.046742574283084974,0.005514570979430324,0.0001510050894272625,0.681625834644722,COLLAPSED,infographicvqa,Spline Calibration,44
0.5354299875061443,53.54299875061444,0.5354299875061443,53.54299875061444,0.5354299875131304,0.2960851418744336,-0.2881488918744336,0.007936,2.232538569424965e-05,0.2879793053612448,0.375,0.7860703246077505,0.9846467034331668,0.03474081035901955,0.999999903999616,COLLAPSED,infographicvqa,Adaptive TS (ATS),44
0.00042604776184280643,0.04260477618428064,0.012375000692005072,1.2375000692005071,0.00737448576160769,0.00794369376990762,-7.443769907619635e-06,0.007936,0.0,1.815166953712647e-07,0.18649193548387097,0.047014648067055506,0.014606920076100231,0.0014202261203891749,-0.07984149139359062,COLLAPSED,infographicvqa,Probability Margin (1D),44
0.0005003506765016829,0.05003506765016829,0.013052320164779287,1.3052320164779287,0.006990876511912591,0.007932032054155888,4.21794584411217e-06,0.007936,0.0,2.5035079947569175e-07,0.6247479838709677,0.04635816324720679,0.003782560952385056,0.0007209219384557653,-0.18311379442253675,COLLAPSED,infographicvqa,MSSC (Multi-Scale Proxy),44
0.0005065611813117269,0.05065611813117269,0.013103465585354123,1.3103465585354124,0.007143208446974237,0.007936228140053713,2.1859946287144938e-08,0.007936,0.0,2.5660423041193224e-07,0.43850806451612906,0.04660825298876652,0.007595920688761627,1.0734425503497673e-05,0.6863414013656055,COLLAPSED,infographicvqa,MSE-EIGEN (Multi-Scale),44
0.000719048876341553,0.07190488763415531,0.011290917568452394,1.1290917568452394,0.006748429038283305,0.007926360830920366,9.889169079634746e-06,0.007936,0.0,5.1703128656805e-07,0.6255040322580645,0.04572035866148356,0.0042013444192311195,0.0035219923238102046,-0.9999879039516157,COLLAPSED,infographicvqa,Residual Calibrator,44
0.0008281100932774239,0.0828110093277424,0.010784473977245995,1.0784473977245996,0.0061653638768505445,0.00790832792912119,2.792207087881117e-05,0.007936,0.0,6.857663265879438e-07,0.7253024193548387,0.04482152611768437,0.003020177855857663,0.0037202526421982692,-0.9406360505442022,COLLAPSED,infographicvqa,Trajectory LR,44
0.0019254479675492996,0.19254479675492997,0.011043990300100157,1.1043990300100157,0.007093112314806846,0.007920721745148471,1.5528254851529533e-05,0.007936,0.0,3.707349875739729e-06,0.7086693548387097,0.044624721439371094,0.0030255787330530845,0.007757975870334786,-0.688503138012552,COLLAPSED,infographicvqa,Trajectory LR (No Bias),44
0.0008061164892278604,0.08061164892278605,0.010830791253130882,1.0830791253130883,0.0061747309047300615,0.007908587068720314,2.7662931279686526e-05,0.007936,0.0,6.498237942050512e-07,0.7278225806451613,0.04485286049856774,0.0029846116421956568,0.0035558058578289238,-0.9363795855183421,COLLAPSED,infographicvqa,Trajectory Platt (5D),44
0.0006275831177135847,0.06275831177135846,0.012784827092220442,1.278482709222044,0.006718916118830023,0.007933216539794214,3.0334602057861815e-06,0.007936,0.0,3.938605696391031e-07,0.6622983870967742,0.045434056291002556,0.003903926621505687,0.005760348727612922,-0.5643998895995584,COLLAPSED,infographicvqa,Trajectory Platt (17D),44
0.0004244550259484333,0.04244550259484333,0.012232639714234923,1.2232639714234923,0.007475239151070383,0.007946621930874108,-1.0371930874107302e-05,0.007936,0.0,1.801620690528852e-07,0.37348790322580644,0.04720198241202742,0.0089365628747756,0.0011813045507226355,0.9997102708410833,COLLAPSED,infographicvqa,VCPS-5D (Our Method),44
0.0004092532598693379,0.04092532598693379,0.01324922398517629,1.324922398517629,0.007493506690548676,0.007947238261429866,-1.0988261429865573e-05,0.007936,0.0,1.6748823071367982e-07,0.34879032258064513,0.04724396867912498,0.009757654954790059,0.0011743931360858112,0.9929317797271188,COLLAPSED,infographicvqa,VCPS-17D (Our Method),44
0.8475182475149632,84.75182475149632,0.8475182475149632,84.75182475149632,0.7859014400896297,0.7670619018290903,-0.7591256518290903,0.007936,0.0005197257980115122,0.7594417330862613,0.3634072580645161,3.9372247091277304,0.980732002455794,0.19566957449915887,1.0,COLLAPSED,infographicvqa,Naive Confidence (NC),45
0.5386935740631029,53.86935740631029,0.5386935740631029,53.86935740631029,0.5386935740638872,0.2996184525817533,-0.2916822025817533,0.007936,8.356258234519104e-05,0.2915093200264663,0.3634072580645161,0.7932459355844289,0.980732002455794,0.035634775726863376,1.0,COLLAPSED,infographicvqa,Temperature Scaling (TS),45
0.00039809272407847693,0.03980927240784769,0.012607103775717405,1.2607103775717405,0.006353356210750788,0.007916694737219582,1.955526278041818e-05,0.007936,0.0,1.5847781696422236e-07,0.6365927419354839,0.046007571704132146,0.01016428576534213,0.0036919576340665025,-1.0,COLLAPSED,infographicvqa,Platt Scaling (1D),45
0.00034433098767187344,0.034433098767187344,0.012133344663893153,1.2133344663893153,0.005892075489331948,0.007901357152178747,3.489284782125408e-05,0.007936,0.0,1.1856382907108785e-07,0.734375,0.044768817929072155,0.0029848905357659082,0.00395121693858244,-0.9259829359317435,COLLAPSED,infographicvqa,Quadratic Platt (Logit-Only),45
0.0004994955464071322,0.04994955464071322,0.013031701363473024,1.3031701363473025,0.0004994955464071322,0.007936249495800882,5.041991182203054e-10,0.007936,0.0,2.4949580088055953e-07,0.5,0.04660952338408263,0.015613416500384303,1.734723475976807e-18,1.0,COLLAPSED,infographicvqa,Beta Calibration,45
0.0007500000000000041,0.07500000000000041,0.013179999999999999,1.3179999999999998,0.0007500000000000041,0.0079365625,-3.124999999985778e-07,0.007936,0.0,5.625000000000062e-07,0.5,0.046627810613715626,0.015613416500384303,3.469446951953614e-18,1.0,COLLAPSED,infographicvqa,Spline Calibration,45
0.5384991143690616,53.84991143690616,0.5384991143690615,53.84991143690615,0.5384991143701888,0.2993974613016159,-0.2914612113016159,0.007936,8.545652173913044e-05,0.29128949531027687,0.3634072580645161,0.7927926634620274,0.980732002455794,0.035485948202174704,0.999999711998848,COLLAPSED,infographicvqa,Adaptive TS (ATS),45
0.000500011318569268,0.050001131856926805,0.011843461410322036,1.1843461410322036,0.0070636279330327815,0.007934082100311044,2.1678996889561153e-06,0.007936,0.0,2.5001131869737807e-07,0.4793346774193548,0.04644145755336454,0.007448131799647941,0.000838525371788547,-0.1318801061153317,COLLAPSED,infographicvqa,Probability Margin (1D),45
0.00042330202757325484,0.042330202757325484,0.01191388606495972,1.191388606495972,0.0071317363610632475,0.007936772549116414,-5.225491164131263e-07,0.007936,0.0,1.791846065476286e-07,0.5151209677419355,0.046661249630732746,0.011570461324703792,0.001200720456688581,-0.21586475827978957,COLLAPSED,infographicvqa,MSSC (Multi-Scale Proxy),45
0.0005066742790080011,0.05066742790080011,0.011979250855455474,1.1979250855455474,0.0071420394027427395,0.007936193922869606,5.6077130394099894e-08,0.007936,0.0,2.5671882500827775e-07,0.5932459677419355,0.046606224722945615,0.005047772452213629,9.534310704880975e-06,0.746751179004716,COLLAPSED,infographicvqa,MSE-EIGEN (Multi-Scale),45
0.0003508655526791131,0.03508655526791131,0.012580364208948668,1.2580364208948667,0.006336063728331115,0.00791657446681114,1.9675533188861366e-05,0.007936,0.0,1.231066360568195e-07,0.6365927419354839,0.046008277761785066,0.010166565385134115,0.0036838398820228527,-0.9999399037596151,COLLAPSED,infographicvqa,Residual Calibrator,45
0.0002775657788077184,0.027756577880771842,0.012833641650615507,1.2833641650615508,0.0071641217077445,0.007948700869271989,-1.245086927198838e-05,0.007936,0.0,7.704276156513526e-08,0.5660282258064514,0.0473382049111757,0.00949454839542353,0.004948018730976698,-0.7631784767139068,COLLAPSED,infographicvqa,Trajectory LR,45
0.0009194799667039295,0.09194799667039295,0.011917437534616784,1.1917437534616784,0.008401856706824806,0.007991140261327844,-5.489026132784319e-05,0.007936,0.0,8.454434091698593e-07,0.514616935483871,0.04926458228750954,0.009281145731532653,0.008039366073920643,-0.6905957543830175,COLLAPSED,infographicvqa,Trajectory LR (No Bias),45
0.00029410786740481816,0.029410786740481816,0.012862362031824889,1.2862362031824888,0.007185655834053136,0.007948301908089412,-1.2051908089411728e-05,0.007936,0.0,8.64994376694101e-08,0.5630040322580645,0.04729497072219564,0.00952956947951754,0.004765515795870237,-0.7556422545690182,COLLAPSED,infographicvqa,Trajectory Platt (5D),45
0.00031389112683973507,0.03138911268397351,0.012112258895234847,1.2112258895234846,0.006157966688766333,0.007923676319588065,1.2573680411935226e-05,0.007936,0.0,9.852763950871865e-08,0.6602822580645162,0.04595580934041153,0.006646604459579813,0.006176201844325904,-0.5951429565718263,COLLAPSED,infographicvqa,Trajectory Platt (17D),45
0.0005534612941190155,0.05534612941190155,0.013168630941893354,1.3168630941893353,0.007414532413014774,0.007944095463297487,-7.84546329748656e-06,0.007936,0.0,3.0631940408789535e-07,0.36592741935483875,0.04713550494104735,0.014091730281590848,0.0012228581191633513,0.9994711338845357,COLLAPSED,infographicvqa,VCPS-5D (Our Method),45
0.0005544315649649838,0.055443156496498384,0.01220082376227338,1.2200823762273378,0.0074058021253662785,0.007943832996740728,-7.5829967407271825e-06,0.007936,0.0,3.073943602295211e-07,0.36844758064516125,0.04711806857985987,0.013962693017878664,0.0012204353648209263,0.9989342997371988,COLLAPSED,infographicvqa,VCPS-17D (Our Method),45
0.8443877206742764,84.43877206742764,0.8443877206742764,84.43877206742764,0.7852760182184068,0.7605584408732465,-0.7526221908732466,0.007936,0.0005193333333333335,0.7528432356210795,0.27923387096774194,3.716331396070159,0.9871069687054169,0.19565039335400494,1.0,COLLAPSED,infographicvqa,Naive Confidence (NC),46
0.5357915955995503,53.57915955995502,0.5357915955995503,53.57915955995502,0.5357915955907603,0.2965783744069276,-0.2886421244069276,0.007936,8.346543778801843e-05,0.2885796733778643,0.27923387096774194,0.7870372865304445,0.9871069687054169,0.033752699704932936,1.0,COLLAPSED,infographicvqa,Temperature Scaling (TS),46
0.00064218074632863,0.064218074632863,0.013761496105081875,1.3761496105081876,0.006222372113260819,0.00791066610566311,2.5583894336890164e-05,0.007936,0.0,4.1239611095519623e-07,0.720766129032258,0.0449085247648886,0.00273523447053463,0.0027710170988057116,-1.0,COLLAPSED,infographicvqa,Platt Scaling (1D),46
0.00025771012097625286,0.025771012097625286,0.013857915946650617,1.3857915946650619,0.0073639931524640745,0.007961678008144717,-2.5428008144716754e-05,0.007936,0.0,6.641450645359489e-08,0.6491935483870968,0.046570992472882204,0.003748011065737591,0.005712362160870866,-0.542188952755811,COLLAPSED,infographicvqa,Quadratic Platt (Logit-Only),46
0.0004998746186655797,0.04998746186655797,0.01306592527272468,1.306592527272468,0.0004998746186655797,0.007936249874634385,1.2536561545817282e-10,0.007936,0.0,2.498746343860587e-07,0.5,0.04660954586027253,0.015038852534145938,1.734723475976807e-18,1.0,COLLAPSED,infographicvqa,Beta Calibration,46
0.000832641350854044,0.0832641350854044,0.012107641350854044,1.2107641350854044,0.007275677209016891,0.007938070013217445,-1.8200132174440997e-06,0.007936,0.0,6.932916191520473e-07,0.4213709677419355,0.0467112126651743,0.016292720204870534,0.00023336663135494458,0.6314977332956536,COLLAPSED,infographicvqa,Spline Calibration,46
0.535608640962182,53.5608640962182,0.535608640962182,53.5608640962182,0.5356086409508403,0.2963710775171663,-0.2884348275171663,0.007936,8.278899082568808e-05,0.28837053793857526,0.27923387096774194,0.786613096921602,0.9871118827103308,0.03361166325734781,0.99999951999808,COLLAPSED,infographicvqa,Adaptive TS (ATS),46
0.0004624953831349598,0.04624953831349598,0.012386935627944674,1.2386935627944673,0.007405486532827852,0.007944369369735643,-8.119369735642284e-06,0.007936,0.0,2.1390197942115326e-07,0.18245967741935482,0.047052941243481854,0.01523584299733501,0.0014713941642385227,-0.09718536731644883,COLLAPSED,infographicvqa,Probability Margin (1D),46
0.0005460847691057761,0.05460847691057761,0.011969806277725306,1.1969806277725306,0.007140756848401462,0.007936218726165256,3.12738347441055e-08,0.007936,0.0,2.982085750493088e-07,0.48664314516129037,0.046572807918610556,0.007952832240954505,0.0010907275446435706,-0.30428783997313336,COLLAPSED,infographicvqa,MSSC (Multi-Scale Proxy),46
0.0005073204008655529,0.05073204008655529,0.013103222299883843,1.3103222299883843,0.007142424078253534,0.007936200944094867,4.905590513318292e-08,0.007936,0.0,2.5737398913438527e-07,0.4889112903225807,0.04660664186140869,0.006197096919556916,8.801909527264065e-06,0.7351138204552818,COLLAPSED,infographicvqa,MSE-EIGEN (Multi-Scale),46
0.0006447336712932517,0.06447336712932517,0.013758393852679723,1.3758393852679722,0.00621607992779599,0.007910499195793706,2.575080420629504e-05,0.007936,0.0,4.156815068992747e-07,0.7212701612903226,0.044895067519653664,0.002730356421754142,0.002798962646063026,-0.9999355837423348,COLLAPSED,infographicvqa,Residual Calibrator,46
0.0007535627335021021,0.07535627335021021,0.010837509397917954,1.0837509397917955,0.0062053534081204596,0.007910218412847546,2.6031587152454405e-05,0.007936,0.0,5.678567933231602e-07,0.717741935483871,0.04476369157755362,0.002816064133157408,0.0035272328527727404,-0.8509357877431509,COLLAPSED,infographicvqa,Trajectory LR,46
0.0019413355568557687,0.1941335556855769,0.010698976295726907,1.0698976295726907,0.005336093892912008,0.007835800214735152,0.00010044978526484866,0.007936,0.0,3.7687837443124977e-06,0.8054435483870968,0.04243083396309109,0.0023077638198322576,0.007406518476856621,-0.6128324673298693,COLLAPSED,infographicvqa,Trajectory LR (No Bias),46
0.0008280998570844526,0.08280998570844525,0.010670328996144236,1.0670328996144236,0.006147695861265266,0.007907638208658656,2.861179134134445e-05,0.007936,0.0,6.857493733032907e-07,0.730342741935484,0.04469098648960982,0.0027021423555892367,0.003476494129765047,-0.8327892191568765,COLLAPSED,infographicvqa,Trajectory Platt (5D),46
0.0004932121054225715,0.04932121054225715,0.012182289676457006,1.2182289676457005,0.005995480997505188,0.007911586326158772,2.4663673841228764e-05,0.007936,0.0,2.432581809353658e-07,0.7575604838709677,0.044224346537340344,0.0023362811092602948,0.005037826408023892,-0.4913664454657819,COLLAPSED,infographicvqa,Trajectory Platt (17D),46
0.00042162629626427486,0.042162629626427486,0.014419150193644825,1.4419150193644825,0.007671336914955824,0.007952228796912712,-1.5978796912710994e-05,0.007936,0.0,1.7776873370153007e-07,0.2787298387096774,0.04754671923684363,0.010788900691299449,0.0011368678240659448,0.9994491497965993,COLLAPSED,infographicvqa,VCPS-5D (Our Method),46
0.0004188196374481541,0.04188196374481541,0.013445640265345315,1.3445640265345316,0.0076774744591351215,0.007952426164648368,-1.6176164648367547e-05,0.007936,0.0,1.7540988871220327e-07,0.2610887096774194,0.047561399846781094,0.011742979390969584,0.0011352159265529847,0.9953628934515738,COLLAPSED,infographicvqa,VCPS-17D (Our Method),46
0.8501630077064037,85.01630077064037,0.8501630077064037,85.01630077064037,0.787673715504091,0.771768381417762,-0.7638321314177621,0.007936,0.00015079004087699738,0.7636835192489846,0.5579637096774194,3.960290947730436,0.9765835354835126,0.2013625216602192,1.0,COLLAPSED,infographicvqa,Naive Confidence (NC),47
0.5391234044943666,53.912340449436655,0.5391234044943667,53.91234044943667,0.5391234045116637,0.29973473287581875,-0.2917984828758188,0.007936,4.5622757388520815e-05,0.291689487062764,0.5579637096774194,0.7934614532230319,0.9765835354835126,0.03531757553612397,1.0,COLLAPSED,infographicvqa,Temperature Scaling (TS),47
0.00022779327436833578,0.022779327436833578,0.011531797310756072,1.1531797310756071,0.007695088534229694,0.00796144345541857,-2.519345541856892e-05,0.007936,0.0,5.18897758474479e-08,0.4420362903225806,0.04910632612186851,0.012203516196747916,0.004944999468698281,-1.0,COLLAPSED,infographicvqa,Platt Scaling (1D),47
0.00028020151202047365,0.028020151202047365,0.010772452756089438,1.0772452756089437,0.007556127564636841,0.007959521254471894,-2.3271254471893266e-05,0.007936,0.0,7.851288733855963e-08,0.4637096774193548,0.04770264566537761,0.015396161660061384,0.00565549320699332,-0.9753722523068773,COLLAPSED,infographicvqa,Quadratic Platt (Logit-Only),47
0.0004992588858863459,0.04992588858863459,0.013133552367075356,1.3133552367075356,0.0004992588858863459,0.007936249259435138,7.405648629055239e-10,0.007936,0.0,2.4925943513647534e-07,0.5,0.04660950936000055,0.004820219495336232,0.0,1.0,COLLAPSED,infographicvqa,Beta Calibration,47
0.0005416666666666677,0.05416666666666677,0.013159166666666668,1.3159166666666668,0.0005416666666666677,0.007936293402777779,-4.340277777806212e-08,0.007936,0.0,2.9340277777777893e-07,0.5,0.046612121970206255,0.004820219495336232,0.0,1.0,COLLAPSED,infographicvqa,Spline Calibration,47
0.5389263842120036,53.89263842120036,0.5389263842120036,53.89263842120036,0.5389263842343173,0.2995123839374173,-0.2915761339374173,0.007936,4.973331362987045e-05,0.2914666797024347,0.5579637096774194,0.7930056886927124,0.9765880912921686,0.03517059241481313,0.9999999039996114,COLLAPSED,infographicvqa,Adaptive TS (ATS),47
0.00044694194359410147,0.04469419435941015,0.012974452311338652,1.2974452311338651,0.0070240063891187695,0.007933293274433054,2.956725566946941e-06,0.007936,0.0,1.9975710094367297e-07,0.5599798387096774,0.046388818256922294,0.005868960615128187,0.0008952224699490224,-0.18446702323691128,COLLAPSED,infographicvqa,Probability Margin (1D),47
0.0005744028620328408,0.057440286203284084,0.01331379369228443,1.331379369228443,0.007448629745010866,0.007945140917349651,-8.890917349650349e-06,0.007936,0.0,3.299386479115188e-07,0.40524193548387094,0.047102367559785335,0.005976477955150986,0.0014363845956542366,-0.22781545379611837,COLLAPSED,infographicvqa,MSSC (Multi-Scale Proxy),47
0.000506273875118219,0.0506273875118219,0.013106960102691337,1.3106960102691336,0.007146220702454743,0.00793631628215442,-6.628215441957519e-08,0.007936,0.0,2.5631323662721803e-07,0.6159274193548387,0.04661349205445005,0.008290387939730767,1.2356350114797927e-05,0.7454328716218755,COLLAPSED,infographicvqa,MSE-EIGEN (Multi-Scale),47
0.0002651329398414004,0.02651329398414004,0.011981275902918186,1.1981275902918187,0.007741437039989982,0.007962919976037552,-2.6669976037551127e-05,0.007936,0.0,7.029547578894365e-08,0.4405241935483871,0.04920091054708311,0.012246980138543875,0.0050435708659202485,-0.9999437197735287,COLLAPSED,infographicvqa,Residual Calibrator,47
0.00012768445864998375,0.012768445864998375,0.013731429183114863,1.3731429183114863,0.009464948676446107,0.008023079273540191,-8.682927354019057e-05,0.007936,0.0,1.630332098073941e-08,0.36189516129032256,0.051987052364640615,0.010534678342959349,0.006283944933640087,-0.8650544889792638,COLLAPSED,infographicvqa,Trajectory LR,47
0.000980346922551002,0.0980346922551002,0.014344391331479318,1.4344391331479318,0.010862873097128752,0.008097991266269044,-0.00016174126626904324,0.007936,1.2825651302605208e-07,1.7207768985598085e-05,0.39264112903225806,0.05365145970625797,0.009860615414342092,0.009804696700456321,-0.7872308638169961,COLLAPSED,infographicvqa,Trajectory LR (No Bias),47
0.0001311111208051434,0.01311111208051434,0.013680625488981607,1.3680625488981608,0.009374815851093591,0.008018196739539697,-8.194673953969625e-05,0.007936,0.0,1.7190125998780905e-08,0.359375,0.051605025813675175,0.010454675241378636,0.00596477941964905,-0.851372465922803,COLLAPSED,infographicvqa,Trajectory Platt (5D),47
0.0005012937860148551,0.05012937860148551,0.013925103345215746,1.3925103345215746,0.010464670468190225,0.008080340521469206,-0.00014409052146920585,0.007936,1.2825651302605208e-07,9.432055544588996e-06,0.3190524193548387,0.06158139825816407,0.01365820744574826,0.008703934941175428,-0.426766693309174,COLLAPSED,infographicvqa,Trajectory Platt (17D),47
0.0005690810703402847,0.056908107034028474,0.011852670567164207,1.1852670567164207,0.007051894749795659,0.007933554253282508,2.695746717492134e-06,0.007936,0.0,3.238532646196441e-07,0.5544354838709677,0.04650078272983346,0.0082164752589619,0.0012050374749517979,0.999207732811917,COLLAPSED,infographicvqa,VCPS-5D (Our Method),47
0.0005653512058130562,0.05653512058130562,0.011851079167159983,1.1851079167159984,0.007066547699326468,0.007934018573252781,2.2314267472192673e-06,0.007936,0.0,3.1962198591427667e-07,0.5498991935483871,0.04653810611297053,0.0094412315680076,0.0012173969878964365,0.9973775814473881,COLLAPSED,infographicvqa,VCPS-17D (Our Method),47
0.8390212009549141,83.90212009549141,0.8390212009549141,83.90212009549141,0.7734637669279019,0.7564551635584995,-0.7485189135584995,0.007936,0.0002605131327323108,0.748448149674148,0.4233870967741935,3.84368889130399,0.9770504982738002,0.20813657666982102,1.0,COLLAPSED,infographicvqa,Naive Confidence (NC),48
0.5373540287716806,53.735402877168056,0.5373540287716806,53.735402877168056,0.5373540287440548,0.298089654848754,-0.290153404848754,0.007936,0.0001130334928229665,0.29005751752488196,0.4233870967741935,0.790126262442463,0.9770504982738002,0.03527494425057564,1.0,COLLAPSED,infographicvqa,Temperature Scaling (TS),48
0.0005832761737130984,0.058327617371309835,0.011107821584623931,1.1107821584623931,0.006781005285162706,0.007929158561784784,7.091438215216586e-06,0.007936,0.0,3.4021109482139246e-07,0.5766129032258064,0.0464452763549392,0.00946910942252205,0.004010232887890378,-1.0,COLLAPSED,infographicvqa,Platt Scaling (1D),48
0.0006017464313138269,0.06017464313138269,0.010329688008789127,1.0329688008789129,0.006768176998376649,0.007929838410723426,6.411589276575022e-06,0.007936,0.0,3.6209876759892616e-07,0.7096774193548387,0.045559175781788495,0.0029387519631799163,0.005262345307530635,-0.7779934373174342,COLLAPSED,infographicvqa,Quadratic Platt (Logit-Only),48
0.0004907639992499952,0.04907639992499952,0.013094458399550004,1.3094458399550004,0.0004907639992499952,0.007936240849302957,9.150697043852629e-09,0.007936,0.0,2.408493029598493e-07,0.5,0.046609010115402895,0.0073282919779699045,0.0,1.0,COLLAPSED,infographicvqa,Beta Calibration,48
0.0011666666666666683,0.11666666666666684,0.013499999999999998,1.3499999999999999,0.0011666666666666683,0.007937361111111116,-1.1111111111149208e-06,0.007936,0.0,1.3611111111111148e-06,0.5,0.04667272007644914,0.0073282919779699045,1.734723475976807e-18,1.0,COLLAPSED,infographicvqa,Spline Calibration,48
0.5371644152789427,53.71644152789427,0.5371644152789425,53.716441527894254,0.5371644152471977,0.2978748828891601,-0.2899386328891601,0.007936,0.00011695238095238094,0.289845365860009,0.4233870967741935,0.7896862491824926,0.9770504982738002,0.03512791437460371,0.9999999039996114,COLLAPSED,infographicvqa,Adaptive TS (ATS),48
0.0005459654769267956,0.05459654769267956,0.013065574261024351,1.306557426102435,0.007076895259720253,0.007934154150555655,2.0958494443452935e-06,0.007936,0.0,2.980783019959034e-07,0.6360887096774194,0.04645504210523682,0.0048135125251080775,0.0007457071013874792,-0.09198464356601245,COLLAPSED,infographicvqa,Probability Margin (1D),48
0.0005434789421890143,0.05434789421890143,0.013105104378856368,1.3105104378856367,0.007029932688294099,0.007932937729186813,3.3122708131879536e-06,0.007936,0.0,2.9536936060289e-07,0.5743447580645161,0.0464074698093714,0.005370165812995171,0.0008716840217232375,-0.20046281397217589,COLLAPSED,infographicvqa,MSSC (Multi-Scale Proxy),48
0.0005071063786497732,0.05071063786497732,0.011979630734387679,1.1979630734387678,0.007142513328526108,0.00793620482991376,4.5170086240831075e-08,0.007936,0.0,2.571568792672872e-07,0.5105846774193548,0.046606871638641606,0.006524757426649819,9.232677564643675e-06,0.7517854091844867,COLLAPSED,infographicvqa,MSE-EIGEN (Multi-Scale),48
0.0005247938682389087,0.05247938682389087,0.011083423845144675,1.1083423845144675,0.006762307926187292,0.007929057281854392,7.192718145608568e-06,0.007936,0.0,2.7540860414115706e-07,0.577116935483871,0.046444114648446645,0.009462719646164222,0.0039945145716559285,-0.9999502957999905,COLLAPSED,infographicvqa,Residual Calibrator,48
0.0003705670532194467,0.03705670532194467,0.012904879757809384,1.2904879757809384,0.0072765056999404484,0.007948452994142666,-1.220299414266511e-05,0.007936,0.0,1.3731994093174422e-07,0.5650201612903225,0.0468226689562041,0.005874667088492953,0.004614505951582784,-0.8372207129761492,COLLAPSED,infographicvqa,Trajectory LR,48
0.0009636038250199087,0.09636038250199086,0.012357518079354094,1.2357518079354095,0.008744646060179032,0.008010417789519117,-7.416778951911673e-05,0.007936,0.0,9.285323315929987e-07,0.5846774193548387,0.047551464505026064,0.00445197930232037,0.007917511045903611,-0.7074817109064049,COLLAPSED,infographicvqa,Trajectory LR (No Bias),48
0.0004101453218609101,0.04101453218609101,0.012934913802891971,1.2934913802891972,0.007286701171367987,0.007947897320235504,-1.1647320235503092e-05,0.007936,0.0,1.6821918504438954e-07,0.5715725806451614,0.046771557214500915,0.005613606330875155,0.004469986133964445,-0.8239493315721104,COLLAPSED,infographicvqa,Trajectory Platt (5D),48
0.0005844193876291676,0.058441938762916756,0.011250938616929489,1.125093861692949,0.007203542622593792,0.007947345897359999,-1.109589735999797e-05,0.007936,0.0,3.415460206368512e-07,0.606350806451613,0.04639586380708842,0.004874874993934621,0.0057589273786277,-0.59540567591244,COLLAPSED,infographicvqa,Trajectory Platt (17D),48
0.000503525221340801,0.050352522134080105,0.012129306368463069,1.2129306368463069,0.007342714599750854,0.007942313903989084,-6.063903989083838e-06,0.007936,0.0,2.535376485263027e-07,0.421875,0.04700441077228023,0.01067337285705413,0.0011981493802523642,0.9996272064998791,COLLAPSED,infographicvqa,VCPS-5D (Our Method),48
0.0004991263221084501,0.04991263221084501,0.012126948457730985,1.2126948457730986,0.007333313150547742,0.0079420667627149,-5.816762714898685e-06,0.007936,0.0,2.4912708542150823e-07,0.4279233870967742,0.04698866210232745,0.010375525749450375,0.001194869384950599,0.9990414601428359,COLLAPSED,infographicvqa,VCPS-17D (Our Method),48
0.8502287907898426,85.02287907898426,0.8502287907898428,85.02287907898427,0.7921195975586749,0.7692391692077416,-0.7613029192077416,0.007936,0.00020477470355731228,0.7612756260895555,0.5201612903225806,3.876087140291648,0.9789710096761555,0.19213680544927306,1.0,COLLAPSED,infographicvqa,Naive Confidence (NC),49
0.5381305238664481,53.81305238664481,0.5381305238664482,53.81305238664482,0.5381305238884077,0.29866436142974173,-0.29072811142974175,0.007936,7.172295597231489e-05,0.29057339509868907,0.5201612903225806,0.7912732337812332,0.9789710096761555,0.034640616185575734,1.0,COLLAPSED,infographicvqa,Temperature Scaling (TS),49
0.0003329270931302763,0.03329270931302763,0.011436599557986772,1.143659955798677,0.007286737122646253,0.007946218479740402,-9.968479740401007e-06,0.007936,0.0,1.1084044934017566e-07,0.4798387096774193,0.04844511379938537,0.01258072758360571,0.004595827825439259,-1.0,COLLAPSED,infographicvqa,Platt Scaling (1D),49
0.00028596725461409525,0.028596725461409525,0.010958203370123126,1.0958203370123125,0.006988697304014926,0.007936815748393528,-5.657483935269519e-07,0.007936,0.0,8.177727071152278e-08,0.4798387096774193,0.04734567095478127,0.01258072758360571,0.004793218525119774,-1.0,COLLAPSED,infographicvqa,Quadratic Platt (Logit-Only),49
0.0004957582649653108,0.04957582649653108,0.013097454958979182,1.3097454958979182,0.0004957582649653108,0.007936245776257277,4.223742723630242e-09,0.007936,0.0,2.4577625728141526e-07,0.5,0.04660930265064371,0.006422791202866658,0.0,1.0,COLLAPSED,infographicvqa,Beta Calibration,49
0.0005416666666666677,0.05416666666666677,0.013125,1.3125,0.0005416666666666677,0.00793629340277778,-4.340277777979684e-08,0.007936,0.0,2.9340277777777893e-07,0.5,0.04661212197020626,0.006422791202866658,0.0,1.0,COLLAPSED,infographicvqa,Spline Calibration,49
0.5379380211239273,53.79380211239273,0.5379380211239272,53.79380211239272,0.5379380211502451,0.2984474284309989,-0.29051117843099894,0.007936,7.157971573238749e-05,0.29035850621827286,0.5201612903225806,0.7908289254369245,0.9789796396754107,0.03449593431525408,0.999999807999232,COLLAPSED,infographicvqa,Adaptive TS (ATS),49
0.0005294015304167007,0.05294015304167007,0.013525178749947974,1.3525178749947975,0.007306097467753992,0.007941006495441503,-4.756495441501918e-06,0.007936,0.0,2.8026598040754486e-07,0.5378024193548387,0.0468697830584928,0.008391773567560162,0.001208289931239173,-0.09447336783822541,COLLAPSED,infographicvqa,Probability Margin (1D),49
0.0004883031239336921,0.04883031239336921,0.013026559069421474,1.3026559069421473,0.007001637985677456,0.007932449305996462,3.800694003538649e-06,0.007936,0.0,2.384399408434027e-07,0.5866935483870968,0.046378474073074945,0.009801832471849866,0.0008154145758321115,-0.18560296112933117,COLLAPSED,infographicvqa,MSSC (Multi-Scale Proxy),49
0.0005068750083475244,0.050687500834752444,0.014226475664025875,1.4226475664025875,0.00714267636378084,0.007936210938381283,3.906161871736202e-08,0.007936,0.0,2.56922274087303e-07,0.6144153225806452,0.04660723308918881,0.005545542641991828,9.683644023544331e-06,0.7193514214056855,COLLAPSED,infographicvqa,MSE-EIGEN (Multi-Scale),49
0.0003938392557993244,0.03938392557993244,0.011441302579090748,1.1441302579090749,0.007316090558225129,0.00794667805060676,-1.0428050606759928e-05,0.007936,0.0,1.551093594085657e-07,0.4803427419354839,0.04851581928838354,0.012575884968593605,0.004720400372867625,-0.9999663998655993,COLLAPSED,infographicvqa,Residual Calibrator,49
0.00021071440347668682,0.021071440347668682,0.011297432014216952,1.1297432014216953,0.007106385944313528,0.007939688600043661,-3.4386000436602976e-06,0.007936,0.0,4.440055983253597e-08,0.5115927419354839,0.04820110928276921,0.009808532069173048,0.004838732957966897,-0.8990159480637923,COLLAPSED,infographicvqa,Trajectory LR,49
0.0012187128032737204,0.12187128032737204,0.010363394895717195,1.0363394895717195,0.008060913724336267,0.007956887601856817,-2.0637601856816554e-05,0.007936,0.0,1.4852608968632899e-06,0.547883064516129,0.048426255447855525,0.007778599029272433,0.008576591030428063,-0.7775353341413366,COLLAPSED,infographicvqa,Trajectory LR (No Bias),49
0.0002719059118535365,0.02719059118535365,0.011266055501764643,1.1266055501764642,0.007095175880278297,0.007937618757211511,-1.368757211510363e-06,0.007936,0.0,7.393282490090316e-08,0.5151209677419355,0.04791727501588236,0.0090166577353383,0.004692217428629253,-0.8839729758919035,COLLAPSED,infographicvqa,Trajectory Platt (5D),49
0.0001879105701227679,0.01879105701227679,0.012883428294502668,1.2883428294502668,0.008554002507391658,0.007997347670939306,-6.109767093930539e-05,0.007936,0.0,3.5310382363863675e-08,0.4637096774193548,0.049473786214188645,0.007849810157712914,0.006472390067316914,-0.621627830511322,COLLAPSED,infographicvqa,Trajectory Platt (17D),49
0.0005226557187972287,0.05226557187972287,0.011870631680999541,1.1870631680999542,0.007066128791814426,0.00793425704843354,1.992951566460316e-06,0.007936,0.0,2.731690003914478e-07,0.5196572580645162,0.04656046001236227,0.010838757563267394,0.0011804949201176828,0.9996928947715792,COLLAPSED,infographicvqa,VCPS-5D (Our Method),49
0.0005237628032750026,0.05237628032750026,0.01186425342762899,1.186425342762899,0.0070594346800284605,0.007934054214920369,2.1957850796314876e-06,0.007936,0.0,2.7432747409448906e-07,0.5206653225806452,0.046548622897528064,0.010335904524726465,0.0011812523755588748,0.9986588746354985,COLLAPSED,infographicvqa,VCPS-17D (Our Method),49
0.8355247628390791,83.55247628390791,0.8355247628390791,83.55247628390791,0.7731501182827702,0.7482273418033405,-0.7402910918033405,0.007936,0.00021351831501831503,0.7402888743378623,0.27368951612903225,3.787857490115063,0.9852602036855642,0.20133065973657485,1.0,COLLAPSED,infographicvqa,Naive Confidence (NC),50
0.5364791543501594,53.64791543501594,0.5364791543501592,53.647915435015925,0.5364791543478222,0.2974920241570378,-0.2895557741570378,0.007936,7.573799126637553e-05,0.2894839413294299,0.27368951612903225,0.7889457662947031,0.9852602036855642,0.0356570073582731,1.0,COLLAPSED,infographicvqa,Temperature Scaling (TS),50
0.0006109076274935302,0.06109076274935302,0.010889784504945226,1.0889784504945226,0.00613450425486934,0.007908346515640256,2.7903484359744282e-05,0.007936,0.0,3.7320812932977384e-07,0.7263104838709677,0.04478174571058274,0.0026853372072444997,0.0028069444885356508,-1.0,COLLAPSED,infographicvqa,Platt Scaling (1D),50
0.0006861734865089304,0.06861734865089303,0.01170673085892551,1.1706730858925511,0.0074020616734127515,0.007959928809932454,-2.3678809932453637e-05,0.007936,0.0,4.7083405358782125e-07,0.6466733870967742,0.046486794927573356,0.0038574940640526715,0.005681585285472051,-0.49959221434928364,COLLAPSED,infographicvqa,Quadratic Platt (Logit-Only),50
0.0004998486345531815,0.04998486345531815,0.011943929766432678,1.194392976643268,0.0004998486345531815,0.007936249848657467,1.5134253399107234e-10,0.007936,0.0,2.4984865746468e-07,0.5,0.04660954431909372,0.009975093081010428,1.734723475976807e-18,1.0,COLLAPSED,infographicvqa,Beta Calibration,50
0.0013141854740350706,0.13141854740350706,0.01235618547403507,1.235618547403507,0.007397057633510674,0.007938780578374372,-2.530578374371553e-06,0.007936,0.0,1.7270834601647831e-06,0.40625,0.04674855670538645,0.010910081605724934,0.00016287212666942204,0.6787104896071781,COLLAPSED,infographicvqa,Spline Calibration,50
0.5362931989841921,53.62931989841921,0.536293198984192,53.629319898419205,0.5362931989801953,0.29728000151236994,-0.28934375151236996,0.007936,7.573799126637554e-05,0.2892716312397103,0.27368951612903225,0.7885110574845514,0.9852594594312077,0.03550851886923527,0.9999998079992227,COLLAPSED,infographicvqa,Adaptive TS (ATS),50
0.0005828724620853681,0.058287246208536814,0.01354183849960116,1.354183849960116,0.007497552691911046,0.007946267818878288,-1.0017818878287413e-05,0.007936,0.0,3.397403070574589e-07,0.16381048387096775,0.047218733074654795,0.016359191242684767,0.0012190881610671107,-0.09478037175907031,COLLAPSED,infographicvqa,Probability Margin (1D),50
0.00046994225180953426,0.046994225180953426,0.01182795357536625,1.182795357536625,0.007016973890781707,0.007933026946869527,3.2230531304740934e-06,0.007936,0.0,2.208457200358157e-07,0.5665322580645161,0.046405708869321,0.004850325767204529,0.0008615484195648547,-0.19960895896184894,COLLAPSED,infographicvqa,MSSC (Multi-Scale Proxy),50
0.0005079446890051305,0.05079446890051305,0.011948018823339962,1.194801882333996,0.00714443109941301,0.007936254616450346,-4.616450345260037e-09,0.007936,0.0,2.580078070885187e-07,0.33316532258064513,0.046609823264900554,0.00980958009601743,1.0267511549690237e-05,0.7287488204852538,COLLAPSED,infographicvqa,MSE-EIGEN (Multi-Scale),50
0.0006112825600414033,0.06112825600414033,0.010878002022864722,1.0878002022864721,0.0061256495413919395,0.007908128918726026,2.8121081273974405e-05,0.007936,0.0,3.7366636821077186e-07,0.7253024193548387,0.04476391862094968,0.0026930573391304217,0.002838090707742393,-0.9999739598952149,COLLAPSED,infographicvqa,Residual Calibrator,50
0.0006761575572875912,0.06761575572875912,0.013618233303266817,1.3618233303266816,0.006061616886207263,0.007907302196144045,2.8947803855955412e-05,0.007936,0.0,4.571890422771222e-07,0.783266129032258,0.04457793019455727,0.0019912396674519636,0.0033277639373616766,-0.8827778402980295,COLLAPSED,infographicvqa,Trajectory LR,50
0.0016209362432321964,0.16209362432321964,0.009855136036484337,0.9855136036484337,0.007036262366183136,0.00793248909271135,3.7609072886506806e-06,0.007936,0.0,2.6274343046237063e-06,0.7137096774193548,0.04490454913401704,0.002912554890037817,0.007398726819806109,-0.6165855211401372,COLLAPSED,infographicvqa,Trajectory LR (No Bias),50
0.0006705653844401235,0.06705653844401235,0.012300328786484897,1.2300328786484898,0.006107905565040403,0.007908455964756757,2.7794035243243476e-05,0.007936,0.0,4.4965793480933065e-07,0.7817540322580645,0.04466434899493895,0.002008129702665486,0.003212321177415828,-0.873005912975794,COLLAPSED,infographicvqa,Trajectory Platt (5D),50
0.0009525562538383377,0.09525562538383378,0.011316670134159722,1.1316670134159723,0.0068516709162223955,0.00793347863484435,2.771365155650879e-06,0.007936,0.0,9.073634167265277e-07,0.6320564516129032,0.04609458760579106,0.005699217730191829,0.0050971981026637185,-0.567145130192004,COLLAPSED,infographicvqa,Trajectory Platt (17D),50
0.0004605490970890618,0.04605490970890618,0.013423664328569498,1.3423664328569498,0.007738544027639686,0.007953972857344088,-1.7722857344087614e-05,0.007936,0.0,2.121054708295501e-07,0.27217741935483875,0.04764806714559642,0.011104202763708805,0.0012105942801663631,0.9996432865645856,COLLAPSED,infographicvqa,VCPS-5D (Our Method),50
0.0004672809398757142,0.04672809398757142,0.012496877189052978,1.2496877189052977,0.0077763706512335344,0.007955020905333288,-1.8770905333287055e-05,0.007936,0.0,2.1835147677113083e-07,0.24697580645161288,0.0477163985249322,0.01197228630917341,0.001204540043511104,0.9923151930763371,COLLAPSED,infographicvqa,VCPS-17D (Our Method),50
0.8447396853268146,84.47396853268147,0.8447396853268146,84.47396853268147,0.77845358037108,0.7668614206211828,-0.7589251706211828,0.007936,0.00033520255183413074,0.7589643667545565,0.17590725806451615,4.005661981718876,0.9863188110771983,0.20445900792788793,1.0,COLLAPSED,infographicvqa,Naive Confidence (NC),51
0.5392107412628708,53.92107412628708,0.5392107412628709,53.921074126287095,0.5392107412573854,0.3006330359202216,-0.29269678592022164,0.007936,8.984615384615385e-05,0.2925065195332485,0.17590725806451615,0.7953116666603302,0.9863188110771983,0.03618493552716828,1.0,COLLAPSED,infographicvqa,Temperature Scaling (TS),51
0.0003869599980584979,0.03869599980584979,0.010575502996145753,1.0575502996145754,0.005832217598844926,0.007900436665611079,3.5813334388921925e-05,0.007936,0.0,1.4973804009743272e-07,0.8240927419354839,0.044475542133446774,0.0016276457253333995,0.0022513085645016273,-1.0,COLLAPSED,infographicvqa,Platt Scaling (1D),51
0.0006601898932415001,0.06601898932415001,0.011373507919381283,1.1373507919381283,0.006065363429552192,0.007910671736123863,2.5578263876138013e-05,0.007936,0.0,4.3585069513822334e-07,0.78125,0.0445675625333956,0.0020919816951541804,0.0045466784063183255,-0.4146153583629706,COLLAPSED,infographicvqa,Quadratic Platt (Logit-Only),51
0.000498769230992676,0.0498769230992676,0.011943428923180604,1.1943428923180603,0.000498769230992676,0.007936248770745783,1.2292542175135202e-09,0.007936,0.0,2.4877074578502534e-07,0.5,0.04660948036379432,0.010956364244715406,1.734723475976807e-18,1.0,COLLAPSED,infographicvqa,Beta Calibration,51
0.0011081932781732955,0.11081932781732956,0.012248193278173298,1.2248193278173298,0.007364230531255152,0.007939014568037101,-2.7645680371005815e-06,0.007936,0.0,1.2280923417884752e-06,0.38205645161290325,0.04676187434181622,0.019077232313670433,0.0002353364496637,0.741987970664491,COLLAPSED,infographicvqa,Spline Calibration,51
0.5390133567259622,53.90133567259622,0.5390133567259622,53.90133567259622,0.5390133567185925,0.30040666318268583,-0.29247041318268585,0.007936,8.911004784688994e-05,0.29227958686779476,0.17590725806451615,0.7948471584440235,0.9863188110771983,0.03603423901649138,0.9999998079992227,COLLAPSED,infographicvqa,Adaptive TS (ATS),51
0.0005485053012403342,0.054850530124033424,0.013054481129795181,1.3054481129795181,0.007075500731427803,0.00793410562888101,2.144371118990504e-06,0.007936,0.0,3.008580654887498e-07,0.5327620967741935,0.04645020394188946,0.007781584113168637,0.000773095309953269,-0.1288053030990748,COLLAPSED,infographicvqa,Probability Margin (1D),51
0.0004450986046608922,0.04450986046608922,0.01300299091305823,1.300299091305823,0.00696897357775371,0.007931679171722765,4.5708282772356085e-06,0.007936,0.0,1.9811276787107322e-07,0.6897681451612904,0.04634116296592233,0.005169550533565124,0.0004770160563694825,-0.23770376640198826,COLLAPSED,infographicvqa,MSSC (Multi-Scale Proxy),51
0.000508310219879158,0.050831021987915795,0.011914678225566626,1.1914678225566626,0.007145340739838763,0.00793627842788431,-2.8427884308721008e-08,0.007936,0.0,2.583792796335979e-07,0.2883064516129032,0.046611235220028996,0.01093168893443292,1.0154488884907903e-05,0.7944439488424504,COLLAPSED,infographicvqa,MSE-EIGEN (Multi-Scale),51
0.0003814696680200791,0.03814696680200791,0.011960581831833808,1.1960581831833808,0.0058169740851197645,0.007900065202530662,3.61847974693387e-05,0.007936,0.0,1.4551910761934934e-07,0.8240927419354839,0.04445105314724566,0.0016244392951738375,0.002279116694073432,-0.999914007653967,COLLAPSED,infographicvqa,Residual Calibrator,51
0.0004197882182113699,0.04197882182113699,0.011025238862576493,1.1025238862576492,0.006483008856659245,0.007920913177670841,1.5336822329159103e-05,0.007936,0.0,1.7622214814907672e-07,0.6930443548387097,0.045314563549569586,0.003226112722134668,0.003443784873521332,-0.692217745484208,COLLAPSED,infographicvqa,Trajectory LR,51
0.0014354035311673168,0.1435403531167317,0.011592151884221047,1.1592151884221047,0.007482426609681002,0.007942770062141,-6.520062141000121e-06,0.007936,0.0,2.060383297287602e-06,0.6824596774193549,0.045605385201372174,0.003263293407922893,0.007191600185366445,-0.6425384095745603,COLLAPSED,infographicvqa,Trajectory LR (No Bias),51
0.00044541761418804594,0.044541761418804594,0.011060756489168853,1.1060756489168853,0.006519292441479518,0.00792169225067894,1.4557749321060173e-05,0.007936,0.0,1.9839685102897095e-07,0.6895161290322581,0.045368865137280744,0.0032584261995865626,0.0033528437352341204,-0.6792818854303072,COLLAPSED,infographicvqa,Trajectory Platt (5D),51
0.0006369024810846894,0.06369024810846893,0.012333016339456665,1.2333016339456664,0.006152632071799867,0.007912693739871126,2.3556260128874268e-05,0.007936,0.0,4.0564477041183315e-07,0.7273185483870968,0.04471374007578726,0.003013025406866488,0.004601056950657053,-0.4493048000025153,COLLAPSED,infographicvqa,Trajectory Platt (17D),51
0.0005799259150400388,0.057992591504003876,0.01364247855070878,1.364247855070878,0.007945036019714425,0.00795925612465284,-2.300612465283916e-05,0.007936,0.0,3.363140669350263e-07,0.17389112903225806,0.04798445862652895,0.015638330435886617,0.0012398881159958386,0.9997989991911731,COLLAPSED,infographicvqa,VCPS-5D (Our Method),51
0.0005876486745733812,0.05876486745733812,0.01363118515076982,1.363118515076982,0.007941549141652604,0.007959110787867691,-2.2860787867690774e-05,0.007936,0.0,3.4533096472785164e-07,0.18649193548387097,0.047971676024755536,0.014998710134732146,0.0012455594359439505,0.9992487249768696,COLLAPSED,infographicvqa,VCPS-17D (Our Method),51
0.7315902764146978,73.15902764146978,0.7315902764146978,73.15902764146978,0.7279490462462438,0.7314117786904458,-0.5351462828226772,0.1962603305785124,0.0,0.5352243325445338,0.4765764817349194,6.838905943054565,0.7421126109369985,0.0004499967943188235,0.9999999999999999,COLLAPSED,lego-puzzles,Naive Confidence (NC),42
0.34711436260172596,34.7114362601726,0.34711436260172585,34.71143626017258,0.3471143626399269,0.3159597132332273,-0.11969421736545871,0.1962603305785124,0.008396924948609304,0.12684415874120028,0.4765764817349194,0.8278645948255967,0.7421126109369985,0.014390833194518263,0.9999999999999999,COLLAPSED,lego-puzzles,Temperature Scaling (TS),42
0.007149639433918544,0.7149639433918543,0.11887064325075317,11.887064325075317,0.028832084139558126,0.19583621493332573,0.00042928093444286053,0.1962603305785124,1.962009097315658e-06,5.690723199680896e-05,0.4765764817349194,0.5803149299462643,0.24166018229328504,0.007352665574668886,0.9999999999999999,COLLAPSED,lego-puzzles,Platt Scaling (1D),42
0.04338414331814768,4.338414331814768,0.09737328291823619,9.73732829182362,0.039033642136276955,0.1875062729501318,0.008759222917636783,0.1962603305785124,0.0108873893435022,0.0037686667099292113,0.6682808716707023,0.558222802382602,0.16903909885416363,0.05608182065924884,-0.4348674041461667,SCRAMBLED,lego-puzzles,Quadratic Platt (Logit-Only),42
0.022017984017088574,2.2017984017088574,0.10591435163311667,10.591435163311667,0.053581550108250595,0.19068757738817746,0.005577918479591132,0.1962603305785124,0.00843486181462721,0.0013302273728201983,0.4765764817349194,0.5624226550243833,0.24166018229328504,0.05611799324625985,0.9999999999999999,VALID,lego-puzzles,Beta Calibration,42
0.06282844760046218,6.282844760046218,0.12329257363835872,12.329257363835872,0.06290480130278905,0.19271107817527056,0.0035544176924980353,0.1962603305785124,0.008396924948609304,0.004847672258382221,0.5714285714285714,0.5692500798181833,0.18231713015488243,0.06163043204531264,0.5310340446215537,VALID,lego-puzzles,Spline Calibration,42
0.34664163707641776,34.66416370764178,0.34664163707641776,34.66416370764178,0.34664163708734447,0.31563418920926783,-0.11936869334149924,0.1962603305785124,0.008396924948609304,0.1265236190862818,0.4765764817349194,0.8271752626225055,0.7421126109369985,0.014335238514387129,0.9999999999999999,COLLAPSED,lego-puzzles,Adaptive TS (ATS),42
0.0022564968790144135,0.22564968790144135,0.09173799661807158,9.173799661807159,0.008533892280726886,0.19626522780389988,2.680638687135861e-07,0.1962603305785124,0.0,5.0917781650017885e-06,0.5739551531740184,0.5814544706925656,0.21032937965608903,1.489700452535874e-06,0.3584735068215625,COLLAPSED,lego-puzzles,Probability Margin (1D),42
0.015498798035292093,1.5498798035292094,0.09996697375588778,9.996697375588779,0.016825603099614287,0.19659181574202927,-0.0003263198742606832,0.1962603305785124,2.3696588973416997e-06,0.0003338548224142043,0.5016317507106011,0.5823263498431662,0.28832548567826133,0.019803019638207894,-0.24039833416550418,COLLAPSED,lego-puzzles,MSSC (Multi-Scale Proxy),42
0.002273123004379707,0.22731230043797068,0.0974587604298413,9.745876042984131,0.002273123004379707,0.19626549766670548,-1.7989368883419843e-09,0.1962603305785124,0.0,5.167088193040225e-06,0.4925255290030529,0.5814551545732011,0.24118529772641795,1.3290044558027237e-16,1.0,COLLAPSED,lego-puzzles,MSE-EIGEN (Multi-Scale),42
0.02771949963257588,2.7719499632575877,0.0746085318323069,7.4608531832306895,0.03971746890036525,0.19459216761484907,0.0016733282529195204,0.1962603305785124,0.0014958161331468873,0.0007951975860196396,0.5483735130013685,0.5771451056535768,0.20977224624973664,0.014898121404463869,0.4890284746169728,COLLAPSED,lego-puzzles,Residual Calibrator,42
0.041452332927191096,4.14523329271911,0.0940154105546134,9.40154105546134,0.02987787939938006,0.1913763213934145,0.00488917447435408,0.1962603305785124,0.00905762006497435,0.005637687037857278,0.601221181176966,0.5686150824531603,0.19856658866810656,0.07290205378447369,0.04411431991208536,SCRAMBLED,lego-puzzles,Trajectory LR,42
0.08752906242721935,8.752906242721934,0.10858768823910092,10.858768823910092,0.04076443997684449,0.19100627404236473,0.005259221825403865,0.1962603305785124,0.01980025873546183,0.01465536349895407,0.6510158964101485,0.5678225917294999,0.18288724346715543,0.0710505690706493,-0.2372619661837829,SCRAMBLED,lego-puzzles,Trajectory LR (No Bias),42
0.04146909977902066,4.146909977902066,0.09402365068143062,9.402365068143062,0.029789234179041335,0.19137877493174887,0.004886720936019717,0.1962603305785124,0.00905762006497435,0.0056398893390591336,0.6010106326981787,0.5686279699349702,0.19870809155025113,0.07286770975921755,0.04360266006894389,SCRAMBLED,lego-puzzles,Trajectory Platt (5D),42
0.04344175420701506,4.3441754207015055,0.09854519749906929,9.85451974990693,0.04332607669125879,0.19278355827431232,0.0034819375934562746,0.1962603305785124,0.01058177014105605,0.009224705669149449,0.6297505000526372,0.5695883350126537,0.18660354742796867,0.07264875323076846,-0.1958107568649647,SCRAMBLED,lego-puzzles,Trajectory Platt (17D),42
0.016109494685746812,1.6109494685746812,0.08899762443077194,8.899762443077194,0.05590082327510489,0.19443099755434956,0.0018344983134190307,0.1962603305785124,0.0008407501589319775,0.0002728512546485599,0.5296346983893041,0.5766186592278563,0.21758749959386114,0.017246427834218245,0.5854724105349316,COLLAPSED,lego-puzzles,VCPS-5D (Our Method),42
0.03649597612281214,3.649597612281214,0.09185403995523916,9.185403995523917,0.0500666782283679,0.19228123284035525,0.003984263027413337,0.1962603305785124,0.006583862931747719,0.003470154289817495,0.5457416570165281,0.5705296614549166,0.21661832611987408,0.04339467369410171,0.49062543936968533,VALID,lego-puzzles,VCPS-17D (Our Method),42
0.7316489566456188,73.16489566456188,0.7316489566456188,73.16489566456188,0.7269468473469682,0.7315350197454414,-0.5352695238776729,0.1962603305785124,0.0,0.5353101957606226,0.40835877460785347,7.010184432271537,0.7610884010985778,0.00038129731787847447,1.0,COLLAPSED,lego-puzzles,Naive Confidence (NC),43
0.3489422196688096,34.89422196688096,0.3489422196688096,34.89422196688096,0.3489422196951159,0.3186049035441295,-0.12233940767636095,0.1962603305785124,0.0026309017549088153,0.12351206365647995,0.40835877460785347,0.8333950522140379,0.7610884010985778,0.012486221713524556,1.0,COLLAPSED,lego-puzzles,Temperature Scaling (TS),43
0.08609903276741757,8.609903276741756,0.12448706845935414,12.448706845935414,0.08526293226878869,0.19726704523959895,-0.0010015493718303903,0.1962603305785124,0.005719055761375511,0.007986262185486868,0.40835877460785347,0.5838090538241747,0.30277469382671085,0.01690168811831552,1.0,COLLAPSED,lego-puzzles,Platt Scaling (1D),43
0.027816926980467303,2.7816926980467302,0.07374890788439055,7.374890788439055,0.04182401037110121,0.18974982888492314,0.0065156669828454195,0.1962603305785124,0.005569007961291028,0.0013355082696532993,0.6383829876829139,0.5637143956832603,0.1835080497089718,0.051152141370492676,-0.622852196884488,SCRAMBLED,lego-puzzles,Quadratic Platt (Logit-Only),43
0.05335611224027498,5.335611224027498,0.12198062756790742,12.198062756790742,0.07508611343940258,0.19517829625432012,0.0010871996134484418,0.1962603305785124,0.014901285583103765,0.012242007297822299,0.40835877460785347,0.5748533391609805,0.30277469382671085,0.050905233805434096,1.0,VALID,lego-puzzles,Beta Calibration,43
0.04880113162644303,4.880113162644303,0.09640352523683518,9.640352523683518,0.05425258770800219,0.19506325920136475,0.0012022366664038164,0.1962603305785124,0.006851680975688036,0.005114039151754636,0.4920517949257816,0.5723415539891082,0.2867491604781872,0.06980014068113312,0.5203867671859239,VALID,lego-puzzles,Spline Calibration,43
0.3484623748901161,34.846237489011614,0.34846237489011606,34.84623748901161,0.3484623748660741,0.3182675607682955,-0.12200206490052692,0.1962603305785124,0.0026309017549088153,0.12318050444555065,0.40835877460785347,0.832678951243012,0.7610884010985778,0.012438124849753384,1.0,COLLAPSED,lego-puzzles,Adaptive TS (ATS),43
0.0022645643139921345,0.22645643139921345,0.12615682812971166,12.615682812971166,0.00853379995546638,0.1962652284295097,2.674382588718771e-07,0.1962603305785124,0.0,5.128251532206667e-06,0.5198441941256975,0.5814544722889337,0.25449528469219185,1.713196320528632e-06,0.3225050813867761,COLLAPSED,lego-puzzles,Probability Margin (1D),43
0.015756518707587437,1.5756518707587437,0.10483862430201456,10.483862430201455,0.016988785592247067,0.19659867768458666,-0.0003331818168181011,0.1962603305785124,5.903187721369567e-07,0.00033893742484640733,0.5007895567954521,0.5823407643782088,0.27259235829145095,0.019106376062493928,-0.2925090318743817,COLLAPSED,lego-puzzles,MSSC (Multi-Scale Proxy),43
0.0022731230043792072,0.22731230043792072,0.1313637155099667,13.13637155099667,0.0022731230043792072,0.19626549766670545,-1.7989368883419843e-09,0.1962603305785124,0.0,5.167088193037954e-06,0.5161595957469207,0.5814551545732011,0.20287410000182932,1.6093012525874811e-16,1.0,COLLAPSED,lego-puzzles,MSE-EIGEN (Multi-Scale),43
0.07267250638023753,7.267250638023754,0.12300863697587726,12.300863697587726,0.07408523655074657,0.1960900157983762,0.0001754800693923586,0.1962603305785124,0.004166613484795302,0.005976668162308328,0.47605011053795143,0.580761465635442,0.2732688182972826,0.022005825437976516,0.5135925103977113,COLLAPSED,lego-puzzles,Residual Calibrator,43
0.045158124368751336,4.515812436875134,0.07860645371163423,7.860645371163423,0.047478247937112694,0.1949842515688002,0.0012812442989683648,0.1962603305785124,0.0066162392896842665,0.004416548422018499,0.5460574797347089,0.5772628490058233,0.22836832646632407,0.08895463079219128,0.012788111463267238,SCRAMBLED,lego-puzzles,Trajectory LR,43
0.06029043459951694,6.029043459951694,0.06537951437250569,6.53795143725057,0.04462468013165646,0.1952065817633507,0.0010589141044178574,0.1962603305785124,0.010373775150817728,0.008916687269808156,0.5671123276134331,0.583117327728785,0.23401567651503824,0.0930636538502231,-0.08049342478057675,SCRAMBLED,lego-puzzles,Trajectory LR (No Bias),43
0.04392322372983804,4.392322372983804,0.07861030924726614,7.861030924726614,0.0475842965465486,0.19500166884247425,0.0012638270252943173,0.1962603305785124,0.006517887349227063,0.0042668570875425615,0.546057479734709,0.5773126092872585,0.22818903951298813,0.08906129830342609,0.013393875974724552,SCRAMBLED,lego-puzzles,Trajectory Platt (5D),43
0.04645068738609553,4.645068738609552,0.0728560269048268,7.28560269048268,0.045437994032580975,0.19396873661773362,0.0022967592500349465,0.1962603305785124,0.011439040034330286,0.009642686758566452,0.5809032529739974,0.5735724301706522,0.21294619282074087,0.10186927966504056,-0.20232196581551612,SCRAMBLED,lego-puzzles,Trajectory Platt (17D),43
0.07642093813179525,7.642093813179525,0.11762732501213273,11.762732501213273,0.08545455669033244,0.19779003309709384,-0.0015245372293252735,0.1962603305785124,0.007375966094332383,0.007136469635516861,0.48162964522581325,0.5838745802926211,0.2646242611238787,0.058562150193226005,0.4352550437760514,COLLAPSED,lego-puzzles,VCPS-5D (Our Method),43
0.08737256888106586,8.737256888106586,0.0886659051748504,8.86659051748504,0.08126280833691359,0.19562471191314437,0.0006407839546241911,0.1962603305785124,0.012250575354523865,0.009379985973413333,0.488367196547005,0.5783274004762398,0.2597409077002631,0.07335385736190866,0.3833001712585032,COLLAPSED,lego-puzzles,VCPS-17D (Our Method),43
0.7315742481838573,73.15742481838573,0.7315742481838573,73.15742481838573,0.728185427318573,0.7313788620635954,-0.5351133661958268,0.1962603305785124,0.0,0.5352008806057761,0.5059479945257396,6.833321590593305,0.7272195145232284,0.0005042879248665979,1.0,COLLAPSED,lego-puzzles,Naive Confidence (NC),44
0.3472263410664985,34.72263410664985,0.34722634106649847,34.72263410664985,0.34722634080758386,0.3157459749730075,-0.11948047910523893,0.1962603305785124,0.008806712767751728,0.12720272070344094,0.5059479945257396,0.8274158554383007,0.7272195145232284,0.014715304402277855,1.0,COLLAPSED,lego-puzzles,Temperature Scaling (TS),44
0.032483620198076296,3.2483620198076295,0.08893664715004813,8.893664715004814,0.013148740964133099,0.1958731053365403,0.00039239053122827605,0.1962603305785124,0.0028711758735682183,0.002465771097635202,0.5059479945257396,0.5804393669808514,0.23758705721046874,0.004835612735146151,1.0,COLLAPSED,lego-puzzles,Platt Scaling (1D),44
0.06482966471888761,6.482966471888761,0.10447324456326934,10.447324456326934,0.038863600474104754,0.18930552235671938,0.006959973511049183,0.1962603305785124,0.013139978787008375,0.00635604582704748,0.6304874197283925,0.5623996857584648,0.18076717362143196,0.05948392604031713,-0.42949590301809026,SCRAMBLED,lego-puzzles,Quadratic Platt (Logit-Only),44
0.04343656550034586,4.343656550034586,0.08893197723613189,8.893197723613188,0.012728773845919115,0.19587411532990892,0.00039138053785964244,0.1962603305785124,0.005270989848239024,0.004722610849016536,0.5059479945257396,0.5804426707818412,0.23758705721046874,0.004711485158767349,1.0,COLLAPSED,lego-puzzles,Beta Calibration,44
0.061416961431921005,6.1416961431921,0.10326600552976892,10.326600552976892,0.06141765071582323,0.19360141422225174,0.0026640816455168193,0.1962603305785124,0.008396924948609304,0.00576578959156268,0.5745341614906831,0.5731709238937248,0.2029212885532654,0.046988548524578656,0.541181515903233,VALID,lego-puzzles,Spline Calibration,44
0.34675322191763414,34.675322191763414,0.3467532219176342,34.67532219176342,0.34675322166540945,0.31542113210284994,-0.11915563623508138,0.1962603305785124,0.008806712767751728,0.12688226505947803,0.5059479945257396,0.8267281277821933,0.7272195145232284,0.014658367812990054,1.0,COLLAPSED,lego-puzzles,Adaptive TS (ATS),44
0.002269051880687767,0.2269051880687767,0.08173422849920266,8.173422849920266,0.008531766724918758,0.19626517990751233,3.159602562363695e-07,0.1962603305785124,0.0,5.148596437252692e-06,0.5766922833982524,0.5814543493345034,0.21027789971580688,1.4001770271449732e-06,0.47223720984583756,COLLAPSED,lego-puzzles,Probability Margin (1D),44
0.02108965624996776,2.108965624996776,0.10379578768035758,10.379578768035758,0.01462802019381895,0.19558646699516974,0.0006790288725988247,0.1962603305785124,0.0018740716761244617,0.001200208092781803,0.5383724602589746,0.5797015556128904,0.23831110144296,0.008875847873462316,-0.16992000818935013,COLLAPSED,lego-puzzles,MSSC (Multi-Scale Proxy),44
0.0022731230043793182,0.22731230043793182,0.12890503422645586,12.890503422645585,0.0022731230043793182,0.19626549766670548,-1.79893691609756e-09,0.1962603305785124,0.0,5.167088193038458e-06,0.5068954626802822,0.5814551545732012,0.2652505303462901,1.2327748418352508e-16,1.0,COLLAPSED,lego-puzzles,MSE-EIGEN (Multi-Scale),44
0.033644394951779774,3.3644394951779772,0.1215072349284593,12.15072349284593,0.0362223102012052,0.19380009094458756,0.0024654049231810082,0.1962603305785124,0.0019637181000817347,0.0012742117707765033,0.5969049373618276,0.5751929040611042,0.19813977945673952,0.012909245487771906,0.5736299348612498,COLLAPSED,lego-puzzles,Residual Calibrator,44
0.05916465489272636,5.916465489272636,0.11408983199010131,11.40898319901013,0.046705203293746944,0.18597388371587104,0.010291612151897528,0.1962603305785124,0.018835414566488854,0.009242103955748508,0.639751552795031,0.555071867711771,0.16946775571856437,0.06532116629091332,0.03506846134885847,SCRAMBLED,lego-puzzles,Trajectory LR,44
0.022116371175378815,2.2116371175378813,0.09051666164798697,9.051666164798696,0.034934775966220834,0.18745817990283753,0.008807315964931034,0.1962603305785124,0.010417785030145787,0.0025386980880983804,0.6191178018738814,0.5597092126479924,0.1893065832406296,0.06513682720003244,-0.07498868064307827,SCRAMBLED,lego-puzzles,Trajectory LR (No Bias),44
0.061623937128619716,6.162393712861972,0.11411228921603071,11.41122892160307,0.04666430755161765,0.18598002566620997,0.010285470201558594,0.1962603305785124,0.018846615261571272,0.009385000282211654,0.6395410043162437,0.5550948939085868,0.16954931236127865,0.06533859405827185,0.03415727753960769,SCRAMBLED,lego-puzzles,Trajectory Platt (5D),44
0.048671387521211376,4.867138752121138,0.06538880058902907,6.538880058902907,0.027180147817257742,0.1831504299536041,0.013115065914164475,0.1962603305785124,0.02015884047082394,0.0072349563335181045,0.648384040425308,0.5463719328574811,0.1725060386747107,0.08187046585702214,-0.17551417505710717,SCRAMBLED,lego-puzzles,Trajectory Platt (17D),44
0.024806829702037722,2.4806829702037723,0.13058330357826647,13.058330357826648,0.04262507929989951,0.1933944310412369,0.002871064826531655,0.1962603305785124,0.0015560463569867945,0.0007051348558588019,0.5921675965891147,0.5739664682266998,0.20360806016771765,0.017248904062469896,0.6705800048660664,COLLAPSED,lego-puzzles,VCPS-5D (Our Method),44
0.03805929329112419,3.805929329112419,0.08741747319894817,8.741747319894817,0.049785326394868504,0.18884453588969283,0.007420959978075736,0.1962603305785124,0.013504263116562583,0.005974869298615136,0.6009053584587851,0.5621282867011707,0.198422873319027,0.04221818960941126,0.6324765181636985,VALID,lego-puzzles,VCPS-17D (Our Method),44
0.7315358300100673,73.15358300100672,0.7315358300100673,73.15358300100672,0.7273113675352842,0.7313543879040353,-0.5350888920362668,0.1962603305785124,0.0,0.535144670588518,0.46615433203495105,6.7095240123840085,0.7598914792359216,0.0005231564205168745,0.9999999999999999,COLLAPSED,lego-puzzles,Naive Confidence (NC),45
0.3446307223026156,34.46307223026156,0.3446307223026156,34.46307223026156,0.34463072256424565,0.3148246231590476,-0.11855912729127902,0.1962603305785124,0.004120298738173641,0.12144709190855311,0.46615433203495105,0.8254631730687281,0.7598914792359216,0.01499685628560294,0.9999999999999999,COLLAPSED,lego-puzzles,Temperature Scaling (TS),45
0.0507034241769871,5.07034241769871,0.11806487657981456,11.806487657981455,0.04749023031642068,0.19611340560533308,0.00015209026243548363,0.1962603305785124,0.0016531012605392776,0.002607976759228521,0.46615433203495105,0.5809562901824348,0.2560093023055268,0.01350222174674505,0.9999999999999999,COLLAPSED,lego-puzzles,Platt Scaling (1D),45
0.021555853176220337,2.155585317622034,0.09787530826181769,9.787530826181769,0.026705180262744932,0.1899151723676661,0.0063503235001024505,0.1962603305785124,0.005723124990309025,0.0007997766085120248,0.6252237077587114,0.5647835647218402,0.19311707952788568,0.0652773592734961,-0.2739245733399902,SCRAMBLED,lego-puzzles,Quadratic Platt (Logit-Only),45
0.04394800327662181,4.394800327662181,0.11804024370785379,11.80402437078538,0.04718473327541369,0.1961057308041655,0.0001597650636030734,0.1962603305785124,0.0011563128164150099,0.001964728412984005,0.46615433203495105,0.5809380288401108,0.2560093023055268,0.013400776043204646,0.9999999999999999,COLLAPSED,lego-puzzles,Beta Calibration,45
0.09481299814707671,9.48129981470767,0.13444348580041138,13.444348580041138,0.09481299814713096,0.20204198591500394,-0.0057764900472353775,0.1962603305785124,0.0034514123809931624,0.00933942769446375,0.5538477734498368,0.5939127095675416,0.2099373326879336,0.040115842531096034,0.5879009892132927,COLLAPSED,lego-puzzles,Spline Calibration,45
0.3441675136981641,34.41675136981641,0.344167513698164,34.4167513698164,0.34416751390124833,0.3145056469658256,-0.11824015109805705,0.1962603305785124,0.004120298738173641,0.12113307504771378,0.46615433203495105,0.8247888040054611,0.7598914792359216,0.014938772669168262,0.9999999999999999,COLLAPSED,lego-puzzles,Adaptive TS (ATS),45
0.00222930685552164,0.222930685552164,0.11512003009687083,11.512003009687083,0.008526676812323847,0.19626504024229052,4.556254780407887e-07,0.1962603305785124,0.0,4.969809056075782e-06,0.5407937677650279,0.5814539953247262,0.23587805165492146,1.734674089082088e-06,0.42222195927139883,COLLAPSED,lego-puzzles,Probability Margin (1D),45
0.003652871407724872,0.3652871407724872,0.14145081855528915,14.145081855528915,0.008749118665402037,0.19590941752389585,0.00035607834387271775,0.1962603305785124,0.00041327304667225647,6.235999205574677e-05,0.5191599115696389,0.5805281342238089,0.2640705086045301,0.013327938115558912,-0.3514403191833562,COLLAPSED,lego-puzzles,MSSC (Multi-Scale Proxy),45
0.00227312300437843,0.227312300437843,0.09185969840049647,9.185969840049648,0.00227312300437843,0.19626549766670537,-1.7989368050752574e-09,0.1962603305785124,0.0,5.16708819303442e-06,0.5542688704074112,0.581455154573201,0.2099830429107858,1.186456785899373e-16,1.0,COLLAPSED,lego-puzzles,MSE-EIGEN (Multi-Scale),45
0.005929808388697385,0.5929808388697385,0.12518227788089717,12.518227788089717,0.03913343510546231,0.19415942703375225,0.002106068834016317,0.1962603305785124,0.00046991409844074366,3.615782758284138e-05,0.5532161280134751,0.5760621525220379,0.23501252980110215,0.021496108195757316,0.5768538961383193,VALID,lego-puzzles,Residual Calibrator,45
0.06458354809953659,6.45835480995366,0.05704042792061742,5.704042792061742,0.014768097310793885,0.1874715597311015,0.008793936136667069,0.1962603305785124,0.01727476917668305,0.007850043233581579,0.6443836193283503,0.559574425185904,0.18849255669788534,0.08648152218291258,0.12534669511738386,VALID,lego-puzzles,Trajectory LR,45
0.05087778762652405,5.0877787626524045,0.0871891746888197,8.71891746888197,0.02217690582564464,0.18798864055356546,0.008276855314203108,0.1962603305785124,0.013689347639882398,0.005744866854948039,0.6491209601010632,0.5611726097150039,0.19116359677165154,0.08417308765626408,-0.050757516847979925,SCRAMBLED,lego-puzzles,Trajectory LR (No Bias),45
0.06459915102882817,6.459915102882817,0.057060575688427144,5.706057568842715,0.01478825144066286,0.18747223895190315,0.00879325691586541,0.1962603305785124,0.01727476917668305,0.007851569744172619,0.6443836193283503,0.5595769403530283,0.18849166543228818,0.0864708852296714,0.12470599240679653,VALID,lego-puzzles,Trajectory Platt (5D),45
0.06773384967818859,6.773384967818859,0.07290363036604089,7.290363036604089,0.04166749644029362,0.19015144417360028,0.006114051694168288,0.1962603305785124,0.018450093085176315,0.014609928572934609,0.6485945889040953,0.5717619076564817,0.18898614221974566,0.10338342727343709,-0.20058953666232102,SCRAMBLED,lego-puzzles,Trajectory Platt (17D),45
0.030265545428984412,3.0265545428984413,0.08942460281919469,8.94246028191947,0.04362463513411472,0.1924120255667858,0.0038534703009827642,0.1962603305785124,0.0064807577417106445,0.0018171555337995577,0.5595325823770922,0.5712662976528479,0.22766896905646694,0.052412820789009384,0.6390617903646056,VALID,lego-puzzles,VCPS-5D (Our Method),45
0.050002552122695935,5.000255212269593,0.06099525166136727,6.0995251661367265,0.043786970255934934,0.1908771590202642,0.005388336847504366,0.1962603305785124,0.012654269972451788,0.006190019765091378,0.5631119065164755,0.5676294846019924,0.2278617340028379,0.07632796581061548,0.558396924649685,VALID,lego-puzzles,VCPS-17D (Our Method),45
0.7315847757187757,73.15847757187757,0.7315847757187757,73.15847757187757,0.7271368121714709,0.731433263263494,-0.5351677673957255,0.1962603305785124,0.0,0.5352162840634913,0.44620486366986,6.864588151086937,0.7574305315240084,0.000472873500106753,1.0,COLLAPSED,lego-puzzles,Naive Confidence (NC),46
0.3469470907977418,34.69470907977418,0.34694709079774166,34.694709079774164,0.34694709094115894,0.31670672286878143,-0.12044122700101287,0.1962603305785124,0.003491735537190084,0.12260630734593339,0.44620486366986,0.8294176454133572,0.7574305315240084,0.0143123905459286,1.0,COLLAPSED,lego-puzzles,Temperature Scaling (TS),46
0.06359468327064571,6.3594683270645715,0.09619925589132867,9.619925589132867,0.054011748433633634,0.19642764116797595,-0.00016214530020738915,0.1962603305785124,0.0027766213053294388,0.004188350671659076,0.44620486366986,0.5817349852888768,0.272513927352506,0.015134267151668832,1.0,COLLAPSED,lego-puzzles,Platt Scaling (1D),46
0.011674421551278385,1.1674421551278384,0.0778157266238682,7.78157266238682,0.033632075652012074,0.1901695240437411,0.006095971824027463,0.1962603305785124,0.003464187327823692,0.0002807670862548283,0.6322244446783872,0.5653533078352692,0.19238406656450535,0.05964865957448143,-0.41562352432032795,SCRAMBLED,lego-puzzles,Quadratic Platt (Logit-Only),46
0.025346943889077274,2.5346943889077274,0.10319019155093145,10.319019155093144,0.05643147285045481,0.19525823380227714,0.0010072620654914266,0.1962603305785124,0.004847222935167599,0.0020727806152034565,0.44620486366986,0.5778513979700068,0.272513927352506,0.0671747828384688,1.0,VALID,lego-puzzles,Beta Calibration,46
0.05424327518110488,5.424327518110488,0.07471371486813082,7.471371486813082,0.05431657238025911,0.19571821522398683,0.0005472806437817335,0.1962603305785124,0.003491735537190084,0.0029489975571573616,0.5445310032635015,0.5779412042959545,0.23553078706804415,0.061672512300697105,0.5205835170436343,COLLAPSED,lego-puzzles,Spline Calibration,46
0.34647498945710764,34.647498945710765,0.3464749894571077,34.64749894571077,0.3464749895737709,0.31637842688054346,-0.1201129310127749,0.1962603305785124,0.003491735537190084,0.12228331224939497,0.44620486366986,0.828722053006096,0.7574305315240084,0.014257046746990215,1.0,COLLAPSED,lego-puzzles,Adaptive TS (ATS),46
0.0022664518390992927,0.22664518390992927,0.09939959658512698,9.939959658512699,0.008533746812654423,0.19626522779692956,2.6807083899904605e-07,0.1962603305785124,0.0,5.136803938956566e-06,0.5383724602589746,0.5814544706888847,0.24022886594516737,1.6362098736890186e-06,0.37658583425575465,COLLAPSED,lego-puzzles,Probability Margin (1D),46
0.018843227159377904,1.8843227159377904,0.0973010235749618,9.73010235749618,0.019657186962060463,0.19674132297555497,-0.0004758271077864029,0.1962603305785124,1.0330578512396758e-05,0.0004913229755550044,0.4968417728181914,0.5827139150309788,0.2864109410704742,0.018749526993507622,-0.2908818788708295,COLLAPSED,lego-puzzles,MSSC (Multi-Scale Proxy),46
0.0022731230043788186,0.22731230043788186,0.12084729091360039,12.084729091360039,0.0022731230043788186,0.19626549766670542,-1.7989368605864087e-09,0.1962603305785124,0.0,5.167088193036187e-06,0.5172649752605538,0.5814551545732012,0.24756006923026952,1.0249425556552122e-16,1.0,COLLAPSED,lego-puzzles,MSE-EIGEN (Multi-Scale),46
0.02631116644868081,2.631116644868081,0.10952333737616761,10.952333737616762,0.04517945603996878,0.19492748512684344,0.0013380107409251274,0.1962603305785124,0.0001448996908992547,0.0007241397087660795,0.5253184545741657,0.5778927670840652,0.24100316134384428,0.020260439612217483,0.5662925767815811,VALID,lego-puzzles,Residual Calibrator,46
0.03344198022552384,3.344198022552384,0.061309858003288906,6.13098580032889,0.03288556365022168,0.19048787862035632,0.005777617247412242,0.1962603305785124,0.014550707599542327,0.007403485006479731,0.5933256132224445,0.5674804122943136,0.21362080621705526,0.07470677559597626,0.034868912634389314,SCRAMBLED,lego-puzzles,Trajectory LR,46
0.026198544615642135,2.6198544615642136,0.08794759169837044,8.794759169837043,0.020027135690246688,0.18875864939989143,0.007506846467877137,0.1962603305785124,0.010176950945667524,0.0032760490170047315,0.6197494473102433,0.5633262876225008,0.20389539446869442,0.0717279005194535,-0.16323005852900319,SCRAMBLED,lego-puzzles,Trajectory LR (No Bias),46
0.034938904981721544,3.4938904981721546,0.06130347218025814,6.130347218025814,0.032869262848619886,0.19048690979631164,0.005778586071456926,0.1962603305785124,0.014736202469968703,0.007842151928520237,0.5932203389830509,0.5674796758024467,0.21364387959038247,0.07469258752421004,0.034312736600999275,SCRAMBLED,lego-puzzles,Trajectory Platt (5D),46
0.02455610455945133,2.4556104559451333,0.08255834646353667,8.255834646353668,0.03418716157612664,0.19162367618970577,0.004641819678062792,0.1962603305785124,0.007174547940098178,0.002389279952425149,0.5927992420254764,0.5741300567841207,0.2267138263081832,0.09666886455665716,-0.20944620194796718,SCRAMBLED,lego-puzzles,Trajectory Platt (17D),46
0.06305606705195112,6.305606705195112,0.056686860337228064,5.668686033722806,0.045045943559155366,0.19475309931178883,0.0015123965559797337,0.1962603305785124,0.007182047750229568,0.0050726681163080324,0.5406884935256343,0.576579720501436,0.2332288574438299,0.05285578216921018,0.5795512048359216,VALID,lego-puzzles,VCPS-5D (Our Method),46
0.08029772773093731,8.02977277309373,0.07362675004445188,7.362675004445188,0.05673274657323303,0.1924938775000419,0.003771618367726659,0.1962603305785124,0.014275816050894423,0.010153963300107878,0.5539530476892305,0.5715813633819714,0.23503612321427705,0.06588075742187574,0.46429485107151924,VALID,lego-puzzles,VCPS-17D (Our Method),46
0.7316433231938969,73.16433231938969,0.7316433231938969,73.16433231938969,0.727142505243163,0.7315196910338629,-0.5352541951660944,0.1962603305785124,0.0,0.5353019523742091,0.38688282977155486,7.024528048384091,0.8128735371451543,0.00038790582205390213,1.0,COLLAPSED,lego-puzzles,Naive Confidence (NC),47
0.34912925886869095,34.9129258868691,0.34912925886869095,34.9129258868691,0.3491292588391335,0.31879498450777755,-0.12252948864000898,0.1962603305785124,0.0056409009884945726,0.1261140761252411,0.38688282977155486,0.8338203543805406,0.8128735371451543,0.012818010357772755,1.0,COLLAPSED,lego-puzzles,Temperature Scaling (TS),47
0.08584367027028283,8.584367027028284,0.1248537707123242,12.48537707123242,0.10010921338622104,0.19747087904857621,-0.001205383180807651,0.1962603305785124,0.005831467645779493,0.008261774699872222,0.38688282977155486,0.58420346014379,0.2942424706238702,0.017986809257277477,1.0,COLLAPSED,lego-puzzles,Platt Scaling (1D),47
0.06957623403550553,6.957623403550553,0.10057097948257353,10.057097948257352,0.0688920741235744,0.1864364978055983,0.009828998062170274,0.1962603305785124,0.013680864589955499,0.005759994526316358,0.6914412043372986,0.5548908957268306,0.14831169325773097,0.04648675666049536,-0.5818874116767321,SCRAMBLED,lego-puzzles,Quadratic Platt (Logit-Only),47
0.02966601500954394,2.966601500954394,0.11832816444483478,11.832816444483479,0.07136022112009664,0.19412406976013946,0.002141426107629102,0.1962603305785124,0.007912567230749047,0.00388106015505466,0.38688282977155486,0.5719583488844794,0.2942424706238702,0.05205638305797619,1.0,VALID,lego-puzzles,Beta Calibration,47
0.06558010281326476,6.558010281326476,0.08385986861838425,8.385986861838425,0.06558010281332445,0.19634834920355415,-8.285333578558762e-05,0.1962603305785124,0.0056409009884945726,0.005728919176697012,0.5496894409937888,0.5802019241887431,0.20768527148413632,0.03902840530920946,0.4502289321914867,COLLAPSED,lego-puzzles,Spline Calibration,47
0.3486487373384492,34.86487373384492,0.3486487373384493,34.86487373384493,0.34864873730686774,0.31845680164992063,-0.12219130578215207,0.1962603305785124,0.0056409009884945726,0.12578391242471332,0.38688282977155486,0.8331019885566389,0.8128735371451543,0.012768590182608466,1.0,COLLAPSED,lego-puzzles,Adaptive TS (ATS),47
0.00226469999074258,0.22646999907425802,0.12227056547391688,12.227056547391687,0.00853145904437762,0.1962651707534313,3.251143372573484e-07,0.1962603305785124,0.0,5.128866048069443e-06,0.5071060111590695,0.581454326130901,0.25581791279393634,1.4374087572713408e-06,0.3792017342659892,COLLAPSED,lego-puzzles,Probability Margin (1D),47
0.020476505320103325,2.0476505320103326,0.1034032616036059,10.34032616036059,0.014805418341311426,0.19557109262323732,0.0006944032445312387,0.1962603305785124,0.0013907199292915518,0.0007014819740164984,0.5386356458574586,0.5796598289658216,0.243946349245246,0.010864668035895995,-0.28776744621391454,COLLAPSED,lego-puzzles,MSSC (Multi-Scale Proxy),47
0.002273123004378208,0.2273123004378208,0.10654966952075014,10.654966952075014,0.002273123004378208,0.1962654976667054,-1.798936832830833e-09,0.1962603305785124,0.0,5.167088193033411e-06,0.5588482998210338,0.5814551545732011,0.19762398481215668,8.468448957593397e-17,1.0,COLLAPSED,lego-puzzles,MSE-EIGEN (Multi-Scale),47
0.027362304192785417,2.7362304192785416,0.08462178582247531,8.462178582247532,0.04664318120843344,0.19536679691398887,0.0008986989537796974,0.1962603305785124,0.00012334654343918952,0.0007953331555474207,0.5018422991893884,0.578836945939275,0.24847215937009007,0.021781646760551325,0.6530338083264647,COLLAPSED,lego-puzzles,Residual Calibrator,47
0.04560760796421119,4.560760796421119,0.0920015710389395,9.20015710389395,0.046737115520521566,0.18697718470642022,0.009288311161348345,0.1962603305785124,0.01991899514626787,0.011216373192585335,0.6133277187072323,0.5582899538793051,0.19585446058231026,0.0756694722229015,0.04077122319294897,SCRAMBLED,lego-puzzles,Trajectory LR,47
0.0519794216541355,5.19794216541355,0.10070543949311926,10.070543949311926,0.04376840763831713,0.18708299546117507,0.009182500406593491,0.1962603305785124,0.02276757891884568,0.014833577152375385,0.6416464891041163,0.5603554017101596,0.19025669176631285,0.07650884903012721,-0.0795093230422887,SCRAMBLED,lego-puzzles,Trajectory LR (No Bias),47
0.04560037790374324,4.560037790374324,0.09199996353550391,9.199996353550391,0.04655939550254118,0.18697215446967227,0.009293341398096289,0.1962603305785124,0.01991899514626787,0.01121556270915133,0.6132224444678388,0.5582841804089811,0.19591588564373533,0.07566630867354647,0.03983129809950656,SCRAMBLED,lego-puzzles,Trajectory Platt (5D),47
0.08740871555425904,8.740871555425905,0.09631012969396331,9.63101296939633,0.04216926688491604,0.1828451085221506,0.013420387345617957,0.1962603305785124,0.02352698662723415,0.009182012828324497,0.6684914201494895,0.5491021827837101,0.1855682326311557,0.07919693318032006,-0.3017576543097115,SCRAMBLED,lego-puzzles,Trajectory Platt (17D),47
0.0740848866290395,7.408488662903951,0.12100306219868687,12.100306219868687,0.06391700687608017,0.19435410024192934,0.001911395625839224,0.1962603305785124,0.012035745553053688,0.00793078686191703,0.5218444046741761,0.5753595940483778,0.23857757874758986,0.04692211718040841,0.594792262788195,VALID,lego-puzzles,VCPS-5D (Our Method),47
0.10105258812536604,10.105258812536604,0.10684173535140438,10.684173535140438,0.07813176682553619,0.1903304605785865,0.005935035289182072,0.1962603305785124,0.02194096273174729,0.01455373595630829,0.5297399726286978,0.566107380783944,0.2385975059694343,0.060630322219905525,0.5051488792660092,VALID,lego-puzzles,VCPS-17D (Our Method),47
0.7315304845571518,73.15304845571518,0.7315304845571518,73.15304845571518,0.7282495848325843,0.7313115200299465,-0.535046024162178,0.1962603305785124,0.0,0.5351368498364212,0.4559427308137699,6.773695653027029,0.7786317904439195,0.0005504030596545556,1.0,COLLAPSED,lego-puzzles,Naive Confidence (NC),48
0.3459172490165902,34.59172490165902,0.3539011312127453,35.39011312127453,0.3459172490134485,0.31534585007799887,-0.11908035421023028,0.1962603305785124,0.008708496447730897,0.12602069524770182,0.4559427308137699,0.8266033671023686,0.7786317904439195,0.015700670891021243,1.0,COLLAPSED,lego-puzzles,Temperature Scaling (TS),48
0.03571681065478733,3.571681065478733,0.1274270724962891,12.742707249628909,0.047699614291127124,0.19588113247411484,0.00038436339365374717,0.1962603305785124,0.0008966853465616339,0.0014737822348231929,0.4559427308137699,0.5803776372291671,0.25111809775949895,0.01031589267534605,1.0,COLLAPSED,lego-puzzles,Platt Scaling (1D),48
0.055718598210701034,5.571859821070103,0.10872146549484712,10.872146549484713,0.0555360218741568,0.18514151766677814,0.011123978200990453,0.1962603305785124,0.01279452413489636,0.003721149099086901,0.6913359300979051,0.5509686586501429,0.1537162668911688,0.0559085343107899,-0.28269743559689936,SCRAMBLED,lego-puzzles,Quadratic Platt (Logit-Only),48
0.038159589618932135,3.8159589618932137,0.12740429375499296,12.740429375499296,0.047980293823525776,0.1958688612216432,0.00039663464612538224,0.1962603305785124,0.0010714285714285713,0.001698316404521613,0.4559427308137699,0.5803451819668737,0.25111809775949895,0.010353365669176955,1.0,COLLAPSED,lego-puzzles,Beta Calibration,48
0.05248237078854112,5.248237078854112,0.11805509051272067,11.805509051272068,0.05248237078858723,0.19213584681727386,0.0041296490504947325,0.1962603305785124,0.00871372110812797,0.0045886795834303796,0.5809032529739973,0.5694826689857896,0.1850704871670537,0.05207626063847039,0.5965321930844123,VALID,lego-puzzles,Spline Calibration,48
0.34544921559092356,34.54492155909236,0.3534939205087762,35.34939205087762,0.3454492155528337,0.3150237704703893,-0.11875827460262073,0.1962603305785124,0.009129420866957522,0.12606712181048568,0.4559427308137699,0.8259214293157353,0.7786317904439195,0.015639825896047878,1.0,COLLAPSED,lego-puzzles,Adaptive TS (ATS),48
0.0021910887428366332,0.21910887428366332,0.1357570946995031,13.57570946995031,0.008517081324581087,0.1962647904424002,7.054253683969058e-07,0.1962603305785124,0.0,4.800869878985418e-06,0.5891146436466996,0.5814533621476514,0.20967911865477998,1.5459399714947193e-06,0.5038721031208381,COLLAPSED,lego-puzzles,Probability Margin (1D),48
0.016018013056282077,1.6018013056282077,0.08716456451626867,8.716456451626867,0.017164133778387436,0.19660609228924936,-0.0003405964214807655,0.1962603305785124,2.8152550790025774e-09,0.0003457645259920677,0.4999473628803032,0.5823567276574511,0.2467931533220404,0.01834568302793672,-0.29620165187723163,COLLAPSED,lego-puzzles,MSSC (Multi-Scale Proxy),48
0.0022731230043783746,0.22731230043783746,0.10460757112626602,10.460757112626602,0.0022731230043783746,0.19626549766670537,-1.7989367773196818e-09,0.1962603305785124,0.0,5.1670881930341675e-06,0.5304242551847562,0.5814551545732012,0.2576925979788461,1.3923131943984272e-16,1.0,COLLAPSED,lego-puzzles,MSE-EIGEN (Multi-Scale),48
0.001970710902745825,0.19707109027458247,0.11064743826973834,11.064743826973835,0.06325888476552245,0.19346113801589365,0.002804357851874939,0.1962603305785124,0.00012342965437743038,4.301736839089181e-06,0.572376039583114,0.574241084280308,0.20749952946081274,0.017856851258033383,0.5163570505774411,COLLAPSED,lego-puzzles,Residual Calibrator,48
0.06625252600115786,6.625252600115786,0.06120561728852357,6.120561728852357,0.05619789574408072,0.18740071876726505,0.00886477710050354,0.1962603305785124,0.022230491370101756,0.013798452591267676,0.6118538793557217,0.5589787903771536,0.1948933619642729,0.0853821850960909,0.09401972369501523,SCRAMBLED,lego-puzzles,Trajectory LR,48
0.06513198049517298,6.513198049517298,0.10179498757398306,10.179498757398306,0.040554510946854055,0.1858741161846015,0.010391379683167085,0.1962603305785124,0.023384755740127643,0.012548867969375477,0.6561743341404359,0.5561341723895933,0.1864305767053745,0.08157495628862954,-0.12668423665840695,SCRAMBLED,lego-puzzles,Trajectory LR (No Bias),48
0.06624253192408519,6.624253192408519,0.06668385521254756,6.6683855212547565,0.05614984212988062,0.1873978678130064,0.008867628054762183,0.1962603305785124,0.022230491370101756,0.013795873676300533,0.6119591535951152,0.5589758551566748,0.19484285691376788,0.08536334900445526,0.09338972860309962,SCRAMBLED,lego-puzzles,Trajectory Platt (5D),48
0.0509958273985169,5.09958273985169,0.06889332668347792,6.889332668347792,0.03239812924205982,0.18332884580794823,0.012936650059820365,0.1962603305785124,0.019497485905219963,0.008712212780643167,0.6389093588798821,0.5509290848532697,0.1861707071854113,0.09349085990136487,-0.12452151647703656,SCRAMBLED,lego-puzzles,Trajectory Platt (17D),48
0.0012358445704799723,0.12358445704799724,0.10131142884957606,10.131142884957606,0.0635533601087671,0.1934475209941984,0.0028179748735701893,0.1962603305785124,0.00023760330578512394,2.033837212996688e-06,0.5724813138225077,0.574124269138973,0.20758530190308055,0.019215803678766578,0.5482461849661675,COLLAPSED,lego-puzzles,VCPS-5D (Our Method),48
0.0968019245471962,9.68019245471962,0.10608967206418886,10.608967206418885,0.07348199997102713,0.18797885628821423,0.008286639579554361,0.1962603305785124,0.022831036873962072,0.014605642788227331,0.5576376460680073,0.5601996339470249,0.21898916940848082,0.05216170964519199,0.48763423320255533,VALID,lego-puzzles,VCPS-17D (Our Method),48
0.7316022035750476,73.16022035750476,0.7316022035750476,73.16022035750476,0.7267119785204594,0.7314743378032468,-0.5352088419354782,0.1962603305785124,0.0,0.5352417842758653,0.3574060427413412,6.931053573552473,0.8362838056317639,0.0004561101540436953,0.9999999999999999,COLLAPSED,lego-puzzles,Naive Confidence (NC),49
0.3471995712081207,34.719957120812076,0.3471995712081208,34.719957120812076,0.347199571338243,0.31807826359058167,-0.1218127677228131,0.1962603305785124,0.0016574460258791004,0.12144025791118042,0.3574060427413412,0.8323102860596854,0.8362838056317639,0.01376756591880382,0.9999999999999999,COLLAPSED,lego-puzzles,Temperature Scaling (TS),49
0.0975474743615307,9.754747436153071,0.15208324445683818,15.208324445683818,0.11031579643471881,0.19915963996543992,-0.0028941440976713584,0.1962603305785124,0.006116789908655938,0.009655608882761884,0.3574060427413412,0.5884233996128596,0.30599745046998716,0.024926434988198718,0.9999999999999999,COLLAPSED,lego-puzzles,Platt Scaling (1D),49
0.06517881518868923,6.517881518868923,0.1283826316750221,12.838263167502209,0.06511808556941395,0.18805218153979888,0.008213314327969679,0.1962603305785124,0.01234419803910076,0.00614332059708803,0.6767028108221917,0.5597393472959747,0.15958935526969162,0.052999618832163434,-0.43060729639248885,SCRAMBLED,lego-puzzles,Quadratic Platt (Logit-Only),49
0.04316934774551602,4.316934774551602,0.1543671097675184,15.436710976751842,0.0774013353706322,0.19782853015098956,-0.0015630342832209931,0.1962603305785124,0.004407183725365544,0.0036734785735295654,0.3574060427413412,0.5856319079918528,0.30599745046998716,0.06510143040407192,0.9999999999999999,COLLAPSED,lego-puzzles,Beta Calibration,49
0.061066078200123844,6.106607820012385,0.09862290443733784,9.862290443733784,0.059437985180894576,0.19775576573191322,-0.001490269864144661,0.1962603305785124,0.003146720248407221,0.004396700453211078,0.5218444046741761,0.5909501591391465,0.24533504166952796,0.08827904802326436,0.6127270133851025,COLLAPSED,lego-puzzles,Spline Calibration,49
0.34672645609381214,34.67264560938121,0.34672645609381214,34.67264560938121,0.34672645613739134,0.31774455762550724,-0.12147906175773868,0.1962603305785124,0.0016574460258791004,0.12111448002079689,0.3574060427413412,0.8316020076567898,0.8362838056317639,0.013714407150710215,0.9999999999999999,COLLAPSED,lego-puzzles,Adaptive TS (ATS),49
0.002257662368184532,0.2257662368184532,0.11563664046504277,11.563664046504277,0.008533887462692777,0.19626522810160132,2.6776616723900304e-07,0.1962603305785124,0.0,5.097039368716589e-06,0.45857458679861035,0.5814544714491605,0.28438165248997527,1.8930548000049313e-06,0.33456073468108705,COLLAPSED,lego-puzzles,Probability Margin (1D),49
0.00498500631209251,0.498500631209251,0.09709830995559789,9.70983099555979,0.008014825066127823,0.19615046342073345,0.00011503244703511828,0.1962603305785124,0.0001350224488439999,2.515529106505336e-05,0.5115275292136015,0.5811572098903444,0.22439195570624043,0.015848661778461604,-0.26192210539837624,COLLAPSED,lego-puzzles,MSSC (Multi-Scale Proxy),49
0.0022731230043793182,0.22731230043793182,0.08785126844990519,8.785126844990518,0.0022731230043793182,0.19626549766670548,-1.79893691609756e-09,0.1962603305785124,0.0,5.167088193038458e-06,0.5317928202968732,0.5814551545732012,0.22315666357926894,1.7534208078506493e-16,1.0,COLLAPSED,lego-puzzles,MSE-EIGEN (Multi-Scale),49
0.10223282045053594,10.223282045053594,0.10942374386408504,10.942374386408504,0.09458451246019771,0.19864700929109882,-0.0023815134233302615,0.1962603305785124,0.009850363599605465,0.011824517477928323,0.4052005474260449,0.5870900686193836,0.29761128226310557,0.0305905353687084,0.7216809941962432,COLLAPSED,lego-puzzles,Residual Calibrator,49
0.08086351607053772,8.086351607053773,0.11661319877819526,11.661319877819526,0.05987895331723022,0.19534656681582246,0.0009189290519460991,0.1962603305785124,0.012325094638406326,0.011265201606660672,0.5265817454468892,0.58005106901439,0.2465348206221003,0.08595922857633742,0.30386621561086763,COLLAPSED,lego-puzzles,Trajectory LR,49
0.03574616558345786,3.5746165583457863,0.11507400779498501,11.507400779498502,0.042163600341909774,0.19514637302309068,0.0011191228446778834,0.1962603305785124,0.014435150267012578,0.01322303936225255,0.5624802610801136,0.5851323212485816,0.2512036732470666,0.08658212354712613,0.16702989068825677,VALID,lego-puzzles,Trajectory LR (No Bias),49
0.08081658807667819,8.081658807667818,0.11658075458624145,11.658075458624145,0.059962707214221575,0.1953578874773676,0.0009076083904009657,0.1962603305785124,0.012325094638406326,0.011259034309465975,0.5257395515317402,0.5800877063658745,0.24744649096305849,0.08593559187977477,0.30637098213373526,COLLAPSED,lego-puzzles,Trajectory Platt (5D),49
0.09336076047356154,9.336076047356153,0.09694927938028493,9.694927938028492,0.03901759866703671,0.19236131105937618,0.003904184808392386,0.1962603305785124,0.01909627935196117,0.015599205458211182,0.6388040846404884,0.576378857549603,0.19634733739184249,0.09483240150826502,-0.1680334878034935,SCRAMBLED,lego-puzzles,Trajectory Platt (17D),49
0.0917452613567503,9.17452613567503,0.11238675074325802,11.238675074325801,0.0993180272339289,0.20111301736007614,-0.004847521492307577,0.1962603305785124,0.007170166356769229,0.010529670962541333,0.4300452679229393,0.5934635251412271,0.28856347785128744,0.0649151720902425,0.6282439051097854,COLLAPSED,lego-puzzles,VCPS-5D (Our Method),49
0.1069336416485389,10.69336416485389,0.144092941381481,14.409294138148098,0.0893184521672725,0.19853419733188069,-0.0022687014641121217,0.1962603305785124,0.015079782955133557,0.014444840088727583,0.4456258553531951,0.5872585245954363,0.28842656140382134,0.07896664449838318,0.5715832125021661,COLLAPSED,lego-puzzles,VCPS-17D (Our Method),49
0.7316229541193355,73.16229541193356,0.7316229541193354,73.16229541193354,0.7275367292319039,0.7314752492714958,-0.5352097534037271,0.1962603305785124,0.0,0.5352721469943034,0.5151594904726813,6.903576308752326,0.708487417479757,0.00041756814091528974,0.9999999999999999,COLLAPSED,lego-puzzles,Naive Confidence (NC),50
0.3482322631682305,34.82322631682305,0.34823226316823047,34.823226316823046,0.3482322633805305,0.3166333084231765,-0.12036781255540788,0.1962603305785124,0.004028607406195164,0.12406337213223305,0.5151594904726813,0.8292514291420412,0.708487417479757,0.01353509955187015,0.9999999999999999,COLLAPSED,lego-puzzles,Temperature Scaling (TS),50
0.008574250293260251,0.8574250293260252,0.10611240197247017,10.611240197247017,0.01347129451857989,0.1958375585651597,0.00042793730260892726,0.1962603305785124,0.0003082994274272449,0.00017305028614892674,0.5151594904726813,0.5803458089112634,0.23661625276676843,0.005999286685539896,0.9999999999999999,COLLAPSED,lego-puzzles,Platt Scaling (1D),50
0.040811375724122564,4.081137572412256,0.08771846350421883,8.771846350421884,0.02464473833109984,0.19370194642801347,0.0025635494397551473,0.1962603305785124,0.004476216907606271,0.0020547077597655567,0.580429518896726,0.5752384266293135,0.22009432239137344,0.06385316529283044,-0.581920483713277,SCRAMBLED,lego-puzzles,Quadratic Platt (Logit-Only),50
0.0295933376185504,2.95933376185504,0.10043359901320467,10.043359901320468,0.04121466828803992,0.1921339996764912,0.004131496191277423,0.1962603305785124,0.007866881921905846,0.003221881543982011,0.5151594904726813,0.5668735885264075,0.23661625276676843,0.052756794926004554,0.9999999999999999,VALID,lego-puzzles,Beta Calibration,50
0.053597933870587915,5.359793387058791,0.09987366210975762,9.987366210975763,0.05518550309122643,0.19336743516853283,0.0028980606992357882,0.1962603305785124,0.008381542699724517,0.0053748691419910136,0.5317401831771764,0.5661281409101957,0.2281060115785574,0.08092947317141413,0.604572891170493,VALID,lego-puzzles,Spline Calibration,50
0.3477552106796742,34.77552106796742,0.3477552106796742,34.77552106796742,0.3477552109020991,0.3163041151143442,-0.12003861924657558,0.1962603305785124,0.004028607406195164,0.12373571835493771,0.5151594904726813,0.828554164276533,0.708487417479757,0.01348292773232131,0.9999999999999999,COLLAPSED,lego-puzzles,Adaptive TS (ATS),50
0.002259713304827493,0.2259713304827493,0.11512239359227196,11.512239359227197,0.00853387830189987,0.19626522861659532,2.672511733026184e-07,0.1962603305785124,0.0,5.1063042200143904e-06,0.5359511527529214,0.581454472756232,0.23368495987078164,1.6525765849465329e-06,0.3265593853404332,COLLAPSED,lego-puzzles,Probability Margin (1D),50
0.03389096472980345,3.389096472980345,0.08598245047058337,8.598245047058336,0.01622282932561994,0.19554037619904482,0.0007251196687237949,0.1962603305785124,0.002698380769026127,0.0019784263895585635,0.5524792083377197,0.5795912918033499,0.2205560354186102,0.007521072609508071,-0.1223726375656504,COLLAPSED,lego-puzzles,MSSC (Multi-Scale Proxy),50
0.002273123004380595,0.2273123004380595,0.08785126844990528,8.785126844990527,0.002273123004380595,0.19626549766670542,-1.7989368050752574e-09,0.1962603305785124,0.0,5.1670881930442624e-06,0.5004210969575745,0.5814551545732013,0.2819314554114277,1.8281175309954912e-16,1.0,COLLAPSED,lego-puzzles,MSE-EIGEN (Multi-Scale),50
0.010679232767949784,1.0679232767949784,0.1019658308459372,10.19658308459372,0.02546805838954785,0.19460484836245118,0.0016606475053174419,0.1962603305785124,0.0005003660685478866,0.00016652056585501283,0.5757448152437099,0.5771715273339152,0.21660460663269063,0.01556569814827063,0.5415409236209158,COLLAPSED,lego-puzzles,Residual Calibrator,50
0.032213640439980554,3.2213640439980553,0.0886390253242853,8.863902532428531,0.03344465083633256,0.19352483547473245,0.002740660393036165,0.1962603305785124,0.008139795831437896,0.0073812094140396824,0.6235393199284136,0.5725408042933108,0.1856103037295907,0.07940542376623708,-0.054335089112099944,SCRAMBLED,lego-puzzles,Trajectory LR,50
0.021301234315216116,2.1301234315216115,0.07263649191425296,7.263649191425296,0.029047928617779484,0.19531084682669092,0.0009546490410776987,0.1962603305785124,0.004862807384899059,0.005102519232768353,0.6002737130224234,0.5774067941334029,0.2020102601790623,0.08021377842790046,-0.24597751347027108,COLLAPSED,lego-puzzles,Trajectory LR (No Bias),50
0.032263497161594296,3.2263497161594294,0.08102549839426171,8.102549839426171,0.03340574518287966,0.19353759231140033,0.0027279035563682885,0.1962603305785124,0.008330887786369376,0.007454500789816839,0.6234340456890199,0.572578618373263,0.1856296773416948,0.07942369226060085,-0.055615928504282416,SCRAMBLED,lego-puzzles,Trajectory Platt (5D),50
0.044779513268308195,4.477951326830819,0.057455882938070725,5.745588293807073,0.02548800331604252,0.19088177966800943,0.005383716199759192,0.1962603305785124,0.010404658472840288,0.0060963817274059555,0.6155384777344983,0.5656107719354448,0.19898202961795086,0.08850551915836383,-0.4286889991893309,SCRAMBLED,lego-puzzles,Trajectory Platt (17D),50
0.017098162010278098,1.7098162010278097,0.10052765279626588,10.052765279626588,0.03190371358109339,0.19431806637498594,0.0019474294927826763,0.1962603305785124,0.0010275978457796636,0.000385868820321825,0.5752184440467417,0.5763353830971191,0.21508051948950702,0.01802881018791926,0.6281201442156702,COLLAPSED,lego-puzzles,VCPS-5D (Our Method),50
0.05122786051046621,5.122786051046621,0.09945380954465828,9.945380954465827,0.03466147939584496,0.19256116896393863,0.003704326903829991,0.1962603305785124,0.00816526703990047,0.004585457324708915,0.5964838404042531,0.5710351897146048,0.2050120954652878,0.04838636668740483,0.5155623676779345,VALID,lego-puzzles,VCPS-17D (Our Method),50
0.7316271445967935,73.16271445967935,0.7316271445967937,73.16271445967936,0.7275987013997787,0.7314793943800226,-0.5352138985122541,0.1962603305785124,0.0,0.5352782787108573,0.5294241499105168,6.901128839203332,0.7274475798485261,0.000406894153361231,1.0,COLLAPSED,lego-puzzles,Naive Confidence (NC),51
0.34836355249436357,34.83635524943636,0.3483635524943636,34.836355249436366,0.3483635524345138,0.31647036975984383,-0.12020487389207526,0.1962603305785124,0.006408845429997544,0.12619127971392485,0.5294241499105168,0.828909392860044,0.7274475798485261,0.013339434612562685,1.0,COLLAPSED,lego-puzzles,Temperature Scaling (TS),51
0.03825085872841137,3.825085872841137,0.08913422754405881,8.91342275440588,0.006915505502631592,0.19590731494908095,0.0003581809186876117,0.1962603305785124,0.00513370176344137,0.0047192016219992396,0.5294241499105168,0.5805356436252591,0.2232632156599004,0.003828086599154068,1.0,COLLAPSED,lego-puzzles,Platt Scaling (1D),51
0.01259113875862439,1.2591138758624392,0.10192789675323445,10.192789675323445,0.030616096609890567,0.19338297626818268,0.002882519599585881,0.1962603305785124,0.002496669560070645,0.0002783621722224733,0.5761659122012843,0.5730690793152818,0.20533998188365898,0.05852969501002928,-0.5764507261942733,SCRAMBLED,lego-puzzles,Quadratic Platt (Logit-Only),51
0.03824278564295622,3.824278564295622,0.08912962522835483,8.912962522835482,0.006988475966796042,0.19590352335457623,0.0003619725131923379,0.1962603305785124,0.00513370176344137,0.004718001353415881,0.5294241499105168,0.5805258836110472,0.2232632156599004,0.003816757727374444,1.0,COLLAPSED,lego-puzzles,Beta Calibration,51
0.07628734047402724,7.628734047402724,0.11503435466074745,11.503435466074745,0.07628734047407819,0.19706108332564892,-0.000795587457880359,0.1962603305785124,0.006408845429997544,0.007209597255976806,0.5559006211180124,0.5815095246359079,0.19467021478822605,0.044681319293871376,0.4753179670707303,COLLAPSED,lego-puzzles,Spline Calibration,51
0.3478859805449423,34.78859805449423,0.34788598054494224,34.78859805449422,0.3478859805423572,0.31614169877186876,-0.1198762029041002,0.1962603305785124,0.006798548579416965,0.12620283145712,0.5294241499105168,0.8282133675893913,0.7274475798485261,0.013287973087478163,1.0,COLLAPSED,lego-puzzles,Adaptive TS (ATS),51
0.0022594253595930036,0.22594253595930036,0.0726410710619522,7.26410710619522,0.008533884228266269,0.19626522865885324,2.672089153277213e-07,0.1962603305785124,0.0,5.1050029555719735e-06,0.5584272028634593,0.5814544728629963,0.22159533186896402,1.5458093883099233e-06,0.3252571055851184,COLLAPSED,lego-puzzles,Probability Margin (1D),51
0.04637239770257791,4.637239770257791,0.12641792378114974,12.641792378114975,0.046372478847255906,0.1985150607677923,-0.0022495649000237317,0.1962603305785124,0.0010015631287337103,0.00325629331801362,0.46831245394252025,0.5874893944656521,0.24335839380273788,0.02536047918060098,-0.2599670490377145,COLLAPSED,lego-puzzles,MSSC (Multi-Scale Proxy),51
0.002273123004379707,0.22731230043797068,0.09888427593529826,9.888427593529826,0.002273123004379707,0.19626549766670545,-1.7989368883419843e-09,0.1962603305785124,0.0,5.167088193040225e-06,0.516370144225708,0.581455154573201,0.2292535151991739,1.3806956492516974e-16,1.0,COLLAPSED,lego-puzzles,MSE-EIGEN (Multi-Scale),51
0.025023439688238103,2.5023439688238103,0.13077665235359592,13.077665235359593,0.027012754927019385,0.19507347698454752,0.001192018883221041,0.1962603305785124,0.00023926465613068537,0.0006588125627990252,0.5518475629013581,0.5784917274986653,0.22854309484782226,0.013827492598959493,0.29671500025193476,COLLAPSED,lego-puzzles,Residual Calibrator,51
0.03870540907361831,3.870540907361831,0.08842346959288284,8.842346959288285,0.04790762048458062,0.19393965695006837,0.0023258389177001904,0.1962603305785124,0.0043954412097010195,0.0023897321786761684,0.5465838509316769,0.5756255945012184,0.22600597672875525,0.0739266453305844,-0.08800515268015419,SCRAMBLED,lego-puzzles,Trajectory LR,51
0.010951886598355075,1.0951886598355074,0.09953068769636352,9.953068769636351,0.03285002257101914,0.19363588175648372,0.002629614111284845,0.1962603305785124,0.003598674053219507,0.0007645343223004552,0.5553216128013475,0.5752804255343308,0.2435606550831875,0.07179787393356579,-0.29393129316539746,SCRAMBLED,lego-puzzles,Trajectory LR (No Bias),51
0.038714690845121046,3.8714690845121047,0.08842533481391993,8.842533481391992,0.047940663746453276,0.19394117479163353,0.002324321076135033,0.1962603305785124,0.0043954412097010195,0.0023895011172942854,0.5464785766922835,0.5756275996681692,0.22611404150348668,0.07386299513218027,-0.0867519209877536,SCRAMBLED,lego-puzzles,Trajectory Platt (5D),51
0.07279545002701605,7.279545002701606,0.11016110979359256,11.016110979359256,0.06614086494822999,0.20070433492377227,-0.004438839056003702,0.1962603305785124,0.0074856653212890005,0.010900970329588363,0.5357406042741342,0.5875362868902982,0.23890860061471686,0.10766293578477751,-0.4905077842620118,COLLAPSED,lego-puzzles,Trajectory Platt (17D),51
0.0036495300904136373,0.36495300904136374,0.10282943905065633,10.282943905065633,0.0381997083442499,0.19459634965024505,0.0016691462175235094,0.1962603305785124,9.817097483942971e-05,1.6824085040953266e-05,0.5447941888619855,0.5771448107655932,0.2285303575760464,0.01685556325894589,0.4809056853238346,COLLAPSED,lego-puzzles,VCPS-5D (Our Method),51
0.02748230748514925,2.748230748514925,0.11489757965944666,11.489757965944666,0.04352557825830116,0.1925767149277283,0.0036887809400402705,0.1962603305785124,0.006773480950153333,0.002455414624681687,0.5297399726286978,0.5714887185006636,0.2375358374120216,0.04385349117433989,0.35096573224571836,VALID,lego-puzzles,VCPS-17D (Our Method),51
0.2861641039764115,28.61641039764115,0.2857754726325699,28.577547263256992,0.2799957323121708,0.28601747651029197,-0.08181347651029194,0.20420400000000002,0.00016391983967935868,0.08196148432315821,0.6289788642729819,4.061604123493544,0.21189320547230223,0.004384625918492753,1.0,COLLAPSED,mmbench,Naive Confidence (NC),42
0.06681377460061373,6.681377460061373,0.07875081436033675,7.875081436033675,0.055119812554438194,0.20142899709530857,0.0027750029046914593,0.20420400000000002,0.008487649289099525,0.006401907098243256,0.6289788642729819,0.5915685508092463,0.21189320547230223,0.023060074794488673,1.0,VALID,mmbench,Temperature Scaling (TS),42
0.030699119712644267,3.0699119712644265,0.05499660666032792,5.499660666032792,0.03210512887994522,0.198689975948812,0.005514024051188032,0.20420400000000002,0.009570607256150701,0.005111386666238623,0.6289788642729819,0.5850623149822843,0.2321033540961259,0.0799761881799648,1.0,VALID,mmbench,Platt Scaling (1D),42
0.01605030115201351,1.6050301152013509,0.04686483910406694,4.686483910406694,0.015586562809693774,0.1950999592984232,0.009104040701576832,0.20420400000000002,0.009046689938460218,0.0005127734580609187,0.6342481048363401,0.5759627541720264,0.20713499192942594,0.0881361742474922,0.9752193412098356,VALID,mmbench,Quadratic Platt (Logit-Only),42
0.030689457590094747,3.0689457590094746,0.05501382254753075,5.501382254753075,0.03206760623409406,0.19872718466013187,0.005476815339868157,0.20420400000000002,0.009570607256150701,0.005149062487496898,0.6289788642729819,0.5852183109855188,0.2320908684949702,0.0801898335190456,1.0,VALID,mmbench,Beta Calibration,42
0.014643469490670635,1.4643469490670635,0.04809056984367119,4.8090569843671185,0.014643469490670635,0.20441843119872422,-0.00021443119872419092,0.20420400000000002,0.0,0.0002144311987242017,0.5,0.5990675140864291,0.24825089656150748,1.1102230246251565e-16,1.0,COLLAPSED,mmbench,Spline Calibration,42
0.08865597658055269,8.865597658055268,0.1062411060202609,10.624110602026091,0.08470921454449297,0.19635885395217928,0.007845146047820745,0.20420400000000002,0.020477997741389056,0.01332381054745822,0.6885761297526003,0.5787349325566754,0.17647460363640374,0.03832264481147735,0.7477259332915459,VALID,mmbench,Adaptive TS (ATS),42
8.945274525551383e-07,8.945274525551383e-05,0.08830421418104463,8.830421418104462,0.008105962339842584,0.20420385606587507,1.4393412495206093e-07,0.20420400000000002,0.0,8.001793633747853e-13,0.5363558010616835,0.5985308335255012,0.2822336096297362,4.030005383746631e-06,0.030195341774724983,COLLAPSED,mmbench,Probability Margin (1D),42
0.014290238079419629,1.4290238079419628,0.04514036693181156,4.514036693181156,0.02719224691961081,0.18894744475069325,0.015256555249306775,0.20420400000000002,0.015772867924528304,0.0005163126752215435,0.6286360698125404,0.5637151195692086,0.21630830704929846,0.10690748948071721,0.13991814729107285,VALID,mmbench,MSSC (Multi-Scale Proxy),42
4.3536383417142055e-05,0.0043536383417142055,0.04720870728109336,4.720870728109336,4.3536383417142055e-05,0.20420400189331492,-1.8933148937527733e-09,0.20420400000000002,0.0,1.8954166810444017e-09,0.49088166735225564,0.5985311906127561,0.2802661923336707,6.368450701275746e-11,1.0,COLLAPSED,mmbench,MSE-EIGEN (Multi-Scale),42
0.06612821048883441,6.612821048883441,0.07240049524512694,7.240049524512695,0.047419825209564774,0.19284369317192662,0.011360306828073402,0.20420400000000002,0.01800286882407399,0.008040841257025182,0.6776067070184717,0.5705632915702218,0.19858551609077282,0.09032057860988588,0.9175876759667442,VALID,mmbench,Residual Calibrator,42
0.051265840182452414,5.126584018245241,0.05717960471887417,5.717960471887417,0.033950505832339654,0.18726273555966333,0.016941264440336695,0.20420400000000002,0.023641252456719476,0.006963998062187901,0.6914556032203091,0.5579773619008956,0.1852784797690552,0.13961554565534712,0.6995461488088036,VALID,mmbench,Trajectory LR,42
0.0612390296693406,6.12390296693406,0.05639418816560864,5.639418816560864,0.030431762990684775,0.18926265155216396,0.014941348447836067,0.20420400000000002,0.022763595519914276,0.008896101064263615,0.6807016512898866,0.5631689809346289,0.19902310064228015,0.13501278796244537,0.6604290714613504,VALID,mmbench,Trajectory LR (No Bias),42
0.05127326564490796,5.1273265644907955,0.05719782747328282,5.719782747328282,0.03391850240188559,0.1872585902678113,0.01694540973218872,0.20420400000000002,0.023641252456719476,0.0069653155485224685,0.6914556032203091,0.5579678476473559,0.18525582255261475,0.1395789472381691,0.6994969147059775,VALID,mmbench,Trajectory Platt (5D),42
0.04830594640970231,4.830594640970231,0.051951260387897484,5.195126038789748,0.030958965451328743,0.18435884716762005,0.019845152832379975,0.20420400000000002,0.02462862792657829,0.004676308544562332,0.6926308985132514,0.5498301712162227,0.17424370428860625,0.14112469287603843,0.6900059233908097,VALID,mmbench,Trajectory Platt (17D),42
0.061199376613400705,6.119937661340071,0.05012719759045023,5.012719759045023,0.035086730558073854,0.18762118021388752,0.016582819786112507,0.20420400000000002,0.02449518464586599,0.007701745291161248,0.6921803686509569,0.5577797441875956,0.19523789140575906,0.13253027023771344,0.7565683680977483,VALID,mmbench,VCPS-5D (Our Method),42
0.04493877491564896,4.493877491564896,0.049858262961756765,4.985826296175676,0.029303105133125933,0.18400824450126174,0.020195755498738283,0.20420400000000002,0.023952828036961905,0.003784334605623238,0.6932479285420462,0.5488116381317575,0.17264009440681496,0.13163305499136504,0.7375743119232009,VALID,mmbench,VCPS-17D (Our Method),42
0.28599545638769386,28.599545638769385,0.28599545638769386,28.599545638769385,0.2802422062427139,0.2859975850569209,-0.08179358505692091,0.20420400000000002,0.0,0.0817934010744053,0.6450020567667626,3.993124525049749,0.19145157517054817,3.489412175603703e-05,1.0,COLLAPSED,mmbench,Naive Confidence (NC),43
0.0619372631136077,6.19372631136077,0.07093116798155333,7.093116798155333,0.06417227716524568,0.20046343416010817,0.003740565839891824,0.20420400000000002,0.005979966077473614,0.003921984310018991,0.6450020567667626,0.5893453435317103,0.19145157517054817,0.02228038336354641,1.0,VALID,mmbench,Temperature Scaling (TS),43
0.03526749267089871,3.526749267089871,0.03775013676106338,3.7750136761063384,0.034785535478706796,0.19557423836494872,0.008629761635051275,0.20420400000000002,0.011640585421220519,0.003272430886472569,0.6450020567667626,0.5774866249984125,0.19151953742549424,0.0746439053261679,1.0,VALID,mmbench,Platt Scaling (1D),43
0.025953455881564766,2.5953455881564764,0.03399560092535333,3.399560092535333,0.020292258337714097,0.19344569771556877,0.010758302284431226,0.20420400000000002,0.011767474195839674,0.001093283233562376,0.6491351785469431,0.5726613975868807,0.19022734679945857,0.08697659729273674,0.9958726417398706,VALID,mmbench,Quadratic Platt (Logit-Only),43
0.037115477827458984,3.7115477827458982,0.03772587875364217,3.772587875364217,0.03476229362457934,0.19557308269829418,0.008630917301705815,0.20420400000000002,0.011855711471640685,0.0036491576571295427,0.6450020567667626,0.5774832290825737,0.1915196696568992,0.07468657454259836,1.0,VALID,mmbench,Beta Calibration,43
0.01460746720484385,1.460746720484385,0.07572149344096872,7.572149344096872,0.01460746720484385,0.2044173780981406,-0.00021337809814059305,0.20420400000000002,0.0,0.00021337809814058858,0.5,0.599064851115464,0.2952090566883981,2.220446049250313e-16,1.0,COLLAPSED,mmbench,Spline Calibration,43
0.10802493592295889,10.802493592295889,0.1135490339599377,11.354903395993771,0.10281315472301938,0.19456574622305967,0.009638253776940331,0.20420400000000002,0.021462152173913035,0.013390205032330372,0.7151475975005386,0.5745032050656452,0.17226586455386994,0.03627681626105895,0.7878627799508431,VALID,mmbench,Adaptive TS (ATS),43
1.1728655731069182e-06,0.00011728655731069182,0.10430407116177992,10.430407116177992,1.1728655731069182e-06,0.20420400665617885,-6.656178858088779e-09,0.20420400000000002,0.0,1.3756136525794197e-12,0.5073749779632133,0.5985312022748619,0.3161911143074805,4.278108601593998e-07,1.0,COLLAPSED,mmbench,Probability Margin (1D),43
0.03308199289346659,3.308199289346659,0.0790809656622892,7.90809656622892,0.04085668026690175,0.18656606837744374,0.017637931622556252,0.20420400000000002,0.019955520240185223,0.002317588617629018,0.6395173453996984,0.5582475854833381,0.229124619216479,0.09590431005178784,0.1649815244633235,VALID,mmbench,MSSC (Multi-Scale Proxy),43
4.353636736786903e-05,0.004353636736786903,0.07454903953053212,7.454903953053211,4.353636736786903e-05,0.20420400189325916,-1.893259160556937e-09,0.20420400000000002,0.0,1.8954152835900517e-09,0.49485808309337725,0.5985311906126196,0.3034260869059578,8.420153459638674e-11,1.0,COLLAPSED,mmbench,MSE-EIGEN (Multi-Scale),43
0.06005660542260169,6.005660542260169,0.08099951114518461,8.099951114518461,0.05207345203126167,0.1891862769629406,0.015017723037059394,0.20420400000000002,0.02093484448092937,0.0065281768637925185,0.6949521067168126,0.5619980574752126,0.18328585432143127,0.08581566557136365,0.936605111545424,VALID,mmbench,Residual Calibrator,43
0.0542283468442867,5.42283468442867,0.06264238415878373,6.264238415878373,0.0410253852595935,0.18101402256840826,0.023189977431591735,0.20420400000000002,0.02903812833158164,0.007828218464869606,0.716949716949717,0.5432961631141595,0.1801994934233276,0.1328215594768217,0.7508456971630907,VALID,mmbench,Trajectory LR,43
0.06349784767469363,6.349784767469363,0.07461355473220889,7.461355473220889,0.04313256933390841,0.1828731579112753,0.021330842088724683,0.20420400000000002,0.030900262134208767,0.00962864697876484,0.716636304871599,0.5476817548361717,0.1918193712505199,0.1268388607300349,0.7115428737406173,VALID,mmbench,Trajectory LR (No Bias),43
0.0542651357203722,5.42651357203722,0.06267227058112622,6.2672270581126215,0.04104474746755249,0.18101433694361443,0.023189663056385562,0.20420400000000002,0.02903812833158164,0.007830418526276722,0.7170182758418053,0.5432968233652277,0.1819125804039297,0.13277302285915388,0.7506754108006073,VALID,mmbench,Trajectory Platt (5D),43
0.048984794437885296,4.8984794437885295,0.0593068675994873,5.93068675994873,0.040537946548415256,0.18151377829901222,0.022690221700987778,0.20420400000000002,0.027364372281053134,0.007204123821647174,0.7172337466455114,0.5944257347175419,0.18322944893508583,0.13873797287670034,0.761151267449519,VALID,mmbench,Trajectory Platt (17D),43
0.05190680209675591,5.190680209675591,0.05514329651853912,5.514329651853912,0.04297370232280275,0.18193918528541236,0.022264814714587633,0.20420400000000002,0.030092692768560633,0.007634261129026257,0.7146187146187146,0.5450045878793028,0.18929114465586008,0.1273776730408751,0.8007300611463,VALID,mmbench,VCPS-5D (Our Method),43
0.054659452336515854,5.465945233651586,0.05541339284542062,5.541339284542062,0.040733191233572,0.1822166243466735,0.021987375653326507,0.20420400000000002,0.03024375467946092,0.008265114107035067,0.7142367436485083,0.5479816429288065,0.18858216877402725,0.13194088321928726,0.8044224199280041,VALID,mmbench,VCPS-17D (Our Method),43
0.28618926441222686,28.618926441222687,0.2858006330683854,28.58006330683854,0.2802634855654851,0.28601613623694583,-0.08181213623694583,0.20420400000000002,0.00016391983967935868,0.08197590404465625,0.637078607666843,3.987738655944395,0.22327688513372693,0.004340619931091311,0.9999999999999998,COLLAPSED,mmbench,Naive Confidence (NC),44
0.06776406565695589,6.776406565695589,0.09068731956421043,9.068731956421043,0.06646727052390132,0.20075478367170924,0.0034492163282907606,0.20420400000000002,0.008558412882714774,0.005667270136931377,0.637078607666843,0.5899817757083512,0.22327688513372693,0.0247972276424223,0.9999999999999998,VALID,mmbench,Temperature Scaling (TS),44
0.05265177069675435,5.265177069675435,0.0626151600710946,6.261516007109461,0.044318242656899924,0.19729372656684074,0.006910273433159253,0.20420400000000002,0.012881533357621412,0.006399981047873625,0.637078607666843,0.581558379596632,0.2321487952279155,0.08715565334894505,0.9999999999999998,VALID,mmbench,Platt Scaling (1D),44
0.02214400289370813,2.214400289370813,0.049710577929615765,4.9710577929615765,0.020553424949683364,0.1940917043129174,0.010112295687082606,0.20420400000000002,0.010461180585873288,0.0007820396770068187,0.641603494544671,0.5735156276606052,0.2163341261637606,0.09306897384284442,0.9829216329758793,VALID,mmbench,Quadratic Platt (Logit-Only),44
0.052640380712516005,5.2640380712516,0.06262647577374217,6.262647577374217,0.04427909379560071,0.19732605351232768,0.006877946487672315,0.20420400000000002,0.012881533357621412,0.006432394714578858,0.637078607666843,0.5816967268358046,0.2321487952279155,0.08734148600513088,0.9999999999999998,VALID,mmbench,Beta Calibration,44
0.02218315203035326,2.218315203035326,0.0813575390821987,8.13575390821987,0.02218315203035326,0.20469609223400173,-0.0004920922340017342,0.20420400000000002,0.0,0.000492092234001766,0.5,0.5997763589935123,0.3118367673295766,0.0,1.0,COLLAPSED,mmbench,Spline Calibration,44
0.09832496485690545,9.832496485690545,0.09927105083158268,9.927105083158267,0.09228911567813942,0.19704133369727692,0.007162666302723081,0.20420400000000002,0.016155540840875244,0.010028762433681011,0.6766370884017943,0.5807101232285377,0.1917702278063577,0.03631217985371909,0.7611592634355504,VALID,mmbench,Adaptive TS (ATS),44
2.786145509858784e-07,2.786145509858784e-05,0.10030476739199021,10.03047673919902,0.00809474565046533,0.20420357734118597,4.2265881403102945e-07,0.20420400000000002,0.0,7.762606802106263e-14,0.5098920687155981,0.598530150682359,0.29749882251811544,1.6537200917916582e-05,0.22866578127587694,COLLAPSED,mmbench,Probability Margin (1D),44
0.027519086007195336,2.7519086007195335,0.06041217168467051,6.041217168467051,0.040424071611440154,0.19896275610510233,0.0052412438948976625,0.20420400000000002,0.007218073365231266,0.001976829470333621,0.5884507649213531,0.5858246519774104,0.23816704908311598,0.12124738907324144,0.15340618055396898,VALID,mmbench,MSSC (Multi-Scale Proxy),44
4.353638687648598e-05,0.004353638687648598,0.053450960477370864,5.345096047737086,4.353638687648598e-05,0.20420400189377644,-1.8937764412196856e-09,0.20420400000000002,0.0,1.8954169822590603e-09,0.4692268515797927,0.5985311906138859,0.316349783521298,6.405307925105039e-11,1.0,COLLAPSED,mmbench,MSE-EIGEN (Multi-Scale),44
0.06903458148786244,6.903458148786244,0.0693462080599535,6.934620805995351,0.054371362987039235,0.19348861665670786,0.01071538334329214,0.20420400000000002,0.017516889220245378,0.008185544878465482,0.6700848171436407,0.5717500021444553,0.20476741686904318,0.09733650177350436,0.9235194989666482,VALID,mmbench,Residual Calibrator,44
0.06644253682660319,6.6442536826603185,0.06899303400789313,6.899303400789313,0.04312840275590994,0.19252910740564275,0.01167489259435725,0.20420400000000002,0.018851911889369695,0.007221285930172999,0.6776850600380012,0.5677097959885252,0.18741017791463047,0.14259664910831932,0.7023468932149433,VALID,mmbench,Trajectory LR,44
0.057488472061960165,5.748847206196016,0.1010660883995212,10.10660883995212,0.04182287347072216,0.1903504504259978,0.0138535495740022,0.20420400000000002,0.020910673605193598,0.008356890447525581,0.6830326536208888,0.5639587172763212,0.17601462732202047,0.11761097179124934,0.6235847365523891,VALID,mmbench,Trajectory LR (No Bias),44
0.0664695166349411,6.646951663494111,0.06901804625988008,6.9018046259880075,0.043150432172268376,0.1925297547444451,0.01167424525555491,0.20420400000000002,0.018851911889369695,0.007223465165604893,0.6776458835282365,0.5677102065022698,0.18732328747397256,0.1425646669979419,0.7023137268884666,VALID,mmbench,Trajectory Platt (5D),44
0.06380110031366347,6.380110031366347,0.06213405603170394,6.2134056031703935,0.040747558380757325,0.19094162915269203,0.01326237084730797,0.20420400000000002,0.021809566781591874,0.009162216072934963,0.6823176823176824,0.5639823744432865,0.18507068353665618,0.1452478408478637,0.6942782334699579,VALID,mmbench,Trajectory Platt (17D),44
0.05976976816538401,5.976976816538401,0.06344432358207024,6.3444323582070234,0.040445919201206576,0.19132317109871222,0.012880828901287777,0.20420400000000002,0.02395117834393809,0.010403999444187653,0.6771365889012948,0.5654487522346999,0.19917248558408404,0.13955627967205372,0.7745602360195376,VALID,mmbench,VCPS-5D (Our Method),44
0.054885481286576665,5.4885481286576665,0.06476426170269231,6.476426170269231,0.03988057374505102,0.19067249969117198,0.01353150030882802,0.20420400000000002,0.02209768468355342,0.00846125191180658,0.6772639125580301,0.5632468831006632,0.1871219381878838,0.14085057192277298,0.7775638838668101,VALID,mmbench,VCPS-17D (Our Method),44
0.2859970823137056,28.599708231370556,0.28599708231370546,28.599708231370546,0.28027973614657725,0.28599721680728646,-0.08179321680728646,0.20420400000000002,0.0,0.08179433109195249,0.6516032986621223,4.018489444674206,0.19079883456488697,1.2029488069899554e-05,0.9999999999999998,COLLAPSED,mmbench,Naive Confidence (NC),45
0.08795188978159714,8.795188978159715,0.1022457690099109,10.22457690099109,0.06964127962793465,0.200371424730493,0.0038325752695070048,0.20420400000000002,0.01184756029532403,0.008356922829321673,0.6516032986621223,0.5890883709745492,0.19079883456488697,0.02154992272473542,0.9999999999999998,VALID,mmbench,Temperature Scaling (TS),45
0.058282281574640396,5.828228157464039,0.0739462381534511,7.39462381534511,0.05408956651708924,0.19521249384295533,0.008991506157044665,0.20420400000000002,0.012907520911307624,0.003955480347558242,0.6516032986621223,0.5762508623341244,0.19079245454241553,0.07052710895231291,0.9999999999999998,VALID,mmbench,Platt Scaling (1D),45
0.046777630994167756,4.677763099416776,0.05924215280878338,5.924215280878338,0.037628649495068126,0.19303376798728575,0.011170232012714248,0.20420400000000002,0.014340835118857592,0.0026884899668186938,0.6500950030361795,0.5703804229312106,0.19181959062356826,0.08493504493947675,0.999117676836639,VALID,mmbench,Quadratic Platt (Logit-Only),45
0.05826085311256944,5.826085311256944,0.07393857654525544,7.3938576545255446,0.054068564354765265,0.19521074743862765,0.008993252561372345,0.20420400000000002,0.012907520911307624,0.003953490019932942,0.6516032986621223,0.5762456477064932,0.19079245454241553,0.07056540715848099,0.9999999999999998,VALID,mmbench,Beta Calibration,45
0.025592443099002216,2.5592443099002216,0.05450306088126467,5.450306088126467,0.025592443099002216,0.20485897314377563,-0.0006549731437756334,0.20420400000000002,0.0,0.0006549731437756662,0.5,0.6001974836414763,0.3048050507612757,1.1102230246251565e-16,1.0,COLLAPSED,mmbench,Spline Calibration,45
0.10596020796054302,10.596020796054303,0.1259108753305285,12.59108753305285,0.10573488523640731,0.1945849311995737,0.00961906880042629,0.20420400000000002,0.018970825255228464,0.011692179321613656,0.7198683669271906,0.5748864690231215,0.15988949556350054,0.03412685584011749,0.7513186344725279,VALID,mmbench,Adaptive TS (ATS),45
1.1289841674866352e-06,0.00011289841674866352,0.09455195664288284,9.455195664288283,1.1289841674866352e-06,0.20420401490237344,-1.4902373446368244e-08,0.20420400000000002,0.0,1.2746052504354908e-12,0.48596501537678005,0.5985312224663996,0.31585170067343116,4.0568918781010384e-07,1.0,COLLAPSED,mmbench,Probability Margin (1D),45
0.029023854440454657,2.9023854440454655,0.05992065799977114,5.992065799977114,0.03682413259091041,0.18827274441688943,0.015931255583110565,0.20420400000000002,0.017298028985507245,0.0013667734023966424,0.6369708722649899,0.5617859900578744,0.22960498909887772,0.1091115260229365,0.13310438912649536,VALID,mmbench,MSSC (Multi-Scale Proxy),45
4.3536397723697995e-05,0.0043536397723697995,0.06593546686604662,6.593546686604662,4.3536397723697995e-05,0.20420400189541796,-1.895417961472745e-09,0.20420400000000002,0.0,1.895417926756016e-09,0.4823313940961,0.5985311906179049,0.3031876722925886,7.539519573951504e-15,1.0,COLLAPSED,mmbench,MSE-EIGEN (Multi-Scale),45
0.08210128522191294,8.210128522191294,0.0897209503789706,8.97209503789706,0.07231948216085575,0.18825556585512623,0.015948434144873763,0.20420400000000002,0.02234378060180199,0.007676179605776974,0.7052163522751758,0.5594158525391552,0.16387726770617503,0.08130915502437888,0.9110524200879978,VALID,mmbench,Residual Calibrator,45
0.06257888706796425,6.257888706796424,0.0680783507060929,6.80783507060929,0.03399827171408805,0.18059981723545968,0.02360418276454032,0.20420400000000002,0.02914488020549978,0.005756374343598198,0.7232571350218409,0.541030805984694,0.15826913187067648,0.1358229096506496,0.6847051967332001,VALID,mmbench,Trajectory LR,45
0.05996126825849857,5.996126825849856,0.0685143381028221,6.85143381028221,0.03710017611281155,0.18254304104265973,0.02166095895734027,0.20420400000000002,0.02746272786895257,0.00642685680615202,0.7237272531390179,0.5463084086980319,0.16211135580006292,0.13390391172381372,0.639512173426708,VALID,mmbench,Trajectory LR (No Bias),45
0.0625995692908764,6.25995692908764,0.06811362013220787,6.811362013220787,0.03398744437754549,0.18060339201717965,0.02360060798282035,0.20420400000000002,0.02914488020549978,0.0057600337062009704,0.7232375467669585,0.5410424264509806,0.15827496989545506,0.13578820107860545,0.684507929441979,VALID,mmbench,Trajectory Platt (5D),45
0.05872776940464973,5.872776940464973,0.05464309349656107,5.464309349656107,0.03462366013826523,0.1799491087218904,0.02425489127810959,0.20420400000000002,0.029583831575589553,0.004912476397964898,0.7238056061585474,0.5392868564922563,0.15825023602261012,0.13788416631307915,0.6954933370951261,VALID,mmbench,Trajectory Platt (17D),45
0.051234179214191516,5.1234179214191515,0.06794209514738342,6.794209514738342,0.04073476422977832,0.18077776466117343,0.023426235338826568,0.20420400000000002,0.02709782970584383,0.00471771781702768,0.7193982488100136,0.5408955381168592,0.15720896549901417,0.1245039428070266,0.7476892107307203,VALID,mmbench,VCPS-5D (Our Method),45
0.04752045264829979,4.752045264829978,0.05500847142637505,5.500847142637505,0.038971521997558455,0.18061131328021104,0.023592686719788952,0.20420400000000002,0.027492750838354306,0.004160153460555039,0.7188497776733072,0.5403279560002686,0.16668924928183362,0.12894232061470134,0.7533824997819579,VALID,mmbench,VCPS-17D (Our Method),45
0.28598078112019654,28.598078112019653,0.2859807811201966,28.59807811201966,0.2800320852409484,0.2859982056973349,-0.08179420569733492,0.20420400000000002,0.0,0.08178500717011776,0.6245910951793305,4.042303600727956,0.2215553279480709,0.00034034011466047936,1.0,COLLAPSED,mmbench,Naive Confidence (NC),46
0.07802422012107184,7.802422012107184,0.07289841382253442,7.289841382253442,0.05844353387963572,0.20137324508718332,0.0028307549128166742,0.20420400000000002,0.009168764183185237,0.006456191963207913,0.6245910951793305,0.5914636937930797,0.2215553279480709,0.0224050428840336,1.0,VALID,mmbench,Temperature Scaling (TS),46
0.03492547676874455,3.492547676874455,0.04711144771778991,4.711144771778991,0.03261933109378915,0.1986745659225892,0.0055294340774108,0.20420400000000002,0.008758882588256064,0.004594751953302344,0.6245910951793305,0.5842764733461587,0.22104085622651662,0.07866501228286417,1.0,VALID,mmbench,Platt Scaling (1D),46
0.020448168082400377,2.0448168082400375,0.032160045647621816,3.2160045647621818,0.019787269252315547,0.19548347517139789,0.00872052482860211,0.20420400000000002,0.00927607363958808,0.0008740377335409318,0.6291551585669233,0.5767015512686664,0.21756131303341456,0.0891089700116604,0.9856880434302908,VALID,mmbench,Quadratic Platt (Logit-Only),46
0.03486810755127753,3.4868107551277534,0.04710661854705999,4.710661854705999,0.03258285199648986,0.1986741207863804,0.0055298792136196095,0.20420400000000002,0.008758882588256064,0.004595540232515926,0.6245910951793305,0.5842741717520764,0.22105087064025353,0.07875900476297257,1.0,VALID,mmbench,Beta Calibration,46
0.002738707585908995,0.2738707585908995,0.08639481305381456,8.639481305381457,0.002738707585908995,0.20421150051924117,-7.500519241171455e-06,0.20420400000000002,0.0,7.5005192411154746e-06,0.5,0.5985496221617792,0.24626089690546088,1.1102230246251565e-16,1.0,COLLAPSED,mmbench,Spline Calibration,46
0.10890418992292138,10.890418992292137,0.1110020861516855,11.10020861516855,0.0989144906080554,0.1950438783835558,0.009160121616444195,0.20420400000000002,0.02274191647821499,0.014537519345668597,0.707909737321502,0.5756833501602598,0.17080571942547657,0.036595066232259894,0.7594696755614764,VALID,mmbench,Adaptive TS (ATS),46
5.657283786986156e-07,5.657283786986156e-05,0.10830443264825325,10.830443264825325,0.008103883830954164,0.2042038039258779,1.9607412210520536e-07,0.20420400000000002,0.0,3.200485984649642e-13,0.4666509960627608,0.5985307057879315,0.3193709869332411,8.109467771813019e-06,0.12118178078714631,COLLAPSED,mmbench,Probability Margin (1D),46
0.03239073847527635,3.239073847527635,0.06787236642115281,6.787236642115281,0.03844384486494045,0.18584983837747016,0.01835416162252984,0.20420400000000002,0.019791032201914707,0.0014368705793848303,0.64597167538344,0.5566160774334967,0.17847558517294226,0.10285588779271287,0.15512791044943822,VALID,mmbench,MSSC (Multi-Scale Proxy),46
4.353639713472468e-05,0.004353639713472468,0.06773930876636121,6.773930876636121,4.353639713472468e-05,0.2042040018953232,-1.8953232039375933e-09,0.20420400000000002,0.0,1.8954178754724634e-09,0.4830463653993066,0.5985311906176728,0.27089733324526427,3.701450609926813e-12,1.0,COLLAPSED,mmbench,MSE-EIGEN (Multi-Scale),46
0.054790014376121646,5.4790014376121645,0.07258300012049677,7.258300012049677,0.0478000200482085,0.1915682236245795,0.012635776375420488,0.20420400000000002,0.019066897767872994,0.007615352082115806,0.680192356662945,0.5671906404263092,0.18370064039774103,0.08932827805226988,0.9315841611034459,VALID,mmbench,Residual Calibrator,46
0.055585192088477814,5.558519208847781,0.05231562788951892,5.231562788951892,0.02894779344583025,0.18089382234989904,0.02331017765010096,0.20420400000000002,0.028564336820958706,0.005593011007099051,0.7121212121212122,0.542720164080814,0.17405362092212875,0.13588586064124164,0.7256302015307937,VALID,mmbench,Trajectory LR,46
0.05589570222504397,5.589570222504396,0.06109802391926094,6.1098023919260935,0.03461085331933972,0.18085274622506442,0.023351253774935576,0.20420400000000002,0.02719662883284274,0.004778501395569235,0.7143150966680378,0.543248371121167,0.1705830216964647,0.12797200426043742,0.6911486429633558,VALID,mmbench,Trajectory LR (No Bias),46
0.0556136632710695,5.56136632710695,0.0523544737249613,5.23544737249613,0.028966074572588877,0.18088805793285706,0.023315942067142936,0.20420400000000002,0.028564336820958706,0.005595478252368941,0.7122387416505064,0.5427098714317106,0.17399244745608985,0.1358259925194441,0.7255409754575328,VALID,mmbench,Trajectory Platt (5D),46
0.03185234726965426,3.185234726965426,0.05890632773935795,5.8906327739357955,0.026312542935642474,0.18034631114966274,0.02385768885033726,0.20420400000000002,0.027015029238575867,0.0033528337032454917,0.7106618871324755,0.5415954084823159,0.18076626190134396,0.13985557205920626,0.7267646378764043,VALID,mmbench,Trajectory Platt (17D),46
0.0424808078685598,4.24808078685598,0.038790338698138534,3.8790338698138536,0.025770307210908727,0.18329636185015066,0.020907638149849334,0.20420400000000002,0.024269384346189297,0.004209054668922999,0.7070674423615599,0.5476514778002987,0.173849956074526,0.12859235292832663,0.7790518563677284,VALID,mmbench,VCPS-5D (Our Method),46
0.032030445418160934,3.2030445418160935,0.038792928963048194,3.879292896304819,0.020764918043883213,0.18290867439191782,0.021295325608082172,0.20420400000000002,0.021504251951149425,0.0016100595473598168,0.7054905878435291,0.5465700784884889,0.17682332789736166,0.13141165398242782,0.7848104542703986,VALID,mmbench,VCPS-17D (Our Method),46
0.2859803894674011,28.59803894674011,0.2859803894674011,28.59803894674011,0.2800857735584754,0.28599608492029494,-0.08179208492029494,0.20420400000000002,0.0,0.08178478315992643,0.6249436837672132,3.968464346901282,0.2110394926060349,0.00033942720236318735,1.0,COLLAPSED,mmbench,Naive Confidence (NC),47
0.07128630590303366,7.1286305903033655,0.0773434117021863,7.73434117021863,0.05373706456276753,0.20107914764969023,0.0031248523503097647,0.20420400000000002,0.008837048345861298,0.005846951579706549,0.6249436837672132,0.5908051807181478,0.2110394926060349,0.024281680687492858,1.0,VALID,mmbench,Temperature Scaling (TS),47
0.044151755211603305,4.4151755211603305,0.07050753420308548,7.050753420308547,0.035081044231662334,0.19872264586554916,0.005481354134450833,0.20420400000000002,0.008584172526017408,0.0035249233672699294,0.6249436837672132,0.5843041576714447,0.2025457713305788,0.0880621252765508,1.0,VALID,mmbench,Platt Scaling (1D),47
0.02537546207350613,2.537546207350613,0.05437295492242482,5.437295492242482,0.026520097347575267,0.19665690032552244,0.007547099674477559,0.20420400000000002,0.00859662590754526,0.0008800330045913214,0.6252962723550959,0.5788996887693456,0.19958622761256076,0.09793511557681413,0.9840634236345297,VALID,mmbench,Quadratic Platt (Logit-Only),47
0.04412633830739462,4.412633830739462,0.07052957406243654,7.052957406243654,0.035064804332116874,0.19872479736567056,0.005479202634329439,0.20420400000000002,0.008584172526017408,0.0035271959557273912,0.6249436837672132,0.584306489571896,0.20253550173727577,0.08817401605074421,1.0,VALID,mmbench,Beta Calibration,47
0.05890792051497318,5.890792051497318,0.06776859781696047,6.776859781696047,0.05890792051497318,0.2076741430993984,-0.003470143099398415,0.20420400000000002,0.0,0.0034701430993983977,0.5,0.6078894012676948,0.2897560177827833,1.1102230246251565e-16,1.0,COLLAPSED,mmbench,Spline Calibration,47
0.08004611071881293,8.004611071881293,0.08883988742315216,8.883988742315216,0.07382440843690288,0.19707260311725822,0.007131396882741781,0.20420400000000002,0.014214453771979576,0.007980957775320966,0.6705059646236118,0.5809430511956587,0.1855649085374571,0.035190936529084435,0.7637003025359907,VALID,mmbench,Adaptive TS (ATS),47
5.253125678894577e-07,5.253125678894577e-05,0.10544844676269692,10.544844676269692,0.00810278557254387,0.2042037768869148,2.2311308520150952e-07,0.20420400000000002,0.0,2.759532939826161e-13,0.4409805880394116,0.5985306395869517,0.3348290905752128,7.92197086571933e-06,0.029578989010899608,COLLAPSED,mmbench,Probability Margin (1D),47
0.012819837317395107,1.2819837317395106,0.08080106806745015,8.080106806745015,0.028518235669352444,0.195360073488529,0.008843926511471006,0.20420400000000002,0.009113800679709743,0.00026987416823874317,0.5993712170182759,0.5780278524279161,0.21742062727382555,0.11143658754411724,0.09315475236990861,SCRAMBLED,mmbench,MSSC (Multi-Scale Proxy),47
4.35363971348357e-05,0.00435363971348357,0.06611062822965978,6.6110628229659785,4.35363971348357e-05,0.2042040018953233,-1.895323314959896e-09,0.20420400000000002,0.0,1.8954178754821303e-09,0.4873166049636638,0.5985311906176731,0.309703067997342,3.701461978494541e-12,1.0,COLLAPSED,mmbench,MSE-EIGEN (Multi-Scale),47
0.036388670701637565,3.6388670701637564,0.06413505386858284,6.413505386858284,0.032340507952128505,0.19379929706635776,0.010404702933642235,0.20420400000000002,0.01389892547682203,0.0036832116350226153,0.6596442772913362,0.5724841037723748,0.17992590873130201,0.09625455104093869,0.9388573274882435,VALID,mmbench,Residual Calibrator,47
0.05521880569035466,5.521880569035466,0.06470500041343258,6.470500041343258,0.030773115774801515,0.18999562053070854,0.01420837946929146,0.20420400000000002,0.01865862180723784,0.005393100150548865,0.6732972909443498,0.5628031265513619,0.18044550383504313,0.1387212113225237,0.6948384877065222,VALID,mmbench,Trajectory LR,47
0.07899393515302637,7.899393515302637,0.07133993428240204,7.133993428240204,0.032755592587751126,0.1908235934563091,0.01338040654369091,0.20420400000000002,0.02168018853650394,0.008289339397417748,0.6704374057315233,0.5654488555865123,0.18797787037679775,0.13124158132025807,0.6482051623140257,VALID,mmbench,Trajectory LR (No Bias),47
0.055250736385583886,5.525073638558388,0.064704195946455,6.4704195946455005,0.030744961899560996,0.18999380406279706,0.014210195937202935,0.20420400000000002,0.01865862180723784,0.005392184593622496,0.6733168791992321,0.5628030970080916,0.1815585532009639,0.13864722141314664,0.6947518468734474,VALID,mmbench,Trajectory Platt (5D),47
0.04981372201442717,4.981372201442717,0.048329987764358526,4.832998776435852,0.028981278376033294,0.18886263781455614,0.015341362185443852,0.20420400000000002,0.01938677113177499,0.005373478329167123,0.6731601731601733,0.5601843505102563,0.1768033692219793,0.14031954538428063,0.706433167441876,VALID,mmbench,Trajectory Platt (17D),47
0.04975329251122279,4.975329251122279,0.05517990863090794,5.517990863090794,0.03231885154101093,0.1906116151720679,0.013592384827932097,0.20420400000000002,0.01860044055169917,0.00535510122478955,0.6703394644571115,0.5640390377229942,0.18289016376924838,0.1359789607732259,0.7651224332984677,VALID,mmbench,VCPS-5D (Our Method),47
0.04999983992510887,4.999983992510887,0.05834178574853267,5.834178574853267,0.03412214676899581,0.19037716878235034,0.01382683121764966,0.20420400000000002,0.017897710704972744,0.004333826361324321,0.6738261738261737,0.5631990314540257,0.1777644073933906,0.13899409620032757,0.7789250924382134,VALID,mmbench,VCPS-17D (Our Method),47
0.2859942423021028,28.59942423021028,0.2859942423021027,28.599424230210268,0.28028985282094676,0.28599520269196205,-0.08179120269196205,0.20420400000000002,0.0,0.08179270662995389,0.6600752188987484,3.9788517040167446,0.20634476905978288,3.797024389369895e-05,1.0,COLLAPSED,mmbench,Naive Confidence (NC),48
0.07946349716272416,7.946349716272416,0.09679634891068711,9.679634891068712,0.07223622000732004,0.1996083165135265,0.00459568348647349,0.20420400000000002,0.011425116639027084,0.007638518599051869,0.6600752188987484,0.5873171654323476,0.20634476905978288,0.023052361827930325,1.0,VALID,mmbench,Temperature Scaling (TS),48
0.0529817919166769,5.29817919166769,0.06702836555484919,6.702836555484919,0.04104652725026242,0.1932194077679461,0.010984592232053891,0.20420400000000002,0.01667239512053134,0.005566860496822383,0.6600752188987484,0.5721285491055447,0.2063459115828976,0.07395611618316067,1.0,VALID,mmbench,Platt Scaling (1D),48
0.027069867588197877,2.7069867588197876,0.058233087541446564,5.823308754144656,0.02766445103301669,0.19194666985402511,0.012257330145974882,0.20420400000000002,0.012516060614367991,0.001064731956550628,0.6581751581751583,0.5685359984595111,0.20926691434346173,0.08466285792501627,0.9892058568737686,VALID,mmbench,Quadratic Platt (Logit-Only),48
0.05295759767951044,5.295759767951044,0.06700412474291483,6.700412474291483,0.04102158702334119,0.19321689211819115,0.010987107881808844,0.20420400000000002,0.01657239512053134,0.005319498757814022,0.6600752188987484,0.572122036491465,0.2063459115828976,0.07399862036021146,1.0,VALID,mmbench,Beta Calibration,48
0.03394394091977171,3.394394091977171,0.06014803625377641,6.014803625377641,0.03394394091977171,0.20535619112516493,-0.0011521911251649308,0.20420400000000002,0.0,0.0011521911251649523,0.5,0.6015027310942694,0.2719563841608729,0.0,1.0,COLLAPSED,mmbench,Spline Calibration,48
0.09952357039650342,9.952357039650343,0.1033282748458637,10.33282748458637,0.09097510512992907,0.1942145989836323,0.009989401016367694,0.20420400000000002,0.02330153479096308,0.014575685040181703,0.7076355017531488,0.5738321190597383,0.19389028335834604,0.03704025695970565,0.7672388808468165,VALID,mmbench,Adaptive TS (ATS),48
1.134043215555991e-06,0.0001134043215555991,0.11055193069964651,11.055193069964652,1.134043215555991e-06,0.20420396007492328,3.9925076716906815e-08,0.20420400000000002,0.0,1.2860540147485718e-12,0.5072672425613602,0.5985310882189501,0.3068918021417592,8.682583855773739e-07,1.0,COLLAPSED,mmbench,Probability Margin (1D),48
0.014707510084506478,1.4707510084506479,0.05122129082668372,5.122129082668372,0.029333510519609616,0.1904952369790204,0.013708763020979592,0.20420400000000002,0.014222341452896426,0.0005135784319168428,0.6230827995533879,0.566962336272044,0.23427854363290476,0.10784475303841262,0.13851311947190414,VALID,mmbench,MSSC (Multi-Scale Proxy),48
4.353639772147755e-05,0.004353639772147755,0.06598156196172868,6.598156196172868,4.353639772147755e-05,0.20420400189541754,-1.895417545139111e-09,0.20420400000000002,0.0,1.8954179265626755e-09,0.4689428218839984,0.5985311906179038,0.30218017061395414,1.3699752653688357e-14,1.0,COLLAPSED,mmbench,MSE-EIGEN (Multi-Scale),48
0.04951489317379057,4.951489317379057,0.07464034129919735,7.464034129919734,0.04936401367349709,0.18637170593133157,0.01783229406866843,0.20420400000000002,0.020712608515672498,0.0047845111345083445,0.6983702571937865,0.5561411287722616,0.1824694725131348,0.08314666524712713,0.9200442751457342,VALID,mmbench,Residual Calibrator,48
0.05232542926544021,5.2325429265440215,0.07576059473238834,7.576059473238835,0.034869751326717886,0.17908146363723737,0.025122536362762626,0.20420400000000002,0.031710159687040926,0.006097675139899596,0.708595326242385,0.5395542455509922,0.1802531292024764,0.1295061487167119,0.7041299584147249,VALID,mmbench,Trajectory LR,48
0.04110117793655743,4.110117793655743,0.07224122345627727,7.224122345627728,0.029532714464653557,0.18064295422204213,0.023561045777957867,0.20420400000000002,0.026103497133764867,0.0030286811186848073,0.7021507903860846,0.5431445779109499,0.1831351586964497,0.12412822004224808,0.6389332284439068,VALID,mmbench,Trajectory LR (No Bias),48
0.05239379256963728,5.239379256963728,0.07580628806352616,7.580628806352616,0.0349065474938586,0.1790963940646202,0.025107605935379806,0.20420400000000002,0.031710159687040926,0.006110248218266129,0.7087226498991204,0.5395894380358662,0.1802503641183748,0.12947462729434298,0.7037737683743267,VALID,mmbench,Trajectory Platt (5D),48
0.05048343542218206,5.048343542218206,0.0665486367046833,6.65486367046833,0.032286682901082824,0.17783875413439726,0.026365245865602738,0.20420400000000002,0.03143884649245519,0.004797315965482538,0.7083406789289142,0.5367365256889928,0.18016385871643337,0.13264944235917175,0.712260724668523,VALID,mmbench,Trajectory Platt (17D),48
0.037943977470247,3.7943977470247,0.06215858665803331,6.2158586658033315,0.028745267717270075,0.17928896247094647,0.024915037529053524,0.20420400000000002,0.028435599740895514,0.0030828304002663612,0.708693267516797,0.5396422045110082,0.1797311833964992,0.1251445975305843,0.7684101676396771,VALID,mmbench,VCPS-5D (Our Method),48
0.035334831512910586,3.5334831512910587,0.05946103275565352,5.946103275565353,0.02770319958980043,0.17892216198042718,0.025281838019572817,0.20420400000000002,0.02784823629539102,0.002403664592495807,0.7066560890090301,0.5387793525194784,0.18405667890954813,0.12981178613529185,0.7737692475876495,VALID,mmbench,VCPS-17D (Our Method),48
0.28595279912366034,28.595279912366035,0.28595279912366034,28.595279912366035,0.2797842025439,0.28599720396048134,-0.08179320396048131,0.20420400000000002,0.0,0.08176900332665644,0.6150809974339385,4.026951517297552,0.21957817864600532,0.0007135876083588284,0.9999999999999998,COLLAPSED,mmbench,Naive Confidence (NC),49
0.06551408521649602,6.551408521649601,0.07095508252788853,7.095508252788853,0.048590376984273494,0.20157046978561766,0.002633530214382368,0.20420400000000002,0.00801292782644973,0.005564075996298551,0.6150809974339385,0.5919780984055428,0.21957817864600532,0.024318263770341356,0.9999999999999998,VALID,mmbench,Temperature Scaling (TS),49
0.037828730723094006,3.7828730723094006,0.04920880333433117,4.920880333433117,0.03139452825449697,0.20016641366554871,0.00403758633445131,0.20420400000000002,0.008487584414758774,0.0054532819387414135,0.6150809974339385,0.5882017527393874,0.2335172596802166,0.08949698999312089,0.9999999999999998,VALID,mmbench,Platt Scaling (1D),49
0.0312151971694626,3.12151971694626,0.054503977935389226,5.450397793538922,0.029520277585003765,0.19745753552699705,0.006746464473002978,0.20420400000000002,0.00848839867303879,0.00204360489120517,0.6200564141740612,0.5812793228969974,0.215033020797839,0.09456713403715954,0.9727311547364773,VALID,mmbench,Quadratic Platt (Logit-Only),49
0.037800531968494686,3.7800531968494684,0.04922813929907504,4.9228139299075035,0.031405524371014716,0.20017735833572226,0.004026641664277769,0.20420400000000002,0.008487584414758774,0.005464679273986874,0.6150809974339385,0.5882350783214902,0.24239097250628372,0.08959521769548799,0.9999999999999998,VALID,mmbench,Beta Calibration,49
0.06181164287713403,6.181164287713403,0.06838373915477193,6.838373915477193,0.06181164287713403,0.2080246791951704,-0.0038206791951703734,0.20420400000000002,0.0,0.0038206791951703543,0.5,0.6088925471208682,0.2676705782967567,1.1102230246251565e-16,1.0,COLLAPSED,mmbench,Spline Calibration,49
0.07849533227312579,7.849533227312579,0.08679231339794179,8.679231339794178,0.07493680660729313,0.19697040632039425,0.007233593679605771,0.20420400000000002,0.013363118222409365,0.007737148583710382,0.6759221170985877,0.5806756250943768,0.18737412541543702,0.035521515477955734,0.7608392080491881,VALID,mmbench,Adaptive TS (ATS),49
8.398378394947059e-07,8.398378394947059e-05,0.09279935076799223,9.279935076799223,0.008096054608569462,0.20420361076305898,3.892369410396501e-07,0.20420400000000002,0.0,7.053275966471354e-13,0.4878944584826938,0.5985302326967308,0.2829944929723082,1.225413647699541e-05,0.11806781410336332,COLLAPSED,mmbench,Probability Margin (1D),49
0.011511425888238124,1.1511425888238125,0.09573387105912147,9.573387105912147,0.030612494764285198,0.1930574242132394,0.01114657578676062,0.20420400000000002,0.012329463315562329,0.0011828875288017492,0.608851932381344,0.5727972604794445,0.24939136294893097,0.10844107281232732,0.08186150654863927,SCRAMBLED,mmbench,MSSC (Multi-Scale Proxy),49
4.353639281817756e-05,0.004353639281817756,0.06316261218499869,6.316261218499869,4.353639281817756e-05,0.20420400189464627,-1.894646245448328e-09,0.20420400000000002,0.0,1.895417499618663e-09,0.4741239153003859,0.5985311906160157,0.3045205749948682,2.684869756093825e-11,1.0,COLLAPSED,mmbench,MSE-EIGEN (Multi-Scale),49
0.04340429802779566,4.340429802779566,0.049077796555768605,4.90777965557686,0.028842648530859636,0.194964224770672,0.009239775229328034,0.20420400000000002,0.013887119553119552,0.005526144566973338,0.6548647431000372,0.5759220563247675,0.20795280924693985,0.09872186331512715,0.9295996620343803,VALID,mmbench,Residual Calibrator,49
0.05180391980095107,5.1803919800951075,0.06159223687447358,6.159223687447358,0.03145571914351362,0.19124029859024988,0.012963701409750145,0.20420400000000002,0.02116412627429153,0.008232907212769355,0.6773324714501185,0.5744513180036027,0.21408687466172785,0.14843808459749197,0.7186207505219913,VALID,mmbench,Trajectory LR,49
0.06927272140541685,6.927272140541685,0.07497650336689687,7.497650336689688,0.03786587203591546,0.19207910526592825,0.012124894734071773,0.20420400000000002,0.021412195838549513,0.010438962324278316,0.6795459442518266,0.5747415305844311,0.22022122294712357,0.14521679590320133,0.6866389033888668,VALID,mmbench,Trajectory LR (No Bias),49
0.051841325523797416,5.184132552379742,0.0615906595014967,6.15906595014967,0.031428679068853924,0.1912360863848389,0.012967913615161114,0.20420400000000002,0.02116412627429153,0.008231449948541063,0.6773030890677949,0.574414643859606,0.2140938067497535,0.14838349278289079,0.7183046243364287,VALID,mmbench,Trajectory Platt (5D),49
0.04748196156939231,4.748196156939231,0.06042226060351095,6.042226060351095,0.02466922373487119,0.18844924450358605,0.015754755496413975,0.20420400000000002,0.021981740969450818,0.006381417901219951,0.6833460656990069,0.5754778598883156,0.2012771794506445,0.1483147088147605,0.7157567681314921,VALID,mmbench,Trajectory Platt (17D),49
0.0368120017632229,3.6812001763222897,0.05916560422733056,5.916560422733056,0.02458655529147484,0.19077198737869375,0.013432012621306277,0.20420400000000002,0.01975546789725291,0.0056032913185614375,0.6752952929423517,0.5663488336371083,0.19977369120017424,0.13884050437708306,0.7774685903943293,VALID,mmbench,VCPS-5D (Our Method),49
0.03989965814153599,3.989965814153599,0.06851496235655251,6.851496235655251,0.019297223463954325,0.1869019430144575,0.01730205698554252,0.20420400000000002,0.020468244575163327,0.0028390473850149526,0.6801140036434155,0.5563182724253571,0.18035716832318088,0.13768603188151604,0.7564511331849322,VALID,mmbench,VCPS-17D (Our Method),49
0.2859802130692811,28.59802130692811,0.285980213069281,28.5980213069281,0.2800887871601537,0.2859958793690273,-0.08179187936902732,0.20420400000000002,0.0,0.08178468226715142,0.619566707802002,3.969073506950791,0.20491772415470283,0.00033912806169757046,0.9999999999999998,COLLAPSED,mmbench,Naive Confidence (NC),50
0.05510279893739667,5.510279893739667,0.08397930120013682,8.397930120013681,0.04819888108013959,0.2009979416907801,0.0032060583092198836,0.20420400000000002,0.006110721185790952,0.0037472531200404132,0.619566707802002,0.5906769947277166,0.20491772415470283,0.023903451570794907,0.9999999999999998,VALID,mmbench,Temperature Scaling (TS),50
0.025925297818006055,2.5925297818006054,0.07145711821112163,7.1457118211121635,0.02391245730857573,0.19806205420053544,0.00614194579946456,0.20420400000000002,0.008604049811742499,0.00295227099163231,0.619566707802002,0.5834092230282386,0.20723989944636412,0.08599265655761482,0.9999999999999998,VALID,mmbench,Platt Scaling (1D),50
0.02375927933385572,2.375927933385572,0.059424534187981284,5.942453418798128,0.021675506327290078,0.1969475111165152,0.007256488883484791,0.20420400000000002,0.008549401407103537,0.0013672833431415243,0.6205461205461206,0.5805075975433348,0.20565405043441354,0.09282495869353433,0.9810192357972364,VALID,mmbench,Quadratic Platt (Logit-Only),50
0.025875365059567258,2.587536505956726,0.0714617752146646,7.14617752146646,0.023897729427080395,0.19806251015628074,0.006141489843719261,0.20420400000000002,0.008604049811742499,0.0029529762748939617,0.619566707802002,0.5834091601901927,0.20723575865961463,0.08610113552900008,0.9999999999999998,VALID,mmbench,Beta Calibration,50
0.05616616314199396,5.616616314199396,0.06409969788519636,6.409969788519636,0.05616616314199396,0.20735863788209305,-0.003154637882093053,0.20420400000000002,0.0,0.0031546378820930814,0.5,0.6069944020284085,0.2795607791092924,0.0,1.0,COLLAPSED,mmbench,Spline Calibration,50
0.05765888643970534,5.765888643970534,0.06748756124909908,6.7487561249099075,0.05676018682814543,0.19763482908425004,0.006569170915749961,0.20420400000000002,0.009459664375256317,0.004385061918536619,0.6458835282364694,0.5825054049804547,0.2081835846637428,0.037053515785007034,0.779966741360482,VALID,mmbench,Adaptive TS (ATS),50
5.271466038125894e-07,5.271466038125894e-05,0.06895186047534034,6.895186047534034,0.008103656322440613,0.20420379833974642,2.016602535792611e-07,0.20420400000000002,0.0,2.7788354191114705e-13,0.5374625374625375,0.5985306921119204,0.28319477140360194,8.086753762667864e-06,0.08667309172546837,COLLAPSED,mmbench,Probability Margin (1D),50
0.022970444398462967,2.297044439846297,0.03469785781473231,3.469785781473231,0.03556400832364296,0.19697746233585423,0.007226537664145771,0.20420400000000002,0.008544608465608464,0.0013180708014626813,0.5943076531311826,0.5815811059958282,0.24603346579385812,0.11801763826763997,0.1641825147976801,VALID,mmbench,MSSC (Multi-Scale Proxy),50
4.35363673702005e-05,0.00435363673702005,0.06259513462239083,6.259513462239083,4.35363673702005e-05,0.20420400189331314,-1.8933131451515095e-09,0.20420400000000002,0.0,1.8954152837930587e-09,0.49065640242110836,0.5985311906127517,0.28350673819517397,8.130683330812505e-11,1.0,COLLAPSED,mmbench,MSE-EIGEN (Multi-Scale),50
0.029228307926064085,2.9228307926064083,0.05063904286137781,5.063904286137781,0.028541790788247624,0.1940823821578727,0.010121617842127284,0.20420400000000002,0.011823070155756158,0.0024696866726869604,0.6405751111633464,0.5738658895119072,0.21341727775193303,0.09859995428575914,0.9295212344702428,VALID,mmbench,Residual Calibrator,50
0.05359280694681747,5.359280694681747,0.05586566080741396,5.586566080741396,0.04460407635744688,0.19502378386826877,0.009180216131731228,0.20420400000000002,0.016165849705492966,0.006635015954545568,0.6446886446886446,0.575604298531882,0.20532237192304495,0.15153347175989787,0.7148513809364185,VALID,mmbench,Trajectory LR,50
0.03506884374625085,3.5068843746250846,0.060482851825525555,6.048285182552555,0.0374906907606935,0.19598129961672203,0.008222700383277964,0.20420400000000002,0.010068080232442054,0.00348047381643345,0.634502752149811,0.5786959767571754,0.22463801387625637,0.14183863961082502,0.662683329291422,VALID,mmbench,Trajectory LR (No Bias),50
0.05201059940457346,5.2010599404573465,0.0558527131974697,5.58527131974697,0.044562474186871585,0.19502045308443064,0.009183546915569357,0.20420400000000002,0.015893074789074788,0.0062719898067191224,0.644708232943527,0.5756007558144824,0.20529702656712778,0.15147326489257676,0.7146848048522059,VALID,mmbench,Trajectory Platt (5D),50
0.05240612670779228,5.240612670779228,0.0691233715116978,6.91233715116978,0.04413078472232895,0.19590082351223448,0.008303176487765518,0.20420400000000002,0.015218641647424841,0.007590816618435994,0.6458443517267046,0.6291496179830345,0.21313511650815584,0.15805663163061406,0.6987967690970278,VALID,mmbench,Trajectory Platt (17D),50
0.033548448890997125,3.3548448890997125,0.07197884045421836,7.197884045421836,0.03899309373458607,0.19477833675316691,0.009425663246833083,0.20420400000000002,0.015333663432878867,0.005578840587779487,0.6454134101192924,0.5750195659471525,0.22000116015779433,0.1480926101645084,0.780879497619257,VALID,mmbench,VCPS-5D (Our Method),50
0.03788858497932812,3.788858497932812,0.06947528926635957,6.947528926635957,0.03857882486836184,0.19347393559212708,0.010730064407872913,0.20420400000000002,0.0160375811883304,0.005259962658304491,0.6486944428120898,0.5712886729519426,0.20302315587919675,0.14912818062197764,0.7764384909962042,VALID,mmbench,VCPS-17D (Our Method),50
0.28599596190005794,28.599596190005794,0.28599596190005805,28.599596190005805,0.28029326690693235,0.28599608516696584,-0.08179208516696584,0.20420400000000002,0.0,0.0817936902231394,0.6019568666627491,4.031429670034465,0.21940490503311294,1.9032628696264042e-05,1.0,COLLAPSED,mmbench,Naive Confidence (NC),51
0.04651608500175447,4.651608500175447,0.07548107438294849,7.548107438294849,0.04141361306984531,0.20154073006885181,0.0026632699311481822,0.20420400000000002,0.004507773584905662,0.002336092271061292,0.6019568666627491,0.5920148586216001,0.21940490503311294,0.02318567696791239,1.0,VALID,mmbench,Temperature Scaling (TS),51
0.047165998776242585,4.716599877624258,0.062001504849715276,6.200150484971528,0.035323045431579686,0.1996923623326738,0.004511637667326207,0.20420400000000002,0.008518731565363123,0.0038033223001913445,0.6019568666627491,0.5871537093509305,0.21947383938138748,0.08480865216471296,1.0,VALID,mmbench,Platt Scaling (1D),51
0.04454002407066374,4.454002407066374,0.05628152741313873,5.6281527413138726,0.04380564570294554,0.2001012086250751,0.004102791374924891,0.20420400000000002,0.0069403877776563795,0.0031060025439138836,0.5986660398425104,0.5879526418761859,0.22008817913089723,0.09880211225114036,0.9960719022274721,VALID,mmbench,Quadratic Platt (Logit-Only),51
0.04715386369197127,4.715386369197127,0.062027868183290716,6.202786818329072,0.035351917599021385,0.19969634818689222,0.004507651813107777,0.20420400000000002,0.008518731565363123,0.0038066145299362163,0.6019568666627491,0.5871610760780728,0.21947373856841618,0.08492151173388704,1.0,VALID,mmbench,Beta Calibration,51
0.09772465960665666,9.772465960665667,0.09772465960665638,9.772465960665638,0.09772465960665666,0.21375410909523684,-0.009550109095236847,0.20420400000000002,0.0,0.009550109095236911,0.5,0.6265132229885769,0.2899219349409067,2.220446049250313e-16,1.0,COLLAPSED,mmbench,Spline Calibration,51
0.07981988712630773,7.981988712630773,0.08437996906099145,8.437996906099144,0.07265499291403003,0.19741296192803268,0.00679103807196732,0.20420400000000002,0.013488158528276175,0.007169207609801323,0.6606530724177784,0.5818005905491807,0.20589711098344304,0.035386118038562855,0.7884284070503517,VALID,mmbench,Adaptive TS (ATS),51
1.1243285907847067e-06,0.00011243285907847067,0.0763041265274224,7.63041265274224,1.1243285907847067e-06,0.20420405178077103,-5.178077103207279e-08,0.20420400000000002,0.0,1.2641147800559245e-12,0.5316448257624729,0.5985313127656814,0.3003033894363699,7.519076887151877e-07,1.0,COLLAPSED,mmbench,Probability Margin (1D),51
0.011518044762308145,1.1518044762308146,0.06726154058003572,6.726154058003572,0.028992848807908853,0.19221644701796878,0.011987552982031219,0.20420400000000002,0.013026014426930271,0.0010384614448990805,0.6106246694481989,0.571062407148556,0.24497545531937448,0.10752533975931153,0.15470156407826885,VALID,mmbench,MSSC (Multi-Scale Proxy),51
4.353639772780582e-05,0.004353639772780582,0.03569321367054617,3.569321367054617,4.353639772780582e-05,0.20420400189541885,-1.895418849651165e-09,0.20420400000000002,0.0,1.8954179271136957e-09,0.49399619987855287,0.5985311906179072,0.305689021039343,1.0992508734198293e-14,1.0,COLLAPSED,mmbench,MSE-EIGEN (Multi-Scale),51
0.048417715665974394,4.84177156659744,0.06260662892383792,6.260662892383792,0.035487904341917696,0.1953249274741173,0.008879072525882686,0.20420400000000002,0.012656408498283034,0.004099551134937381,0.6419658772599949,0.576157824197074,0.20931988700731166,0.09526899042593076,0.9374020728913951,VALID,mmbench,Residual Calibrator,51
0.04519051788381584,4.519051788381584,0.0703213704640127,7.03213704640127,0.03657146138033786,0.1927127132866439,0.011491286713356086,0.20420400000000002,0.01724690364246965,0.007562722539776409,0.663375839846428,0.5697529774790421,0.20170391545498034,0.13888097270544086,0.7420563301714729,VALID,mmbench,Trajectory LR,51
0.05214895012067579,5.214895012067579,0.07871429683570919,7.871429683570918,0.04055414239778358,0.19462909486987712,0.00957490513012288,0.20420400000000002,0.014026771430596888,0.00543862016953753,0.6600654247713071,0.5744764162829262,0.19993403837255888,0.12911818934738856,0.7118005398361974,VALID,mmbench,Trajectory LR (No Bias),51
0.04521495833992957,4.521495833992957,0.07031226804852486,7.031226804852486,0.03653561480295994,0.1927094040706293,0.011494595929370688,0.20420400000000002,0.01724690364246965,0.007559622575265539,0.6633464574641045,0.5697466575427467,0.20171038353029797,0.13882347535079684,0.7419352322631371,VALID,mmbench,Trajectory Platt (5D),51
0.044778365701436944,4.477836570143694,0.054979076653718935,5.497907665371893,0.040541957445006965,0.194491679953635,0.009712320046364992,0.20420400000000002,0.016957815324579448,0.007678992076095119,0.6551781551781553,0.5735405183119773,0.19929799669715245,0.1429494826589677,0.7534145232833067,VALID,mmbench,Trajectory Platt (17D),51
0.04350253161242132,4.350253161242132,0.04962368879931808,4.962368879931808,0.0339086487508141,0.19228256364250498,0.011921436357495013,0.20420400000000002,0.017749909090909094,0.005054531905606621,0.6590860120271884,0.5684011295026589,0.19578343411750063,0.13570689999914903,0.792350240511119,VALID,mmbench,VCPS-5D (Our Method),51
0.043899375987612684,4.389937598761269,0.06023755566896887,6.023755566896887,0.03739912957612518,0.1928439319396723,0.011360068060327688,0.20420400000000002,0.016858549631845816,0.005186488781745509,0.655227125815361,0.5695662751983973,0.2043025275605216,0.1407633824927908,0.7977957540242878,VALID,mmbench,VCPS-17D (Our Method),51
0.7875887090556843,78.75887090556843,0.7875887090556845,78.75887090556844,0.7149278460492055,0.6888725684559812,-0.6717325664487129,0.01713764196863169,0.0002837093843620299,0.6712479505233708,0.6390532544378698,3.4006179638250837,0.9484423450128443,0.23940237705667378,0.9999999999999999,COLLAPSED,mmmu,Naive Confidence (NC),42
0.5220540595754262,52.20540595754262,0.5220540595754262,52.20540595754262,0.5220540595754223,0.2907526174610168,-0.27361261545374854,0.01713764196863169,0.00038427599555947736,0.27340424707175787,0.6390532544378698,0.7755292196093886,0.9484423450128443,0.03846949747077432,0.9999999999999999,COLLAPSED,mmmu,Temperature Scaling (TS),42
0.018125896004211436,1.8125896004211435,0.03440230959989602,3.440230959989602,0.027894714955867185,0.020471205035776402,-0.0033312030285081035,0.01713764196863169,2.4873210404400134e-05,0.003257796527794914,0.6390532544378698,0.10124753614694663,0.008232571820288945,0.054837111926893015,0.9999999999999999,COLLAPSED,mmmu,Platt Scaling (1D),42
0.022624500062872702,2.26245000628727,0.04085540088266687,4.085540088266687,0.04060163778983999,0.027563293931600556,-0.010423291924332258,0.01713764196863169,1.4839926657784693e-05,0.0102353429831444,0.27416173570019725,0.14166791051008576,0.06464707406401118,0.09836379502857091,0.14311251983972567,COLLAPSED,mmmu,Quadratic Platt (Logit-Only),42
0.019461985092131175,1.9461985092131175,0.03520378547542048,3.520378547542048,0.029914696978259134,0.02110410314579798,-0.003964101138529682,0.01713764196863169,2.4873210404400134e-05,0.003872701893722534,0.6390532544378698,0.103996321540074,0.008232571820288945,0.0598636586629906,0.9999999999999999,COLLAPSED,mmmu,Beta Calibration,42
0.0023555805394786314,0.23555805394786314,0.030337865743503473,3.0337865743503474,0.01475291221364681,0.0175253100468423,-0.0003853080395740012,0.01713764196863169,0.0,5.54875967797044e-06,0.5729783037475344,0.09361799065900234,0.008989525677280836,0.01711530015489243,0.8751858066135745,COLLAPSED,mmmu,Spline Calibration,42
0.5218906662008406,52.189066620084056,0.5218906662008407,52.18906662008407,0.5218906662008369,0.29057171235092216,-0.2734317103436539,0.01713764196863169,0.00038427599555947736,0.27322673604774284,0.6390532544378698,0.7751559211299244,0.9484423450128443,0.03831110443326206,0.9999999999999999,COLLAPSED,mmmu,Adaptive TS (ATS),42
0.0013243499490982018,0.1324349949098202,0.027905544628639912,2.7905544628639913,0.007292558251818,0.017114206586141364,2.5795421126934004e-05,0.01713764196863169,0.0,1.7539027876764097e-06,0.4990138067061144,0.08649828381667632,0.013521629395880325,0.005607191720352405,-0.16967567986367252,COLLAPSED,mmmu,Probability Margin (1D),42
0.0018192843903812525,0.18192843903812525,0.02899283122602074,2.899283122602074,0.00979647537354213,0.017193132972566815,-5.313096529851666e-05,0.01713764196863169,0.0,3.3097956930848854e-06,0.5552268244575936,0.08883362971193265,0.008541588872543072,0.007291609071579375,0.3231635106188848,COLLAPSED,mmmu,MSSC (Multi-Scale Proxy),42
0.001543028189962669,0.1543028189962669,0.028912928657191306,2.8912928657191306,0.008167328695637077,0.01713929841632595,7.035909423483422e-07,0.01713764196863169,0.0,2.3809359950194705e-06,0.6331360946745562,0.08795511354717496,0.008458040520224648,3.628901577542882e-05,0.7070654186211597,COLLAPSED,mmmu,MSE-EIGEN (Multi-Scale),42
0.01853230833870274,1.853230833870274,0.034604469557001534,3.4604469557001534,0.02855153513805076,0.02064045784259072,-0.003500455835322422,0.01713764196863169,2.4873210404400134e-05,0.0034205529750093045,0.6370808678500985,0.10192800881154818,0.008276285756291742,0.056223183314961185,0.9999174573077402,COLLAPSED,mmmu,Residual Calibrator,42
0.01788125769591618,1.788125769591618,0.03474716290526869,3.474716290526869,0.029171284998148684,0.02033168606674397,-0.003191684059475671,0.01713764196863169,2.0785114666648753e-05,0.0030160725489741897,0.6272189349112426,0.10327044772051702,0.008348804844363242,0.05282879359463866,0.9488777731396646,COLLAPSED,mmmu,Trajectory LR,42
0.013768756340568523,1.3768756340568522,0.03641774032504501,3.6417740325045007,0.02545422650482505,0.0196130910523044,-0.002473089045036101,0.01713764196863169,2.9065461447571933e-05,0.002382164710771107,0.5996055226824457,0.09862690157447566,0.00937265263643646,0.0461983626213878,0.8087249984081052,COLLAPSED,mmmu,Trajectory LR (No Bias),42
0.01683233389062374,1.6832333890623739,0.035577751762439436,3.5577751762439433,0.027693903821404128,0.019843252887862855,-0.0027032508805945564,0.01713764196863169,2.0785114666648753e-05,0.002534947871655596,0.6232741617357003,0.1015891474821689,0.00842118812671474,0.048335693634693054,0.9404820021555433,COLLAPSED,mmmu,Trajectory Platt (5D),42
0.018853727925721445,1.8853727925721444,0.03597757266567875,3.597757266567875,0.030084094981011427,0.020591052330632045,-0.003451050323363746,0.01713764196863169,2.0785114666648753e-05,0.0032405757379227245,0.6035502958579883,0.10687388609203295,0.009022320719359213,0.05462791090745832,0.7685290656403072,COLLAPSED,mmmu,Trajectory Platt (17D),42
0.019724504130625722,1.9724504130625722,0.034644561140670764,3.4644561140670764,0.028959716534112622,0.020694220537223338,-0.0035542185299550395,0.01713764196863169,2.695606930876081e-05,0.003496933441584336,0.641025641025641,0.10252820006949408,0.008161759753671009,0.05652487597308928,0.9992665492202074,COLLAPSED,mmmu,VCPS-5D (Our Method),42
0.01979784449723481,1.979784449723481,0.03470240604763722,3.4702406047637218,0.028978098844634804,0.020706581566702707,-0.003566579559434409,0.01713764196863169,2.695606930876081e-05,0.0035135647535292766,0.6429980276134122,0.10242839336184595,0.008094932702080525,0.056657924252246965,0.9988043101435533,COLLAPSED,mmmu,VCPS-17D (Our Method),42
0.8106579827361329,81.06579827361328,0.8106579827361329,81.06579827361328,0.7364025297435812,0.7255273716040861,-0.7083873695968178,0.01713764196863169,0.001105974477290773,0.7085203046408425,0.4260355029585799,3.430009102974104,0.9667596968903526,0.2280997291113652,0.9999999999999999,COLLAPSED,mmmu,Naive Confidence (NC),43
0.5226167776238353,52.26167776238353,0.5226167776238353,52.26167776238353,0.5226167776238253,0.2917449069475142,-0.2746049049402459,0.01713764196863169,4.0735810070585625e-05,0.27394645126309775,0.4260355029585799,0.7772950953193825,0.9667596968903526,0.03396347866658897,0.9999999999999999,COLLAPSED,mmmu,Temperature Scaling (TS),43
0.008103260412709203,0.8103260412709203,0.030152469771682452,3.0152469771682453,0.02134925582939008,0.01791282705640082,-0.0007728250491325257,0.01713764196863169,9.108338218101385e-06,0.0004023363186925139,0.4260355029585799,0.10477547538888772,0.016683731077803708,0.021847246889985707,0.9999999999999999,COLLAPSED,mmmu,Platt Scaling (1D),43
0.007513617610039154,0.7513617610039154,0.02819075999577595,2.819075999577595,0.01692825647983757,0.017664449572798367,-0.0005244475655300715,0.01713764196863169,5.400328339963071e-06,0.0003053672010423371,0.42011834319526625,0.0982792291250245,0.01721259616506483,0.017627018745762318,0.9863898892277068,COLLAPSED,mmmu,Quadratic Platt (Logit-Only),43
0.008612885829134855,0.8612885829134855,0.030004870835999568,3.000487083599957,0.021401128309685515,0.017939736750613333,-0.0007997347433450382,0.01713764196863169,9.108338218101385e-06,0.00043430383421507384,0.4260355029585799,0.10521019479853093,0.016683731077803708,0.022317409687938605,0.9999999999999999,COLLAPSED,mmmu,Beta Calibration,43
0.0023673294229994597,0.23673294229994596,0.03284474334318035,3.284474334318035,0.023151603266787942,0.017788539577171598,-0.0006485375699033027,0.01713764196863169,0.0,5.604248596998955e-06,0.4191321499013806,0.10133255823767846,0.021334783387201614,0.01713933692668473,0.976306064039919,COLLAPSED,mmmu,Spline Calibration,43
0.5224468646412029,52.24468646412029,0.522446864641203,52.244686464120306,0.5224468646411907,0.291556592039457,-0.2744165900321887,0.01713764196863169,4.0735810070585625e-05,0.27376197080831094,0.4260355029585799,0.7769098502233086,0.9667596968903526,0.03382540431806647,0.999995283274728,COLLAPSED,mmmu,Adaptive TS (ATS),43
0.00212337791449322,0.212337791449322,0.029225729856110157,2.9225729856110156,0.00830630890061712,0.017143350097096235,-3.3480898279404647e-06,0.01713764196863169,0.0,4.508733767757576e-06,0.40236686390532544,0.08760048182187015,0.020250909772563826,0.004340041595529839,-0.16022479912646245,COLLAPSED,mmmu,Probability Margin (1D),43
0.0015422352228863685,0.15422352228863684,0.027489153630808612,2.748915363080861,0.004585282228780024,0.017042696477544698,9.730552972359724e-05,0.01713764196863169,0.0,2.378489482711367e-06,0.6913214990138067,0.08520945645039561,0.007069511007666276,0.006024639939823229,0.3691599879624699,COLLAPSED,mmmu,MSSC (Multi-Scale Proxy),43
0.0015386022379199442,0.15386022379199443,0.028690307435260246,2.8690307435260247,0.008170575943110946,0.017139385441158336,6.165661099594155e-07,0.01713764196863169,0.0,2.3672968465322607e-06,0.48126232741617353,0.08795743294176984,0.013762373072393178,4.2009875232843195e-05,0.6465262497553197,COLLAPSED,mmmu,MSE-EIGEN (Multi-Scale),43
0.008178012222400985,0.8178012222400985,0.03020243662791432,3.020243662791432,0.02146871093570688,0.017928960440560072,-0.0007889584332917768,0.01713764196863169,9.108338218101385e-06,0.00041526144458595864,0.4260355029585799,0.10497138831357251,0.016683731077803708,0.02215093656279398,0.9999080238571963,COLLAPSED,mmmu,Residual Calibrator,43
0.012404911202292312,1.2404911202292312,0.03180780603354378,3.180780603354378,0.024160475290282406,0.018339017661386334,-0.0011990156541180387,0.01713764196863169,1.6797340296694952e-05,0.0008973873970987198,0.4477317554240631,0.10650522798377145,0.014805379931942524,0.028960723801433816,0.9578065340795191,COLLAPSED,mmmu,Trajectory LR,43
0.008959743762599085,0.8959743762599085,0.03346710110304951,3.3467101103049512,0.018597535030098283,0.018015901228653958,-0.0008758992213856627,0.01713764196863169,2.4873210404400134e-05,0.0006421415949832593,0.49309664694280075,0.09985213115299377,0.015508273574723782,0.02573089466639,0.8366574454687599,COLLAPSED,mmmu,Trajectory LR (No Bias),43
0.011772146633606902,1.1772146633606901,0.03183414335369382,3.183414335369382,0.023894539543774074,0.018259821986163237,-0.0011198199788949419,0.01713764196863169,1.6797340296694952e-05,0.000824923989864605,0.4516765285996055,0.10471325070007607,0.014542278701985248,0.02780668746364475,0.9516700745006755,COLLAPSED,mmmu,Trajectory Platt (5D),43
0.014468107773821029,1.4468107773821028,0.03111782579454421,3.111782579454421,0.023636929198095912,0.01851881948750227,-0.001378817480233975,0.01713764196863169,1.6797340296694952e-05,0.0010810739417695266,0.3984220907297831,0.12507515234070526,0.027589009919786436,0.0317079333691042,0.7541689955497696,COLLAPSED,mmmu,Trajectory Platt (17D),43
0.009612342367532244,0.9612342367532244,0.03062114966221395,3.062114966221395,0.022057123158580685,0.018071068265952363,-0.0009310662586840684,0.01713764196863169,1.0995849270527214e-05,0.0005856649472014213,0.4260355029585799,0.10593207287551883,0.016683731077803708,0.024826624990964385,0.9990377880445165,COLLAPSED,mmmu,VCPS-5D (Our Method),43
0.010504825395520535,1.0504825395520536,0.030574096986205303,3.05740969862053,0.02191783440042291,0.01807293854064682,-0.0009329365333785242,0.01713764196863169,1.290623924480063e-05,0.0006219000193458526,0.4280078895463511,0.1059078163083236,0.016629898175133596,0.024922824495551294,0.9984411222976111,COLLAPSED,mmmu,VCPS-17D (Our Method),43
0.8214202553553638,82.14202553553638,0.8214202553553638,82.14202553553638,0.7566049577889415,0.7349723721141659,-0.7178323701068976,0.01713764196863169,0.00022432272973105856,0.7180734599191804,0.8500986193293886,3.342650448090587,0.9297272922481237,0.22023022194357902,0.9999999999999999,COLLAPSED,mmmu,Naive Confidence (NC),44
0.5229255008017006,52.29255008017007,0.5229255008017006,52.29255008017007,0.5234266293636932,0.28967657747913056,-0.2725365754718623,0.01713764196863169,0.0030826401229321733,0.2754708400718405,0.8500986193293886,0.773099957171421,0.9297272922481237,0.03406779485706125,0.9999999999999999,COLLAPSED,mmmu,Temperature Scaling (TS),44
0.010915090754231055,1.0915090754231054,0.021445956627660287,2.1445956627660285,0.02051198992385278,0.015982252669005867,0.0011577493382624246,0.01713764196863169,0.005649830256667556,0.004871447319361291,0.8500986193293886,0.06944763137047734,0.0034847977759055234,0.03220665003865647,0.9999999999999999,VALID,mmmu,Platt Scaling (1D),44
0.01067186823145683,1.0671868231456831,0.016330538669636362,1.6330538669636363,0.02831036290963401,0.018708183359341296,-0.0015681813520730045,0.01713764196863169,0.005648162455896365,0.007432542744560056,0.7613412228796844,0.08026902623985864,0.007039325519547353,0.0753477945134053,0.3269940545677946,COLLAPSED,mmmu,Quadratic Platt (Logit-Only),44
0.010682877443788978,1.0682877443788978,0.020649247614458136,2.0649247614458135,0.021113675764638403,0.016012097122186646,0.0011279048850816459,0.01713764196863169,0.005649830256667556,0.004913990454366543,0.8500986193293886,0.06925340562979523,0.0034847977759055234,0.03545910978610515,0.9999999999999999,VALID,mmmu,Beta Calibration,44
0.0014733263333006896,0.14733263333006896,0.028958279388653054,2.895827938865305,0.010220863267413982,0.016722301819680072,0.0004177001875882193,0.01713764196863169,0.0,2.1706904843972547e-06,0.8500986193293886,0.07935628761073275,0.0034847977759055234,0.010263337329605701,0.9816390279792059,COLLAPSED,mmmu,Spline Calibration,44
0.5227611908525566,52.27611908525566,0.5227611908525566,52.27611908525566,0.5233147715847012,0.28950384088122816,-0.2723638388739599,0.01713764196863169,0.0030826401229321733,0.27529957566223306,0.8500986193293886,0.772746624311027,0.9296818707364957,0.03392924795852878,0.9999929249120918,COLLAPSED,mmmu,Adaptive TS (ATS),44
0.001287369771739013,0.1287369771739013,0.030900217250478826,3.0900217250478828,0.007664009756224941,0.017124119380530847,1.5882626737444977e-05,0.01713764196863169,0.0,1.6573209291873584e-06,0.4556213017751479,0.08676496640424723,0.01576366959469051,0.005554236469800069,-0.1898128686110927,COLLAPSED,mmmu,Probability Margin (1D),44
0.0021373614768411577,0.21373614768411575,0.03210944721695202,3.210944721695202,0.005256703376454552,0.01705988527638596,8.011673088233195e-05,0.01713764196863169,0.0,4.568314082684614e-06,0.6686390532544378,0.08564560360723854,0.009910623637654138,0.006296425149950735,0.17635632417475997,COLLAPSED,mmmu,MSSC (Multi-Scale Proxy),44
0.0015430307803912038,0.15430307803912038,0.03134419577127347,3.1344195771273466,0.008167810227761243,0.01713931096330197,6.910439663207479e-07,0.01713764196863169,0.0,2.3809439892346876e-06,0.777120315581854,0.08795544009371076,0.005988881363432219,4.118860415052475e-05,0.6272230515797491,COLLAPSED,mmmu,MSE-EIGEN (Multi-Scale),44
0.010922657082108558,1.0922657082108558,0.021323221852855248,2.132322185285525,0.020730452085601987,0.01597504858299148,0.0011649534242768114,0.01713764196863169,0.005649830256667556,0.00487016712230876,0.8500986193293886,0.0693528723287244,0.0034847977759055234,0.03276771985680455,0.9998750067802925,VALID,mmmu,Residual Calibrator,44
0.011090726902236132,1.1090726902236132,0.02136025191808841,2.1360251918088413,0.02353951793823794,0.015774481754121425,0.0013655202531468666,0.01713764196863169,0.005649830256667556,0.004710531415234671,0.8126232741617356,0.06986942689665646,0.004739667733077021,0.0330880739440216,0.9284001103713714,VALID,mmmu,Trajectory LR,44
0.0106772860369835,1.06772860369835,0.02422523431713855,2.422523431713855,0.016762741477671785,0.016856082378600767,0.0002839196286675248,0.01713764196863169,0.0008057180785682676,0.0008467245869044961,0.9132149901380671,0.07413007637782572,0.0018293431415639376,0.02782408497975195,0.6168745563330291,COLLAPSED,mmmu,Trajectory LR (No Bias),44
0.011269098223555226,1.1269098223555227,0.022102338456830312,2.2102338456830313,0.022823046858571106,0.015781331572994408,0.0013586704342738835,0.01713764196863169,0.005649830256667556,0.004700772454666058,0.8145956607495068,0.07028097323947677,0.004667890529516871,0.030472693424484637,0.9143725694125082,VALID,mmmu,Trajectory Platt (5D),44
0.011193606317456849,1.119360631745685,0.020520719577647003,2.0520719577647,0.02320901262679851,0.015809791046842606,0.0013302109604256852,0.01713764196863169,0.0056515387355063375,0.004776739532245187,0.8185404339250493,0.06977016049115549,0.0044600148581610405,0.03551299201603857,0.7195600238666299,VALID,mmmu,Trajectory Platt (17D),44
0.01079424997508414,1.079424997508414,0.021148273225220626,2.1148273225220624,0.02098630317996039,0.015879764188499443,0.0012602378187688487,0.01713764196863169,0.005649830256667556,0.0047816578164317745,0.8520710059171597,0.06899701569291856,0.003449561694157814,0.033000509923441536,0.9994292762420907,VALID,mmmu,VCPS-5D (Our Method),44
0.01073611234650292,1.073611234650292,0.02100658929769689,2.100658929769689,0.021040286343059624,0.015873854351877072,0.0012661476553912192,0.01713764196863169,0.005649830256667556,0.00478010775416567,0.8500986193293886,0.06890073642527418,0.0034847977759055234,0.03332908676851897,0.9983019789020877,VALID,mmmu,VCPS-17D (Our Method),44
0.7842554484688959,78.4255448468896,0.784255448468896,78.42554484688961,0.7134592411014434,0.6870479964504018,-0.6699079944431335,0.01713764196863169,0.0005475932936722553,0.6702757210731126,0.680473372781065,3.14760769137759,0.9218962366944338,0.23792147882613568,0.9999999999999999,COLLAPSED,mmmu,Naive Confidence (NC),45
0.5194181180362509,51.94181180362509,0.5194181180362508,51.94181180362508,0.5217878250665524,0.28672162465960593,-0.26958162265233765,0.01713764196863169,0.0009980736713849675,0.27081824530484006,0.680473372781065,0.7671016224384251,0.9218962366944338,0.03498490474602763,0.9999999999999999,COLLAPSED,mmmu,Temperature Scaling (TS),45
0.007986111846696235,0.7986111846696234,0.020048818584625212,2.004881858462521,0.01580942058926461,0.015527062868883392,0.0016129391383849032,0.01713764196863169,0.005647343358476195,0.003980342029840093,0.680473372781065,0.07650764048862832,0.011017498081424557,0.019799200966152418,0.9999999999999999,COLLAPSED,mmmu,Platt Scaling (1D),45
0.006571344258899099,0.6571344258899099,0.02095599533969651,2.0955995339696507,0.011947841906962409,0.014956015602921051,0.002183986404347244,0.01713764196863169,0.005647343358476195,0.003477178375202162,0.6351084812623273,0.07177673138553013,0.019169416616676004,0.019233061025393666,0.9108845510738803,COLLAPSED,mmmu,Quadratic Platt (Logit-Only),45
0.00771501360614644,0.771501360614644,0.019769770298516894,1.9769770298516893,0.015348167630825192,0.015417479079602494,0.0017225229276658007,0.01713764196863169,0.005647343358476195,0.003877896310488828,0.680473372781065,0.07564536640674004,0.011017498081424557,0.020336898646077524,0.9999999999999999,VALID,mmmu,Beta Calibration,45
0.0008008527318821186,0.08008527318821186,0.024590995121595953,2.4590995121595953,0.008203561296888899,0.016886470198774314,0.0002535318084939814,0.01713764196863169,0.0,6.413650981630526e-07,0.6518737672583826,0.08372284126371646,0.011211296531036962,0.012286664478664146,0.9967780027313111,COLLAPSED,mmmu,Spline Calibration,45
0.5192650530416446,51.92650530416446,0.5192650530416447,51.92650530416447,0.5216287954342775,0.28655847233398807,-0.2694184703267198,0.01713764196863169,0.0009980736713849675,0.27065526571980775,0.680473372781065,0.7667686073793026,0.9218962366944338,0.03484307550311909,0.9999976416373639,COLLAPSED,mmmu,Adaptive TS (ATS),45
0.0014012787309413584,0.14012787309413582,0.028092061486471535,2.8092061486471533,0.006518604976334097,0.017094823362907092,4.517864436120317e-05,0.01713764196863169,0.0,1.963582081788624e-06,0.6232741617357002,0.08625987908182671,0.009309413285285159,0.004704328944777025,-0.22196686380628478,COLLAPSED,mmmu,Probability Margin (1D),45
0.0019322500592195146,0.19322500592195146,0.027189561968292374,2.7189561968292373,0.0027069659159792456,0.01696716535324547,0.0001728366540228246,0.01713764196863169,0.0,3.7335902913538177e-06,0.7928994082840236,0.08341447401572795,0.005680567622675181,0.005007676342648058,0.2377855978068995,COLLAPSED,mmmu,MSSC (Multi-Scale Proxy),45
0.0015408230592093806,0.15408230592093808,0.02891277636653479,2.891277636653479,0.008169855583275962,0.01713936508041739,6.369268509033577e-07,0.01713764196863169,0.0,2.3741356997913544e-06,0.7278106508875739,0.08795689258489783,0.00750149855988218,4.0083492166714666e-05,0.6950330524523433,COLLAPSED,mmmu,MSE-EIGEN (Multi-Scale),45
0.00794527814483366,0.7945278144833661,0.019983956101033776,1.9983956101033775,0.015806212092402818,0.015507385086373037,0.0016326169208952575,0.01713764196863169,0.005647343358476195,0.003960671782521323,0.680473372781065,0.07646218116379902,0.011017498081424557,0.01997514519454847,0.9999363242088282,COLLAPSED,mmmu,Residual Calibrator,45
0.007689719215023902,0.7689719215023901,0.01896366124449764,1.896366124449764,0.015489645768229473,0.015520476973153301,0.001619525034114994,0.01713764196863169,0.005647343358476195,0.0040200634637779994,0.7317554240631163,0.07545123030199806,0.007932707625848582,0.01962303117524814,0.9711643000497613,COLLAPSED,mmmu,Trajectory LR,45
0.004350580027540501,0.4350580027540501,0.02226000834350588,2.226000834350588,0.012366671631592113,0.016993315111599103,0.00014668689566919163,0.01713764196863169,0.0004844500407928823,4.343760351736573e-05,0.6193293885601577,0.08718727125272063,0.013496883618024836,0.02027328512690403,0.7716821964846245,COLLAPSED,mmmu,Trajectory LR (No Bias),45
0.008043176433623789,0.8043176433623789,0.019451715029115507,1.9451715029115506,0.015483542846119261,0.015623896285192207,0.0015161057220760884,0.01713764196863169,0.005647343358476195,0.0041348324526476925,0.7396449704142012,0.07533244281114596,0.0075531132928761974,0.018664621722234757,0.9664617249535992,COLLAPSED,mmmu,Trajectory Platt (5D),45
0.007647088902674938,0.7647088902674938,0.019008654572337757,1.9008654572337758,0.016589043265236546,0.015540678324218899,0.0015993236830493963,0.01713764196863169,0.005648162455896366,0.004018278168956831,0.6863905325443785,0.08094646796947579,0.011565182173025209,0.02021896291655168,0.8348462229643202,VALID,mmmu,Trajectory Platt (17D),45
0.007864931504653897,0.7864931504653897,0.019908554637506324,1.9908554637506324,0.015717957065258244,0.015422657113687975,0.00171734489358032,0.01713764196863169,0.005647343358476195,0.0038827411857630524,0.6824457593688362,0.0760950694952527,0.01097821461190853,0.020385071870505107,0.9998184060770289,VALID,mmmu,VCPS-5D (Our Method),45
0.007811338519024746,0.7811338519024746,0.019885864360841613,1.9885864360841614,0.015687702675552518,0.015407604526658967,0.0017323974806093285,0.01713764196863169,0.005647343358476195,0.0038693805789348197,0.6824457593688363,0.0760587469594989,0.011132993239451322,0.020501767428142945,0.99952361074753,VALID,mmmu,VCPS-17D (Our Method),45
0.8129220212441545,81.29220212441545,0.8129220212441544,81.29220212441544,0.7490061994635852,0.7190660445521269,-0.7019260425448586,0.01713764196863169,0.0002465770971506647,0.7023990820330055,0.9881656804733728,3.2733009593952254,0.9021825862617507,0.21679327427496511,0.9999999999999999,COLLAPSED,mmmu,Naive Confidence (NC),46
0.5265405822848386,52.654058228483855,0.5227250975170691,52.272509751706906,0.5272949236579914,0.28814815653430653,-0.27100815452703825,0.01713764196863169,0.00640790388627057,0.2779521150583714,0.9881656804733728,0.7699034373579059,0.9021825862617507,0.03496945855969721,0.9999999999999999,COLLAPSED,mmmu,Temperature Scaling (TS),46
0.019139917173232435,1.9139917173232435,0.026734864251702975,2.6734864251702977,0.02408350006551644,0.014086036271328968,0.003053965735939324,0.01713764196863169,0.0074823263540137516,0.004908797444292545,0.9881656804733728,0.057167658876830625,0.00041313923214296347,0.020086672894918646,0.9999999999999999,VALID,mmmu,Platt Scaling (1D),46
0.018074207420403266,1.8074207420403265,0.024390420054037142,2.439042005403714,0.020313746714879854,0.01164568881946958,0.005494313187798711,0.01713764196863169,0.011358295346261814,0.006035718676498734,0.9881656804733728,0.05057002788962938,0.00041313923214296347,0.03486262679782994,0.867952917648335,VALID,mmmu,Quadratic Platt (Logit-Only),46
0.018571733124598137,1.8571733124598138,0.026073542053677817,2.607354205367782,0.024136495661470452,0.013767663372687105,0.003372338634581187,0.01713764196863169,0.0074823263540137516,0.004639947500788935,0.9881656804733728,0.055699877455164165,0.00041313923214296347,0.021776699800479464,0.9999999999999999,VALID,mmmu,Beta Calibration,46
0.0019488299084167993,0.19488299084167993,0.03220297222767406,3.220297222767406,0.010398230570526319,0.016641623667858107,0.0004983783394101847,0.01713764196863169,0.0,3.79793801193983e-06,0.9881656804733728,0.0768159446440683,0.00041313923214296347,0.009503981076963245,0.97512593523456,COLLAPSED,mmmu,Spline Calibration,46
0.5263868804990504,52.638688049905035,0.5225635679790245,52.25635679790245,0.5271157163684422,0.28798310336138433,-0.27084310135411604,0.01713764196863169,0.00640790388627057,0.27778583176787097,0.9881656804733728,0.7695672105658693,0.9021825862617507,0.034826061114743435,0.9999929249120918,COLLAPSED,mmmu,Adaptive TS (ATS),46
0.0007176251738234551,0.07176251738234551,0.03020699793980706,3.020699793980706,0.006669992514579586,0.0170987893664841,4.121264078419187e-05,0.01713764196863169,0.0,5.149858901051442e-07,0.5838264299802761,0.08606430239146276,0.009610004797045641,0.005575221644771911,-0.05403901134270051,COLLAPSED,mmmu,Probability Margin (1D),46
0.0012375066496409272,0.12375066496409272,0.02776021903291706,2.776021903291706,0.005284014753559314,0.017060221388100625,7.978061916766657e-05,0.01713764196863169,0.0,1.5314227079055125e-06,0.6153846153846153,0.08593595408004491,0.014005616387340807,0.006311010870641459,0.21392790406900866,COLLAPSED,mmmu,MSSC (Multi-Scale Proxy),46
0.0015430070006177896,0.15430070006177896,0.031564603931887425,3.1564603931887425,0.00816621299975467,0.017139269913395507,7.320938727843618e-07,0.01713764196863169,0.0,2.380870603955507e-06,0.9329388560157791,0.08795434724127107,0.0014886505156038487,3.7262821242576164e-05,0.6079693790195343,COLLAPSED,mmmu,MSE-EIGEN (Multi-Scale),46
0.01908021712068212,1.9080217120682121,0.026647455395894394,2.6647455395894393,0.024205630056897146,0.014047277611156025,0.003092724396112266,0.01713764196863169,0.0074823263540137516,0.004883414256815143,0.9881656804733728,0.056923473143855735,0.00041313923214296347,0.020325482369408537,0.999783030637489,VALID,mmmu,Residual Calibrator,46
0.019201797364408992,1.9201797364408992,0.026575462081333767,2.6575462081333767,0.028217920237626204,0.014989121653118869,0.0021508803541494224,0.01713764196863169,0.005544341857889722,0.0037890515763260376,0.9881656804733727,0.06011527026009605,0.000411054032539906,0.017837640996582894,0.8491308254505061,COLLAPSED,mmmu,Trajectory LR,46
0.013094950782986729,1.309495078298673,0.025474888398361484,2.5474888398361486,0.01589732955654583,0.016051412585893477,0.0010885894213748144,0.01713764196863169,0.00564573390389621,0.0049242850434042815,0.9467455621301776,0.07000021729398563,0.001180885286614868,0.0151500561633047,0.5564556639616246,COLLAPSED,mmmu,Trajectory LR (No Bias),46
0.01953488768641512,1.9534887686415119,0.026976776964485992,2.6976776964485993,0.028368374018871184,0.015166299274305291,0.001973702732963,0.01713764196863169,0.005544341857889722,0.003914454689125692,0.9881656804733727,0.06139626195352549,0.000411054032539906,0.017004309304015443,0.8309502078896662,COLLAPSED,mmmu,Trajectory Platt (5D),46
0.01883143136407408,1.8831431364074078,0.026125499953534102,2.6125499953534104,0.02880659881714224,0.014969859360962956,0.0021701426463053355,0.01713764196863169,0.0074823263540137516,0.005377299587714407,0.9881656804733727,0.0598381352214473,0.000411054032539906,0.01909432370585252,0.6777604045063592,COLLAPSED,mmmu,Trajectory Platt (17D),46
0.01888329351883984,1.888329351883984,0.026486902725140104,2.6486902725140102,0.025003809656684525,0.014092159900920134,0.003047842106348158,0.01713764196863169,0.0074823263540137516,0.004968130796426105,0.9881656804733728,0.056752321021035744,0.00041313923214296347,0.020018929404817264,0.9989410951764408,VALID,mmmu,VCPS-5D (Our Method),46
0.018794016931496186,1.8794016931496187,0.02637120111249749,2.637120111249749,0.025035186403483945,0.014058392928386461,0.0030816090788818307,0.01713764196863169,0.0074823263540137516,0.004940198548476805,0.9881656804733728,0.0565471780991291,0.00041313923214296347,0.020214418728675094,0.9980543508253089,VALID,mmmu,VCPS-17D (Our Method),46
0.7954758666455746,79.54758666455746,0.7954758666455746,79.54758666455746,0.7191430947010209,0.7046405053894134,-0.6875005033821451,0.01713764196863169,0.0005918388511856646,0.6879169179352896,0.7238658777120315,3.389248292390715,0.9123316010415731,0.23684726022389138,0.9999999999999999,COLLAPSED,mmmu,Naive Confidence (NC),47
0.5268124546900226,52.681245469002256,0.5229969699222533,52.29969699222533,0.5249616504973864,0.289952997932856,-0.2728129959255877,0.01713764196863169,0.006227507027488999,0.2788804238788437,0.7238658777120315,0.7736534157939698,0.9123316010415731,0.037383431927529055,0.9999999999999999,COLLAPSED,mmmu,Temperature Scaling (TS),47
0.016727324432528952,1.6727324432528952,0.02370068228302962,2.370068228302962,0.028384153877518876,0.014021538248325553,0.003118463758942742,0.01713764196863169,0.006514178175854229,0.0034181178372464953,0.7238658777120315,0.06932269682974644,0.010209217347934106,0.029479500673083258,0.9999999999999999,VALID,mmmu,Platt Scaling (1D),47
0.01655200994574818,1.655200994574818,0.021493873388115436,2.1493873388115436,0.026180753664562115,0.012446769457187515,0.00469323255008078,0.01713764196863169,0.006998247180175542,0.0024602711662581904,0.7238658777120315,0.06191405901472809,0.010175415292769153,0.042113415555586044,0.9993514502751031,VALID,mmmu,Quadratic Platt (Logit-Only),47
0.016321062797576346,1.6321062797576347,0.023091966562826548,2.309196656282655,0.028281830170863068,0.013786313413202557,0.003353688594065738,0.01713764196863169,0.006514178175854229,0.0032206074386887306,0.7238658777120315,0.06811234605139296,0.010209217347934106,0.03130739821639453,0.9999999999999999,VALID,mmmu,Beta Calibration,47
0.002404209214195256,0.24042092141952562,0.030706773964905874,3.0706773964905874,0.009038709320986667,0.016924852839524645,0.00021514916774365012,0.01713764196863169,0.0,5.780221945621371e-06,0.7297830374753451,0.084572787679393,0.010603496952317961,0.013841292546087843,0.9700021386921708,COLLAPSED,mmmu,Spline Calibration,47
0.5266519788277121,52.66519788277121,0.5228286663076864,52.282866630768645,0.5248232416507025,0.2897738357377672,-0.27263383373049893,0.01713764196863169,0.006227507027488999,0.27870292361219956,0.7238658777120315,0.7732871228712208,0.9123388291999638,0.0372320090940704,0.999995283274728,COLLAPSED,mmmu,Adaptive TS (ATS),47
0.0015142901516951648,0.15142901516951648,0.031015191019554352,3.1015191019554353,0.006599383384009778,0.01709610890670076,4.389310056753665e-05,0.01713764196863169,0.0,2.2930746635209653e-06,0.7337278106508875,0.08629764851179256,0.005815385911816907,0.004727222848688133,-0.047173426757309296,COLLAPSED,mmmu,Probability Margin (1D),47
0.001716765161705238,0.17167651617052382,0.027909471208715324,2.7909471208715324,0.005803461397522949,0.017072904802975634,6.709720429266125e-05,0.01713764196863169,0.0,2.947282620444812e-06,0.5927021696252465,0.08631698238498815,0.011647776225420771,0.006369248786480275,0.2796256485388315,COLLAPSED,mmmu,MSSC (Multi-Scale Proxy),47
0.0015397240103477393,0.15397240103477394,0.031342839048731815,3.1342839048731816,0.008168717900521205,0.017139336944826986,6.650624413094552e-07,0.01713764196863169,0.0,2.3707500280413253e-06,0.7751479289940828,0.08795613336860587,0.006625018371987364,4.165452538505891e-05,0.654495157102327,COLLAPSED,mmmu,MSE-EIGEN (Multi-Scale),47
0.01668549551162439,1.668549551162439,0.023619801994706095,2.3619801994706093,0.02839221211273138,0.014000148340974121,0.003139853666294174,0.01713764196863169,0.006514178175854229,0.0034016693368279305,0.7238658777120315,0.06924596498387957,0.010209217347934106,0.02977479693787966,0.9998089726264848,VALID,mmmu,Residual Calibrator,47
0.015465723055680957,1.5465723055680958,0.02387024152243448,2.3870241522434483,0.026713952432656184,0.015459577518946955,0.0016804244883213398,0.01713764196863169,0.003607201431668184,0.0017603304268028975,0.7889546351084813,0.07120086380436283,0.005889125373695712,0.023246030134969658,0.9073540822078047,VALID,mmmu,Trajectory LR,47
0.015548911281108673,1.5548911281108673,0.027675663976512572,2.7675663976512572,0.027720165542478824,0.015602814250704724,0.001537187756563571,0.01713764196863169,0.0031678652191269928,0.0015278567871991455,0.7297830374753451,0.07635559584795187,0.009269016759524469,0.026341086392869917,0.7682814375635284,VALID,mmmu,Trajectory LR (No Bias),47
0.01847771908966066,1.847771908966066,0.02437616288215247,2.437616288215247,0.02695544616282172,0.015641952188453465,0.0014980498188148297,0.01713764196863169,0.003606986577511185,0.002261865150253473,0.7948717948717948,0.07175245509466659,0.005624814305844206,0.021943522490853608,0.8966023069503305,VALID,mmmu,Trajectory Platt (5D),47
0.016120373113299034,1.6120373113299034,0.02376586419346273,2.376586419346273,0.02833132626728554,0.015651076960501067,0.0014889250467672276,0.01713764196863169,0.0026384266740104917,0.0013633140000790282,0.7337278106508875,0.07673216057540166,0.009199193437132516,0.024050123424717854,0.7335097388585052,VALID,mmmu,Trajectory Platt (17D),47
0.017462868749631565,1.7462868749631564,0.02359480167721831,2.359480167721831,0.028262824613558984,0.014269671483247362,0.0028703305240209333,0.01713764196863169,0.006707761771309635,0.003831048432392942,0.7238658777120315,0.06972527743939252,0.010209217347934106,0.028043261021809998,0.9988844944731772,VALID,mmmu,VCPS-5D (Our Method),47
0.017351749178262776,1.7351749178262776,0.023455631176873222,2.3455631176873224,0.028292965499154457,0.014240268197993922,0.002899733809274373,0.01713764196863169,0.006707761771309635,0.003804170772830002,0.7238658777120315,0.0696321929101961,0.010209217347934106,0.02825941967215774,0.9982783952757278,VALID,mmmu,VCPS-17D (Our Method),47
0.777454574440801,77.7454574440801,0.7774545744408009,77.74545744408009,0.7000612713027659,0.6784494216448396,-0.6613094196375713,0.01713764196863169,0.000277176852352623,0.6614906837872288,0.7928994082840237,3.3142168457776386,0.9139206098588799,0.2525696435767457,0.9999999999999999,COLLAPSED,mmmu,Naive Confidence (NC),48
0.5214183897779382,52.14183897779382,0.5214183897779382,52.14183897779382,0.5217385056362801,0.28869728052384325,-0.27155727851657496,0.01713764196863169,0.0006288851497973545,0.2721501131161852,0.7928994082840237,0.7712051351368387,0.9139206098588799,0.03784822362630377,0.9999999999999999,COLLAPSED,mmmu,Temperature Scaling (TS),48
0.01073071926887215,1.073071926887215,0.019727687454371506,1.9727687454371505,0.01670031409111311,0.01579937524568166,0.0013406267615866385,0.01713764196863169,0.005650679318878344,0.004215511896408025,0.7928994082840237,0.07381910079785148,0.004559378865498252,0.023910151584010875,0.9999999999999999,VALID,mmmu,Platt Scaling (1D),48
0.008655638959165615,0.8655638959165615,0.020786803322571847,2.0786803322571847,0.015704028825516733,0.015049541101695763,0.002090460905572536,0.01713764196863169,0.005648162455896366,0.003462881203225629,0.7712031558185404,0.07434918313904952,0.005199554424865856,0.024084850984419284,0.6378828506944199,VALID,mmmu,Quadratic Platt (Logit-Only),48
0.0073890384846064805,0.738903848460648,0.019747555814331033,1.9747555814331033,0.01707477376393526,0.01570640122814789,0.0014336007791204072,0.01713764196863169,0.0017755697432582762,0.000728835984323323,0.7928994082840237,0.07392036369301261,0.004559378865498252,0.025066464727801285,0.9999999999999999,VALID,mmmu,Beta Calibration,48
0.002758531035298089,0.2758531035298089,0.02577437082307094,2.577437082307094,0.005837645784518206,0.016960663124798842,0.00017933888246945626,0.01713764196863169,0.0,7.609493472702747e-06,0.7928994082840237,0.08330135492448834,0.004559378865498252,0.013817424007093114,0.8861525632011238,COLLAPSED,mmmu,Spline Calibration,48
0.5212575997995078,52.12575997995078,0.5212575997995078,52.12575997995078,0.5215682096770006,0.28852482933061246,-0.2713848273233442,0.01713764196863169,0.0006288851497973545,0.2719790136666577,0.7928994082840237,0.7708514661086985,0.9139576414097611,0.03769039972084403,0.9999999999999999,COLLAPSED,mmmu,Adaptive TS (ATS),48
0.0015581217479571571,0.1558121747957157,0.028169434473284263,2.816943447328426,0.0073299501993799076,0.017117237480324975,2.2764526943323815e-05,0.01713764196863169,0.0,2.427743381457067e-06,0.43392504930966463,0.08675824220959812,0.014841058591558298,0.004962072264372483,-0.28372483251277264,COLLAPSED,mmmu,Probability Margin (1D),48
0.0011373227814128958,0.11373227814128958,0.02849714544008671,2.849714544008671,0.008936143852123319,0.01716883404917636,-2.8832041908059824e-05,0.01713764196863169,0.0,1.2935031091207657e-06,0.5877712031558185,0.08821920782219796,0.00950680998710865,0.0070747946080848565,0.31157519775057785,COLLAPSED,mmmu,MSSC (Multi-Scale Proxy),48
0.001540837603820358,0.1540837603820358,0.029131754348134,2.9131754348134,0.008164249127208341,0.01713922137809847,7.806291698296552e-07,0.01713764196863169,0.0,2.3741805213468626e-06,0.8145956607495068,0.08795304595225052,0.003943098343868254,3.579215680020286e-05,0.6014367145178445,COLLAPSED,mmmu,MSE-EIGEN (Multi-Scale),48
0.010754628077851573,1.0754628077851573,0.019592504992305075,1.9592504992305075,0.016964795402333997,0.015780934416930126,0.0013590675903381727,0.01713764196863169,0.005650679318878344,0.004189528536137293,0.7928994082840237,0.07383719604298933,0.004559378865498252,0.024356261877502516,0.9998325562528446,VALID,mmmu,Residual Calibrator,48
0.007997741932069454,0.7997741932069454,0.022013536184683758,2.2013536184683757,0.02270484373793574,0.016001222472974443,0.0011387795342938552,0.01713764196863169,0.0017782120490399936,0.0008249533663984547,0.7061143984220907,0.07911508905242569,0.007143810264138165,0.028155286431497208,0.912483520941081,VALID,mmmu,Trajectory LR,48
0.005397914406552629,0.539791440655263,0.02695431971393716,2.695431971393716,0.013153519961998197,0.017274504064067667,-0.0001345020567993689,0.01713764196863169,0.00025919009906739547,0.00015482512803122482,0.7238658777120315,0.08419473380207253,0.006500741133458104,0.026867771427520615,0.6951721958478666,COLLAPSED,mmmu,Trajectory LR (No Bias),48
0.00829249856043282,0.829249856043282,0.021864441673536676,2.1864441673536676,0.022517321648879693,0.016077090560425413,0.0010629114468428853,0.01713764196863169,0.0017782120490399936,0.0008652900900810112,0.7001972386587771,0.07938744142850351,0.0073227601599726265,0.026877601492391125,0.8982460857076148,VALID,mmmu,Trajectory Platt (5D),48
0.011843346635815093,1.1843346635815093,0.02354303300417933,2.354303300417933,0.026321095425732445,0.01602399792845953,0.0011160040788087688,0.01713764196863169,0.005654181041288055,0.004242159780554724,0.6607495069033531,0.08250900851099172,0.008602364821983188,0.030899408108497516,0.7094473648835087,VALID,mmmu,Trajectory Platt (17D),48
0.009013058319240284,0.9013058319240285,0.01921029101321042,1.9210291013210419,0.01724305816909037,0.015684185661338078,0.0014558163459302206,0.01713764196863169,0.002744561991320292,0.0015639255164272335,0.7928994082840237,0.07370054780871127,0.004549599654570026,0.02519019101353814,0.9993915424399148,VALID,mmmu,VCPS-5D (Our Method),48
0.010515446008832556,1.0515446008832556,0.019180043500165913,1.9180043500165913,0.017106378589743336,0.015671212347539057,0.0014687896597292416,0.01713764196863169,0.0056515387355063375,0.004108400422494607,0.7948717948717949,0.07356405638734688,0.004495263640660007,0.02532458903011693,0.9989057197369009,VALID,mmmu,VCPS-17D (Our Method),48
0.8128533956789692,81.28533956789693,0.8128533956789693,81.28533956789693,0.7454434754589714,0.7215513423113912,-0.7044113403041229,0.01713764196863169,0.00025842216368045495,0.7039113337379227,0.6252465483234714,3.3771426542516547,0.961635534831288,0.22057008824570148,0.9999999999999999,COLLAPSED,mmmu,Naive Confidence (NC),49
0.5224057346709887,52.24057346709887,0.5224057346709887,52.24057346709887,0.5224057346710005,0.2907884077955822,-0.2736484057883139,0.01713764196863169,0.00031870509155528085,0.27334156130699716,0.6252465483234714,0.7753633581532555,0.961635534831288,0.03361759230705363,0.9999999999999999,COLLAPSED,mmmu,Temperature Scaling (TS),49
0.007786552938697842,0.7786552938697842,0.028030832740075114,2.8030832740075113,0.0160783239533474,0.017637208558335855,-0.0004972065510675597,0.01713764196863169,9.108338218101385e-06,0.00039098370568433304,0.6252465483234714,0.0918074314450328,0.008634891266588075,0.020919527724868704,0.9999999999999999,COLLAPSED,mmmu,Platt Scaling (1D),49
0.007803927637068264,0.7803927637068264,0.027231826043326614,2.7231826043326612,0.013409602274039548,0.017560800305167795,-0.0004207982978995002,0.01713764196863169,5.400328339963071e-06,0.0003233400190617788,0.5621301775147929,0.0937078077537592,0.011238784931040363,0.017169196581683168,0.7310499666291687,COLLAPSED,mmmu,Quadratic Platt (Logit-Only),49
0.008376650312091876,0.8376650312091876,0.028068731069575668,2.8068731069575668,0.01640570905068243,0.017688624924671728,-0.0005486229174034331,0.01713764196863169,9.108338218101385e-06,0.00043160877641819996,0.6252465483234714,0.09281565786666733,0.008634891266588075,0.02160710513428263,0.9999999999999999,COLLAPSED,mmmu,Beta Calibration,49
0.0020752663814704968,0.2075266381470497,0.030373375515520235,3.0373375515520236,0.013922921209828956,0.017456953383411862,-0.000316951376143567,0.01713764196863169,0.0,4.306730554061649e-06,0.5581854043392505,0.09354787051819714,0.008166854463283718,0.015532045172378174,0.8996256893176641,COLLAPSED,mmmu,Spline Calibration,49
0.5222418010442232,52.224180104422324,0.5222418010442232,52.224180104422324,0.5222418010442395,0.29060964463301264,-0.27346964262574436,0.01713764196863169,0.00031870509155528085,0.2731661644005556,0.6252465483234714,0.7749975030907484,0.9617154602122933,0.03347905444813029,0.999995283274728,COLLAPSED,mmmu,Adaptive TS (ATS),49
0.0011713887139564658,0.11713887139564658,0.028188011851861802,2.8188011851861803,0.007425163965761643,0.017118293279319248,2.170872794904702e-05,0.01713764196863169,0.0,1.3721515191845828e-06,0.5088757396449703,0.08662399764779807,0.01434589109725047,0.005501374543658253,-0.18858175146159523,COLLAPSED,mmmu,Probability Margin (1D),49
0.0015418877740198365,0.15418877740198367,0.027483934125343973,2.7483934125343974,0.004618190293644268,0.017044253621637435,9.574838563086024e-05,0.01713764196863169,0.0,2.3774179076718464e-06,0.6923076923076923,0.08520406591315018,0.008841100046468082,0.006191129012082209,0.36505657555804316,COLLAPSED,mmmu,MSSC (Multi-Scale Proxy),49
0.0015421341846670149,0.1542134184667015,0.03134318035929978,3.1343180359299785,0.008168028984623795,0.017139317290425723,6.847168425722083e-07,0.01713764196863169,0.0,2.3781778435185986e-06,0.6035502958579881,0.0879556095120059,0.009910726021604555,4.086043888593356e-05,0.779368100315313,COLLAPSED,mmmu,MSE-EIGEN (Multi-Scale),49
0.00787604699024877,0.787604699024877,0.028057677041647192,2.8057677041647193,0.016261453253413063,0.017654385842819923,-0.0005143838355516281,0.01713764196863169,9.108338218101385e-06,0.00040364226761052885,0.6252465483234714,0.09199984696349095,0.008634891266588075,0.021214270082281658,0.9998702900550206,COLLAPSED,mmmu,Residual Calibrator,49
0.012603881789120737,1.2603881789120737,0.03171527118310794,3.1715271183107943,0.021751732973633767,0.018339137158058506,-0.0011991351507902107,0.01713764196863169,1.6797340296694952e-05,0.0009691344983430582,0.5009861932938856,0.10212033944604113,0.012972953714745585,0.029972212057629746,0.900352103541553,COLLAPSED,mmmu,Trajectory LR,49
0.0070766196580869,0.70766196580869,0.02735429407085125,2.735429407085125,0.013134831623131078,0.017484507655548195,-0.0003445056482799004,0.01713764196863169,1.6797340296694952e-05,0.0004227851849721031,0.6804733727810651,0.08678380707847698,0.007492457161517678,0.021885865281242842,0.7657862898946518,COLLAPSED,mmmu,Trajectory LR (No Bias),49
0.011870310994455333,1.1870310994455333,0.03173246013127852,3.173246013127852,0.02120488180054186,0.018251869353438817,-0.0011118673461705218,0.01713764196863169,1.6797340296694952e-05,0.0008874490304793395,0.5069033530571991,0.10094455880222321,0.012662077983142044,0.028698289064018088,0.889987099756381,COLLAPSED,mmmu,Trajectory Platt (5D),49
0.011737753527149621,1.1737753527149621,0.031706758286481784,3.1706758286481787,0.021719958288296683,0.01836124126348124,-0.0012212392562129457,0.01713764196863169,1.4839926657784695e-05,0.0009654680747291334,0.4635108481262327,0.10201183719766131,0.014639015288616478,0.030277519695260654,0.7106689967289509,COLLAPSED,mmmu,Trajectory Platt (17D),49
0.00917612979114427,0.917612979114427,0.028221157345460934,2.8221157345460934,0.01709010611460165,0.017748857148939264,-0.0006088551416709685,0.01713764196863169,1.0995849270527214e-05,0.0005066364908730911,0.6153846153846154,0.09290728560420898,0.008892531800137873,0.02278333752419566,0.9987665763413776,COLLAPSED,mmmu,VCPS-5D (Our Method),49
0.009215322634539124,0.9215322634539124,0.028253802069844694,2.8253802069844696,0.017139564557632107,0.017757483879431782,-0.0006174818721634869,0.01713764196863169,1.0995849270527214e-05,0.0005144755852013967,0.6173570019723866,0.09291630053158302,0.008822484167747847,0.02297559110671212,0.9981085931659366,COLLAPSED,mmmu,VCPS-17D (Our Method),49
0.794316726628431,79.4316726628431,0.7943167266284308,79.43167266284308,0.7152915954518048,0.7066181188663434,-0.6894781168590751,0.01713764196863169,0.0009121760276783693,0.690368878177861,0.6449704142011834,3.4838240460898766,0.9261049206864977,0.24068384795071707,0.9999999999999999,COLLAPSED,mmmu,Naive Confidence (NC),50
0.5276218031861931,52.762180318619315,0.5238063184184237,52.38063184184237,0.5266420138819,0.29148117255444356,-0.2743411705471753,0.01713764196863169,0.0056533769722316085,0.27981021817149343,0.6449704142011834,0.7767681602346673,0.9261049206864977,0.03774669042669448,0.9999999999999999,COLLAPSED,mmmu,Temperature Scaling (TS),50
0.010451214815548233,1.0451214815548233,0.02109589949936595,2.109589949936595,0.01895596219169637,0.014466896430541203,0.0026731055767270882,0.01713764196863169,0.005649830256667557,0.002839490315806494,0.6449704142011834,0.07759111015892325,0.015419107619302425,0.03129366930213375,0.9999999999999999,VALID,mmmu,Platt Scaling (1D),50
0.007579661565716487,0.7579661565716487,0.021269799095887866,2.1269799095887865,0.016510897024072456,0.012951695344723868,0.004188306662544423,0.01713764196863169,0.005648162455896366,0.001379768321542113,0.6449704142011834,0.07001202950994374,0.015385305564137471,0.043529931384583234,0.9999905665494558,VALID,mmmu,Quadratic Platt (Logit-Only),50
0.010192953010716726,1.0192953010716725,0.021090902927173326,2.1090902927173327,0.018569080660410603,0.014296682161998473,0.002843319845269818,0.01713764196863169,0.005649830256667557,0.0026815584646725068,0.6449704142011834,0.07597363732644982,0.015419107619302425,0.03274490925714047,0.9999999999999999,VALID,mmmu,Beta Calibration,50
0.0031398085480679842,0.31398085480679844,0.02629766295058925,2.629766295058925,0.008351093600029778,0.017006826316604155,0.00013317569066413626,0.01713764196863169,0.0,9.858397718520784e-06,0.6844181459566074,0.08577977905588008,0.009742714091784845,0.014410803700319559,0.9671874764764993,COLLAPSED,mmmu,Spline Calibration,50
0.5274586607110232,52.74586607110232,0.5236353481909973,52.36353481909973,0.526523066673457,0.29129620942064505,-0.27415620741337676,0.01713764196863169,0.0056533769722316085,0.27962687807025915,0.6449704142011834,0.7763895552324714,0.9261049206864977,0.03759430489613785,0.9999976416373639,COLLAPSED,mmmu,Adaptive TS (ATS),50
0.0017122214277174655,0.17122214277174655,0.029208644359199894,2.9208644359199893,0.01004898490872641,0.017185906849782922,-4.590484251463037e-05,0.01713764196863169,0.0,2.931702217534836e-06,0.36291913214990135,0.08853626242285219,0.02133635027453956,0.0056567806352737305,-0.0934282658519778,COLLAPSED,mmmu,Probability Margin (1D),50
0.0014635500066461013,0.14635500066461013,0.029713307324937554,2.9713307324937555,0.012817866483392865,0.017283026961258482,-0.00014302495399019094,0.01713764196863169,0.0,2.141978621953803e-06,0.3431952662721893,0.0924151483656192,0.031098772911368838,0.008181728085620838,0.2412228626479833,COLLAPSED,mmmu,MSSC (Multi-Scale Proxy),50
0.0014664032231243608,0.14664032231243607,0.028890047157891143,2.889004715789114,0.008228584409554696,0.017140923973534086,-9.21966265794022e-07,0.01713764196863169,0.0,2.150338412789514e-06,0.621301775147929,0.08799901532439756,0.02116947387738721,5.4835213276511665e-05,0.7543482311101047,COLLAPSED,mmmu,MSE-EIGEN (Multi-Scale),50
0.010476835935762284,1.0476835935762283,0.02112330780997814,2.112330780997814,0.019072053974222264,0.01446325522645306,0.002676746780815231,0.01713764196863169,0.005649830256667557,0.0028387252428129853,0.6449704142011834,0.07775125900094425,0.015794568412093576,0.031524768836621656,0.999771238824309,VALID,mmmu,Residual Calibrator,50
0.004766489623144517,0.47664896231445175,0.018601513033505962,1.8601513033505963,0.0191871385397617,0.016353741521677692,0.0007862604855905994,0.01713764196863169,0.0006681500311874014,0.00024001903076563847,0.650887573964497,0.08805113938458232,0.02312817413775114,0.021834415422574454,0.8474941217811297,COLLAPSED,mmmu,Trajectory LR,50
0.0060282079318119755,0.6028207931811975,0.0226329887845259,2.26329887845259,0.020660833818609992,0.01655687011894764,0.0005831318883206503,0.01713764196863169,0.0004844500407928823,4.8469381980896085e-05,0.621301775147929,0.10522070100235988,0.028464213686870868,0.02282183171621696,0.6661242432603892,COLLAPSED,mmmu,Trajectory LR (No Bias),50
0.004363665862488127,0.4363665862488127,0.019004851262569754,1.9004851262569753,0.01749931199260291,0.016481215611538792,0.0006587863957294993,0.01713764196863169,0.0006672906145594084,0.00011016755756045799,0.650887573964497,0.08862085487286554,0.02312817413775114,0.02104946155114472,0.8311247267247295,COLLAPSED,mmmu,Trajectory Platt (5D),50
0.005436399315020787,0.5436399315020787,0.01898433782936758,1.898433782936758,0.01850097874655776,0.0164347754765338,0.0007052265307344908,0.01713764196863169,0.0008057180785682676,0.000330981419380438,0.650887573964497,0.11132044386710632,0.02312817413775114,0.02121657738534291,0.7579636010310761,COLLAPSED,mmmu,Trajectory Platt (17D),50
0.010345964817049459,1.0345964817049458,0.019382348290485567,1.9382348290485567,0.01868697059227998,0.014730842403635765,0.002409159603632527,0.01713764196863169,0.0056515387355063375,0.0031815124302255605,0.6548323471400395,0.0778640090281997,0.015222672334556351,0.02916417379512495,0.9990307129566084,VALID,mmmu,VCPS-5D (Our Method),50
0.010408054110813254,1.0408054110813254,0.01947404042306312,1.9474040423063121,0.018773074302203204,0.014716096868759332,0.00242390513850896,0.01713764196863169,0.0056515387355063375,0.0031671259745685047,0.6508875739644969,0.07790966335203812,0.016085181917996162,0.029356906094902907,0.9987736514292856,VALID,mmmu,VCPS-17D (Our Method),50
0.7824507153831248,78.24507153831249,0.7824507153831248,78.24507153831249,0.7097150727713218,0.6846602552373228,-0.6675202532300545,0.01713764196863169,0.0006961235007794355,0.6679535958935633,0.631163708086785,3.249922179810898,0.9250166992067737,0.23860816652757685,0.9999999999999999,COLLAPSED,mmmu,Naive Confidence (NC),51
0.5244266443427722,52.44266443427722,0.5206111595750027,52.06111595750027,0.5231389944799635,0.28826884045964446,-0.2711288384523762,0.01713764196863169,0.005653061431482886,0.27632975211422905,0.631163708086785,0.7703048290928537,0.9250166992067737,0.037324881702354325,0.9999999999999999,COLLAPSED,mmmu,Temperature Scaling (TS),51
0.009069944034277308,0.9069944034277309,0.022646252782424717,2.264625278242472,0.02309618111332598,0.014615174620446248,0.002524827386822047,0.01713764196863169,0.0056515387355063375,0.0028356139126763315,0.631163708086785,0.08073477901702647,0.011135737659455254,0.03495093171568929,0.9999999999999999,VALID,mmmu,Platt Scaling (1D),51
0.006937051885625243,0.6937051885625243,0.023079023273816703,2.30790232738167,0.021189493117269288,0.0130197083487225,0.004120293658545795,0.01713764196863169,0.005649830256667557,0.0013400062343926805,0.631163708086785,0.07370561013851794,0.011101935604290299,0.04970229482013888,0.9989811873412525,VALID,mmmu,Quadratic Platt (Logit-Only),51
0.008836175766268621,0.8836175766268621,0.022838296046177483,2.283829604617748,0.02333960246857992,0.014438651567646687,0.002701350439621608,0.01713764196863169,0.0056515387355063375,0.0026674375672944483,0.631163708086785,0.08016041603816695,0.011135737659455254,0.03715985181351596,0.9999999999999999,VALID,mmmu,Beta Calibration,51
0.0011247775622404803,0.11247775622404803,0.026681883421006074,2.668188342100607,0.010805776621241464,0.017132055004340143,7.94700292815198e-06,0.01713764196863169,0.0,1.2651245645196375e-06,0.5956607495069033,0.08873688061505967,0.015090169962662627,0.014086666982399089,0.9932084365677845,COLLAPSED,mmmu,Spline Calibration,51
0.5242746582065334,52.42746582065334,0.5204513456865076,52.04513456865077,0.5229775202277233,0.2880960711560304,-0.27095606914876214,0.01713764196863169,0.005653061431482886,0.2761598327075537,0.631163708086785,0.7699510333624138,0.9249628663041037,0.03717322539650967,0.999995283274728,COLLAPSED,mmmu,Adaptive TS (ATS),51
0.0018923510097850066,0.18923510097850066,0.028478799828897488,2.847879982889749,0.006947310052144293,0.01710577249213323,3.422951513506328e-05,0.01713764196863169,0.0,3.580992344234334e-06,0.5877712031558185,0.08663440271199334,0.010679238004167183,0.00442110605603931,-0.2678294317880269,COLLAPSED,mmmu,Probability Margin (1D),51
0.0008329361230894304,0.08329361230894304,0.02845588892672724,2.845588892672724,0.010021437436654004,0.017199616811316314,-5.961480404801864e-05,0.01713764196863169,0.0,6.937825851472507e-07,0.5167652859960552,0.08936393556352448,0.014783355906438915,0.007488161164309802,0.29902815047785863,COLLAPSED,mmmu,MSSC (Multi-Scale Proxy),51
0.0015430483455288885,0.15430483455288885,0.028914587971221817,2.8914587971221817,0.008172242337412147,0.017139424258857668,5.777484106267439e-07,0.01713764196863169,0.0,2.38099819663944e-06,0.6785009861932939,0.08795848549328368,0.008608749503565532,3.8436020523160587e-05,0.6681217764130719,COLLAPSED,mmmu,MSE-EIGEN (Multi-Scale),51
0.009085106663338676,0.9085106663338677,0.02270981149325864,2.270981149325864,0.023265769617582168,0.014615043001261051,0.0025249590060072435,0.01713764196863169,0.0056515387355063375,0.00283877668916524,0.6331360946745561,0.08080562261975613,0.010986661928984174,0.03532464875126406,0.9998679316923846,VALID,mmmu,Residual Calibrator,51
0.0062482962901641145,0.6248296290164115,0.021205533111950208,2.120553311195021,0.022650739551664738,0.016560116637510055,0.0005798853697582401,0.01713764196863169,0.0017764397048755697,0.0008066172428617894,0.6331360946745562,0.08559209864143491,0.009384874213965675,0.02660444771513276,0.9019746570351136,COLLAPSED,mmmu,Trajectory LR,51
0.011997440733694386,1.1997440733694387,0.022790041359087007,2.2790041359087008,0.020939990649661393,0.015941399032848375,0.0011986029744199198,0.01713764196863169,0.002746312654821759,0.0016603139029677811,0.6844181459566074,0.08038522783793725,0.009145557151996036,0.02639318581022355,0.7787832263815877,VALID,mmmu,Trajectory LR (No Bias),51
0.004021402051453044,0.40214020514530446,0.02082527296578371,2.082527296578371,0.022978179975601795,0.016704635364447253,0.00043536664282104245,0.01713764196863169,0.0006690199928046949,0.0003810662596924175,0.6370808678500985,0.08560932805230848,0.009210994445443722,0.025060711571197433,0.8921874520957588,COLLAPSED,mmmu,Trajectory Platt (5D),51
0.003962447648920587,0.39624476489205873,0.021894210942835262,2.189421094283526,0.02459043918199059,0.01681680014703879,0.00032320186022950434,0.01713764196863169,0.0006690199928046949,0.0004184463258186991,0.5562130177514792,0.09253794406697714,0.01318886017160225,0.02669648657906062,0.7148904658473715,COLLAPSED,mmmu,Trajectory Platt (17D),51
0.009265811475442191,0.9265811475442192,0.02230166675517715,2.230166675517715,0.023238993669292708,0.015072696447857881,0.002067305559410414,0.01713764196863169,0.005652408697123631,0.0033340068793236586,0.6331360946745561,0.08180094992198536,0.010986661928984174,0.03294304768681817,0.9990542965829682,VALID,mmmu,VCPS-5D (Our Method),51
0.009215550731337077,0.9215550731337077,0.022297220630204555,2.2297220630204553,0.023229506444872126,0.015049896137116133,0.0020901058701521622,0.01713764196863169,0.005652408697123631,0.0033123359509330697,0.631163708086785,0.08176932758445524,0.011135737659455254,0.03323453648706071,0.9985920575063143,VALID,mmmu,VCPS-17D (Our Method),51
0.04030088554174113,4.030088554174113,0.042962620602142426,4.296262060214243,0.03196330539171359,0.09150840732360334,0.008883243697579063,0.10039159843360625,0.011770943108099183,0.003344807619886794,0.7524243740049212,0.3261441354086603,0.05258795443352052,0.1264829514084249,0.9999999999999999,VALID,pope,Naive Confidence (NC),42
0.03667871492456423,3.667871492456423,0.04233676521717131,4.233676521717131,0.030273180347041222,0.09137322514491049,0.009018425876271913,0.10039159843360625,0.012078253341033806,0.00330133547948289,0.7524243740049212,0.31889781571310344,0.05258795443352052,0.1287075036474341,0.9999999999999999,VALID,pope,Temperature Scaling (TS),42
0.036949726540759925,3.6949726540759924,0.043310065947109615,4.331006594710962,0.03121775023318018,0.09148835008485273,0.00890330093632967,0.10039159843360625,0.012078253341033806,0.0034149844546898026,0.7524243740049212,0.3192715881057459,0.05258795443352052,0.13066109630638187,0.9999999999999999,VALID,pope,Platt Scaling (1D),42
0.03643415905002881,3.6434159050028807,0.04345940796083249,4.345940796083249,0.03131232162625052,0.09149892176330245,0.008892729257879955,0.10039159843360625,0.012078253341033806,0.0034288453426731596,0.7524243740049212,0.31897455218153853,0.05258795443352052,0.13107803797302908,0.9999999999999999,VALID,pope,Quadratic Platt (Logit-Only),42
0.035519998496651654,3.5519998496651652,0.0436879032491493,4.36879032491493,0.031541763582482105,0.09152053898083792,0.008871112040344478,0.10039159843360625,0.011466811376729943,0.002641062884614632,0.7524243740049212,0.3188291716107801,0.05249884249928699,0.1323118285803954,0.9999999999999999,VALID,pope,Beta Calibration,42
0.03549265907348641,3.549265907348641,0.03817014389212406,3.8170143892124058,0.023191471401067722,0.09220010388594375,0.008191547135238647,0.10039159843360625,0.009453080833325647,0.001934809260061399,0.7524243740049212,0.31982511350023496,0.05263162474585191,0.10621785750738229,0.9999999999999999,VALID,pope,Spline Calibration,42
0.03669811568587548,3.669811568587548,0.035922254456120295,3.5922254456120295,0.026895696465140617,0.09085965477345542,0.009531996247726979,0.10039159843360625,0.01263974868002916,0.0034992969433828005,0.7629903025039804,0.3146727421916106,0.04720871005583697,0.12856211579091617,0.9911836082840357,VALID,pope,Adaptive TS (ATS),42
0.0002258482158783437,0.02258482158783437,0.052266932361534076,5.226693236153408,0.0002258482158783437,0.10039164944102288,1.580159517122759e-09,0.10039159843360625,0.0,5.1007416615430934e-08,0.5,0.3531696371917637,0.13574563452161467,2.220446049250313e-16,1.0,COLLAPSED,pope,Probability Margin (1D),42
0.0086438892305089,0.86438892305089,0.03643566449879433,3.643566449879433,0.01933825989958761,0.0962633436365038,0.004128307384678606,0.10039159843360625,0.0042083498086671845,8.009501156471544e-05,0.6433637284701115,0.3348146969103461,0.09042238481407033,0.07361166672774973,0.4914759708068543,VALID,pope,MSSC (Multi-Scale Proxy),42
0.00021301420695352125,0.021301420695352125,0.0763348005749952,7.63348005749952,0.006936913922760537,0.1003708801980826,2.077082309979994e-05,0.10039159843360625,0.0,4.537505236403758e-08,0.6631205673758866,0.35306629534859485,0.056453322412988026,0.0002894967422612514,0.4004908857492762,COLLAPSED,pope,MSE-EIGEN (Multi-Scale),42
0.04101075667245931,4.101075667245931,0.03845983132411604,3.845983132411604,0.030537315148209256,0.09149637655163849,0.008895274469543912,0.10039159843360625,0.011922463498946597,0.0035736520398293296,0.7544507164567955,0.31881275407009857,0.052041832886570105,0.13225550115658732,0.9994330691416019,VALID,pope,Residual Calibrator,42
0.04908084103419233,4.908084103419233,0.06001376708109347,6.001376708109347,0.03218730173215428,0.0920497967703188,0.008341854250863603,0.10039159843360625,0.01328224036025669,0.004668338347891117,0.7612534375452309,0.3171424142045031,0.04681401770696108,0.13490476230191825,0.9844296699064239,VALID,pope,Trajectory LR,42
0.0415991844003004,4.15991844003004,0.05954539194872061,5.954539194872061,0.03177227800797299,0.09170540650905773,0.008686244512124672,0.10039159843360625,0.011934446211841362,0.0027736560575208906,0.7611086987986684,0.3161440781561163,0.04644044051506397,0.13370974732541488,0.9845014615653845,VALID,pope,Trajectory LR (No Bias),42
0.048624487257389375,4.862448725738937,0.059836131543162044,5.983613154316204,0.032184407722533795,0.09205794050429209,0.008333710516890316,0.10039159843360625,0.01328224036025669,0.004628553463303062,0.760963960052106,0.31688368934947925,0.04687714683762744,0.13427110247602253,0.9846686621066303,VALID,pope,Trajectory Platt (5D),42
0.04398496284317778,4.398496284317778,0.05518526875105187,5.518526875105187,0.03750896599088366,0.09344401344370233,0.00694763757748007,0.10039159843360625,0.009217839458117005,0.004183507436493863,0.7615429150383557,0.31815986954611764,0.04598621545788832,0.14574837002683222,0.9587149174792449,VALID,pope,Trajectory Platt (17D),42
0.03147578483982377,3.147578483982377,0.03972885159046405,3.9728851590464047,0.029325918593536414,0.09114239373132993,0.009249257289852472,0.10039159843360625,0.011003114852096263,0.0019088406178195804,0.763858734983355,0.3155386878254206,0.04673100966161498,0.13357283159190797,0.9899771324179005,VALID,pope,VCPS-5D (Our Method),42
0.03376316228653162,3.376316228653162,0.03855481768155207,3.855481768155207,0.02920743682395291,0.09096142274880048,0.009430228272381921,0.10039159843360625,0.013065181532906827,0.003102459936709747,0.7645824287161673,0.3149390108184438,0.04675882540518366,0.13409587386706795,0.9794183536139942,VALID,pope,VCPS-17D (Our Method),42
0.04611038077231047,4.611038077231047,0.05079944733018182,5.0799447330181815,0.030149260425327448,0.07631411383807038,0.02407753718311202,0.10039159843360625,0.032322489398736554,0.008010829505030832,0.8740049211173831,0.2494503490774192,0.02302998874569035,0.12676949190884565,0.9999999999999999,VALID,pope,Naive Confidence (NC),43
0.05965182150149974,5.965182150149974,0.05021412375226777,5.0214123752267765,0.03960908762469905,0.07642627223093477,0.023965378790247627,0.10039159843360625,0.03255798829123137,0.00891163307165178,0.8740049211173831,0.25212783208519457,0.02302998874569035,0.12988897123513216,0.9999999999999999,VALID,pope,Temperature Scaling (TS),43
0.047972920318454695,4.79729203184547,0.05336804988476894,5.336804988476894,0.03855453993988631,0.07735707912423467,0.023034571896947728,0.10039159843360625,0.029166989937166727,0.007059127841038058,0.8740049211173831,0.25494052762974884,0.023073659058021747,0.11654507608340356,0.9999999999999999,VALID,pope,Platt Scaling (1D),43
0.059370921282393636,5.937092128239364,0.053914157515993336,5.391415751599333,0.036590527687476074,0.07687706011417762,0.02351459090700478,0.10039159843360625,0.031325865975427546,0.008147732426236311,0.8740049211173831,0.2547484755429128,0.023073659058021747,0.11813885845626163,0.9999999999999999,VALID,pope,Quadratic Platt (Logit-Only),43
0.05491858319036347,5.491858319036346,0.053380842005009706,5.338084200500971,0.03652550018490561,0.07668363625204247,0.023708014769139932,0.10039159843360625,0.03050981823247463,0.007470124892686803,0.8740049211173831,0.2541595105036471,0.023073659058021747,0.11859072043848477,0.9999999999999999,VALID,pope,Beta Calibration,43
0.0550331609240797,5.50331609240797,0.06020637046797807,6.020637046797807,0.04172874717426312,0.08287208690416108,0.017519564117021325,0.10039159843360625,0.026093838439821777,0.008949196537717865,0.8740049211173831,0.2688232390810472,0.023073659058021747,0.09469944011504242,0.9999999999999999,VALID,pope,Spline Calibration,43
0.05037743555286926,5.0377435552869265,0.04966270004335181,4.966270004335181,0.039609303674629975,0.0761537326588328,0.024237918362349606,0.10039159843360625,0.0320508008384916,0.00812159409136754,0.8745115067303517,0.2504597820714625,0.023061758061546693,0.12876305988450412,0.988031472711304,VALID,pope,Adaptive TS (ATS),43
0.0002258482158783437,0.02258482158783437,0.03186206354929587,3.186206354929587,0.0002258482158783437,0.10039164944102284,1.5801595587561224e-09,0.10039159843360625,0.0,5.1007416615430934e-08,0.5,0.3531696371917637,0.11549924930865686,1.1102230246251565e-16,1.0,COLLAPSED,pope,Probability Margin (1D),43
0.025681049906666982,2.5681049906666984,0.037817532720625456,3.7817532720625455,0.02830880122751527,0.09190900581081923,0.008482645210363168,0.10039159843360625,0.00918253704260417,0.000699944419817131,0.719098277608916,0.31538024411245497,0.07461793079685664,0.06972709644877574,0.5287912005564578,VALID,pope,MSSC (Multi-Scale Proxy),43
0.0002011432886658282,0.02011432886658282,0.07014063358157006,7.014063358157006,0.007195408971447552,0.10037739547187736,1.4255549305036697e-05,0.10039159843360625,0.0,4.045862257530469e-08,0.6258503401360545,0.3530985761009966,0.06370890138774182,0.0003120051829946244,0.3896756074502614,COLLAPSED,pope,MSE-EIGEN (Multi-Scale),43
0.049329579124161166,4.932957912416117,0.05271833350348321,5.271833350348321,0.03921272099397589,0.077179773471011,0.0232118775501714,0.10039159843360625,0.028871248651258626,0.0064772621663098055,0.8746562454769142,0.25424129460661965,0.023042726690346762,0.11724695794689971,0.9992072367872279,VALID,pope,Residual Calibrator,43
0.06058975833067516,6.0589758330675165,0.06191960134902383,6.1919601349023825,0.050818615587645895,0.07876161237564704,0.021630038645535365,0.10039159843360625,0.03183871320692217,0.010358423402707326,0.8649587494572296,0.25709032042618124,0.024218534122637223,0.12079434392462554,0.9715616906548007,VALID,pope,Trajectory LR,43
0.06052421633737837,6.052421633737836,0.05706968727690673,5.706968727690673,0.05098978114508179,0.07876367182408257,0.021627979197099828,0.10039159843360625,0.03183871320692217,0.010356132623579622,0.8651034882037921,0.2570826645727183,0.024205270441211114,0.12095421977164457,0.971278753969404,VALID,pope,Trajectory LR (No Bias),43
0.05777450962208033,5.777450962208033,0.06274839609138406,6.274839609138406,0.0506707911050855,0.0787679319431851,0.021623719077997303,0.10039159843360625,0.03084623639036101,0.009216375215806373,0.8661166594297295,0.2572594305060556,0.02408530359965119,0.12032228019194255,0.9716547495646155,VALID,pope,Trajectory Platt (5D),43
0.031450767963722995,3.1450767963722996,0.033268899528806746,3.326889952880675,0.036113471372817216,0.07533781801486406,0.025053833006318346,0.10039159843360625,0.027977099148618314,0.0036273781138503347,0.8724127949051962,0.24969113765597448,0.02332140458269929,0.1284422677858866,0.9427229460006942,VALID,pope,Trajectory Platt (17D),43
0.04849535172145579,4.849535172145579,0.05659201094073535,5.659201094073535,0.039563251915385754,0.07678781273327123,0.02360383828791117,0.10039159843360625,0.03243930631361348,0.008609471710603368,0.8734259661311332,0.25222531525675146,0.02324082672425373,0.12024694038008693,0.9877604033868812,VALID,pope,VCPS-5D (Our Method),43
0.03721452698172776,3.721452698172776,0.04824932692273939,4.824932692273939,0.04065119621859134,0.07617827248706192,0.024213378534120478,0.10039159843360625,0.030677491577137395,0.006948366420065069,0.8769720654219134,0.2502319932669755,0.02295542340733138,0.12088381340725457,0.9749329611603668,VALID,pope,VCPS-17D (Our Method),43
0.026487392636964882,2.648739263696488,0.033945488399572434,3.394548839957243,0.021786410506383806,0.08418618943870217,0.016205461582480263,0.10039159843360625,0.016999232406239864,0.002046943213704552,0.8205239542625561,0.283898454321097,0.03342411565890849,0.1397748400800809,0.9999999999999999,VALID,pope,Naive Confidence (NC),44
0.014828099930632327,1.4828099930632328,0.03646332832169872,3.646332832169872,0.027079430274654603,0.08425727080429589,0.01613438021688654,0.10039159843360625,0.016361861685319966,0.0005031108919986023,0.8205239542625561,0.2817585930744868,0.03342411565890849,0.1417857949464919,0.9999999999999999,VALID,pope,Temperature Scaling (TS),44
0.019384169827562244,1.9384169827562243,0.03679010696178421,3.679010696178421,0.024816608350285874,0.08414137786719271,0.01625027315398972,0.10039159843360625,0.017784443296580823,0.0014765821579633567,0.8205239542625561,0.2814749563419061,0.03346052069417854,0.13792260028116343,0.9999999999999999,VALID,pope,Platt Scaling (1D),44
0.021303063698719985,2.1303063698719984,0.03525937878585207,3.525937878585207,0.026642310453786528,0.08418941818000064,0.016202232841181788,0.10039159843360625,0.016992005099571557,0.0018157964014607047,0.8205239542625561,0.28156322080318363,0.03342411565890849,0.14078233054299674,0.9999999999999999,VALID,pope,Quadratic Platt (Logit-Only),44
0.024684540163594223,2.468454016359422,0.03460382776411054,3.460382776411054,0.027730737872120076,0.08424062424126601,0.016151026779916422,0.10039159843360625,0.017693111385116186,0.0024056939412908,0.8205239542625561,0.28160445519390903,0.03340888146127784,0.1427625142330631,0.9999999999999999,VALID,pope,Beta Calibration,44
0.013942367307088824,1.3942367307088823,0.04820297362779271,4.820297362779271,0.02521857131759393,0.08597748048027598,0.014414170540906449,0.10039159843360625,0.014239275177951108,0.0005171020708187164,0.8205239542625561,0.2871358034519494,0.03346052069417854,0.10537447757587937,0.9999999999999999,VALID,pope,Spline Calibration,44
0.019836217224829304,1.9836217224829304,0.031006663859051563,3.100666385905156,0.02561305580874565,0.08382624665694557,0.016565404364236855,0.10039159843360625,0.01769168482468625,0.0014629515294195023,0.8289911709364597,0.277906749343559,0.03066995916217272,0.1403490881215175,0.9882386214025882,VALID,pope,Adaptive TS (ATS),44
0.0002258482158783437,0.02258482158783437,0.044768108069732776,4.476810806973278,0.0002258482158783437,0.10039164944102288,1.5801595448783345e-09,0.10039159843360625,0.0,5.1007416615430934e-08,0.5,0.3531696371917637,0.10164594817320947,2.220446049250313e-16,1.0,COLLAPSED,pope,Probability Margin (1D),44
0.0014152404273307662,0.14152404273307662,0.04632279420257929,4.6322794202579285,0.01822655540056977,0.09527215423344118,0.005119496787741248,0.10039159843360625,0.00512637949448202,6.935294316918812e-06,0.6610942249240122,0.3301626363130302,0.0924140912302196,0.0738292339037779,0.45727751367857367,VALID,pope,MSSC (Multi-Scale Proxy),44
0.00022923180077272232,0.02292318007727223,0.07746046504419427,7.746046504419427,0.008099412728851476,0.10040036492352486,-8.713902342430413e-06,0.10039159843360625,0.0,5.2547218485505055e-08,0.5380662903459256,0.3532125976643286,0.07852401540640398,0.00041882330146503417,0.3097070206728277,COLLAPSED,pope,MSE-EIGEN (Multi-Scale),44
0.024644273976980394,2.4644273976980395,0.036672561134962894,3.6672561134962893,0.02563576074249487,0.0840858907946461,0.016305760226536334,0.10039159843360625,0.01789412908670747,0.0015208719082493115,0.821754233608337,0.28082234649760796,0.03313728471692483,0.13908634942461517,0.9994320115872455,VALID,pope,Residual Calibrator,44
0.01895949722716044,1.8959497227160438,0.03556486277439079,3.556486277439079,0.028150518521818983,0.08394010897777389,0.01645154204340854,0.10039159843360625,0.018365447064346806,0.002080514108694384,0.8295701259227095,0.27801605132282087,0.030581782151043114,0.13660650992186812,0.9821719317610214,VALID,pope,Trajectory LR,44
0.017826328611762823,1.7826328611762823,0.03549365637596388,3.5493656375963885,0.027771650426427374,0.08391517797820865,0.016476473042973783,0.10039159843360625,0.01820277379927309,0.0019613292479875298,0.8298596034158343,0.27790754027746795,0.030562689838529996,0.13594251008406874,0.9820057886878657,VALID,pope,Trajectory LR (No Bias),44
0.01743106106220875,1.743106106220875,0.04101592109531082,4.101592109531082,0.028390051803596838,0.08397998963571648,0.016411661385465945,0.10039159843360625,0.017926179788627965,0.0017130199946802597,0.829353017802866,0.2780577554925206,0.03054530261119457,0.13584613459238512,0.9823580496025196,VALID,pope,Trajectory Platt (5D),44
0.032855959513759345,3.2855959513759343,0.032518513360113466,3.2518513360113466,0.024269037948181055,0.08644576529491177,0.01394588572627066,0.10039159843360625,0.017618446937491122,0.004117463147847826,0.8184976118106817,0.28494930784872774,0.03220051258547563,0.14255280000785864,0.9459922213552128,VALID,pope,Trajectory Platt (17D),44
0.028124801108033077,2.8124801108033077,0.03100785349453629,3.100785349453629,0.025675981727523372,0.08382876489337272,0.016562886127809706,0.10039159843360625,0.018552047580881647,0.0023582410687283326,0.8289911709364597,0.2778108772007711,0.030643938573661718,0.14067166955686922,0.9874556104835573,VALID,pope,VCPS-5D (Our Method),44
0.03943141121259385,3.943141121259385,0.0343677581862076,3.4367758186207604,0.026853867150527618,0.08407843515892632,0.016313215862256106,0.10039159843360625,0.019363639116836934,0.0029043805608522455,0.8254450716456796,0.28017759256668534,0.03153136353125925,0.1399714454366508,0.9663721249992803,VALID,pope,VCPS-17D (Our Method),44
0.02776345674882356,2.7763456748823563,0.04292589642930866,4.292589642930866,0.02876121107223798,0.07688196128321856,0.023509689737963843,0.10039159843360625,0.02589869395751622,0.002503953365595192,0.8632942538717615,0.2573851007708016,0.025189905176623124,0.1339307774768704,0.9999999999999999,VALID,pope,Naive Confidence (NC),45
0.036614798877595715,3.6614798877595716,0.05028323092960153,5.028323092960154,0.035412646702151204,0.07725757188887393,0.02313407913230847,0.10039159843360625,0.026653632895420293,0.003375620677667374,0.8632942538717615,0.258655663724548,0.025189905176623124,0.1361432678620025,0.9999999999999999,VALID,pope,Temperature Scaling (TS),45
0.03762393013874631,3.762393013874631,0.04986455811735833,4.986455811735833,0.03423124049275173,0.07778784420085173,0.02260380682033067,0.10039159843360625,0.027058421419184082,0.004988654511762019,0.8632942538717615,0.26003606275417446,0.025211760021886555,0.12487996898029567,0.9999999999999999,VALID,pope,Platt Scaling (1D),45
0.043392550791889424,4.339255079188942,0.04912228165696002,4.912228165696002,0.032748052449143236,0.07739420484767844,0.022997446173503966,0.10039159843360625,0.027689561403212267,0.005249409019623117,0.8632942538717615,0.25968508437900945,0.025211760021886555,0.126667162662255,0.9999999999999999,VALID,pope,Quadratic Platt (Logit-Only),45
0.04303525405671871,4.303525405671871,0.048640012095791246,4.864001209579125,0.03274781168175474,0.07733594121659267,0.023055709804589736,0.10039159843360625,0.027689561403212267,0.005184916173653956,0.8632942538717615,0.25930533335500006,0.025211760021886555,0.12689839279796752,0.9999999999999999,VALID,pope,Beta Calibration,45
0.05483248810922397,5.4832488109223965,0.06663603197625262,6.663603197625262,0.036147749465152146,0.08388454677568714,0.016507104245495258,0.10039159843360625,0.022626683608042666,0.007471539777973176,0.8632942538717615,0.27546314814895567,0.025211760021886555,0.09924003909660713,0.9999999999999999,VALID,pope,Spline Calibration,45
0.03181260477925318,3.1812604779253175,0.04529087518450194,4.529087518450194,0.03335471550764367,0.07674296620610971,0.023648684815072693,0.10039159843360625,0.026696728875947165,0.0032278939766304487,0.8691561731075409,0.25518036931363813,0.02409170892944567,0.13446418364794516,0.9888701778858728,VALID,pope,Adaptive TS (ATS),45
0.00022584821587801063,0.022584821587801063,0.044494621708697356,4.449462170869736,0.00022584821587801063,0.10039164944102287,1.5801595310005467e-09,0.10039159843360625,0.0,5.100741661528049e-08,0.5,0.3531696371917637,0.1108351583567449,2.220446049250313e-16,1.0,COLLAPSED,pope,Probability Margin (1D),45
0.05824731985821806,5.824731985821805,0.05964294141858706,5.964294141858706,0.05827600382714278,0.0887556112478873,0.011636039773295095,0.10039159843360625,0.015427044555113262,0.0037910573693942804,0.7847011144883486,0.30166573259925056,0.0435545662025297,0.06279114365843727,0.5379923634373416,VALID,pope,MSSC (Multi-Scale Proxy),45
0.00022782012742883495,0.022782012742883495,0.07644327657608234,7.644327657608234,0.006968395986008664,0.10037167554821376,1.9975472968641883e-05,0.10039159843360625,0.0,5.1902010461690595e-08,0.6472716746272977,0.35307024428892236,0.06023768386842548,0.0002976577475753304,0.40144309459414956,COLLAPSED,pope,MSE-EIGEN (Multi-Scale),45
0.04090742441743085,4.090742441743085,0.04860872853269223,4.860872853269223,0.03467436974999448,0.07773779680409106,0.022653854217091346,0.10039159843360625,0.028579611501934485,0.006399420249146641,0.8649587494572297,0.2593415610484104,0.02493368932418872,0.12455380066349434,0.9992591711788165,VALID,pope,Residual Calibrator,45
0.04017413021633879,4.017413021633879,0.046741813603046946,4.674181360304694,0.03333997018008593,0.07991823866345205,0.020473412357730356,0.10039159843360625,0.02815381649790987,0.008220929496408118,0.8624981907656679,0.2620347782714279,0.024940824586835407,0.12171656013023428,0.9763076950553592,VALID,pope,Trajectory LR,45
0.030134488608225263,3.0134488608225265,0.044781288535280746,4.478128853528075,0.03174366423068454,0.07859876889510721,0.02179288212607519,0.10039159843360625,0.02483223075721547,0.002325944022707558,0.8648863800839485,0.25849357602971396,0.024597389068245226,0.12699550486774325,0.9782975342443931,VALID,pope,Trajectory LR (No Bias),45
0.038628665022451575,3.8628665022451574,0.04705149714516177,4.7051497145161765,0.034185623063518925,0.07983453350922078,0.020557117511961626,0.10039159843360625,0.02777719506865687,0.00770224061768706,0.8633666232450428,0.26186212582478213,0.024808936399338424,0.1209540767261045,0.9768733334289055,VALID,pope,Trajectory Platt (5D),45
0.039918913995480566,3.9918913995480567,0.04787149872741289,4.787149872741289,0.04339398768846607,0.07643555636481106,0.023956094656371343,0.10039159843360625,0.03177417257157624,0.006735357186475715,0.8648863800839485,0.25670353248992384,0.025433000378973836,0.1310645659598375,0.9439136770512798,VALID,pope,Trajectory Platt (17D),45
0.0434328772540354,4.34328772540354,0.0474541051752684,4.74541051752684,0.03327962954660715,0.07712333245488784,0.023268318566294563,0.10039159843360625,0.02696432509227832,0.003787637025261954,0.8696627587205096,0.2559374363489941,0.024033425994839968,0.12770050746960454,0.988633183162266,VALID,pope,VCPS-5D (Our Method),45
0.03863116035794874,3.863116035794874,0.048890995477576055,4.889099547757605,0.04002850065801143,0.0764626919696584,0.023928959051524007,0.10039159843360625,0.02886011573685646,0.005170374701501146,0.8687219568678535,0.25449670246694467,0.024442263806074834,0.1287483163739406,0.9738218941765164,VALID,pope,VCPS-17D (Our Method),45
0.04536928288698837,4.536928288698837,0.04450308633943129,4.45030863394313,0.030949359730423162,0.08571818139081411,0.014673469630368294,0.10039159843360625,0.019324852047664914,0.00541795407478761,0.7983789260385006,0.30012530316898584,0.04308611436001964,0.11647403303238237,1.0,VALID,pope,Naive Confidence (NC),46
0.030222126098263326,3.0222126098263327,0.040607886159789636,4.0607886159789635,0.023165494421697904,0.0852546074472864,0.015137043573896003,0.10039159843360625,0.018307854605369496,0.0034751137283531163,0.7983789260385006,0.2935495705344731,0.04308611436001964,0.11957600273488453,1.0,VALID,pope,Temperature Scaling (TS),46
0.03349393006412467,3.349393006412467,0.041366648943059386,4.136664894305938,0.022435478022557864,0.08537716348602009,0.01501448753516231,0.10039159843360625,0.017698573495943077,0.0035255058204705066,0.7983789260385006,0.29337620912970563,0.04310792982708761,0.11432326014218261,1.0,VALID,pope,Platt Scaling (1D),46
0.033462905709872204,3.3462905709872204,0.04151619385159704,4.151619385159704,0.02328005450432133,0.0853018959893583,0.015089755031824095,0.10039159843360625,0.019451045798046226,0.004483582626061299,0.7983789260385006,0.2930280365496079,0.04310792982708761,0.11459624424898447,1.0,VALID,pope,Quadratic Platt (Logit-Only),46
0.03313878334516211,3.313878334516211,0.04138581365237874,4.138581365237874,0.02396517953832124,0.08519452245905569,0.01519712856212671,0.10039159843360625,0.019930231182891986,0.004790650660442057,0.7983789260385006,0.29284768568715114,0.04308611436001964,0.11484034417355096,1.0,VALID,pope,Beta Calibration,46
0.01733244584446988,1.7332445844469881,0.04221345910480064,4.221345910480064,0.0205797577507588,0.08765392200426748,0.012737729016914917,0.10039159843360625,0.013108671485409885,0.0009261576056348574,0.7983789260385006,0.296767043152814,0.04310792982708761,0.09683479866638779,1.0,VALID,pope,Spline Calibration,46
0.024111601992516926,2.4111601992516927,0.039049988009517325,3.9049988009517325,0.020831541683796913,0.08448117351006579,0.015910477511116614,0.10039159843360625,0.018469814581199614,0.002974574811992832,0.8093790707772471,0.28870617320195907,0.04068183613636074,0.11857196868129398,0.9889611786242156,VALID,pope,Adaptive TS (ATS),46
0.00022584821587801063,0.022584821587801063,0.04714958314305469,4.714958314305469,0.00022584821587801063,0.10039164944102288,1.580159517122759e-09,0.10039159843360625,0.0,5.100741661528049e-08,0.5,0.3531696371917637,0.11277864033350843,2.220446049250313e-16,1.0,COLLAPSED,pope,Probability Margin (1D),46
0.005439992666118325,0.5439992666118325,0.03551816521380621,3.5518165213806214,0.018355725925226267,0.09437513012150325,0.006016520899679148,0.10039159843360625,0.006077200290129322,6.0731978026282864e-05,0.6717325227963525,0.3266028495628672,0.06629781181762982,0.07054197771951526,0.47756621169070657,VALID,pope,MSSC (Multi-Scale Proxy),46
0.00023434361897722855,0.023434361897722855,0.06196593189739287,6.196593189739287,0.007159525581214301,0.1003765587560489,1.50922651335067e-05,0.10039159843360625,0.0,5.491693175534447e-08,0.6157909972499638,0.35309451849871476,0.06630382349954299,0.0003449256951523286,0.36462508268233285,COLLAPSED,pope,MSE-EIGEN (Multi-Scale),46
0.03158058851104627,3.158058851104627,0.035971096437563715,3.5971096437563714,0.02099510155210791,0.08512518261967487,0.015266468401507527,0.10039159843360625,0.01837474090572202,0.0037699701215747577,0.8009842234766248,0.2923139128411916,0.043234766098459124,0.11474982554204008,0.9994572150130758,VALID,pope,Residual Calibrator,46
0.028903262626598723,2.8903262626598725,0.03223238841531047,3.223238841531047,0.014138550317249629,0.08522549574887099,0.01516615527231141,0.10039159843360625,0.016551378457844983,0.0023968851886345573,0.8071356202055291,0.2900342476172218,0.03983658880592166,0.1189689690027733,0.9832084450035705,VALID,pope,Trajectory LR,46
0.027900922372615065,2.7900922372615065,0.034967834019258646,3.496783401925865,0.017272837959222152,0.08444286945002769,0.015948781571154716,0.10039159843360625,0.016970544725686085,0.0018044713048601464,0.810898827616153,0.2875435370434363,0.039107153283779346,0.1136497767287255,0.9836581123149719,VALID,pope,Trajectory LR (No Bias),46
0.02329141793225331,2.329141793225331,0.03231006081534846,3.231006081534846,0.014158401842482116,0.08525957855605452,0.015132072465127877,0.10039159843360625,0.015719995106245995,0.0015895092050820863,0.8070632508322478,0.28998193018405366,0.03987161882262979,0.11834971063810563,0.983596778022693,VALID,pope,Trajectory Platt (5D),46
0.03540078898003157,3.5400788980031574,0.032305316382019986,3.2305316382019984,0.018411108873116092,0.084171004682056,0.0162206463391264,0.10039159843360625,0.017295881265927713,0.002948179405085403,0.8114777826024027,0.28630301798351726,0.03910214390124444,0.12518883951073784,0.9416323722394795,VALID,pope,Trajectory Platt (17D),46
0.026409028834878022,2.640902883487802,0.034153367258365236,3.4153367258365237,0.01964258541959309,0.08447254039786262,0.015919110623319785,0.10039159843360625,0.018308578361253606,0.003065130330617292,0.8096685482703719,0.288410569427319,0.04118122248951564,0.11608652947470927,0.9885526358382886,VALID,pope,VCPS-5D (Our Method),46
0.028682828971791734,2.8682828971791734,0.028388039848569486,2.8388039848569484,0.021243232032610873,0.08379125994674547,0.016600391074436935,0.10039159843360625,0.020351811445448918,0.004447177164480396,0.8119843682153711,0.2863130827192257,0.04149155871935183,0.11754986912437095,0.9667222102341116,VALID,pope,VCPS-17D (Our Method),46
0.027568631255723102,2.7568631255723104,0.03644376543332946,3.644376543332946,0.025253418414467876,0.08713056846845654,0.013261082552725886,0.10039159843360625,0.014284510987535397,0.0015553768445156202,0.8095961788970909,0.29190476134352455,0.03580644028769718,0.13177061853269148,0.9999999999999999,VALID,pope,Naive Confidence (NC),47
0.018661448632624218,1.8661448632624218,0.03626959407185879,3.626959407185879,0.02411001490802828,0.08668330851902296,0.013708342502159465,0.10039159843360625,0.014775781211687638,0.0013433822140616,0.8095961788970909,0.2875702376947623,0.03580644028769718,0.13451952910234524,0.9999999999999999,VALID,pope,Temperature Scaling (TS),47
0.023023075264573898,2.30230752645739,0.03489603547647957,3.489603547647957,0.022724758355825925,0.08654842542338351,0.013843225597798922,0.10039159843360625,0.016768840348982652,0.0028263624103972646,0.8095961788970909,0.2872600772629794,0.035828255754765156,0.13065593993808666,0.9999999999999999,VALID,pope,Platt Scaling (1D),47
0.021394263433803365,2.1394263433803364,0.03814115806122681,3.8141158061226808,0.024785916050297944,0.08688233093456518,0.013509320086617246,0.10039159843360625,0.01490282858243207,0.0017423846153724785,0.8095961788970909,0.28810563894090685,0.03576211076096428,0.1332366536713427,0.9999999999999999,VALID,pope,Quadratic Platt (Logit-Only),47
0.02701128383237426,2.701128383237426,0.039071908075653645,3.9071908075653647,0.026205773662473966,0.08707969935854858,0.013311951662633853,0.10039159843360625,0.01568319684045673,0.003121880745128365,0.8095961788970909,0.2886778453539866,0.035841797842226214,0.13491503671592564,0.9999999999999999,VALID,pope,Beta Calibration,47
0.010064446487996134,1.0064446487996135,0.03134630036765825,3.134630036765825,0.01783984776958737,0.08657918484413797,0.013812466177044458,0.10039159843360625,0.013469490143651848,0.00026191838771250336,0.8095961788970909,0.28699157982079093,0.035828255754765156,0.10410910431013455,0.9999999999999999,VALID,pope,Spline Calibration,47
0.023246422913739663,2.324642291373966,0.041805602196747525,4.180560219674753,0.026950795541772335,0.08620623067799414,0.014185420343188287,0.10039159843360625,0.015067948144545783,0.0012389192159387604,0.8146620350267766,0.285224318645327,0.03365860186169419,0.13435685774980613,0.9893073890075561,VALID,pope,Adaptive TS (ATS),47
0.0002258482158783437,0.02258482158783437,0.051043930794033326,5.104393079403333,0.0002258482158783437,0.10039164944102288,1.5801595448783345e-09,0.10039159843360625,0.0,5.1007416615430934e-08,0.5,0.3531696371917637,0.09950933072443936,2.220446049250313e-16,1.0,COLLAPSED,pope,Probability Margin (1D),47
0.017821106874304635,1.7821106874304635,0.042189932615717525,4.218993261571753,0.02366647572740998,0.09757494800637417,0.0028167030148082556,0.10039159843360625,0.0031588940310905466,0.00034224360385844426,0.6225937183383992,0.3408256000823558,0.07892175311930537,0.07420921123310831,0.5181774074767426,VALID,pope,MSSC (Multi-Scale Proxy),47
0.00021755165028491952,0.021755165028491952,0.08175869427358635,8.175869427358636,0.006994598821972902,0.1003722519035537,1.939911762872948e-05,0.10039159843360625,0.0,4.732872054169192e-08,0.6631929367491678,0.3530730068135149,0.0552701574353558,0.0003157091747843718,0.454443722088933,COLLAPSED,pope,MSE-EIGEN (Multi-Scale),47
0.01971345422333774,1.9713454223337739,0.02990066077502548,2.990066077502548,0.0240403487046727,0.08655997142400872,0.013831679597173713,0.10039159843360625,0.014854443359019663,0.0011756984930874164,0.8108988276161528,0.28699413502795923,0.03556940988218116,0.13213045476368457,0.9992776183778208,VALID,pope,Residual Calibrator,47
0.029109988218203445,2.9109988218203444,0.03970790890293943,3.970790890293943,0.027393382897001398,0.08733162485652195,0.013060026164660482,0.10039159843360625,0.01384370306856052,0.0019974541631714118,0.811260674482559,0.28860550423407344,0.03462233138350145,0.13042900277939407,0.9834611268095819,VALID,pope,Trajectory LR,47
0.02816969983727023,2.816969983727023,0.042275381911613376,4.2275381911613374,0.026143525348951334,0.08696796283746347,0.01342368818371896,0.10039159843360625,0.016099318386609236,0.0033076348227132346,0.8143725575336518,0.28715201114038363,0.03421912103511721,0.12950823872907305,0.9824325437385739,VALID,pope,Trajectory LR (No Bias),47
0.029229561434280515,2.9229561434280518,0.03964125451373283,3.964125451373283,0.027272364020571607,0.08736553942596785,0.013026111595214579,0.10039159843360625,0.013875163865044306,0.002070353485305183,0.8107540888695904,0.2887173131453894,0.03469229454931967,0.13001140614509438,0.9837468834955186,VALID,pope,Trajectory Platt (5D),47
0.06116124457426148,6.116124457426149,0.04970532985067753,4.970532985067753,0.04223353869097023,0.08651699174108969,0.013874659280092738,0.10039159843360625,0.025514508866489746,0.011833196921284235,0.8195831524099,0.2858341758964826,0.0323409634683409,0.14111917289336562,0.950746451218032,VALID,pope,Trajectory Platt (17D),47
0.023429230206085377,2.342923020608538,0.04171949631350515,4.171949631350515,0.02715244848731522,0.086235068437559,0.014156582583623428,0.10039159843360625,0.015523044920910578,0.001412906970557666,0.815096251266464,0.2852483056048583,0.03359444470555349,0.13400600779710273,0.9886421117231092,VALID,pope,VCPS-5D (Our Method),47
0.038964832719243225,3.8964832719243225,0.04087981975042388,4.087981975042388,0.02662258759318028,0.08557709236137863,0.0148145586598038,0.10039159843360625,0.01856363485056605,0.0037430531189993504,0.8202344767694312,0.2834263088940659,0.03225311260005091,0.13564235773823405,0.9754679295106874,VALID,pope,VCPS-17D (Our Method),47
0.045668902101542445,4.566890210154244,0.052193756052104634,5.219375605210463,0.025278731584095538,0.08944984028116662,0.010941810740015809,0.10039159843360625,0.015813917366523423,0.00509015858123524,0.7673324649008539,0.31699064464842913,0.05079018770056995,0.12827413643843164,1.0,VALID,pope,Naive Confidence (NC),48
0.02884721289633229,2.884721289633229,0.050920344366823724,5.092034436682372,0.026317874629746392,0.08925111792730701,0.011140533093875415,0.10039159843360625,0.012789640038006032,0.0020715409976003554,0.7673324649008539,0.3103688585060022,0.05079018770056995,0.13068651344033272,1.0,VALID,pope,Temperature Scaling (TS),48
0.028806884343653354,2.8806884343653354,0.051168103717001714,5.116810371700171,0.026737908372617008,0.08927692689860352,0.011114724122578912,0.10039159843360625,0.012789640038006032,0.002097485917816696,0.7673324649008539,0.31041464463087637,0.05079018770056995,0.13132191385228115,1.0,VALID,pope,Platt Scaling (1D),48
0.028807465208212975,2.8807465208212975,0.0511638290311531,5.11638290311531,0.026719625629479934,0.08927417030062067,0.011117480720561762,0.10039159843360625,0.012789640038006032,0.002093215487031731,0.7673324649008539,0.3104502976979446,0.05079018770056995,0.13128190908126686,1.0,VALID,pope,Quadratic Platt (Logit-Only),48
0.03733239706382163,3.733239706382163,0.051816313846560894,5.1816313846560895,0.027539222751065153,0.08944281419958841,0.010948836821594018,0.10039159843360625,0.01320263542484001,0.0036456047780110017,0.7673324649008539,0.30994338265457644,0.050811998122316,0.1331279603102852,1.0,VALID,pope,Beta Calibration,48
0.020730731668438723,2.0730731668438724,0.04888558270084284,4.888558270084284,0.02352482498106755,0.08982478170093863,0.010566869320243796,0.10039159843360625,0.009868096560494817,0.000555414169458447,0.7673324649008539,0.3111045148117695,0.0508266323277582,0.10333441396777043,1.0,VALID,pope,Spline Calibration,48
0.03456817233069138,3.456817233069138,0.04331273177184009,4.331273177184009,0.024573721800817596,0.08873364950095289,0.011658001520229541,0.10039159843360625,0.013181308545915133,0.0026089701389189913,0.778477348386163,0.306041242968438,0.04479454350526764,0.13001506566029883,0.9914806468062707,VALID,pope,Adaptive TS (ATS),48
0.00022584821587801063,0.022584821587801063,0.06843943910007855,6.843943910007855,0.00022584821587801063,0.10039164944102287,1.5801595587561224e-09,0.10039159843360625,0.0,5.100741661528049e-08,0.5,0.3531696371917637,0.09161078123616699,2.220446049250313e-16,1.0,COLLAPSED,pope,Probability Margin (1D),48
0.015407076150717802,1.5407076150717802,0.04625642855974703,4.625642855974703,0.02182502277829702,0.09311740333071362,0.007274247690468805,0.10039159843360625,0.007525970456381492,0.0002517753534888561,0.6968085106382979,0.32070404747558195,0.04995771530374076,0.07115165279131055,0.48777183647036587,VALID,pope,MSSC (Multi-Scale Proxy),48
0.00022725849113691687,0.022725849113691687,0.0656419955794953,6.56419955794953,0.007370261347040397,0.10038186829184689,9.782729335536255e-06,0.10039159843360625,0.0,5.1646421793828124e-08,0.5956723114777827,0.35312081673889634,0.06976733282651876,0.00035330701206704894,0.3596169075779545,COLLAPSED,pope,MSE-EIGEN (Multi-Scale),48
0.024415121166617922,2.441512116661792,0.040744935482151995,4.0744935482152,0.026878398411083467,0.08904854930406779,0.01134310171711464,0.10039159843360625,0.01209290791432793,0.0010010560917613604,0.7688522217397598,0.30949785905725213,0.05055316476274064,0.13189103764121,0.9995123808270491,VALID,pope,Residual Calibrator,48
0.04554611870720482,4.554611870720482,0.03825027192116488,3.8250271921164885,0.031457293694560316,0.08835102021623188,0.012040630804950547,0.10039159843360625,0.017267665346141325,0.0056179120038669554,0.7791286727456941,0.305921490514614,0.04511640803611766,0.13485140003076257,0.9862350394912781,VALID,pope,Trajectory LR,48
0.037158276465714936,3.7158276465714937,0.04213832251835979,4.213832251835979,0.03211060653203465,0.08813396481484198,0.012257686206340448,0.10039159843360625,0.015238145953926235,0.0034039483059053895,0.7789839339991317,0.3057568737441715,0.0452480996644832,0.1341821571428626,0.986172295241072,VALID,pope,Trajectory LR (No Bias),48
0.04513401491944042,4.513401491944042,0.036975663546924636,3.6975663546924635,0.031240435707822672,0.08823877939355339,0.012152871627629042,0.10039159843360625,0.01722422271509761,0.005322155858856113,0.7795628889853813,0.3053608248208254,0.045170040519037176,0.1340386784063323,0.9866634393718996,VALID,pope,Trajectory Platt (5D),48
0.036956422974799785,3.6956422974799787,0.03310657198217037,3.3106571982170365,0.029684022918190407,0.08795933122088002,0.012432319800302405,0.10039159843360625,0.015499218132414224,0.00422036988192329,0.7869445650600665,0.3017627873306136,0.04072471163256461,0.13653461265832154,0.9576417561810137,VALID,pope,Trajectory Platt (17D),48
0.02971953390947079,2.9719533909470788,0.039495269428599225,3.9495269428599227,0.02668191321980736,0.08883333734942035,0.011558313671762077,0.10039159843360625,0.013266658085459732,0.0017737472913314112,0.7789839339991316,0.30655443481792033,0.04431827385221979,0.13427763917191377,0.9902929709989966,VALID,pope,VCPS-5D (Our Method),48
0.03895311274257782,3.895311274257782,0.037709792834642535,3.7709792834642535,0.02541808572082135,0.0883535156212939,0.01203813539988853,0.10039159843360625,0.015283106411901873,0.0030322592146799256,0.7843392676219424,0.30515548873703857,0.04209847592347537,0.1333328214028086,0.9764796010687672,VALID,pope,VCPS-17D (Our Method),48
0.028760073962558648,2.876007396255865,0.03027106327509299,3.027106327509299,0.029650909715742,0.08255754511774627,0.017834105903436134,0.10039159843360625,0.02119084486108594,0.004095095968746133,0.8350701982920827,0.27556684500193873,0.030723404245560207,0.12156671316416921,1.0,VALID,pope,Naive Confidence (NC),49
0.03474308191480859,3.4743081914808593,0.03133848745232549,3.133848745232549,0.02768829003083862,0.0821989646626697,0.018192686358512705,0.10039159843360625,0.02388469100729252,0.005260010782429838,0.8350701982920827,0.2737216578920958,0.030723404245560207,0.12509851319388737,1.0,VALID,pope,Temperature Scaling (TS),49
0.02890564080076506,2.8905640800765062,0.032701739721280904,3.2701739721280902,0.026750657035768077,0.08247293531532418,0.01791871570585822,0.10039159843360625,0.02181337469127914,0.003507961143022946,0.8350701982920827,0.2745077993452091,0.03074521971262818,0.11640329695991437,1.0,VALID,pope,Platt Scaling (1D),49
0.01926265423056283,1.926265423056283,0.0317896097850301,3.17896097850301,0.028260501191239695,0.08235629179745041,0.018035359223731992,0.10039159843360625,0.019795639427693405,0.0021773035026773357,0.8350701982920827,0.27454955656413454,0.03074521971262818,0.11738021070770745,1.0,VALID,pope,Quadratic Platt (Logit-Only),49
0.027106380566207185,2.7106380566207187,0.031192164591369403,3.1192164591369402,0.029536347965131382,0.08226379442915516,0.018127856592027244,0.10039159843360625,0.021887797045457492,0.0039054049038674907,0.8350701982920827,0.27445436217813146,0.030723404245560207,0.11794613102994292,1.0,VALID,pope,Beta Calibration,49
0.022685922627253184,2.2685922627253183,0.04162982381703525,4.162982381703525,0.02709730602768464,0.08494612967986091,0.015445521341321489,0.10039159843360625,0.01571455094521579,0.0011393012819211597,0.8350701982920827,0.28078090289030927,0.03074521971262818,0.09822243158384909,1.0,VALID,pope,Spline Calibration,49
0.03187653849879319,3.187653849879319,0.02040879553410236,2.040879553410236,0.027194912151385277,0.08178548344055313,0.018606167580629274,0.10039159843360625,0.02327313908619842,0.004922044144887561,0.8393399913156752,0.27130232091976736,0.02929506373997381,0.12470597060629432,0.9899647369026806,VALID,pope,Adaptive TS (ATS),49
0.0002258482158783437,0.02258482158783437,0.049257571855341055,4.925757185534105,0.0002258482158783437,0.10039164944102288,1.580159517122759e-09,0.10039159843360625,0.0,5.1007416615430934e-08,0.5,0.3531696371917637,0.09214488775725924,2.220446049250313e-16,1.0,COLLAPSED,pope,Probability Margin (1D),49
0.002520414884207351,0.2520414884207351,0.06352133024567595,6.352133024567595,0.017855547304696184,0.09475085525917683,0.005640795762005574,0.10039159843360625,0.005651759592830428,1.101641840100939e-05,0.6671732522796352,0.3281026169218031,0.05497089811445107,0.0719554375647908,0.4759254239797032,VALID,pope,MSSC (Multi-Scale Proxy),49
0.000209049068203071,0.0209049068203071,0.09345884934255312,9.345884934255313,0.006954563047423751,0.10037127382217205,2.0377199010351843e-05,0.10039159843360625,0.0,4.3701512916572234e-08,0.6768707482993197,0.3530681906468845,0.051601297898398076,0.00027715829810842163,0.43524307555683994,COLLAPSED,pope,MSE-EIGEN (Multi-Scale),49
0.022977287527328666,2.2977287527328665,0.027207710429168582,2.720771042916858,0.02647596409226869,0.08214005698744208,0.018251594033740326,0.10039159843360625,0.02083698784101523,0.002259665717921552,0.8357215226516139,0.2735795250253463,0.03058196080911337,0.11743149031716253,0.9994022257880458,VALID,pope,Residual Calibrator,49
0.016320771103302524,1.6320771103302525,0.03182726882005742,3.1827268820057415,0.024012439567698083,0.08172833526916577,0.01866331575201663,0.10039159843360625,0.018857239131226788,0.0009189636804036121,0.8399913156752062,0.27168896408466603,0.02927363251265908,0.11805533270276049,0.9821804535528867,VALID,pope,Trajectory LR,49
0.015166550974994822,1.5166550974994821,0.03192449349511946,3.192449349511946,0.02568198534938088,0.0815521761998008,0.018839474821381597,0.10039159843360625,0.02214582182271201,0.002866535200984685,0.8404979012881748,0.27110225157569795,0.02915867235939474,0.11683214139782891,0.9818726071773929,VALID,pope,Trajectory LR (No Bias),49
0.01441561211794214,1.441561211794214,0.03202105114723471,3.202105114723471,0.024198846866381244,0.08174421048316577,0.018647440538016632,0.10039159843360625,0.017925510414957598,0.0008504555403765535,0.8400636850484875,0.2719044560078384,0.029316805726474188,0.1176601375610575,0.9821554263475507,VALID,pope,Trajectory Platt (5D),49
0.04212858541956485,4.212858541956485,0.038779919038243044,3.8779919038243045,0.0279296822935048,0.07890969345927652,0.02148195756190588,0.10039159843360625,0.026767464884248828,0.006213421839654003,0.8491822260819222,0.26344539136695216,0.027397715386659822,0.12973317429548953,0.9576211277082493,VALID,pope,Trajectory Platt (17D),49
0.02058963091241775,2.058963091241775,0.029348969758384545,2.9348969758384547,0.02611340114746738,0.08187920386128877,0.018512447159893627,0.10039159843360625,0.020231450078648718,0.0027708730266839086,0.8397742075553627,0.2716960687487401,0.029269211140719387,0.11925751942255804,0.9897607593042619,VALID,pope,VCPS-5D (Our Method),49
0.02544634883068355,2.544634883068355,0.023197404918750206,2.3197404918750206,0.030159411142175973,0.08119711398269407,0.019194537038488335,0.10039159843360625,0.020530467971675164,0.0027836960448475462,0.8426689824866117,0.2698810808955226,0.029093595198252754,0.12030266594852174,0.9780526096530888,VALID,pope,VCPS-17D (Our Method),49
0.03697007018922155,3.6970070189221547,0.04134212920286584,4.1342129202865845,0.029091132202705025,0.08871864990393587,0.011673001117246534,0.10039159843360625,0.015778867730682242,0.0031740485625885383,0.7598060500796064,0.31937697299735895,0.05272913695567819,0.1332824029696174,1.0,VALID,pope,Naive Confidence (NC),50
0.030600362813914154,3.0600362813914153,0.04025768131903673,4.025768131903673,0.029218121934382543,0.08854679041830896,0.011844860602873444,0.10039159843360625,0.013723564785191586,0.00196480366204566,0.7598060500796064,0.3120846218677083,0.05272913695567819,0.1354252289612517,1.0,VALID,pope,Temperature Scaling (TS),50
0.030856251427556214,3.0856251427556214,0.041025304435655385,4.102530443565539,0.030019633518168828,0.08864959950592717,0.01174205151525523,0.10039159843360625,0.01368242593003656,0.0021169695434457877,0.7598060500796064,0.3125355851839368,0.05272913695567819,0.13774327014698526,1.0,VALID,pope,Platt Scaling (1D),50
0.028876277154204228,2.8876277154204226,0.04055993215742345,4.055993215742345,0.029212088342705392,0.08857831778774787,0.011813333233434531,0.10039159843360625,0.013410682012343696,0.001964330783239144,0.7598060500796064,0.3140592957046631,0.052743687145684816,0.13664481467981163,1.0,VALID,pope,Quadratic Platt (Logit-Only),50
0.03125890292178619,3.1258902921786187,0.04158320775539437,4.158320775539437,0.03072646537048282,0.0887345847699183,0.0116570662512641,0.10039159843360625,0.01368242593003656,0.002212342531155526,0.7598060500796064,0.31229171796780547,0.052714487837778996,0.13894854073085464,1.0,VALID,pope,Beta Calibration,50
0.03064048527993929,3.064048527993929,0.04291035175055349,4.291035175055349,0.028402401952874877,0.08907770930676571,0.011313941714416687,0.10039159843360625,0.012439688542768872,0.0012126983829206161,0.7598060500796064,0.3193890790490395,0.052743687145684816,0.10714558959811758,1.0,VALID,pope,Spline Calibration,50
0.03984877698793671,3.984877698793671,0.04774114139153459,4.774114139153459,0.03309290950972427,0.0879563216185779,0.0124353294026045,0.10039159843360625,0.016261843749955103,0.003752040931518136,0.7742075553625707,0.3067639068287788,0.048700514597909146,0.13537967417926525,0.9921334680807391,VALID,pope,Adaptive TS (ATS),50
0.0002258482158783437,0.02258482158783437,0.04626459599826887,4.6264595998268865,0.0002258482158783437,0.10039164944102284,1.5801595587561224e-09,0.10039159843360625,0.0,5.1007416615430934e-08,0.5,0.3531696371917637,0.10737821003456892,1.1102230246251565e-16,1.0,COLLAPSED,pope,Probability Margin (1D),50
0.005719147958519158,0.5719147958519158,0.03852777620521262,3.8527776205212616,0.018160598031209774,0.09585694999264165,0.004534701028540755,0.10039159843360625,0.0045682688817141465,3.362044074952591e-05,0.6479229989868288,0.3332107339061698,0.060424032204356215,0.07215971138778465,0.43070013571696136,VALID,pope,MSSC (Multi-Scale Proxy),50
0.00020500097869358136,0.020500097869358136,0.07191275469896587,7.191275469896587,0.007008364923040441,0.10037267669794382,1.8974323238579727e-05,0.10039159843360625,0.0,4.20254012653262e-08,0.6540743957157331,0.35307518970302443,0.05867986333783547,0.0003173236517133141,0.38535913273806194,COLLAPSED,pope,MSE-EIGEN (Multi-Scale),50
0.03322805085926559,3.322805085926559,0.04685556656342428,4.6855566563424285,0.03275949444207831,0.08868710600000823,0.01170454502117417,0.10039159843360625,0.01458710971426602,0.0026881019222587494,0.761615284411637,0.31197650262471904,0.05237063428436641,0.1388937858248076,0.9993243829942383,VALID,pope,Residual Calibrator,50
0.04979295273122554,4.979295273122554,0.048652854242806465,4.865285424280646,0.0415087320012576,0.08857837253225492,0.011813278488927478,0.10039159843360625,0.017069436732034697,0.005550268413568661,0.7767404834274135,0.30650720436691686,0.04778164936338835,0.13608519767082786,0.9874807581339294,VALID,pope,Trajectory LR,50
0.045671320979403476,4.567132097940347,0.04841633076288476,4.841633076288476,0.04224896957080645,0.08863116998928222,0.01176048103190018,0.10039159843360625,0.015881246891385366,0.004841224713617207,0.7765957446808511,0.30650907138791883,0.04752949398200791,0.13574639158649895,0.9877902494718732,VALID,pope,Trajectory LR (No Bias),50
0.04250002116205876,4.250002116205876,0.048254169061820125,4.825416906182013,0.041395098622307995,0.08859810566528219,0.011793545355900215,0.10039159843360625,0.015635634321143337,0.004371437449442691,0.7760167896946013,0.306313068873203,0.048070466329612385,0.13528841160830032,0.9878306689936093,VALID,pope,Trajectory Platt (5D),50
0.0390378080127695,3.90378080127695,0.04653966659805521,4.653966659805521,0.03263986779116406,0.08772921744787837,0.01266243357330403,0.10039159843360625,0.01719622857917574,0.003719664759458038,0.7959183673469388,0.29906622450127196,0.042239492230651564,0.1312701307637095,0.9540834233078938,VALID,pope,Trajectory Platt (17D),50
0.05084458913915397,5.084458913915397,0.048361152764031745,4.8361152764031745,0.03566294251043976,0.08815883337002088,0.01223281765116152,0.10039159843360625,0.018997656094052927,0.007241769275873908,0.7752207265885077,0.3072606979637581,0.048351360535013016,0.13912439775534036,0.9913100378239775,VALID,pope,VCPS-5D (Our Method),50
0.04175334089655239,4.175334089655239,0.05027589975605424,5.027589975605424,0.03528574469752141,0.08751536365744678,0.012876287363735625,0.10039159843360625,0.016460108897400162,0.0038219823966050837,0.7884643218989724,0.3032411756769824,0.04459822881361918,0.13795490485476597,0.9746543749021089,VALID,pope,VCPS-17D (Our Method),50
0.03352598167172666,3.3525981671726655,0.04933801686988684,4.9338016869886845,0.03163607993294964,0.08333328985387407,0.017058361167308356,0.10039159843360625,0.020606366808566534,0.0035410034197937263,0.8234187291938051,0.2821845591298871,0.032349655144857985,0.134032616818057,1.0,VALID,pope,Naive Confidence (NC),51
0.03208392293140755,3.208392293140755,0.048639104236740345,4.863910423674034,0.03811864642073472,0.08385600660178054,0.01653564441940189,0.10039159843360625,0.01968855606932046,0.004103339207032677,0.8234187291938051,0.2815477175865838,0.032349655144857985,0.13690960193704713,1.0,VALID,pope,Temperature Scaling (TS),51
0.03480554069743511,3.480554069743511,0.04870203681893037,4.870203681893037,0.03678224392297839,0.08376880627237399,0.016622844748808444,0.10039159843360625,0.019985743158960373,0.004587765451893317,0.8234187291938051,0.28132266315967425,0.032335085212539846,0.13221425743305587,1.0,VALID,pope,Platt Scaling (1D),51
0.03301252490907195,3.301252490907195,0.04862732228724084,4.862732228724084,0.0358878976196396,0.08353148851474514,0.016860162506437293,0.10039159843360625,0.019558233076309654,0.003944819030815028,0.8234187291938051,0.2810963968094934,0.032349655144857985,0.13367492200291659,1.0,VALID,pope,Quadratic Platt (Logit-Only),51
0.032411651958362916,3.2411651958362917,0.04799979247144147,4.7999792471441465,0.03580370343943023,0.08341529711170353,0.016976353909478895,0.10039159843360625,0.019558233076309654,0.00382499553568477,0.8234187291938051,0.2807143541670915,0.032349655144857985,0.13409515433784722,1.0,VALID,pope,Beta Calibration,51
0.025911223289332375,2.5911223289332375,0.05256779944757796,5.256779944757796,0.026963869978442204,0.08696193781546942,0.013429713205713012,0.10039159843360625,0.013812740114075512,0.0016229651728490065,0.8234187291938051,0.2890828427485798,0.032335085212539846,0.10525134253182679,1.0,VALID,pope,Spline Calibration,51
0.027841125560722848,2.7841125560722846,0.051429382578163166,5.142938257816317,0.03547949589942397,0.08331180478515203,0.0170798462360304,0.10039159843360625,0.019910807667108198,0.0028142559363329885,0.8277608915906788,0.2776286669536721,0.03075329277368073,0.13583470894020697,0.9903590029442805,VALID,pope,Adaptive TS (ATS),51
0.00022584821587801063,0.022584821587801063,0.045991109637233483,4.599110963723349,0.00022584821587801063,0.10039164944102288,1.5801595448783345e-09,0.10039159843360625,0.0,5.100741661528049e-08,0.5,0.3531696371917637,0.10133105125676331,1.1102230246251565e-16,1.0,COLLAPSED,pope,Probability Margin (1D),51
0.005439992666118162,0.5439992666118162,0.043925937918497,4.3925937918497,0.018355725925226288,0.09437513012150321,0.0060165208996792174,0.10039159843360625,0.006077200290129322,6.0731978026282186e-05,0.6717325227963525,0.3266028495628672,0.07086411857921522,0.07054197771951534,0.4448483241935382,VALID,pope,MSSC (Multi-Scale Proxy),51
0.00021046035271654606,0.021046035271654606,0.08717322545646636,8.717322545646637,0.006987390710135402,0.10037216432224025,1.9486698942181024e-05,0.10039159843360625,0.0,4.4293560065572974e-08,0.6493703864524534,0.3530726708362721,0.058847947906695175,0.0002953615861130918,0.3871372846867099,COLLAPSED,pope,MSE-EIGEN (Multi-Scale),51
0.031220053219351698,3.1220053219351698,0.043218375895957936,4.321837589595794,0.03605068134644446,0.08376359056398192,0.016628060457200514,0.10039159843360625,0.02036924718417944,0.004536521629009505,0.8234187291938052,0.280751069462782,0.032314098789862744,0.13241190222247026,0.9993086380993048,VALID,pope,Residual Calibrator,51
0.02031022311577694,2.031022311577694,0.025321658947009707,2.5321658947009706,0.023703949474069723,0.08540668982251694,0.014984961198665492,0.10039159843360625,0.016769694730840026,0.002311450918938925,0.823346359820524,0.28172349652643813,0.031139071444615012,0.13421371949241384,0.9785015118547885,VALID,pope,Trajectory LR,51
0.01997284189747309,1.997284189747309,0.02917956250798413,2.917956250798413,0.024075594474978923,0.08537246939527554,0.015019181625906888,0.10039159843360625,0.017080142191845827,0.0017285196480639133,0.8224779273411491,0.2816992437685259,0.031355710785027496,0.13368243961469847,0.9781847355658229,VALID,pope,Trajectory LR (No Bias),51
0.01966219610281069,1.966219610281069,0.024873453973117236,2.4873453973117234,0.02327610186467756,0.0853014319673534,0.015090219053829027,0.10039159843360625,0.016250501458953376,0.0014836447479207602,0.8232739904472427,0.2814949689883831,0.031124479671451055,0.13326644980670788,0.9787019645064858,VALID,pope,Trajectory Platt (5D),51
0.025693351367734533,2.569335136773453,0.030753675496803152,3.075367549680315,0.02787941914571924,0.08470585033376599,0.015685800687416443,0.10039159843360625,0.018064070123115575,0.0036634125888468866,0.8271095672311477,0.279137856481619,0.030714425795555673,0.1461739333979506,0.953983309085534,VALID,pope,Trajectory Platt (17D),51
0.028691834388846447,2.8691834388846447,0.04576444047519874,4.576444047519874,0.03477134841167112,0.08336861036919994,0.017023040651982485,0.10039159843360625,0.020367359627772447,0.0031320174858773414,0.8281951078303661,0.27760150202277095,0.03066676018976574,0.13494431949142577,0.989434993769048,VALID,pope,VCPS-5D (Our Method),51
0.03870260046176062,3.870260046176062,0.045751921929810084,4.575192192981008,0.0369630886805096,0.0829705324266501,0.017421118594532325,0.10039159843360625,0.0238632565228141,0.006404108041484018,0.8287740628166159,0.2762578039934811,0.030644767073064884,0.1357314326516887,0.9773166557353781,VALID,pope,VCPS-17D (Our Method),51
0.11082763671875002,11.082763671875002,0.1065540877126512,10.655408771265119,0.09201948499572091,0.15663562355867322,0.0004854519423997672,0.15712018140589568,0.016124021658284138,0.017557703644773076,0.7014540337711069,0.5118431566111331,0.0990062633992084,0.19433392526388737,1.0,COLLAPSED,scienceqa,Naive Confidence (NC),42
0.08694686939662317,8.694686939662317,0.0975585635156076,9.75585635156076,0.0728613013845202,0.15292874967463893,0.004192325826434057,0.15712018140589568,0.017879337642916247,0.013553534284046459,0.7014540337711069,0.46339528758338094,0.0990062633992084,0.17308877459497085,1.0,VALID,scienceqa,Temperature Scaling (TS),42
0.03627100062119965,3.627100062119965,0.07456787048822662,7.456787048822662,0.023264158998915027,0.14502628246101287,0.012094793040060114,0.15712018140589568,0.014544303713612834,0.002421753323522626,0.7014540337711069,0.4493005796850696,0.0962226575692405,0.10437305758406555,1.0,VALID,scienceqa,Platt Scaling (1D),42
0.03177343927520456,3.177343927520456,0.04126942465286309,4.126942465286309,0.028225928008958897,0.14602994982374387,0.011091125677329117,0.15712018140589568,0.011675661963889921,0.0013942303465765726,0.67976980805311,0.4479762249048554,0.10146485035818958,0.10513632708678813,0.8503475360119093,VALID,scienceqa,Quadratic Platt (Logit-Only),42
0.030789289435472517,3.0789289435472518,0.07454209444339835,7.454209444339835,0.01891220440549267,0.1450824030043161,0.012038672496756886,0.15712018140589568,0.01310720407925128,0.0012908214923583602,0.7014540337711069,0.44843611217771817,0.0962226575692405,0.10550180143667441,1.0,VALID,scienceqa,Beta Calibration,42
0.033589064072588985,3.3589064072588983,0.07514432246232489,7.514432246232489,0.019918255547370492,0.14513630198592878,0.01198477351514421,0.15712018140589568,0.012667886991640096,0.0012539093964472052,0.7014540337711069,0.4482375738225122,0.0962226575692405,0.09029224627898214,1.0,VALID,scienceqa,Spline Calibration,42
0.08510260714709061,8.510260714709062,0.09407145578859068,9.407145578859067,0.07122124969430493,0.15233622764386487,0.004784847857208119,0.15712018140589568,0.016414136607475066,0.011847226775188716,0.7044847741376822,0.4608657934980728,0.09727381363327851,0.17355353799640105,0.9975911750059464,VALID,scienceqa,Adaptive TS (ATS),42
0.0009948414497324976,0.09948414497324976,0.07022505292204566,7.022505292204566,0.0009948414497324976,0.1571211711154058,-9.561433281235487e-08,0.15712018140589568,0.0,9.897095101058575e-07,0.5,0.4937328742876195,0.1903054211881936,1.1102230246251565e-16,1.0,COLLAPSED,scienceqa,Probability Margin (1D),42
0.01828854702730505,1.8288547027305049,0.05857686052343122,5.857686052343122,0.02311390325079234,0.15145465073351602,0.005666424767556966,0.15712018140589568,0.009590164499185016,0.0039246338268053285,0.5985351421561552,0.47781565812798826,0.14186763943646824,0.05602300723168169,0.4214305285689401,VALID,scienceqa,MSSC (Multi-Scale Proxy),42
0.010407285206073615,1.0407285206073615,0.09858919924632176,9.858919924632175,0.003114555382388995,0.1569984577243257,0.0001226177767472969,0.15712018140589568,0.0007063072142437228,0.0006593690487715516,0.6631728965218647,0.4933450355629299,0.10478635260095982,0.0013513581641707078,0.6753640225822484,COLLAPSED,scienceqa,MSE-EIGEN (Multi-Scale),42
0.03371128437010243,3.371128437010243,0.053894914961314204,5.38949149613142,0.023454566072101557,0.1447039060239748,0.0124171694770982,0.15712018140589568,0.015445417446128134,0.0031060570770992573,0.7036910088035792,0.4482533625708911,0.09515040400982253,0.10435715278375737,0.9981342620288794,VALID,scienceqa,Residual Calibrator,42
0.03727932733897349,3.727932733897349,0.049130196958021496,4.9130196958021495,0.02543777149876916,0.1445767003498188,0.0125443751512542,0.15712018140589568,0.014951430343055957,0.002570800005717389,0.7035827680762015,0.4469279267324167,0.09476492328655499,0.10739281470323896,0.9582650661499591,VALID,scienceqa,Trajectory LR,42
0.022623334881717912,2.2623334881717914,0.05345136941360856,5.345136941360856,0.02331105542785021,0.14489372484511284,0.012227350655960145,0.15712018140589568,0.0122203689020394,0.0010459480281615338,0.7013097128012701,0.4479039446316081,0.09542432385573595,0.1092404209368823,0.9569096971646014,VALID,scienceqa,Trajectory LR (No Bias),42
0.037269862350963426,3.7269862350963425,0.03969729840755464,3.969729840755464,0.025332371612717296,0.14455391636037546,0.012567159140697531,0.15712018140589568,0.014944457218266746,0.0025771520495614705,0.7036910088035792,0.44694067336478777,0.09472749470514485,0.10694691761535408,0.9582242495887368,VALID,scienceqa,Trajectory Platt (5D),42
0.043781944825535754,4.3781944825535755,0.05438360515094937,5.438360515094938,0.028803695613922774,0.14336451514220336,0.01375656035886963,0.15712018140589568,0.01705296437978353,0.0035739603408922733,0.7151284456631547,0.4435050322808035,0.09239732506362762,0.11611013377944321,0.933476941760841,VALID,scienceqa,Trajectory Platt (17D),42
0.03130766251019875,3.130766251019875,0.05861317117785131,5.861317117785131,0.023447087032896594,0.14456480983686162,0.012556265664211363,0.15712018140589568,0.014493743341633614,0.002869710954019262,0.7048094963198153,0.4473548460383151,0.09446918050258991,0.10606172920443335,0.9958235911463371,VALID,scienceqa,VCPS-5D (Our Method),42
0.02604916645865285,2.604916645865285,0.06622974219569192,6.622974219569191,0.02264521821233394,0.14461875975010996,0.012502315750963028,0.15712018140589568,0.015142140653460739,0.0016895796243604185,0.7038353297734161,0.44713091132730476,0.09485293447830101,0.10728227251979411,0.9858614347393801,VALID,scienceqa,VCPS-17D (Our Method),42
0.12575951183126088,12.575951183126088,0.12082272647392181,12.08227264739218,0.12238502786590844,0.1663473362381347,-0.009226260737061731,0.15712018140589568,0.00933382285916848,0.020397537951242127,0.6777312743541637,0.544583670970835,0.10413056654927745,0.19410585988008497,0.9999999999999999,COLLAPSED,scienceqa,Naive Confidence (NC),43
0.08506849842436927,8.506849842436926,0.09582520307756373,9.582520307756374,0.08036039544993953,0.15847841811904254,-0.0013573426179695758,0.15712018140589568,0.012807139048107007,0.014059339625901607,0.6777312743541637,0.47500637628298614,0.10413056654927745,0.17497653904782312,0.9999999999999999,COLLAPSED,scienceqa,Temperature Scaling (TS),43
0.05308825830715003,5.308825830715003,0.057008672661801874,5.700867266180188,0.04117701299715422,0.14855841824881916,0.008562657252253802,0.15712018140589568,0.012236673155295323,0.003841759570146766,0.6777312743541637,0.45744382380762055,0.10042805762670899,0.10810042817181909,0.9999999999999999,VALID,scienceqa,Platt Scaling (1D),43
0.016613576219649435,1.6613576219649435,0.06462774119291319,6.462774119291319,0.02503440147088388,0.14665236025741127,0.010468715243661691,0.15712018140589568,0.01038444055395997,0.0005457689065330284,0.6636238995526049,0.44709584781443784,0.10307474051537073,0.10805751148400927,0.9368368625348539,VALID,scienceqa,Quadratic Platt (Logit-Only),43
0.046194176009644906,4.619417600964491,0.05411455182063863,5.411455182063863,0.03719432981413109,0.14811377472531373,0.00900730077575923,0.15712018140589568,0.012088375642826285,0.0026464084282308603,0.6777312743541637,0.4552398559657717,0.10042805762670899,0.10873097781317166,0.9999999999999999,VALID,scienceqa,Beta Calibration,43
0.02778994999046408,2.7789949990464082,0.05372658878135425,5.372658878135425,0.026081082762683682,0.14671944930247166,0.0104016261986013,0.15712018140589568,0.010433068389633867,0.0011340489051652552,0.6737263674411893,0.4506725844811174,0.10117562752598021,0.09463140158228214,0.995992514249753,VALID,scienceqa,Spline Calibration,43
0.08822470834473232,8.822470834473233,0.09152194403799409,9.15219440379941,0.0771034072150732,0.15772067326442865,-0.0005995977633556915,0.15712018140589568,0.012514927980771598,0.013269225560948636,0.6806537739933614,0.4726405196008056,0.10302714167133618,0.1751666281993684,0.9972414809607764,COLLAPSED,scienceqa,Adaptive TS (ATS),43
0.0009948414497324976,0.09948414497324976,0.041601455086418736,4.1601455086418735,0.0009948414497324976,0.1571211711154058,-9.561433284011045e-08,0.15712018140589568,0.0,9.897095101058575e-07,0.5,0.4937328742876196,0.20461659579028163,1.1102230246251565e-16,1.0,COLLAPSED,scienceqa,Probability Margin (1D),43
0.010055882442269331,1.005588244226933,0.047240849159072805,4.72408491590728,0.017842194325296063,0.1534686887433622,0.0036523867577107627,0.15712018140589568,0.004241431807238941,0.0005899391447054827,0.5779152835907057,0.48328356410269024,0.20588618726833158,0.05978691830074401,0.39788271072011727,VALID,scienceqa,MSSC (Multi-Scale Proxy),43
0.0075519330982187554,0.7551933098218755,0.09099276674812011,9.09927667481201,0.0030083762550271367,0.1569966136872205,0.00012446181385245003,0.15712018140589568,0.0006274629592937497,0.0005972654532416529,0.658428344638476,0.49333875272580596,0.10837191681914664,0.0011790849011920005,0.6861713663747688,COLLAPSED,scienceqa,MSE-EIGEN (Multi-Scale),43
0.05015173559860512,5.015173559860512,0.062150498596361375,6.215049859636138,0.039079707263370726,0.14794986217639094,0.009171213324682015,0.15712018140589568,0.011256138347592906,0.0028122404364469976,0.6807980949631982,0.4558767135679302,0.0996419642333239,0.10851972496038924,0.9986922504419768,VALID,scienceqa,Residual Calibrator,43
0.04243404088267062,4.243404088267062,0.0648496141376019,6.48496141376019,0.03778659876628537,0.1465358481500091,0.010585227351063847,0.15712018140589568,0.01343275686824786,0.0030942351112204303,0.6892408716986578,0.4518588121689507,0.09750697256095293,0.1091606384760324,0.976147742982022,VALID,scienceqa,Trajectory LR,43
0.045016430209943004,4.5016430209943,0.05516270388834207,5.516270388834207,0.03682784225106392,0.14715877483748488,0.00996230066358808,0.15712018140589568,0.012192858012135122,0.0025270118007167373,0.6853442055130611,0.4534479051144386,0.09853803793312547,0.10991269215355569,0.9747159240455688,VALID,scienceqa,Trajectory LR (No Bias),43
0.04195381885483152,4.195381885483152,0.06476741234461468,6.476741234461468,0.037727983419554086,0.14651091158310103,0.010610163917971926,0.15712018140589568,0.013304300542937842,0.003075925132054564,0.6893491124260354,0.4518689152981918,0.09748282166155266,0.1087613546825604,0.9759757303450862,VALID,scienceqa,Trajectory Platt (5D),43
0.06707119189557575,6.7071191895575755,0.06519458790620167,6.519458790620167,0.04765965933631118,0.14850046455321292,0.008620610947860041,0.15712018140589568,0.0179287432144575,0.009490161777125484,0.6861379708471641,0.4560030292341136,0.09854399637427097,0.11854045906116507,0.938463812900779,VALID,scienceqa,Trajectory Platt (17D),43
0.05077728555884356,5.077728555884356,0.05974175800057486,5.974175800057486,0.039095826989548166,0.14788095275620364,0.009240122744869322,0.15712018140589568,0.011464246806662746,0.0030361683045242093,0.6814836195699234,0.4553082453171537,0.09938358321493491,0.10975341646915057,0.9965082406524818,VALID,scienceqa,VCPS-5D (Our Method),43
0.0357607263733636,3.5760726373363596,0.06588092911700016,6.588092911700016,0.03554328681090288,0.1475496939210121,0.00957138158006085,0.15712018140589568,0.011355147594817405,0.0018187808283821566,0.6836123538750181,0.4542467084177775,0.09877575607216285,0.1111276442731368,0.9927741734849485,VALID,scienceqa,VCPS-17D (Our Method),43
0.11892190398204892,11.892190398204892,0.11762054016192755,11.762054016192755,0.11704736023652902,0.1630425886390654,-0.00592151313799244,0.15712018140589568,0.01269260428678633,0.020038924850669864,0.6917664886708038,0.5175876230080466,0.10054916099699261,0.19541561861991097,0.9999999999999999,COLLAPSED,scienceqa,Naive Confidence (NC),44
0.085421655790215,8.5421655790215,0.08572312235278196,8.572312235278195,0.07278830111067855,0.15565273237603655,0.0014683431250364087,0.15712018140589568,0.015136799853670353,0.014015474097856046,0.6917664886708038,0.46602812381556286,0.10054916099699261,0.1740061624236897,0.9999999999999999,VALID,scienceqa,Temperature Scaling (TS),44
0.049708281336122206,4.970828133612221,0.059672007563508246,5.967200756350825,0.040161361664579294,0.1464010882581209,0.010719987242952062,0.15712018140589568,0.013807387999348365,0.004198178529370568,0.6917664886708038,0.4506622832347405,0.09587232649664107,0.1059194753925319,0.9999999999999999,VALID,scienceqa,Platt Scaling (1D),44
0.013357614453075458,1.3357614453075457,0.05125084483316365,5.125084483316365,0.022852257701915152,0.14449447160843126,0.012626603892641697,0.15712018140589568,0.012117968746637443,0.0002961701468757291,0.6917664886708039,0.4416339811688247,0.09619601148354463,0.10563236520516824,0.906689947221923,VALID,scienceqa,Quadratic Platt (Logit-Only),44
0.0350873778308011,3.5087377830801096,0.055904222559836333,5.590422255983634,0.03434100316873334,0.14583598036641748,0.011285095134655476,0.15712018140589568,0.01287121196347369,0.0014602950803010635,0.6917664886708038,0.4481445262208815,0.09587232649664107,0.10632111781021521,0.9999999999999999,VALID,scienceqa,Beta Calibration,44
0.023687614840829426,2.3687614840829427,0.049312726059616695,4.931272605961669,0.02765305821494471,0.14512309647407862,0.011997979026994343,0.15712018140589568,0.01236222226265659,0.0008697925439819621,0.6917664886708038,0.4469912295441859,0.09587232649664107,0.08985991574237935,0.9999999999999999,VALID,scienceqa,Spline Calibration,44
0.07738319738049983,7.738319738049983,0.08986959107742908,8.986959107742907,0.06976489557061223,0.15474489687680335,0.002376178624269615,0.15712018140589568,0.014263448657895647,0.013436282439880627,0.695735315341319,0.4626841951939196,0.09870877196052064,0.174633485802712,0.9981007342931163,VALID,scienceqa,Adaptive TS (ATS),44
0.0009948414497321645,0.09948414497321645,0.055939338636331354,5.5939338636331355,0.0009948414497321645,0.1571211711154058,-9.561433284011045e-08,0.15712018140589568,0.0,9.897095101051947e-07,0.5,0.49373287428761964,0.15704625639351735,1.1102230246251565e-16,1.0,COLLAPSED,scienceqa,Probability Margin (1D),44
0.015426907053317507,1.5426907053317507,0.06449148580945699,6.449148580945699,0.021596153338975296,0.15498055736532348,0.002140518135749475,0.15712018140589568,0.0025990713745815794,0.00045944733400938583,0.5664237263674412,0.48734132072874736,0.1581155892440364,0.06418083700067514,0.48304091304398783,VALID,scienceqa,MSSC (Multi-Scale Proxy),44
0.0065486247893729,0.65486247893729,0.10607460663274033,10.607460663274033,0.0040399594257118756,0.15702103530818584,0.00010004019288711863,0.15712018140589568,0.0002822738290718586,0.0002549029017828644,0.6694688988310001,0.4934157385488986,0.10069382661551365,0.0012912390351530513,0.6751554309102822,COLLAPSED,scienceqa,MSE-EIGEN (Multi-Scale),44
0.054712351407469474,5.4712351407469475,0.06513355548904944,6.5133555489049435,0.04212602747729111,0.14625718553865272,0.010863889962420242,0.15712018140589568,0.015973607546150403,0.00581008720392779,0.69147784673113,0.4499609345677014,0.09559789405838967,0.10771700601325507,0.9974998238571161,VALID,scienceqa,Residual Calibrator,44
0.04924521648688802,4.924521648688802,0.07116191204173239,7.116191204173239,0.04331176048574316,0.14624587264420577,0.010875202856867189,0.15712018140589568,0.016430106804172496,0.00619420287788438,0.697611487949199,0.4495261556390927,0.09392349082234987,0.1123578261322926,0.9593875248725899,VALID,scienceqa,Trajectory LR,44
0.043946535236446274,4.394653523644627,0.07092862975628475,7.092862975628475,0.04081970089740239,0.14658845566541245,0.010532619835660506,0.15712018140589568,0.013130520312097983,0.003078253487159691,0.6974671669793621,0.4506500874019246,0.09458272860650697,0.11508666724879706,0.9558855613855926,VALID,scienceqa,Trajectory LR (No Bias),44
0.04941797866707757,4.9417978667077564,0.07123853521687641,7.123853521687641,0.04336968893363366,0.14625461789752056,0.010866457603552399,0.15712018140589568,0.016430106804172496,0.006196048743000582,0.6976836484341176,0.449617452292588,0.0939055777038095,0.11204404537929914,0.9591795547917749,VALID,scienceqa,Trajectory Platt (5D),44
0.0474686958250545,4.74686958250545,0.07119002590576808,7.119002590576808,0.036699575587418785,0.1455305089303128,0.011590566570760158,0.15712018140589568,0.017731147445132617,0.006757542828898772,0.7086881223841823,0.4468357885592587,0.09096682093123677,0.11957514028116124,0.9382783996993828,VALID,scienceqa,Trajectory Platt (17D),44
0.04408071028548994,4.408071028548994,0.06393675246102443,6.393675246102442,0.04234458038230493,0.14599555494101063,0.01112552056006233,0.15712018140589568,0.015199004950059419,0.004823051107850038,0.6945085870977054,0.4488074427262557,0.09423995817742575,0.10811186226581421,0.9957920072433193,VALID,scienceqa,VCPS-5D (Our Method),44
0.053390755587085614,5.339075558708561,0.08208037659334083,8.208037659334083,0.041565767922247775,0.1455979540774123,0.01152312142366066,0.15712018140589568,0.0157999309894386,0.004439545961861889,0.6959517967960746,0.44754411101828534,0.09399104007369397,0.10881499414468092,0.9903031520262909,VALID,scienceqa,VCPS-17D (Our Method),44
0.13410171390998932,13.410171390998931,0.13906380229053042,13.906380229053042,0.1297697805556408,0.17558592140161922,-0.0184648459005462,0.15712018140589568,0.006901490928378912,0.025852281849343635,0.6372492423149084,0.5868534117985433,0.11944480733435525,0.1927813454860468,0.9999999999999999,COLLAPSED,scienceqa,Naive Confidence (NC),45
0.10191960322334678,10.191960322334678,0.11719232014310256,11.719232014310256,0.10612465186835497,0.1671769312819211,-0.010055855780848083,0.15712018140589568,0.00982086657411873,0.01892721183219718,0.6372492423149084,0.5014756616836897,0.11944480733435525,0.17516587592668562,0.9999999999999999,COLLAPSED,scienceqa,Temperature Scaling (TS),45
0.05212756053621995,5.212756053621995,0.08413375783143666,8.413375783143666,0.054406087684738355,0.15414398283283992,0.0029770926682330945,0.15712018140589568,0.009782360394282846,0.006410440570840642,0.6372492423149084,0.47541748875167344,0.11418476147142365,0.11275514098868056,0.9999999999999999,VALID,scienceqa,Platt Scaling (1D),45
0.04761912386738505,4.761912386738505,0.05782834531082997,5.7828345310829965,0.0431127808084425,0.15069559395801316,0.006425481543059858,0.15712018140589568,0.010847132884208334,0.004903823365714284,0.6417592726223119,0.46526044719106197,0.11332386797284334,0.11151808848420998,0.9491613574097034,VALID,scienceqa,Quadratic Platt (Logit-Only),45
0.055356140512365856,5.5356140512365855,0.07977275491087864,7.977275491087863,0.054110522190564385,0.15340279466870652,0.0037182808323664995,0.15712018140589568,0.009602106362696544,0.005407900307359981,0.6372492423149084,0.4731399257361452,0.11418476147142365,0.11336279638490972,0.9999999999999999,VALID,scienceqa,Beta Calibration,45
0.045958629033428726,4.595862903342873,0.06811618015935723,6.811618015935723,0.03978127693011877,0.15054088662916856,0.006580188871904452,0.15712018140589568,0.009835279111741733,0.0028663322410120294,0.6372492423149084,0.465090390942501,0.11418476147142365,0.09859271453165734,0.9999999999999999,VALID,scienceqa,Spline Calibration,45
0.09823781841909225,9.823781841909225,0.10738286817885544,10.738286817885543,0.10447039051492318,0.1669071033621107,-0.009786027861037688,0.15712018140589568,0.009629710453693624,0.018772335421113017,0.6369245201327753,0.499906341291045,0.11869417338118554,0.17533277402225697,0.9970006308749726,COLLAPSED,scienceqa,Adaptive TS (ATS),45
0.0009948414497321645,0.09948414497321645,0.0582942063851845,5.8294206385184495,0.0009948414497321645,0.1571211711154058,-9.56143327845993e-08,0.15712018140589568,0.0,9.897095101051947e-07,0.5,0.49373287428761964,0.16959011905288462,1.1102230246251565e-16,1.0,COLLAPSED,scienceqa,Probability Margin (1D),45
0.010572027875467781,1.0572027875467782,0.06634410567522465,6.634410567522465,0.017564675905600586,0.15218277247622136,0.0049383030248516535,0.15712018140589568,0.005877616347140738,0.0009402074174664144,0.5955765622744986,0.47952331038226587,0.15200168064527103,0.05892507445089399,0.4424429243050777,VALID,scienceqa,MSSC (Multi-Scale Proxy),45
0.0036803367650657614,0.36803367650657615,0.0890000440336867,8.900004403368671,0.0037585643079982287,0.15701365382692326,0.00010742167414976023,0.15712018140589568,8.820194744564499e-05,7.309609798065329e-05,0.6356977918891615,0.4933932081533937,0.11635010441542655,0.001313086704878491,0.6561264924566302,COLLAPSED,scienceqa,MSE-EIGEN (Multi-Scale),45
0.056924234532041276,5.692423453204127,0.06956740910446732,6.956740910446732,0.054345319930901984,0.15385707021865086,0.0032640052824221555,0.15712018140589568,0.009458184316779238,0.006815486840001925,0.6388367729831144,0.47447949032598186,0.1136098750354352,0.1129200073530251,0.9981627689823315,VALID,scienceqa,Residual Calibrator,45
0.06200732269730065,6.200732269730065,0.07869451625475492,7.869451625475492,0.06085388138164233,0.15432424319179178,0.0027968323092812386,0.15712018140589568,0.01035550984209578,0.006969591486823305,0.6323423293404533,0.4754031346734249,0.11519273712084194,0.11747943905588587,0.9659497583805544,VALID,scienceqa,Trajectory LR,45
0.05599460814423056,5.599460814423056,0.06666310348162172,6.666310348162171,0.055603640150587046,0.15470052938037668,0.0024205461206963375,0.15712018140589568,0.008077510205947127,0.005514629685909671,0.632630971280127,0.4763176160411241,0.11501819345695076,0.11891651826519356,0.9610200252188017,VALID,scienceqa,Trajectory LR (No Bias),45
0.06147300203641255,6.147300203641255,0.07374974517595201,7.3749745175952,0.06031339047423055,0.15422900680316307,0.0028920686979099497,0.15712018140589568,0.010312198250014226,0.006658837202262876,0.6327031317650456,0.4751810641762581,0.11511426812729977,0.11703971713100651,0.9658017173728713,VALID,scienceqa,Trajectory Platt (5D),45
0.05331740400620869,5.331740400620869,0.08351160337527591,8.351160337527592,0.05641063886147916,0.15484791028450048,0.0022731652165725313,0.15712018140589568,0.008937486697068578,0.006078224436668061,0.6465579448693896,0.47525606189824404,0.11137117431453457,0.12481124240795206,0.9199047937589538,VALID,scienceqa,Trajectory Platt (17D),45
0.06607247165262137,6.6072471652621365,0.06632767498899912,6.632767498899912,0.05607511469036108,0.15400470588425572,0.0031163696168172994,0.15712018140589568,0.009347973107371604,0.006818913372086607,0.6382234088613075,0.47430020724430416,0.11319061849535704,0.1149649779914324,0.9955450022797342,VALID,scienceqa,VCPS-5D (Our Method),45
0.059630303412468,5.9630303412467995,0.07221950267116166,7.221950267116166,0.0562724851936222,0.15363417316888156,0.003486902332191455,0.15712018140589568,0.00973833088804858,0.006408553393442716,0.6388728532255736,0.47335527376439945,0.11304363725292292,0.11651068768049792,0.9875310274677618,VALID,scienceqa,VCPS-17D (Our Method),45
0.13013860391719,13.013860391719001,0.12449465826863337,12.449465826863337,0.130135126132887,0.16982276519618783,-0.012701689695114843,0.15712018140589568,0.009700749648326675,0.02461119898707987,0.6662216770096696,0.5366360681345812,0.10649317367118513,0.1949304669658977,0.9999999999999999,COLLAPSED,scienceqa,Naive Confidence (NC),46
0.1086887156256989,10.86887156256989,0.1124439225545356,11.24439225545356,0.09192570982615847,0.16155341479278815,-0.004432339291715159,0.15712018140589568,0.013527400749211115,0.018250877410288115,0.6662216770096696,0.4790938397258688,0.10649317367118513,0.17463434663367608,0.9999999999999999,COLLAPSED,scienceqa,Temperature Scaling (TS),46
0.04585708782089994,4.585708782089994,0.07260895077040888,7.260895077040888,0.05287004996071759,0.14959032648608933,0.0075307490149836565,0.15712018140589568,0.011742774003171832,0.0045158387218059756,0.6662216770096696,0.4586615632584764,0.10116940033369079,0.10851411786463747,0.9999999999999999,VALID,scienceqa,Platt Scaling (1D),46
0.0405845043765834,4.0584504376583395,0.055651495807367085,5.565149580736708,0.03680612513209692,0.1461905859091821,0.010930489591890885,0.15712018140589568,0.01251199470089617,0.0021413973590756505,0.6617116467022658,0.4447050809478038,0.10202379079965235,0.1067397784212993,0.964829246683452,VALID,scienceqa,Quadratic Platt (Logit-Only),46
0.044855194649302835,4.485519464930284,0.06890969199115844,6.890969199115844,0.049212030555529425,0.1487517020487688,0.00836937345230418,0.15712018140589568,0.01149635992180404,0.002932220480682546,0.6662216770096696,0.45533659871751514,0.10116940033369079,0.10884607177225143,0.9999999999999999,VALID,scienceqa,Beta Calibration,46
0.03777860222828666,3.777860222828666,0.06015892578431144,6.015892578431144,0.03969393212944833,0.14684907214647677,0.010272003354596215,0.15712018140589568,0.011638314506593602,0.0015835633763996405,0.6635517390676865,0.4511327926566454,0.10096001819725245,0.09233898335666021,0.9945573966839514,VALID,scienceqa,Spline Calibration,46
0.1048264690456543,10.482646904565431,0.1141987792790803,11.419877927908031,0.09046104045510513,0.1610753294931552,-0.003954253992082213,0.15712018140589568,0.014417288420744644,0.01795298210922277,0.6679174484052532,0.47735709712224633,0.10607432645961738,0.1752415870511472,0.9979836296448068,COLLAPSED,scienceqa,Adaptive TS (ATS),46
0.0009948414497324976,0.09948414497324976,0.06546314816014089,6.546314816014089,0.0009948414497324976,0.1571211711154058,-9.561433281235487e-08,0.15712018140589568,0.0,9.897095101058575e-07,0.5,0.4937328742876195,0.16188582390077008,1.1102230246251565e-16,1.0,COLLAPSED,scienceqa,Probability Margin (1D),46
0.0035504909293725307,0.35504909293725306,0.06056826770850676,6.056826770850677,0.013967944616363708,0.15325094074509898,0.003870134755974003,0.15712018140589568,0.0039076029688291745,3.836230803247083e-05,0.5812707461394141,0.4824582272580436,0.1591394392720216,0.057469562562970915,0.3727240684349822,VALID,scienceqa,MSSC (Multi-Scale Proxy),46
0.00849703283404985,0.849703283404985,0.093554333091023,9.355433309102299,0.002714068949427564,0.15698334117277474,0.00013773432829825016,0.15712018140589568,0.0009227871939736348,0.000886875720137046,0.6627940539760427,0.49329753994838804,0.1055550085753171,0.0011616811859320147,0.6479293290454351,COLLAPSED,scienceqa,MSE-EIGEN (Multi-Scale),46
0.059231117396859205,5.92311173968592,0.07432258562784151,7.432258562784151,0.05151985525307786,0.1492683349324736,0.007852740568599387,0.15712018140589568,0.013416757579339779,0.006270643513222256,0.668819454466734,0.45751702564108304,0.10035331854714968,0.10893276508583362,0.9978892008620067,VALID,scienceqa,Residual Calibrator,46
0.048228404516520135,4.822840451652014,0.07198770796328781,7.198770796328781,0.04843635254210551,0.14881469880247788,0.008306376698595103,0.15712018140589568,0.011764389141236429,0.003712979622148847,0.6759633424736613,0.4557926559403309,0.09877921085932403,0.11138316723777891,0.9663363818874904,VALID,scienceqa,Trajectory LR,46
0.03956941226190577,3.9569412261905774,0.06704635933221802,6.704635933221802,0.043790378488887914,0.14798433000341027,0.009136745497662718,0.15712018140589568,0.01312945737333596,0.003953306317830444,0.6835762736325588,0.4535367868467459,0.09689411630413215,0.11376212233173928,0.9628911080642665,VALID,scienceqa,Trajectory LR (No Bias),46
0.04820362478494645,4.820362478494645,0.06987218409776687,6.987218409776687,0.048244317214913235,0.14878085085004286,0.008340224651030126,0.15712018140589568,0.011789943572528945,0.003660179099276771,0.6762159041708758,0.45578701514604253,0.09873347105149691,0.11093299089800902,0.9661757071833093,VALID,scienceqa,Trajectory Platt (5D),46
0.06494729213771366,6.494729213771366,0.06938828180233637,6.938828180233638,0.05226704328523008,0.1529642532681492,0.004156822232923796,0.15712018140589568,0.013329344645713588,0.010058445731877223,0.662830134218502,0.46598438365227346,0.10269597439131148,0.1179338993763198,0.9339926611180982,VALID,scienceqa,Trajectory Platt (17D),46
0.057093791703156135,5.709379170315613,0.07446159701417773,7.446159701417773,0.051608734773748534,0.1491802407097471,0.007940834791325901,0.15712018140589568,0.012753954041651205,0.00594553588033703,0.6692163371337856,0.4568440689482988,0.10031270061100156,0.11044585076751852,0.9962809960859835,VALID,scienceqa,VCPS-5D (Our Method),46
0.05865264259033338,5.865264259033338,0.08656602095658962,8.656602095658963,0.052141960794739595,0.14880540809768922,0.00831566740338377,0.15712018140589568,0.013440218412370685,0.006076809707063209,0.6698297012555924,0.45526529764498774,0.09972879821647676,0.11148378630473257,0.9924282045654614,VALID,scienceqa,VCPS-17D (Our Method),46
0.09824795162393933,9.824795162393933,0.09005743896677379,9.005743896677378,0.08450186951949999,0.14916091626069589,0.007960159240377102,0.15712018140589568,0.02144621037549401,0.014881008434325178,0.7380213595035359,0.4585786368028156,0.08533462913542629,0.19889291440329307,0.9999999999999999,VALID,scienceqa,Naive Confidence (NC),47
0.08423155585674824,8.423155585674824,0.08312149132752668,8.312149132752667,0.0785010331249631,0.14753074919477469,0.009590326306298302,0.15712018140589568,0.020860640841749566,0.012075768379467146,0.7380213595035359,0.4455629949914568,0.08533462913542629,0.17235504849935937,0.9999999999999999,VALID,scienceqa,Temperature Scaling (TS),47
0.033265001108024495,3.3265001108024492,0.07762786872242705,7.762786872242705,0.027868681841488104,0.14103070390065425,0.016090371600418735,0.15712018140589568,0.019802222824280062,0.0027507751807264516,0.7380213595035359,0.43646664656330947,0.08241308139703776,0.1002572446842756,0.9999999999999999,VALID,scienceqa,Platt Scaling (1D),47
0.022673688715052757,2.2673688715052758,0.054992720522882794,5.49927205228828,0.034780612856629554,0.14316896380422137,0.013952111696851621,0.15712018140589568,0.014613986104363604,0.0010506967101870024,0.6859214893924087,0.43615440341601774,0.09407104973493922,0.09988868921436117,0.768940543070782,VALID,scienceqa,Quadratic Platt (Logit-Only),47
0.05405519542012238,5.405519542012238,0.07625851760522497,7.6258517605224965,0.02259377686523181,0.14109534552890637,0.016025729972166614,0.15712018140589568,0.019108687078991212,0.003873079337034571,0.7380213595035359,0.435227526987752,0.08241308139703776,0.10071232785824409,0.9999999999999999,VALID,scienceqa,Beta Calibration,47
0.040472247501443896,4.047224750144389,0.06396370195192785,6.396370195192786,0.037220585414675045,0.14293216532232195,0.01418891017875104,0.15712018140589568,0.015577102413837104,0.0021951104253444226,0.7334030884687546,0.4405750197125172,0.08435931613537084,0.08326284669894748,0.9943794189549124,VALID,scienceqa,Spline Calibration,47
0.07584863133089723,7.584863133089723,0.07956280630014803,7.9562806300148035,0.07704935530367059,0.1466895060883066,0.010431569412766378,0.15712018140589568,0.021042240950270942,0.010692823083011171,0.7409799393851926,0.44253040894011575,0.08417046489563532,0.17292894875253748,0.9978985951491464,VALID,scienceqa,Adaptive TS (ATS),47
0.0009948414497324976,0.09948414497324976,0.055991507900529716,5.599150790052971,0.0009948414497324976,0.1571211711154058,-9.561433281235487e-08,0.15712018140589568,0.0,9.897095101058575e-07,0.5,0.4937328742876195,0.2003750480508856,2.220446049250313e-16,1.0,COLLAPSED,scienceqa,Probability Margin (1D),47
0.0238012638364051,2.38012638364051,0.061136697580583384,6.113669758058339,0.025768555081060435,0.15118947131585989,0.005931604185213102,0.15712018140589568,0.006601255886970173,0.0006705457969343918,0.6130033193823062,0.4762825794317177,0.1928709313797472,0.05666365415635545,0.42136157956416104,VALID,scienceqa,MSSC (Multi-Scale Proxy),47
0.006671971188007048,0.6671971188007048,0.11533461816034293,11.533461816034293,0.003935129389497045,0.1570205538845809,0.00010052161649209967,0.15712018140589568,0.00031689624440157444,0.00035793539390026124,0.6855246067253572,0.49341243698418125,0.09521700143664176,0.0015393151338679435,0.5915409303421707,COLLAPSED,scienceqa,MSE-EIGEN (Multi-Scale),47
0.036590622271215754,3.6590622271215754,0.05491563755015412,5.491563755015412,0.0277870750047189,0.14065437892693747,0.01646669657413552,0.15712018140589568,0.019347376843776794,0.0036263488541297424,0.7402583345360081,0.435207588661328,0.08150395958905589,0.10082942270676928,0.997407500690399,VALID,scienceqa,Residual Calibrator,47
0.045014870453799385,4.501487045379939,0.06895664875929454,6.895664875929454,0.028582626832417142,0.14015543937025274,0.01696563613082025,0.15712018140589568,0.01967984452670553,0.003115775984110434,0.7416654639919179,0.4333174111984319,0.08106379179117743,0.1049708867226943,0.9496356069397867,VALID,scienceqa,Trajectory LR,47
0.032163598015579845,3.2163598015579846,0.05533148546175638,5.533148546175639,0.02311831544120709,0.140084265132324,0.01703681036874899,0.15712018140589568,0.020098666481771627,0.0025712494554991235,0.7439024390243902,0.43319612080399733,0.08078428688006009,0.10845429477132335,0.9446689445113472,VALID,scienceqa,Trajectory LR (No Bias),47
0.04478973831449233,4.478973831449233,0.06909421739124112,6.909421739124112,0.028636016388708586,0.14017154815017974,0.01694952735089325,0.15712018140589568,0.019784030143281662,0.003090625328078298,0.7415211430220812,0.4334548988223852,0.08107852004824474,0.10455207797200392,0.9492220963351751,VALID,scienceqa,Trajectory Platt (5D),47
0.04325905364184151,4.325905364184151,0.05945265101534981,5.9452651015349804,0.032501456423319905,0.14138653854608169,0.0157345369549913,0.15712018140589568,0.020855499381182044,0.0042326120120364,0.7428200317506134,0.4353376220185925,0.08083263085736808,0.11230322829647083,0.8994931134206299,VALID,scienceqa,Trajectory Platt (17D),47
0.03698494807724662,3.6984948077246624,0.06389099927408141,6.389099927408141,0.028508324717105415,0.14036804130662212,0.016753034194450872,0.15712018140589568,0.018686771150617648,0.0034484313857740824,0.7414850627796218,0.4340060928095171,0.0810119395216713,0.10197543867988115,0.9955427346931833,VALID,scienceqa,VCPS-5D (Our Method),47
0.03629979068616078,3.6299790686160778,0.06330521835058507,6.330521835058507,0.031596155466010384,0.14018366071148022,0.016937414789592764,0.15712018140589568,0.01909180107885572,0.0029939940878653463,0.7410881801125705,0.432915750064735,0.08073119904521085,0.10224424045724545,0.9821366010335335,VALID,scienceqa,VCPS-17D (Our Method),47
0.11898701098703204,11.898701098703205,0.12176785802557354,12.176785802557353,0.11152362209218997,0.16107887587979222,-0.003957800378719234,0.15712018140589568,0.013463713170010164,0.018361320175487188,0.6818083417520565,0.5354224511876778,0.10423221794659186,0.1883829477976865,0.9999999999999999,COLLAPSED,scienceqa,Naive Confidence (NC),48
0.07015465873744377,7.015465873744377,0.09132524852198262,9.132524852198262,0.06859262753024575,0.155496039758313,0.0016250357427599893,0.15712018140589568,0.01380154894490699,0.011771148163395875,0.6818083417520565,0.47165621875235375,0.10423221794659186,0.1718658346269159,0.9999999999999999,VALID,scienceqa,Temperature Scaling (TS),48
0.04681426925347361,4.681426925347361,0.051426678924893394,5.14266789248934,0.029135686326424572,0.14719187259685215,0.009929202904220835,0.15712018140589568,0.012935774760450935,0.003819943893271028,0.6818083417520565,0.45571770246832055,0.10197166630193344,0.10573864792720042,0.9999999999999999,VALID,scienceqa,Platt Scaling (1D),48
0.012594495804096769,1.2594495804096768,0.042893495136395066,4.289349513639507,0.016934583612220243,0.14702231771253324,0.010098757788539747,0.15712018140589568,0.009205354455591015,0.00017363433070663193,0.6730769230769231,0.45379182687934605,0.10371435281957266,0.10950470389986369,0.8793690926333402,VALID,scienceqa,Quadratic Platt (Logit-Only),48
0.032174796640043184,3.217479664004318,0.04986865012842407,4.986865012842407,0.024417496063195564,0.14702167099769692,0.01009940450337607,0.15712018140589568,0.011499144121455761,0.001695340570709969,0.6818083417520565,0.4546240785868575,0.10197166630193344,0.10746383300759049,0.9999999999999999,VALID,scienceqa,Beta Calibration,48
0.011215536897757837,1.1215536897757836,0.041723510750236205,4.17235107502362,0.013793327501402618,0.14673064519945211,0.010390430301620873,0.15712018140589568,0.008813251143716998,0.0001648237333151488,0.6818083417520565,0.4535153838517676,0.10197166630193344,0.09341185745277324,0.9999999999999999,VALID,scienceqa,Spline Calibration,48
0.0765690191912173,7.656901919121729,0.09151188779389817,9.151188779389816,0.06743327977238991,0.15474965712905828,0.002371418372014711,0.15712018140589568,0.014839618432078002,0.011723650051583817,0.6841174772694473,0.4686389198691238,0.10295423062116987,0.1718205455543821,0.9979674325980143,VALID,scienceqa,Adaptive TS (ATS),48
0.0009948414497324976,0.09948414497324976,0.05593933863633135,5.593933863633135,0.0009948414497324976,0.15712117111540577,-9.56143327845993e-08,0.15712018140589568,0.0,9.897095101058575e-07,0.5,0.4937328742876196,0.2164893665855304,2.220446049250313e-16,1.0,COLLAPSED,scienceqa,Probability Margin (1D),48
0.012272159637459607,1.2272159637459608,0.03642455187152683,3.642455187152683,0.018172148740386074,0.15202644025852124,0.005094635242551743,0.15712018140589568,0.005963486249200534,0.0008697451018260731,0.5966950497907346,0.47899470053859267,0.14977703202100445,0.055480046133470115,0.44791904432693935,VALID,scienceqa,MSSC (Multi-Scale Proxy),48
0.002959594126345309,0.2959594126345309,0.10763999724517985,10.763999724517985,0.002177788555397335,0.15697498044663333,0.00014609505443965998,0.15712018140589568,0.00015497845529128092,0.0001740219087190436,0.7048636166835042,0.4932696184436961,0.09355214970537915,0.0011698891244960917,0.6780522727291133,COLLAPSED,scienceqa,MSE-EIGEN (Multi-Scale),48
0.04125270545695851,4.125270545695852,0.052786704697714765,5.278670469771477,0.027142747078653034,0.1467317378877025,0.010389337613370492,0.15712018140589568,0.012060541388272488,0.0026353431676170236,0.6847669216337133,0.4542179246327303,0.10100240665348312,0.10640995210768646,0.998605920182573,VALID,scienceqa,Residual Calibrator,48
0.021493261416302735,2.1493261416302736,0.050907511875347526,5.090751187534752,0.019668372220429255,0.1455589504752384,0.011562125025834591,0.15712018140589568,0.012480131775770474,0.0010976803715110584,0.6970342040698514,0.4499709097857439,0.09714832907618241,0.109300596439893,0.9728542354872436,VALID,scienceqa,Trajectory LR,48
0.033353046174644026,3.3353046174644025,0.044403383626786704,4.440338362678671,0.02186703017685927,0.1462366588734645,0.0108844166276085,0.15712018140589568,0.011908190558474925,0.002488689409500447,0.69429210564295,0.4514421200402424,0.09759919085073887,0.11008924177328322,0.9695868052378009,VALID,scienceqa,Trajectory LR (No Bias),48
0.025171054402987156,2.5171054402987156,0.050827269752820335,5.082726975282034,0.01949402513389843,0.14554010680280216,0.011580968698270827,0.15712018140589568,0.01284213587993335,0.0012767521159923914,0.6971063645547698,0.449975908316019,0.09715100037058298,0.10886041473707775,0.9727635320252057,VALID,scienceqa,Trajectory Platt (5D),48
0.019420828705742268,1.9420828705742268,0.04636482340948922,4.6364823409489215,0.018819382279885295,0.14534401379008727,0.01177706171098572,0.15712018140589568,0.01240148887292883,0.0017964877018335464,0.6971063645547697,0.4504884491146646,0.09820120325742274,0.1124951012514971,0.9404611137251344,VALID,scienceqa,Trajectory Platt (17D),48
0.04189422693670935,4.1894226936709344,0.05539101171892517,5.539101171892518,0.028188935105884813,0.14650805715605297,0.010613018345020014,0.15712018140589568,0.01212213827457741,0.0027325395365575176,0.6862822918170011,0.4530828435028162,0.10026861208937213,0.10754655832089116,0.9970255743270329,VALID,scienceqa,VCPS-5D (Our Method),48
0.032858104149732795,3.2858104149732794,0.048801442547287265,4.880144254728727,0.02637911681664193,0.1460991067470727,0.0110219687540003,0.15712018140589568,0.0123302688407218,0.0024615459671093846,0.6890243902439025,0.45183678296123203,0.09944897584811292,0.10863765773883145,0.9905702413278985,VALID,scienceqa,VCPS-17D (Our Method),48
0.10869089365005494,10.869089365005493,0.11480326567377364,11.480326567377364,0.1107575214259851,0.16382387892545408,-0.006702803424381093,0.15712018140589568,0.012314041672196017,0.020098585454566192,0.6817001010246789,0.5253101666173517,0.1031721912990895,0.196773491152926,0.9999999999999999,COLLAPSED,scienceqa,Naive Confidence (NC),49
0.10170141094024457,10.170141094024457,0.09860837020014683,9.860837020014683,0.08334479163216633,0.15842136629346942,-0.0013002907923964357,0.15712018140589568,0.015464683005193765,0.01706928414393275,0.6817001010246789,0.4746674643348305,0.1031721912990895,0.1736274343134202,0.9999999999999999,COLLAPSED,scienceqa,Temperature Scaling (TS),49
0.050122392943787036,5.012239294378704,0.06986525589234667,6.986525589234667,0.035890540486605886,0.14771727157283587,0.009403803928237114,0.15712018140589568,0.012433281004709577,0.004146668613913783,0.6817001010246789,0.4557232586543468,0.09917775505828903,0.1065674295442357,0.9999999999999999,VALID,scienceqa,Platt Scaling (1D),49
0.03880958359341905,3.8809583593419053,0.05660793911376491,5.660793911376491,0.029324017054119116,0.1463906812989547,0.010730394202118299,0.15712018140589568,0.011333159049181633,0.0017904773808990562,0.6727522008947902,0.4475759514420617,0.10129162832807398,0.10274601242433302,0.8877449094706562,VALID,scienceqa,Quadratic Platt (Logit-Only),49
0.03833108468054084,3.833108468054084,0.06900756968040234,6.900756968040234,0.03364236839884389,0.1474370223555446,0.009684053145528393,0.15712018140589568,0.011731470208575512,0.0020457565374931317,0.6817001010246789,0.4538966205312355,0.09917775505828903,0.1067924023758527,0.9999999999999999,VALID,scienceqa,Beta Calibration,49
0.02148866403096816,2.148866403096816,0.059835702885130265,5.983570288513026,0.026912102383591378,0.14648741004765864,0.010633665453414348,0.15712018140589568,0.01104810034976643,0.0009187406734050828,0.677623033626786,0.451555182541142,0.09926628638267147,0.08881433014407869,0.9941975808517479,VALID,scienceqa,Spline Calibration,49
0.09396379687714977,9.396379687714978,0.09526732817259571,9.526732817259571,0.07945491245289187,0.1573944529593923,-0.00027337745831931826,0.15712018140589568,0.01488324529692773,0.0165308233428114,0.684550440178958,0.4710708043451646,0.10198384299259872,0.1742431753834032,0.9983513026069956,COLLAPSED,scienceqa,Adaptive TS (ATS),49
0.0009948414497321645,0.09948414497321645,0.05358447088747817,5.358447088747817,0.0009948414497321645,0.15712117111540577,-9.56143327845993e-08,0.15712018140589568,0.0,9.897095101051947e-07,0.5,0.49373287428761964,0.20725258587356288,2.220446049250313e-16,1.0,COLLAPSED,scienceqa,Probability Margin (1D),49
0.02126539486271314,2.126539486271314,0.037971605824118834,3.7971605824118835,0.023816544060859902,0.15107143983041915,0.006049635670653836,0.15712018140589568,0.008600268878351129,0.0025515273028746143,0.6053543079809496,0.4766722625340384,0.1617926424939901,0.05827974843727774,0.45405361337932265,VALID,scienceqa,MSSC (Multi-Scale Proxy),49
0.0009379581282605901,0.093795812826059,0.09830556513326819,9.830556513326819,0.0026867492868691647,0.15698832888560638,0.00013274661546661126,0.15712018140589568,1.1830819284235447e-05,1.7359287931180557e-05,0.6829629095107519,0.49331237675489326,0.0984882083927516,0.001200785130242526,0.6904703865344232,COLLAPSED,scienceqa,MSE-EIGEN (Multi-Scale),49
0.056177166369010524,5.6177166369010525,0.06868371741161018,6.868371741161019,0.036435022365501876,0.14724079784146904,0.009880277659603948,0.15712018140589568,0.015063079592649489,0.005161923661742152,0.6835762736325589,0.4541435282614598,0.09843841173180347,0.10711420240974708,0.9981543465179994,VALID,scienceqa,Residual Calibrator,49
0.04453512442449848,4.453512442449848,0.051920454936412806,5.192045493641281,0.042189540231902974,0.14609011694552784,0.011030958555545145,0.15712018140589568,0.014293545060553588,0.002999900521406592,0.6896377543657093,0.4502288621401609,0.09643898209248399,0.10922897728301162,0.9695103551769405,VALID,scienceqa,Trajectory LR,49
0.04780209359884401,4.7802093598844015,0.06630774683584738,6.630774683584738,0.034474789046835465,0.14586208330686357,0.011258992194209422,0.15712018140589568,0.015255033555042024,0.004383850869947808,0.6945446673401645,0.44957871845103275,0.09535917832739817,0.11301267984940891,0.9690931192515668,VALID,scienceqa,Trajectory LR (No Bias),49
0.04325736306962512,4.325736306962511,0.051929006122407445,5.192900612240744,0.0420760775838727,0.1460660574927443,0.011055018008328699,0.15712018140589568,0.014094311451819677,0.0027870008515295686,0.6895655938807909,0.4502424429346492,0.09644758176507226,0.10879719458057115,0.9693794830388575,VALID,scienceqa,Trajectory Platt (5D),49
0.03679089482341496,3.679089482341496,0.053600556580793275,5.360055658079328,0.026712751071779388,0.14438393001995378,0.012737145481119205,0.15712018140589568,0.014898645336435382,0.002943019247985583,0.707028431231058,0.4453895185694781,0.09248701614058258,0.11536398362578423,0.9471291139486536,VALID,scienceqa,Trajectory Platt (17D),49
0.042967857269051744,4.296785726905174,0.0606323254763033,6.063232547630331,0.03674403814060927,0.14693528668194783,0.010185788819125158,0.15712018140589568,0.013495546136911571,0.0035023396783330544,0.6854524462404388,0.4527420147478434,0.0977304220354,0.10837269328647536,0.9968640897705121,VALID,scienceqa,VCPS-5D (Our Method),49
0.04753906419075371,4.753906419075371,0.05569993794450794,5.569993794450794,0.03572779309320487,0.1462921436122432,0.010828931888829801,0.15712018140589568,0.014763836913938993,0.00415735272784897,0.6883027853947179,0.4506755572412956,0.09689671331280346,0.10914056885200765,0.9925883933582389,VALID,scienceqa,VCPS-17D (Our Method),49
0.11939748163734162,11.939748163734162,0.12459442338773181,12.459442338773181,0.12042271582740006,0.16324977365762375,-0.00612869815655076,0.15712018140589568,0.014653730799973466,0.021207890372037935,0.6874007793332372,0.505212039572009,0.09849822837072662,0.1873227707522971,1.0,COLLAPSED,scienceqa,Naive Confidence (NC),50
0.09914667334080511,9.91466733408051,0.11662735175532572,11.662735175532573,0.070052021354842,0.15560825251294627,0.0015128229881267163,0.15712018140589568,0.01902425628736002,0.016617759971974993,0.6874007793332372,0.4640369023287392,0.09849822837072662,0.1681740050119255,1.0,VALID,scienceqa,Temperature Scaling (TS),50
0.05288012479434121,5.288012479434121,0.09596140419744399,9.5961404197444,0.049265743191109955,0.14658586443827037,0.010535211062802613,0.15712018140589568,0.014429609503883443,0.0037428072443303362,0.6874007793332372,0.4502216953460395,0.09446865797008554,0.10145515773618295,1.0,VALID,scienceqa,Platt Scaling (1D),50
0.031056868277427818,3.105686827742782,0.06706641709067249,6.706641709067249,0.02375517621066945,0.1436086976237231,0.01351237787734988,0.15712018140589568,0.014533419559967894,0.0015503830908419583,0.6921994515803146,0.43802942058713074,0.09335308904066092,0.10198536110456026,0.9491069312108937,VALID,scienceqa,Quadratic Platt (Logit-Only),50
0.05514369335413754,5.514369335413754,0.09307000849426805,9.307000849426805,0.042921420471025144,0.14562808411275588,0.011492991388317109,0.15712018140589568,0.017057207632183526,0.00405803997544414,0.6874007793332372,0.446721133427378,0.09446865797008554,0.10242580527687732,1.0,VALID,scienceqa,Beta Calibration,50
0.028399238538896483,2.8399238538896485,0.0921853288173716,9.21853288173716,0.03550058470102926,0.14450107370540527,0.012620001795667718,0.15712018140589568,0.01350557341838737,0.0014352635498303653,0.6874007793332372,0.44437304170315634,0.09446865797008554,0.08833431126522853,1.0,VALID,scienceqa,Spline Calibration,50
0.10235416779700811,10.235416779700811,0.0969170164028105,9.69170164028105,0.06957664317695639,0.1556578480417427,0.0014632274593302796,0.15712018140589568,0.020088529510298214,0.017330682408008405,0.686607013999134,0.4635838513120272,0.0986491046605214,0.1688566102594353,0.9969328866025684,VALID,scienceqa,Adaptive TS (ATS),50
0.0009948414497321645,0.09948414497321645,0.04400849209947019,4.400849209947019,0.0009948414497321645,0.1571211711154058,-9.561433281235487e-08,0.15712018140589568,0.0,9.897095101051947e-07,0.5,0.49373287428761975,0.19841357292328218,2.220446049250313e-16,1.0,COLLAPSED,scienceqa,Probability Margin (1D),50
0.033623893753082355,3.3623893753082355,0.051717534628022706,5.171753462802271,0.036807016677218765,0.1579957179335876,-0.0008746424325146163,0.15712018140589568,0.0008599146653931683,0.0017354511930850543,0.5409691153124548,0.4956147120104093,0.17331339154187383,0.0704433559535226,0.4035161549696455,COLLAPSED,scienceqa,MSSC (Multi-Scale Proxy),50
0.006633028212543491,0.663302821254349,0.10557374980937205,10.557374980937205,0.003704443892226235,0.15701263072346544,0.000108444777607547,0.15712018140589568,0.0002822738290718586,0.00025485504058418023,0.6641290229470341,0.49338942206933056,0.10390280716555228,0.0013496198353076733,0.649896081768203,COLLAPSED,scienceqa,MSE-EIGEN (Multi-Scale),50
0.06554932713166742,6.554932713166742,0.07571361291420939,7.5713612914209385,0.053816249074264196,0.14725068563834215,0.009870389862730838,0.15712018140589568,0.015856504512474966,0.005597370359331946,0.6824577861163227,0.4516128926744239,0.0954084635349117,0.10327547026522997,0.9948721362557188,VALID,scienceqa,Residual Calibrator,50
0.06530673424569905,6.530673424569905,0.07697763433660487,7.697763433660487,0.059453574235112605,0.1513147141233185,0.0058063613777544765,0.15712018140589568,0.012755340004148899,0.008860510548911137,0.6604127579737336,0.46186047034061734,0.10219940652305404,0.1121653648047559,0.9186411373663907,VALID,scienceqa,Trajectory LR,50
0.0644756403236833,6.44756403236833,0.0773962838325689,7.73962838325689,0.05853915807634146,0.1514332788753145,0.0056877966257584955,0.15712018140589568,0.012085644067436781,0.007267229380245177,0.6599437148217635,0.4623856283689931,0.10269355924891659,0.11381389678116051,0.9069592598500023,VALID,scienceqa,Trajectory LR (No Bias),50
0.06553495575984321,6.5534955759843205,0.07692696388278689,7.692696388278689,0.05938864480796233,0.15128845916891676,0.005832616332156232,0.15712018140589568,0.012718629483334134,0.008576267389768279,0.6604488382161928,0.46189318632694504,0.10221778810242046,0.11171751863855284,0.9179445023556385,VALID,scienceqa,Trajectory Platt (5D),50
0.05078538507223127,5.0785385072231275,0.07939879943927126,7.939879943927126,0.05063613889309761,0.15045354438817946,0.006667531112893532,0.15712018140589568,0.01245970261128223,0.004628323735077796,0.67228315774282,0.45968865468177394,0.10009822644385069,0.11539192561403001,0.8885304212337791,VALID,scienceqa,Trajectory Platt (17D),50
0.062139632353100785,6.213963235310079,0.07280989412789267,7.280989412789267,0.0532693668959566,0.14729689161776088,0.009824183883312104,0.15712018140589568,0.01494155864818363,0.0053197326528295315,0.6818444219945158,0.4513659508361467,0.09574703623012994,0.10456341062936637,0.9920685083276519,VALID,scienceqa,VCPS-5D (Our Method),50
0.06313478148242363,6.313478148242363,0.08248587781846366,8.248587781846366,0.05123556631938901,0.14732026064812537,0.00980081485294762,0.15712018140589568,0.014791593453828467,0.00551580004293705,0.6780920767787559,0.45113348420379745,0.09684300196465014,0.10592093777193912,0.9784210381181728,VALID,scienceqa,VCPS-17D (Our Method),50
0.11869572646558543,11.869572646558543,0.1207017497363287,12.07017497363287,0.11544451658862623,0.1660095497599583,-0.00888847425888531,0.15712018140589568,0.009896691663346602,0.020552479978789076,0.659222109972579,0.5565838273147825,0.11068184875192683,0.18758555730161322,0.9999999999999999,COLLAPSED,scienceqa,Naive Confidence (NC),51
0.08858935861776936,8.858935861776935,0.1011310784184197,10.11310784184197,0.09041511652325826,0.16048448461913248,-0.0033634091180594905,0.15712018140589568,0.012100722328636043,0.015232234027420088,0.659222109972579,0.48458768596661506,0.11068184875192683,0.17204223817971823,0.9999999999999999,COLLAPSED,scienceqa,Temperature Scaling (TS),51
0.038777844051723076,3.8777844051723074,0.06393107114806916,6.393107114806916,0.0393632971276159,0.1501039584943392,0.007017117006733797,0.15712018140589568,0.010309886220189596,0.0021728690092871193,0.659222109972579,0.4640795279497813,0.1084204342993861,0.10842842093683284,0.9999999999999999,VALID,scienceqa,Platt Scaling (1D),51
0.05021146092343112,5.021146092343113,0.060265266353140536,6.026526635314053,0.03515599178326892,0.14941704968933436,0.007704025811738624,0.15712018140589568,0.010803332779132388,0.0044010761253028986,0.6418314331072303,0.45968605272442364,0.11220520336703232,0.1118656781118713,0.9054554083154018,VALID,scienceqa,Quadratic Platt (Logit-Only),51
0.04686878021452591,4.686878021452591,0.06065005240335616,6.065005240335616,0.038531735820721044,0.15008773320034557,0.007033342300727413,0.15712018140589568,0.010062828978801206,0.0023871437248608866,0.659222109972579,0.46327733668717475,0.1084204342993861,0.11024481842800095,0.9999999999999999,VALID,scienceqa,Beta Calibration,51
0.029020396457524827,2.902039645752483,0.060107508438666815,6.010750843866681,0.02445867204685351,0.14851948560120162,0.008601589899871365,0.15712018140589568,0.008975501799980648,0.0013987894938771574,0.659222109972579,0.45775073218830553,0.1084204342993861,0.09769657577247941,0.9999999999999999,VALID,scienceqa,Spline Calibration,51
0.08605064045670638,8.605064045670638,0.08899780276594822,8.899780276594822,0.08883226363755792,0.15983528682983958,-0.0027142113287665914,0.15712018140589568,0.012802288390868086,0.015035104750966375,0.6623250108240728,0.481931005141937,0.10909666185438056,0.17232130340709267,0.9977756595639916,COLLAPSED,scienceqa,Adaptive TS (ATS),51
0.0009948414497324976,0.09948414497324976,0.07022505292204564,7.022505292204564,0.0009948414497324976,0.1571211711154058,-9.561433281235487e-08,0.15712018140589568,0.0,9.897095101058575e-07,0.5,0.4937328742876195,0.20887296856298015,1.1102230246251565e-16,1.0,COLLAPSED,scienceqa,Probability Margin (1D),51
0.03873186237461706,3.873186237461706,0.05084630392828633,5.084630392828633,0.03952989098703487,0.1556305059239382,0.0014905695771347816,0.15712018140589568,0.006285815586257412,0.0047961401042998985,0.5567181411459085,0.48969335134873687,0.16882264488294885,0.06599642225319831,0.4451087614385298,VALID,scienceqa,MSSC (Multi-Scale Proxy),51
0.0037620785716031015,0.37620785716031013,0.09827835223496868,9.827835223496868,0.003319852143358079,0.15700397703856206,0.00011709846251092837,0.15712018140589568,8.820194744564499e-05,7.425826605745727e-05,0.6562635300909222,0.4933619714133168,0.10883158808168138,0.0013150058470517718,0.6575808252881251,COLLAPSED,scienceqa,MSE-EIGEN (Multi-Scale),51
0.04868959169759589,4.868959169759589,0.06291291287329803,6.291291287329804,0.04009680067534664,0.14985763347053502,0.00726344203053797,0.15712018140589568,0.012243817393265289,0.004636668652242063,0.6611704430653773,0.4632271199572344,0.10785521776465203,0.10999416237896013,0.9977202656639614,VALID,scienceqa,Residual Calibrator,51
0.05372894380922906,5.372894380922906,0.07200297977507075,7.200297977507075,0.04646646171649642,0.14964170604273866,0.007479369458334328,0.15712018140589568,0.012460251237107846,0.004577055634926508,0.6664742387068843,0.46191177347053475,0.10553348917855579,0.11450822692543369,0.9638412268291122,VALID,scienceqa,Trajectory LR,51
0.04940836435590619,4.940836435590619,0.07615956469438222,7.615956469438221,0.04504126927296196,0.15026316817859559,0.006857907322477402,0.15712018140589568,0.011175126720161634,0.0034429867578466304,0.6637321402799826,0.46339247376090525,0.1062063966395381,0.11505196817880943,0.9606298383615716,VALID,scienceqa,Trajectory LR (No Bias),51
0.053493157171067784,5.349315717106778,0.07189023466337292,7.189023466337292,0.046310371180744325,0.14962536589461883,0.007495709606454154,0.15712018140589568,0.012288780784756642,0.004740654189653962,0.6662216770096696,0.46191380234378726,0.10559372441787865,0.11408121148921234,0.963145887610312,VALID,scienceqa,Trajectory Platt (5D),51
0.050504927053338027,5.050492705333802,0.066239461515631,6.6239461515631,0.04770766333535069,0.15064877890523964,0.006472296595833343,0.15712018140589568,0.009837435345371855,0.0032983738482202565,0.6579232212440468,0.4640888836318464,0.1073919609336554,0.11619054147342137,0.9085036925217425,VALID,scienceqa,Trajectory Platt (17D),51
0.04738011533926641,4.738011533926641,0.05185692556741681,5.185692556741682,0.04044531426470193,0.14969546874094616,0.007425606760126824,0.15712018140589568,0.012388910744973492,0.004510710906567189,0.6633713378553904,0.46231683613835506,0.1068868142896034,0.11078814713955208,0.9957980001506325,VALID,scienceqa,VCPS-5D (Our Method),51
0.045203710861468696,4.52037108614687,0.05547006996769436,5.5470069967694355,0.039866159409388965,0.14971136573379318,0.00740970976727981,0.15712018140589568,0.010644167467475742,0.0033817505065875386,0.6627579737335835,0.4623931739328714,0.10697332045498133,0.11205967703503258,0.9864445295689237,VALID,scienceqa,VCPS-17D (Our Method),51
0.3239990159438202,32.399901594382015,0.3239990159438202,32.399901594382015,0.318248761554265,0.3239993554984626,-0.10497510549846259,0.219024,0.0,0.10497536233256385,0.4996438746438747,5.013536133583017,0.3277695447146217,5.861691798961527e-06,1.0,COLLAPSED,seedbench,Naive Confidence (NC),42
0.013077964569520796,1.3077964569520797,0.0616042577616168,6.16042577616168,0.015368146022479977,0.21892418786883364,0.00010006213116636742,0.219024,6.957780895063246e-07,0.000180362425898746,0.4996438746438747,0.6296374846855601,0.3277695447146217,0.012915149282368074,1.0,COLLAPSED,seedbench,Temperature Scaling (TS),42
0.011682268395318891,1.168226839531889,0.05977045985737743,5.977045985737743,0.01532865317921233,0.21884992950876642,0.00017432049123358717,0.219024,0.0009788224287560782,0.0005730881419222792,0.4996438746438747,0.6294676756427497,0.3277695447146217,0.014541757432989195,1.0,COLLAPSED,seedbench,Platt Scaling (1D),42
0.016344474415536818,1.6344474415536818,0.06894114099247195,6.894114099247195,0.0174116068188132,0.2190432083746894,-1.895837468940398e-05,0.219024,3.528586575320104e-06,0.00034715464972375073,0.49984476587040694,0.6299050719368203,0.3277076542515824,0.01838268289983304,0.9994979740478412,COLLAPSED,seedbench,Quadratic Platt (Logit-Only),42
0.001114623930083813,0.1114623930083813,0.05957972258917968,5.957972258917968,0.017238431622676003,0.21886633629807867,0.00015791370192133614,0.219024,0.00017105312989458503,3.747173523220034e-05,0.4996438746438747,0.6295077000753486,0.3277695447146217,0.01761985698138164,1.0,COLLAPSED,seedbench,Beta Calibration,42
0.05546984924623111,5.546984924623111,0.0759560301507538,7.595603015075381,0.05546984924623111,0.2221009041753996,-0.0030766541753995957,0.219024,0.0,0.0030769041753996055,0.5,0.6373773445869487,0.27607595388389017,1.1102230246251565e-16,1.0,COLLAPSED,seedbench,Spline Calibration,42
0.01087999012707203,1.087999012707203,0.0872285902994269,8.72285902994269,0.014099916209704402,0.2184377345669783,0.0005865154330217115,0.219024,5.751848304922448e-05,0.00013001443954923012,0.5805939075169845,0.6284984277455796,0.26008985883403757,0.013327878339056878,0.7422801621481313,COLLAPSED,seedbench,Adaptive TS (ATS),42
0.0005884873550895398,0.058848735508953975,0.06708242931119718,6.708242931119718,0.007440789039685382,0.21902427803717234,-2.8037172333794658e-08,0.219024,0.0,3.4631736710028206e-07,0.49821024179998546,0.6298484948226213,0.31906974417467443,2.4620374288658855e-06,0.1635475806735848,COLLAPSED,seedbench,Probability Margin (1D),42
0.028426265031607546,2.8426265031607545,0.052424913529978086,5.242491352997809,0.030147297268153458,0.20758956514255025,0.01143468485744975,0.219024,0.012947942414174969,0.0015135075567252398,0.6274015632989992,0.604230157011722,0.24749045598748684,0.07950394379953432,0.14883344322140707,VALID,seedbench,MSSC (Multi-Scale Proxy),42
0.000498554220370484,0.0498554220370484,0.05819770506095557,5.819770506095557,0.000498554220370484,0.21902424855631064,1.443689362501388e-09,0.219024,0.0,2.4855631064922117e-07,0.49989042296734604,0.6298484275757681,0.2845497544916084,3.813741331030777e-17,1.0,COLLAPSED,seedbench,MSE-EIGEN (Multi-Scale),42
0.08314124057405195,8.314124057405195,0.08581838200093102,8.581838200093102,0.0847298465735218,0.2131972028312219,0.0058270471687781045,0.219024,0.012588757160647572,0.0070544544602384966,0.6410986923807437,0.6166515517287346,0.2352767655572292,0.03209415064701997,0.3796402301646955,VALID,seedbench,Residual Calibrator,42
0.03434404329916392,3.434404329916392,0.056555491643927765,5.655549164392776,0.027708460349249123,0.20623888812303062,0.012785361876969381,0.219024,0.014647053317990027,0.0020176539898027037,0.6408795383154358,0.6009021616061668,0.23114543695683684,0.10472582723043398,0.1266604101009796,VALID,seedbench,Trajectory LR,42
0.037090447846427434,3.7090447846427432,0.05882269597112607,5.882269597112607,0.02536676598515717,0.20610224844398173,0.012922001556018275,0.219024,0.015618007837491059,0.00324920570790019,0.6435641756154578,0.600821616492866,0.2327901201640721,0.10376179137077168,0.07983835645702152,SCRAMBLED,seedbench,Trajectory LR (No Bias),42
0.03434110635519027,3.4341106355190267,0.05655619865655901,5.655619865655901,0.02772520160897189,0.20624055396408233,0.012783696035917669,0.219024,0.014647053317990027,0.0020180437868790864,0.6408795383154358,0.6009055541352772,0.23114988140128132,0.10473417303489067,0.1266604101009796,VALID,seedbench,Trajectory Platt (5D),42
0.0435165029168129,4.35165029168129,0.04571061068773271,4.571061068773271,0.027243328174073933,0.207039355549844,0.011984894450155992,0.219024,0.01762466890697105,0.005228256791984562,0.6429706333552487,0.6028161528802225,0.23651855701795135,0.10645392141614134,0.14445973900166956,VALID,seedbench,Trajectory Platt (17D),42
0.06543273630150087,6.543273630150087,0.06631754300203446,6.631754300203446,0.04682587554602953,0.20825402145396593,0.010770228546034072,0.219024,0.018049897950447123,0.007114058327704338,0.6385418949521513,0.6050225318295527,0.23753861534224346,0.09047403045685924,0.3823724219135886,VALID,seedbench,VCPS-5D (Our Method),42
0.07658861970072119,7.6588619700721186,0.07824577199265985,7.824577199265985,0.047226343582715144,0.20844478553915094,0.010579464460849064,0.219024,0.020148559873698017,0.010105834026447574,0.6385875520490905,0.6054023111999208,0.23538568202794022,0.09513335397524762,0.38899365493117655,VALID,seedbench,VCPS-17D (Our Method),42
0.32399813868265837,32.39981386826584,0.32399813868265837,32.39981386826584,0.3182406039842729,0.323999059590625,-0.10497480959062502,0.219024,0.0,0.10497479386982712,0.5270290013879757,5.005437118855827,0.30591419231082156,1.4969530881129284e-05,1.0,COLLAPSED,seedbench,Naive Confidence (NC),43
0.008697617420744753,0.8697617420744753,0.041878040573155376,4.187804057315538,0.011160755169440898,0.21876568698470714,0.0002585630152928675,0.219024,9.664011799410008e-05,7.778251209646209e-05,0.5270290013879757,0.6292512920365328,0.30591419231082156,0.013472103983694089,1.0,COLLAPSED,seedbench,Temperature Scaling (TS),43
0.01421257202882101,1.421257202882101,0.042315933744763154,4.231593374476315,0.006952460083627311,0.21869650016884096,0.00032774983115904655,0.219024,0.0010721615430982516,0.0006813659857341648,0.5270290013879757,0.629098451144173,0.30591419231082156,0.01285587864887214,1.0,COLLAPSED,seedbench,Platt Scaling (1D),43
0.006453107420086401,0.6453107420086401,0.039840714031366825,3.9840714031366824,0.0069131925337273725,0.21850760022041715,0.0005166497795828506,0.219024,0.00045805421870240547,6.505082529635091e-05,0.5273577324859376,0.6286848605357795,0.30581912670497524,0.014620575536260593,0.9999302168723155,COLLAPSED,seedbench,Quadratic Platt (Logit-Only),43
0.015365324844673628,1.5365324844673627,0.04242341824387623,4.242341824387623,0.007420607678751516,0.21868715778150574,0.0003370922184942615,0.219024,0.0013840732600732607,0.001066816883552371,0.5270290013879757,0.6290760626339399,0.30591419231082156,0.013699784283960284,1.0,COLLAPSED,seedbench,Beta Calibration,43
0.0011368820327924088,0.11368820327924088,0.04404590240917917,4.4045902409179165,0.0064561760655674994,0.21906021483070362,-3.5964830703616446e-05,0.219024,2.0812518110692563e-05,7.717381197487162e-05,0.5270381328073636,0.629923688767815,0.3059101762465646,0.004636370866900904,0.9999997007584128,COLLAPSED,seedbench,Spline Calibration,43
0.011598937458157049,1.1598937458157048,0.06751319790965213,6.751319790965213,0.013759826203969918,0.2184875268518456,0.0005367231481543944,0.219024,0.00015647250119560032,0.0001358829167247507,0.5498210241799986,0.6286050753943613,0.2955023096974763,0.013870028577364413,0.7359891542563273,COLLAPSED,seedbench,Adaptive TS (ATS),43
0.0005882511508196187,0.058825115081961865,0.07007260117475203,7.007260117475203,0.007427784907902669,0.21902393622057226,3.1377942774635237e-07,0.219024,0.0,3.4603941644060573e-07,0.5123730732705091,0.6298477151370998,0.32106470609188636,9.749316592869196e-06,0.22313469517575807,COLLAPSED,seedbench,Probability Margin (1D),43
0.04415695316030259,4.415695316030259,0.08241846060688897,8.241846060688896,0.039845847001898416,0.2151934673743182,0.0038307826256818167,0.219024,0.006757386600735693,0.0029268539750538928,0.5746493534955073,0.6215376304020125,0.2726583602183663,0.08891137156623369,0.07654496902711456,SCRAMBLED,seedbench,MSSC (Multi-Scale Proxy),43
0.000498554220370373,0.0498554220370373,0.06219770506095551,6.219770506095551,0.000498554220370373,0.21902424855631064,1.443689362501388e-09,0.219024,0.0,2.4855631064911047e-07,0.5058167141500475,0.6298484275757683,0.32620802527937665,4.694287629585899e-16,1.0,COLLAPSED,seedbench,MSE-EIGEN (Multi-Scale),43
0.04004630508093904,4.0046305080939035,0.06943190613754104,6.943190613754104,0.046492011057180926,0.21531416803747294,0.003710081962527062,0.219024,0.004457945209289384,0.001749212362089288,0.5870680838629556,0.6215333956422933,0.27873726685828476,0.031234129406843274,0.3055070974888017,VALID,seedbench,Residual Calibrator,43
0.03690515462519829,3.690515462519829,0.06198903800172628,6.198903800172628,0.038376338481924045,0.21397123080237337,0.005053019197626629,0.219024,0.0084550830495041,0.0027036572069715436,0.5810413470669881,0.6192012646907885,0.27480783469766173,0.10236009478651999,0.01910961507793208,SCRAMBLED,seedbench,Trajectory LR,43
0.029876084313501895,2.9876084313501896,0.06367658688950137,6.3676586889501365,0.038906932363525805,0.21369599736068323,0.005328252639316772,0.219024,0.007015852767288336,0.001547301296877009,0.5782288698955366,0.6185886182962065,0.2778952269446964,0.0995171921385081,-0.037933569352134246,SCRAMBLED,seedbench,Trajectory LR (No Bias),43
0.03690061378479004,3.6900613784790037,0.06198528480529785,6.198528480529785,0.0383758691521543,0.21397079632127544,0.005053453678724562,0.219024,0.0084550830495041,0.002703086981774175,0.5810413470669881,0.619200239825291,0.27480783469766173,0.10235349431939456,0.01910961507793208,SCRAMBLED,seedbench,Trajectory Platt (5D),43
0.039320274144411096,3.9320274144411096,0.06518589982390403,6.518589982390403,0.042285534256211774,0.2157494333010509,0.0032748166989491068,0.219024,0.00858240834300492,0.004588161540911486,0.577407042150632,0.6238815494141736,0.285569695754722,0.10766675909411505,0.03265550059445957,SCRAMBLED,seedbench,Trajectory Platt (17D),43
0.03583627673917228,3.5836276739172277,0.06915801651226079,6.915801651226079,0.04724599780933868,0.21530973052541144,0.0037145194745885624,0.219024,0.003921788902795161,0.0014304114416291943,0.5864288845058075,0.6215157969163323,0.2792045315038634,0.03152595240800525,0.31363720742966655,VALID,seedbench,VCPS-5D (Our Method),43
0.03858928808360694,3.858928808360694,0.09300746529705146,9.300746529705146,0.04733235658321369,0.21530731030712447,0.003716939692875537,0.219024,0.004271844565877358,0.001638376741263036,0.5864380159251954,0.6215109692419087,0.2803481640393163,0.031551888340058544,0.312669864938611,VALID,seedbench,VCPS-17D (Our Method),43
0.3239884152882584,32.39884152882584,0.32398841528825834,32.398841528825834,0.3180852318326075,0.32399900913419866,-0.10497475913419865,0.219024,0.0,0.10496849324099698,0.4979271677989626,5.036584352691949,0.3247725397628479,0.00023460957502018751,1.0,COLLAPSED,seedbench,Naive Confidence (NC),44
0.01119801201973233,1.119801201973233,0.06751597699831494,6.7515976998314935,0.015892172484272746,0.21894913467777194,7.511532222806427e-05,0.219024,0.0007041742919389975,0.0006446591541759856,0.4979271677989626,0.6296783569767026,0.3247725397628479,0.012774922895886687,1.0,COLLAPSED,seedbench,Temperature Scaling (TS),44
0.006993820656204993,0.6993820656204993,0.06691577849882663,6.691577849882663,0.015502502440378709,0.21886235149239097,0.0001618985076090318,0.219024,0.0004484209670865502,0.00017079282770855167,0.4979271677989626,0.6294775966940749,0.3247725397628479,0.014378277484395708,1.0,COLLAPSED,seedbench,Platt Scaling (1D),44
0.0033040581996833813,0.3304058199683381,0.053908832244283465,5.390883224428347,0.015660484551802602,0.2187896492528472,0.00023460074715281332,0.219024,0.0004044235896579561,3.259366693529598e-05,0.5005022280663306,0.6293282682337442,0.3148364732569063,0.015920799364822297,0.9844179347451365,COLLAPSED,seedbench,Quadratic Platt (Logit-Only),44
0.004676476115623908,0.46764761156239076,0.0668164391966467,6.681643919664671,0.01683759217604131,0.21888342807152555,0.0001408219284744494,0.219024,0.0006745996573386645,0.0005347094281559375,0.4979271677989626,0.6295211561588044,0.3247725397628479,0.0174718522922356,1.0,COLLAPSED,seedbench,Beta Calibration,44
0.06004417344455015,6.004417344455016,0.07362650276181933,7.362650276181933,0.06004417344455015,0.22262930487860003,-0.0036050548786000225,0.219024,0.0,0.0036053027646392216,0.4985207100591716,0.6387298610111984,0.31126842465889054,7.287374736111342e-08,1.0,COLLAPSED,seedbench,Spline Calibration,44
0.013597257251287097,1.3597257251287096,0.07211714349410726,7.211714349410727,0.013607210070575788,0.21859026213121724,0.00043398786878276474,0.219024,0.002024130055924048,0.001646465157423902,0.5558477609759662,0.6288436807972193,0.29061515023282036,0.013062118711702809,0.6791701617698681,COLLAPSED,seedbench,Adaptive TS (ATS),44
0.0005892529876410091,0.05892529876410091,0.06877265734898393,6.877265734898392,0.007456736323572442,0.21902469124146098,-4.4124146098001304e-07,0.219024,0.0,3.472190834438552e-07,0.5592081233106875,0.6298494368613299,0.27894941202279977,1.7580300592622294e-05,0.2741762962574224,COLLAPSED,seedbench,Probability Margin (1D),44
0.012910924364821181,1.2910924364821181,0.05563971137095453,5.563971137095454,0.020669251852943556,0.21216387046926743,0.006860379530732569,0.219024,0.007233928059705963,0.0004261909182959043,0.5933048433048433,0.6145319222113402,0.28452988697503134,0.08521273777807607,0.03492060306807148,SCRAMBLED,seedbench,MSSC (Multi-Scale Proxy),44
0.0004985542203690407,0.049855422036904073,0.044530086746778046,4.453008674677805,0.0004985542203690407,0.2190242485563105,1.443689501279266e-09,0.219024,0.0,2.4855631064778206e-07,0.5102728468113084,0.6298484275757678,0.29308504389946505,4.052554327604146e-15,1.0,COLLAPSED,seedbench,MSE-EIGEN (Multi-Scale),44
0.06118044811607452,6.118044811607453,0.0718517202635824,7.18517202635824,0.05792060873733081,0.2143762740245394,0.0046479759754606,0.219024,0.007958055581723973,0.003909057979645464,0.6115128935641756,0.619406950834678,0.2694350927422439,0.030873329810140723,0.2700622511370887,VALID,seedbench,Residual Calibrator,44
0.01526250026832756,1.526250026832756,0.04236926009338231,4.236926009338231,0.018739084011425176,0.2098865303688899,0.009137719631110097,0.219024,0.009782651945208479,0.0004534015515443584,0.6172108992621812,0.6096424738371602,0.25634004572146524,0.09952612511994982,0.0017796961674881567,SCRAMBLED,seedbench,Trajectory LR,44
0.02343489301910106,2.3434893019101057,0.05368583647737171,5.368583647737172,0.020070880241615907,0.20941968072252515,0.009604569277474856,0.219024,0.012089632930113803,0.0017955182375199794,0.6159690262254366,0.6086564634183683,0.255904776285436,0.09719841364518697,-0.06621067412353528,SCRAMBLED,seedbench,Trajectory LR (No Bias),44
0.015266353726387016,1.5266353726387016,0.04236752152442933,4.236752152442933,0.018730245446799583,0.2098863481420765,0.009137901857923514,0.219024,0.009782651945208479,0.0004532139508243849,0.6172200306815692,0.6096417184619463,0.2563338918753114,0.09950104778542158,0.0017796962105412208,SCRAMBLED,seedbench,Trajectory Platt (5D),44
0.020659356474876395,2.0659356474876396,0.03570150434970857,3.570150434970857,0.019563006208300347,0.20935439836116984,0.009669851638830163,0.219024,0.010658157548801096,0.0008981014707438124,0.6181605668785155,0.6083072695649382,0.26060706575170023,0.09910409688702203,-0.01596404639297973,SCRAMBLED,seedbench,Trajectory Platt (17D),44
0.030040543253228236,3.004054325322824,0.044484028706194216,4.448402870619422,0.030879801654997607,0.21122283749580884,0.007801412504191169,0.219024,0.010286511055775535,0.003114367515877265,0.6152019869968588,0.613001884347986,0.27327166329699387,0.08891601609544393,0.25168641958071064,VALID,seedbench,VCPS-5D (Our Method),44
0.02837223830055733,2.837223830055733,0.04177986100095161,4.177986100095161,0.029071950637896977,0.2107726682926697,0.008251581707330313,0.219024,0.010106556105644085,0.0025559974111116724,0.6114763678866243,0.6118862155569437,0.27348932954344674,0.08923969438889601,0.2617139040053773,VALID,seedbench,VCPS-17D (Our Method),44
0.3239993427388551,32.39993427388551,0.32399934273885495,32.39993427388549,0.3182521107145505,0.3239994551306222,-0.10497520513062222,0.219024,0.0,0.1049755740952101,0.5029220542041054,5.0241180758160855,0.3367810653272619,2.844187673717686e-06,1.0,COLLAPSED,seedbench,Naive Confidence (NC),45
0.01028336789875725,1.0283367898757252,0.06740014821691964,6.740014821691965,0.010187206086287749,0.2187985225866988,0.0002257274133012077,0.219024,2.758851674641173e-05,0.00010759369510426634,0.5029220542041054,0.6293425364021398,0.3367810653272619,0.01189870294344623,1.0,COLLAPSED,seedbench,Temperature Scaling (TS),45
0.003162960010135543,0.31629600101355426,0.06872498198379275,6.872498198379275,0.004840557958253154,0.21872104801962636,0.0003032019803736463,0.219024,3.397820146756309e-05,1.6082056268134303e-05,0.5029220542041054,0.6291678749220015,0.3367810653272619,0.011369761194603496,1.0,COLLAPSED,seedbench,Platt Scaling (1D),45
0.011810435426239899,1.1810435426239898,0.06978669788148922,6.978669788148922,0.011005159455509143,0.2186989573648231,0.00032529263517691587,0.219024,0.0008839964734628095,0.00022593312107686532,0.502575060267368,0.6291124062575961,0.33685813819573784,0.015857498021039702,0.9999464181614985,COLLAPSED,seedbench,Quadratic Platt (Logit-Only),45
0.0035677131981142135,0.35677131981142135,0.06888395975181939,6.88839597518194,0.005292501001791578,0.21871138963302172,0.00031286036697827924,0.219024,3.397820146756309e-05,2.0934413026445005e-05,0.5029220542041054,0.6291466479538245,0.3367810653272619,0.012029993834150134,1.0,COLLAPSED,seedbench,Beta Calibration,45
0.0817149321266969,8.17149321266969,0.08171493212669688,8.171493212669688,0.0817149321266969,0.22570133013247068,-0.006677080132470675,0.219024,0.0,0.00667733013247068,0.5,0.6468703277225138,0.30502094862769613,0.0,1.0,COLLAPSED,seedbench,Spline Calibration,45
0.011705297933377727,1.1705297933377727,0.07648886947091045,7.648886947091045,0.013055234229008214,0.21851614374800524,0.0005081062519947666,0.219024,0.00023630517774794253,0.00016656839594637483,0.5642121411352181,0.628680776205575,0.2813670313438727,0.012281929048351573,0.6954127411524131,COLLAPSED,seedbench,Adaptive TS (ATS),45
0.000587713038633253,0.0587713038633253,0.07922711276445095,7.922711276445095,0.007442590085313092,0.21902432445155123,-7.445155122964842e-08,0.219024,0.0,3.454066157795315e-07,0.5402330338227773,0.6298486006008013,0.31339621591739264,9.851328655771698e-06,0.0958134910628915,COLLAPSED,seedbench,Probability Margin (1D),45
0.029182013353244256,2.918201335324426,0.07917274710740502,7.917274710740502,0.03124712732065418,0.21534401824352756,0.0036802317564724463,0.219024,0.004744737953778661,0.001064756197306187,0.5757725180802105,0.6215861002418187,0.28348835608056155,0.0910134654891842,0.07213727323067294,SCRAMBLED,seedbench,MSSC (Multi-Scale Proxy),45
0.000498554220370373,0.0498554220370373,0.05832950843492597,5.832950843492597,0.000498554220370373,0.21902424855631064,1.443689362501388e-09,0.219024,0.0,2.4855631064911047e-07,0.48283293155088025,0.6298484275757683,0.33632839433645745,4.820465126874836e-16,1.0,COLLAPSED,seedbench,MSE-EIGEN (Multi-Scale),45
0.033891258059165236,3.3891258059165237,0.062139608038181186,6.213960803818119,0.03428627429107826,0.21552869404722055,0.00349555595277945,0.219024,0.005835201192805893,0.0023637020625563794,0.5906293374242093,0.6219812169456899,0.26763709012406933,0.032672428555148,0.24092172915200968,VALID,seedbench,Residual Calibrator,45
0.04156893198005385,4.156893198005385,0.07457735948634563,7.4577359486345625,0.04140796593199413,0.21630122867561644,0.0027230213243835677,0.219024,0.00574985865697994,0.0032443976733353107,0.5847852290159983,0.6235455976249519,0.2812409955571577,0.11042871663658681,-0.041860546830576204,SCRAMBLED,seedbench,Trajectory LR,45
0.041578010645403715,4.157801064540371,0.07701228939205973,7.701228939205973,0.041790590504627634,0.21654764387305847,0.002476606126941533,0.219024,0.00653815131404298,0.003941347790695846,0.5830137336547593,0.6240979074512059,0.2817092535420392,0.11035741205940948,-0.06755137309879718,SCRAMBLED,seedbench,Trajectory LR (No Bias),45
0.04158206862211228,4.158206862211228,0.07457608956098558,7.457608956098557,0.04140187585234808,0.21630145227649547,0.002722797723504533,0.219024,0.00574985865697994,0.003245357823884969,0.5847852290159983,0.6235461457674328,0.28114137371295156,0.11041844519502907,-0.041860546830576204,SCRAMBLED,seedbench,Trajectory Platt (5D),45
0.0380380809903145,3.80380809903145,0.0804012106060982,8.04012106060982,0.03983559755203641,0.21617604180456218,0.0028482081954378236,0.219024,0.005157350049270407,0.002623924017670872,0.5826941339761853,0.6232358432374897,0.2795480296224667,0.11035604377423715,-0.01770373869516735,SCRAMBLED,seedbench,Trajectory Platt (17D),45
0.03369305445720501,3.369305445720501,0.06934901326736781,6.934901326736781,0.03407928808408143,0.21551951234310507,0.003504737656894935,0.219024,0.005835201192805893,0.0023442173468648233,0.5905928117466579,0.6219545040334772,0.26801983943683727,0.0328632996250908,0.2502347214964181,VALID,seedbench,VCPS-5D (Our Method),45
0.033759589654548595,3.3759589654548594,0.06242747498540591,6.2427474985405915,0.03373803172124393,0.2155202823784549,0.00350396762154509,0.219024,0.005835201192805893,0.0023464673360094846,0.5890769961282782,0.6219592122502376,0.26934168157134913,0.03283460179971263,0.2491095595226697,VALID,seedbench,VCPS-17D (Our Method),45
0.32399091820650183,32.399091820650185,0.3239909182065017,32.39909182065017,0.318126064962383,0.32399883082759257,-0.10497458082759256,0.219024,0.0,0.10497011508029216,0.5193403462634232,5.019738203951889,0.30804312199783873,0.0001821360666837334,0.9999999999999998,COLLAPSED,seedbench,Naive Confidence (NC),46
0.010777435000664599,1.07774350006646,0.049059113549309384,4.9059113549309386,0.013845010631992226,0.2188396166441195,0.0001846333558805091,0.219024,0.00042220481436148506,0.0004955202650417409,0.5193403462634232,0.629435758145828,0.30804312199783873,0.012933921055919924,0.9999999999999998,COLLAPSED,seedbench,Temperature Scaling (TS),46
0.009942545635835232,0.9942545635835233,0.04709259166504416,4.709259166504416,0.011069660210588582,0.2187522518103291,0.0002719981896709134,0.219024,0.0001331809915108304,0.00019893010882651556,0.5193403462634232,0.6292380367070537,0.30804312199783873,0.01369192407312647,0.9999999999999998,COLLAPSED,seedbench,Platt Scaling (1D),46
0.0014975160033117779,0.1497516003311778,0.03781308652140827,3.7813086521408272,0.007935608063760945,0.21877902111250808,0.0002452288874919273,0.219024,0.0004598930481283415,0.0001334558062305959,0.5209474760756813,0.6292789638672867,0.30871769124065834,0.016313770666372077,0.9841508044129709,COLLAPSED,seedbench,Quadratic Platt (Logit-Only),46
0.009930796175512237,0.9930796175512238,0.047095748837490056,4.7095748837490055,0.011078229023374455,0.21875398855652417,0.00027026144347583325,0.219024,0.0001331809915108304,0.00019830294989647848,0.5193403462634232,0.6292415666559459,0.30804312199783873,0.013687798824963132,0.9999999999999998,COLLAPSED,seedbench,Beta Calibration,46
0.09332864279883923,9.332864279883923,0.09914856578561287,9.914856578561288,0.09332864279883923,0.22773423736351667,-0.008709987363516664,0.219024,0.0,0.008710235566673327,0.4985207100591716,0.6525028959493114,0.2852696138446317,6.194190367948642e-08,1.0,COLLAPSED,seedbench,Spline Calibration,46
0.012988091426144904,1.2988091426144903,0.09068269421235864,9.068269421235865,0.015162615250506424,0.21845687311028142,0.0005673768897185849,0.219024,0.0017645439595192919,0.0014232426110757617,0.5815253122945431,0.6285393254321504,0.2667489216224789,0.013121428913658492,0.7204602167138805,COLLAPSED,seedbench,Adaptive TS (ATS),46
0.0005868782640428005,0.05868782640428005,0.06592982272092726,6.592982272092726,0.007415170723810154,0.2190235914666963,6.58533303693476e-07,0.219024,0.0,3.4442609680589107e-07,0.5090674994521149,0.6298469277083827,0.3345628020035062,3.309001182117081e-05,0.1038885125442895,COLLAPSED,seedbench,Probability Margin (1D),46
0.020610029805170904,2.0610029805170904,0.07211723749299302,7.211723749299302,0.0240090944359843,0.21005611405069533,0.008968135949304679,0.219024,0.010830223306894447,0.0019356763917315505,0.6087186792314997,0.609876751804695,0.2681498656117463,0.08270694586542071,0.04515245253959339,SCRAMBLED,seedbench,MSSC (Multi-Scale Proxy),46
0.0004985542203684856,0.04985542203684856,0.07653008674677816,7.6530086746778165,0.0004985542203684856,0.21902424855631045,1.4436895567904173e-09,0.219024,0.0,2.485563106472285e-07,0.4921561107458543,0.6298484275757678,0.2967334583325901,5.620356441683352e-15,1.0,COLLAPSED,seedbench,MSE-EIGEN (Multi-Scale),46
0.0706320622260434,7.06320622260434,0.08821018744005897,8.821018744005897,0.06439945203088071,0.2135961043329377,0.005428145667062317,0.219024,0.00950390807278714,0.005114306421718595,0.6312458908612755,0.6176693063426439,0.24792673653971473,0.02897406595513569,0.3000400493953508,VALID,seedbench,Residual Calibrator,46
0.037005786893983345,3.7005786893983346,0.05769157949340436,5.7691579493404355,0.03268701048728143,0.20755674577561864,0.011467504224381364,0.219024,0.01472235450357189,0.0032512871461276975,0.6239042296734604,0.6047119584260977,0.2537442715833771,0.09440192703071566,-0.017146886919230275,SCRAMBLED,seedbench,Trajectory LR,46
0.04786666701549949,4.786666701549949,0.06686836824454763,6.686836824454763,0.038553913500521994,0.2067660091468737,0.012258240853126295,0.219024,0.01553502110808776,0.004375742032535717,0.6241599094163197,0.6033311448695112,0.257801097160892,0.09306943978349903,-0.07791253581880082,SCRAMBLED,seedbench,Trajectory LR (No Bias),46
0.03702889156341558,3.702889156341558,0.06415357112884523,6.415357112884523,0.03271397000930157,0.20756427499269814,0.011459975007301865,0.219024,0.01472235450357189,0.0032539842261070625,0.6235937614142741,0.6047296693253464,0.253981042353966,0.09444397907674819,-0.01760363696636951,SCRAMBLED,seedbench,Trajectory Platt (5D),46
0.036980934858322156,3.6980934858322154,0.06045412588119506,6.045412588119506,0.03372464817605455,0.20938270751172822,0.009641542488271787,0.219024,0.014950942461862906,0.004805719068689314,0.6220048944407919,0.6595402206966967,0.2691184140545281,0.1001967341329128,0.002346129128345817,SCRAMBLED,seedbench,Trajectory Platt (17D),46
0.032328629563879635,3.2328629563879634,0.06225706277079575,6.225706277079575,0.026087986853532624,0.20913677152366128,0.009887478476338724,0.219024,0.013740720270724937,0.0036673562051801993,0.6278855285265542,0.6077600536446116,0.25010869055986185,0.08341935243317165,0.3071833295129203,VALID,seedbench,VCPS-5D (Our Method),46
0.029087336041718592,2.908733604171859,0.0716138383264108,7.16138383264108,0.024141383731238364,0.2080669953749687,0.010957254625031304,0.219024,0.012334505243074247,0.0013010985169679226,0.6304331945357586,0.6052429882558601,0.25058384414573376,0.08435189554844687,0.2965409748124802,VALID,seedbench,VCPS-17D (Our Method),46
0.32399799891230163,32.39979989123016,0.3239979989123016,32.39979989123016,0.3182213297222441,0.3239996434817518,-0.1049753934817518,0.219024,0.0,0.10497470329917581,0.49637482650303166,5.040302227305418,0.33491464273405414,2.329869721839368e-05,0.9999999999999998,COLLAPSED,seedbench,Naive Confidence (NC),47
0.01682198890510064,1.682198890510064,0.060117450751306194,6.011745075130619,0.019654662323821317,0.21959227292043454,-0.0005680229204345355,0.219024,0.0002313564655621547,0.0006357475420570056,0.49637482650303166,0.6311180944439765,0.33491464273405414,0.013058212819175763,0.9999999999999998,COLLAPSED,seedbench,Temperature Scaling (TS),47
0.022983791464570264,2.2983791464570262,0.06260561034035245,6.260561034035245,0.021265480228965825,0.21997600708759862,-0.0009517570875986203,0.219024,0.0005559693094629159,0.00165649201733681,0.49637482650303166,0.631898548327339,0.33491464273405414,0.020814354073044106,0.9999999999999998,COLLAPSED,seedbench,Platt Scaling (1D),47
0.02450793395439141,2.450793395439141,0.06379660994711903,6.3796609947119025,0.02240066667662161,0.22001420482383646,-0.0009899548238364586,0.219024,0.00020090563450839778,0.001209435379317655,0.49637482650303166,0.6319916836146148,0.33491464273405414,0.022264780482280044,0.9999999999999998,COLLAPSED,seedbench,Quadratic Platt (Logit-Only),47
0.022971412373324063,2.297141237332406,0.06259593526078433,6.259593526078433,0.02125666647659374,0.21997489240604182,-0.0009506424060418128,0.219024,0.0005559693094629159,0.0016552683762837935,0.49637482650303166,0.6318961857096083,0.33491464273405414,0.02079540773342883,0.9999999999999998,COLLAPSED,seedbench,Beta Calibration,47
0.04347932362209628,4.347932362209628,0.06686713544195239,6.686713544195238,0.04347932362209628,0.22091445158320108,-0.0018902015832010788,0.219024,0.0,0.0018904515826349793,0.4985207100591716,0.6343967248945541,0.33568127241104356,1.951523368760168e-11,1.0,COLLAPSED,seedbench,Spline Calibration,47
0.012639777075304594,1.2639777075304595,0.06419203597970966,6.419203597970966,0.01668590098876388,0.21922103272927576,-0.00019678272927575735,0.219024,0.0002673602433602432,0.00047237018054766043,0.5490265906932571,0.6302571217182861,0.27334673747882154,0.01328223017388238,0.7575726531329349,COLLAPSED,seedbench,Adaptive TS (ATS),47
0.0005874432007367814,0.058744320073678136,0.04978235493666634,4.978235493666634,0.007413966745477823,0.2190235653074655,6.846925345027621e-07,0.219024,0.0,3.450895140918744e-07,0.5323891445686318,0.6298468684708355,0.30440704113712796,2.654573783870815e-05,0.11550612894573299,COLLAPSED,seedbench,Probability Margin (1D),47
0.02176257886848708,2.176257886848708,0.05390482485911379,5.390482485911379,0.024766326196314355,0.21334509361457402,0.0056791563854259874,0.219024,0.0064132580287929175,0.0007343516433669228,0.58704982102418,0.6171739824220088,0.27830356512520116,0.08796488603143593,-0.0066815364356160025,SCRAMBLED,seedbench,MSSC (Multi-Scale Proxy),47
0.0004985542203692628,0.04985542203692628,0.05123209252989624,5.123209252989624,0.0004985542203692628,0.21902424855631056,1.4436894457681149e-09,0.219024,0.0,2.4855631064800345e-07,0.507396449704142,0.629848427575768,0.32102812476163434,3.037538544114526e-15,1.0,COLLAPSED,seedbench,MSE-EIGEN (Multi-Scale),47
0.05133324007423079,5.133324007423079,0.0923104454316989,9.23104454316989,0.04249438906016981,0.21569064487340864,0.0033336051265913658,0.219024,0.006630003672065855,0.0035128861541427426,0.5981810212579444,0.6222391776338113,0.2565125277320059,0.03397234767680894,0.3423235121869671,VALID,seedbench,Residual Calibrator,47
0.05672617631353502,5.672617631353502,0.05685956628784244,5.685956628784243,0.029146980371374892,0.21121386569079453,0.00781038430920547,0.219024,0.012243243726463245,0.0051400762744446115,0.6201329534662867,0.6121388050580451,0.2503587661635606,0.09992044076409173,-0.041288317479046384,SCRAMBLED,seedbench,Trajectory LR,47
0.040193869631062466,4.019386963106246,0.04594187267531582,4.594187267531582,0.023739164822643755,0.21063102406815515,0.008393225931844855,0.219024,0.010718419176627199,0.002485866633516446,0.6219227116663014,0.6109694126857957,0.24646741846269923,0.0985046703943948,-0.1354416585891269,SCRAMBLED,seedbench,Trajectory LR (No Bias),47
0.056728177428245534,5.672817742824553,0.056861059188842794,5.686105918884279,0.029146718689388628,0.21121309408132918,0.00781115591867082,0.219024,0.012243243726463245,0.005140365207364185,0.6201146906275111,0.6121372283837728,0.2503609122837331,0.09992125015004893,-0.04134221230873875,SCRAMBLED,seedbench,Trajectory Platt (5D),47
0.06354106378555302,6.3541063785553025,0.06089287316799166,6.089287316799166,0.028612705654557057,0.2111772535107052,0.007846996489294794,0.219024,0.014994401858304295,0.006968026268079077,0.6202881875958799,0.6119159054916365,0.2468379516480227,0.10001966559551458,-0.012628823546927497,SCRAMBLED,seedbench,Trajectory Platt (17D),47
0.02842532170167723,2.842532170167723,0.04976722932826942,4.9767229328269424,0.0217084364790492,0.21398786237262898,0.0050363876273710195,0.219024,0.009547610057077953,0.0038863663104930276,0.6007560815253122,0.6180952646272042,0.2624292174669714,0.08921752622863373,0.2676553138700946,VALID,seedbench,VCPS-5D (Our Method),47
0.026312291457591317,2.6312291457591317,0.0455548542698536,4.55548542698536,0.02243831553050719,0.21435532511527935,0.004668924884720649,0.219024,0.00919857312837544,0.00394603900094854,0.6020892687559354,0.618903726511847,0.25757257918902676,0.09286201462999408,0.277504924513988,VALID,seedbench,VCPS-17D (Our Method),47
0.3239885736100555,32.398857361005554,0.3239885736100555,32.398857361005554,0.3180723958608978,0.32399956262744495,-0.10497531262744494,0.219024,0.0,0.10496859582987836,0.5368726714880561,4.985811299970878,0.2909574162011698,0.0002344860706512827,1.0,COLLAPSED,seedbench,Naive Confidence (NC),48
0.014030998236611374,1.4030998236611374,0.05816629367628529,5.816629367628529,0.017731263789301666,0.21837552160851315,0.000648728391486858,0.219024,0.0023454083976652226,0.0017492057655534878,0.5368726714880561,0.6283501797498204,0.2909574162011698,0.013495223594340185,1.0,COLLAPSED,seedbench,Temperature Scaling (TS),48
0.02553956783081792,2.553956783081792,0.056447965955825456,5.644796595582545,0.01808260362580272,0.2184560800553092,0.0005681699446908051,0.219024,0.002213236475610611,0.0017053876612611785,0.5368726714880561,0.6285533555145489,0.2909574162011698,0.009854684153963669,1.0,COLLAPSED,seedbench,Platt Scaling (1D),48
0.02542069771257724,2.542069771257724,0.05632791215699281,5.632791215699281,0.018612527215315863,0.21847444089616477,0.0005498091038352304,0.219024,0.002213236475610611,0.0017153118358752494,0.5368726714880561,0.6285886269776504,0.2909574162011698,0.010475666219058965,1.0,COLLAPSED,seedbench,Quadratic Platt (Logit-Only),48
0.02552421011297384,2.552421011297384,0.05643456081704791,5.643456081704791,0.018136419520986227,0.21845637835266515,0.00056787164733485,0.219024,0.002213236475610611,0.001705748381347035,0.5368726714880561,0.6285535885432468,0.2909574162011698,0.009914702386668979,1.0,COLLAPSED,seedbench,Beta Calibration,48
0.043479321139607285,4.347932113960729,0.05568759665714455,5.568759665714455,0.043479321139607285,0.22091445297598317,-0.001890202975983163,0.219024,0.0,0.001890451366761101,0.4985207100591716,0.6343967283449538,0.3091785034886066,5.54741186086595e-08,1.0,COLLAPSED,seedbench,Spline Calibration,48
0.0126710752444935,1.2671075244493502,0.09960255124638048,9.960255124638048,0.026838109559774823,0.2179484486819307,0.0010758013180693082,0.219024,0.0025885968686761114,0.001986800459379549,0.6155307180948206,0.6273463760715546,0.24027890350896455,0.013906346874667406,0.7327546936328245,COLLAPSED,seedbench,Adaptive TS (ATS),48
0.0005883802352634193,0.05883802352634193,0.07792767404670453,7.792767404670453,0.007479065588521026,0.21902527743076589,-1.0274307658819648e-06,0.219024,0.0,3.461913012486367e-07,0.5320969391482211,0.6298507738736894,0.321329818015731,1.8520832494748294e-05,0.1992905492166262,COLLAPSED,seedbench,Probability Margin (1D),48
0.013757576393016628,1.3757576393016628,0.044027386234018265,4.402738623401826,0.020872789431026148,0.20973677616377945,0.009287473836220556,0.219024,0.010387572846597151,0.0011003490103765664,0.6103897289794726,0.6091060990821782,0.25785493008281724,0.08168086482055888,0.08202058464717292,SCRAMBLED,seedbench,MSSC (Multi-Scale Proxy),48
0.0004985542203692628,0.04985542203692628,0.043100289155925946,4.310028915592595,0.0004985542203692628,0.21902424855631053,1.4436894735236905e-09,0.219024,0.0,2.4855631064800345e-07,0.49344364087953835,0.6298484275757678,0.3216675806051449,4.1035471044643294e-15,1.0,COLLAPSED,seedbench,MSE-EIGEN (Multi-Scale),48
0.07436079362651707,7.436079362651707,0.0956755106582917,9.56755106582917,0.07092070531268085,0.21355508853032215,0.005469161469677852,0.219024,0.010402483678483674,0.005911691103899837,0.6518737672583828,0.6175024235419477,0.22339212197258787,0.028656178242014652,0.28416679826141256,VALID,seedbench,Residual Calibrator,48
0.032526590517370384,3.252659051737038,0.06696259366061816,6.696259366061816,0.020665060269991032,0.2072913647746442,0.011732885225355816,0.219024,0.013414791460022233,0.002476612589059643,0.6459566074950691,0.6035029068743184,0.23829267774865046,0.09460580889051762,0.02257394782628351,SCRAMBLED,seedbench,Trajectory LR,48
0.029289150098220883,2.9289150098220884,0.06465441190200054,6.465441190200054,0.02075842797675428,0.20744816082340772,0.01157608917659228,0.219024,0.01197909484983169,0.0013745803667503317,0.6432354445174958,0.6039073954483493,0.2416894086659676,0.09376927832767341,-0.0068522237578949015,SCRAMBLED,seedbench,Trajectory LR (No Bias),48
0.029013227581977843,2.9013227581977845,0.06691499531269075,6.691499531269075,0.021114956471912045,0.20725992213492897,0.011764327865071034,0.219024,0.01333170134020869,0.0023545530279144174,0.6446234202644459,0.6034164784479197,0.23946440331441085,0.09483289625839465,0.030049105896541282,SCRAMBLED,seedbench,Trajectory Platt (5D),48
0.029466968730092066,2.9466968730092065,0.06483875004947186,6.483875004947186,0.02174650835235369,0.2081043151278673,0.010919934872132692,0.219024,0.013609268630006196,0.0031840372705696134,0.6434728614215793,0.6064648364219892,0.24983834692463613,0.09745490606747809,0.0295605327333071,SCRAMBLED,seedbench,Trajectory Platt (17D),48
0.0838984899597552,8.38984899597552,0.09166641913291608,9.166641913291608,0.0738456531035158,0.21341760593309164,0.005606644066908362,0.219024,0.012269068527109819,0.007515918844329929,0.6540287822339104,0.6171554287060147,0.22291868020266248,0.03026984467315463,0.32252049617863227,VALID,seedbench,VCPS-5D (Our Method),48
0.08388644720360652,8.388644720360652,0.10776739299909921,10.77673929990992,0.07496935485088055,0.21346513170306963,0.005559118296930371,0.219024,0.012269068527109819,0.007505734209049327,0.6521294470012419,0.6172585652858937,0.224391140388017,0.03011527839446225,0.34197765128426744,VALID,seedbench,VCPS-17D (Our Method),48
0.3239882983676666,32.398829836766666,0.3239882983676665,32.39882983676665,0.3181524763145348,0.3239961504298119,-0.10497190042981192,0.219024,0.0,0.10496841747917618,0.49729709986120246,4.981365141959707,0.35086754753946076,0.00018561652594426407,0.9999999999999998,COLLAPSED,seedbench,Naive Confidence (NC),49
0.008500415245595515,0.8500415245595515,0.056819781671922635,5.681978167192264,0.01670235037312417,0.21901232495175924,1.1925048240740699e-05,0.219024,0.00013964625850340087,0.00010429159829707785,0.49729709986120246,0.6298291866534874,0.35086754753946076,0.01550776124349248,0.9999999999999998,COLLAPSED,seedbench,Temperature Scaling (TS),49
0.0036893465130900627,0.36893465130900627,0.05888027303577193,5.888027303577193,0.016796120082084507,0.21902616505601097,-1.915056010992622e-06,0.219024,0.0003636988615497611,0.00047053434430522815,0.49729709986120246,0.6298465952193512,0.35086754753946076,0.019844165103280388,0.9999999999999998,COLLAPSED,seedbench,Platt Scaling (1D),49
0.014226178116682512,1.422617811668251,0.05912950459083505,5.912950459083505,0.018678613255197683,0.21919008752169042,-0.00016583752169044286,0.219024,0.00021635972940708332,0.00035193240135631424,0.49512382204689903,0.6302072070122481,0.35221660988047826,0.02011203968613565,0.965923065294094,COLLAPSED,seedbench,Quadratic Platt (Logit-Only),49
0.003707036203233095,0.3707036203233095,0.05887411911007119,5.887411911007119,0.01682517163676062,0.2190281977287223,-3.947728722336619e-06,0.219024,0.0003636988615497611,0.00047285964781905096,0.49729709986120246,0.6298507343065676,0.35086754753946076,0.01988450080029604,0.9999999999999998,COLLAPSED,seedbench,Beta Calibration,49
0.05138164493480457,5.138164493480457,0.08150508324974927,8.150508324974927,0.05138164493480457,0.2216640734362063,-0.0026398234362063344,0.219024,0.0,0.002640073436206328,0.5,0.636270597734708,0.3078980705805029,1.1102230246251565e-16,1.0,COLLAPSED,seedbench,Spline Calibration,49
0.010631561404168691,1.063156140416869,0.08086135378291656,8.086135378291656,0.012076419101784608,0.21851996650309827,0.0005042834969017085,0.219024,0.0002690540754418357,0.00016673330609630826,0.5649609175250201,0.6286843693693401,0.28252085245358943,0.015874453985453462,0.8098424052454629,COLLAPSED,seedbench,Adaptive TS (ATS),49
0.0005833143162388144,0.058331431623881436,0.06078059758698737,6.078059758698736,0.007283163447448023,0.21901999619457135,4.253805428622304e-06,0.219024,0.0,3.402555915291555e-07,0.5199338885236322,0.6298387177836309,0.3217075779678239,9.834358860695604e-05,0.12724880086667925,COLLAPSED,seedbench,Probability Margin (1D),49
0.029701195451795434,2.9701195451795432,0.08447287140109364,8.447287140109363,0.03109753477542761,0.20750760951980154,0.011516640480198431,0.219024,0.012586424923683896,0.0011651886952602811,0.6274380889765506,0.604017766338691,0.24648990487143707,0.07975284847621612,0.1378698221778627,VALID,seedbench,MSSC (Multi-Scale Proxy),49
0.000498554220360381,0.0498554220360381,0.06993409831301572,6.993409831301572,0.000498554220360381,0.21902424855631045,1.4436895290348417e-09,0.219024,0.0,2.4855631063914735e-07,0.4998082401928556,0.6298484275757678,0.3023627248022889,4.322710054778133e-15,1.0,COLLAPSED,seedbench,MSE-EIGEN (Multi-Scale),49
0.08737809989262754,8.737809989262754,0.09042079038574385,9.042079038574386,0.07931594319241586,0.21315886257393513,0.00586538742606485,0.219024,0.013562098731789117,0.00815030396190347,0.6383775294031704,0.6166196501105387,0.24499105237532903,0.03485784441519555,0.4621592963326165,VALID,seedbench,Residual Calibrator,49
0.041348066470587065,4.134806647058706,0.059941244452134494,5.9941244452134494,0.033669502480480284,0.2050941047279858,0.013930145272014166,0.219024,0.018033676052270013,0.0054898195539881236,0.6560376944992329,0.6005380409644318,0.2427736191463752,0.10413102180362396,0.15657559950357341,VALID,seedbench,Trajectory LR,49
0.045387721565574135,4.538772156557414,0.08721412749902721,8.72141274990272,0.040258193431106634,0.2046518705729592,0.014372379427040782,0.219024,0.018690912983283063,0.005371534944225633,0.6582109723135364,0.598569372436998,0.2436957481268656,0.10198344904551242,0.0697536997767128,SCRAMBLED,seedbench,Trajectory LR (No Bias),49
0.04136326543241743,4.1363265432417435,0.06645726553350687,6.645726553350687,0.03368997211571167,0.20509441105826456,0.013929838941735412,0.219024,0.018033676052270013,0.005490703932597884,0.6560194316604573,0.600539425719381,0.24252640464144598,0.10411660471463668,0.15635172959482402,VALID,seedbench,Trajectory Platt (5D),49
0.04665092563629151,4.665092563629151,0.06800996756553651,6.800996756553651,0.035612483012655925,0.2035032228104619,0.015521027189538072,0.219024,0.01988285709011889,0.005693574533781644,0.6631236759441888,0.6447851421843452,0.23021744573198274,0.11013969721349305,0.16421661815122407,VALID,seedbench,Trajectory Platt (17D),49
0.04070420235187709,4.070420235187709,0.057827683459411944,5.782768345941195,0.03797270932222801,0.20847598058463007,0.010548269415369904,0.219024,0.015813874758527927,0.004900406353353744,0.6418109430929944,0.606229320100411,0.25416121571161227,0.09527129959826536,0.44045488088934776,VALID,seedbench,VCPS-5D (Our Method),49
0.04448948535304907,4.448948535304907,0.054385753306130075,5.438575330613007,0.03924261295740619,0.20788688011314638,0.011137369886853599,0.219024,0.017129835369618818,0.005491735652156436,0.6452717510409818,0.6055190573293286,0.2471638847592698,0.09769008871566999,0.43048566285822537,VALID,seedbench,VCPS-17D (Our Method),49
0.3239974804631943,32.39974804631943,0.32399748046319427,32.399748046319424,0.31829119866736155,0.3239968304517197,-0.10497258045171967,0.219024,0.0,0.10497436734649798,0.5109211775878443,5.022973383409215,0.30276310759199476,3.298644262809337e-05,0.9999999999999998,COLLAPSED,seedbench,Naive Confidence (NC),50
0.011355086619095995,1.1355086619095995,0.05633729902279985,5.633729902279986,0.01562140374483214,0.21912317243710627,-9.892243710626913e-05,0.219024,0.0009262611232676877,0.0008015738478391104,0.5109211775878443,0.6300714816982234,0.30276310759199476,0.013126568322525399,0.9999999999999998,COLLAPSED,seedbench,Temperature Scaling (TS),50
0.012120757913734542,1.2120757913734543,0.0569592818435028,5.69592818435028,0.01099660069952905,0.21911166713613223,-8.74171361322229e-05,0.219024,0.0001554630545034346,0.0006098542183699986,0.5109211775878443,0.6300265274156288,0.30276310759199476,0.01660568733920057,0.9999999999999998,COLLAPSED,seedbench,Platt Scaling (1D),50
0.005547630485851834,0.5547630485851834,0.060558091696715145,6.055809169671514,0.011551279905749294,0.21911556239520608,-9.131239520607237e-05,0.219024,0.00010365499746321683,3.9647031947253316e-05,0.5102637153919204,0.6300388763973996,0.30428898908266194,0.018254678905797038,0.9992847941182924,COLLAPSED,seedbench,Quadratic Platt (Logit-Only),50
0.006470457134545835,0.6470457134545835,0.057405622134357064,5.740562213435706,0.011420559892910246,0.21914248693064795,-0.00011823693064794139,0.219024,0.0006570611390284759,0.0008132186600926129,0.5109211775878443,0.6300909900214158,0.30276310759199476,0.01792814483261035,0.9999999999999998,COLLAPSED,seedbench,Beta Calibration,50
0.11788498242089396,11.788498242089396,0.11788498242089417,11.788498242089416,0.11788498242089396,0.23292086908037454,-0.01389661908037454,0.219024,0.0,0.013896869080374477,0.5,0.6677320609191681,0.31764741462638196,1.1102230246251565e-16,1.0,COLLAPSED,seedbench,Spline Calibration,50
0.011180470403110977,1.1180470403110976,0.07239344999886949,7.239344999886948,0.01694249789634106,0.21868065317908617,0.0003435968209138385,0.219024,0.0010305994720422368,0.0007947437803945134,0.5676181605668786,0.6290522084945931,0.27013535037421565,0.013479318029225942,0.731843267788515,COLLAPSED,seedbench,Adaptive TS (ATS),50
0.0005883846637100287,0.05883846637100287,0.0443811273908174,4.43811273908174,0.007445561046168929,0.21902440367183612,-1.5367183611725288e-07,0.219024,0.0,3.461965124891636e-07,0.5221619548542625,0.629848781408743,0.320128481333624,4.397870820353722e-06,0.10335127240419739,COLLAPSED,seedbench,Probability Margin (1D),50
0.010286807482140264,1.0286807482140263,0.04892631286021566,4.892631286021566,0.01908602607277604,0.21041608377019583,0.008608166229804176,0.219024,0.00873344422852701,0.0001255279987228164,0.6048652202498357,0.6104871573238689,0.24994959530498492,0.08237428795566297,0.08566474338134902,SCRAMBLED,seedbench,MSSC (Multi-Scale Proxy),50
0.000498554220370484,0.0498554220370484,0.06606590168698522,6.606590168698522,0.000498554220370484,0.21902424855631067,1.4436893347458124e-09,0.219024,0.0,2.4855631064922117e-07,0.49350756081525315,0.6298484275757684,0.3325048412999953,1.4670075518060814e-16,1.0,COLLAPSED,seedbench,MSE-EIGEN (Multi-Scale),50
0.059140030742481926,5.914003074248193,0.06723238459925028,6.723238459925028,0.05208676682348705,0.2142362756054692,0.004787974394530797,0.219024,0.009449933786078096,0.004654750552139144,0.6149097815764483,0.6191113880611326,0.2555625181815163,0.031698999329464655,0.3768254838003764,VALID,seedbench,Residual Calibrator,50
0.027810223389695087,2.7810223389695086,0.040601344927956654,4.060134492795665,0.017394185111090386,0.20802703572429476,0.010997214275705242,0.219024,0.01231633129009708,0.0012487631515470184,0.6360764117174373,0.6052380416043636,0.2463963752735372,0.09640922488568725,0.05577131283435424,SCRAMBLED,seedbench,Trajectory LR,50
0.03978792392845076,3.9787923928450755,0.039239215658316035,3.9239215658316033,0.016742382806570248,0.20793476962705387,0.011089480372946131,0.219024,0.015217047649569384,0.003876010753484059,0.6397289794725691,0.6049793063629618,0.24476690710799234,0.09427991487326738,-0.020786557041630144,SCRAMBLED,seedbench,Trajectory LR (No Bias),50
0.02781460881233215,2.781460881233215,0.04060277533531188,4.060277533531188,0.017398753901871632,0.2080275659699595,0.010996684030040504,0.219024,0.01231633129009708,0.0012492342104966918,0.6360764117174373,0.6052392699511441,0.2463963752735372,0.09638520860556171,0.05577131283435424,SCRAMBLED,seedbench,Trajectory Platt (5D),50
0.03281386464834216,3.2813864648342164,0.04103672474622727,4.103672474622727,0.016866467849927933,0.208309576332569,0.010714673667431007,0.219024,0.01288688978115901,0.002556243532664749,0.631976404412302,0.6058498000293678,0.2450835558102977,0.09642328223475112,0.08802634966727788,SCRAMBLED,seedbench,Trajectory Platt (17D),50
0.03027145472505972,3.027145472505972,0.04526377760070566,4.526377760070566,0.0274483157020937,0.21103695380833284,0.00798729619166716,0.219024,0.011905238972557946,0.003254753537530357,0.6141975308641976,0.6117458776264926,0.2558477604969244,0.08856813671076255,0.3292893534264253,VALID,seedbench,VCPS-5D (Our Method),50
0.027959098266930788,2.795909826693079,0.04691664675177947,4.691664675177947,0.0285895069456689,0.2113189877465993,0.007705262253400708,0.219024,0.011593922458543477,0.003122666044422975,0.614873255898897,0.6123316950696857,0.2581872444550039,0.09240218130563974,0.33667856887654685,VALID,seedbench,VCPS-17D (Our Method),50
0.32399925982342226,32.399925982342225,0.3239992598234222,32.39992598234222,0.3182482501648833,0.32399953462630077,-0.10497528462630079,0.219024,0.0,0.10497552036612548,0.5238421360216232,4.981560063213416,0.32288277831918744,3.1155710310782454e-06,0.9999999999999998,COLLAPSED,seedbench,Naive Confidence (NC),51
0.008157799427768458,0.8157799427768458,0.05825612340788218,5.825612340788218,0.011841346600956558,0.2185764428449077,0.0004478071550922669,0.219024,0.0005635492708793629,0.00022555726168336054,0.5238421360216232,0.6288246059546286,0.32288277831918744,0.012802259961207894,0.9999999999999998,COLLAPSED,seedbench,Temperature Scaling (TS),51
0.026444624269684674,2.6444624269684676,0.05876119701958545,5.876119701958546,0.011196646261645217,0.2185268691491669,0.0004973808508330624,0.219024,0.001987150926743159,0.0011468979529380078,0.5238421360216232,0.628721620024313,0.32288277831918744,0.012210033859799387,0.9999999999999998,COLLAPSED,seedbench,Platt Scaling (1D),51
0.018154236739173577,1.8154236739173577,0.05840638269216689,5.840638269216689,0.014166650483774046,0.21836986837144257,0.00065438162855741,0.219024,0.001146513258760046,0.0004386860779724911,0.5239517130542771,0.6283762219337984,0.32285854321638735,0.014161910940366368,0.999993037512721,COLLAPSED,seedbench,Quadratic Platt (Logit-Only),51
0.026990567775954648,2.6990567775954646,0.058702617398828066,5.870261739882807,0.01040592916621524,0.21855366872398588,0.00047058127601409816,0.219024,0.001987150926743159,0.0012022465433279145,0.5238421360216232,0.6287821128156318,0.32288277831918744,0.011285387276344242,0.9999999999999998,COLLAPSED,seedbench,Beta Calibration,51
0.0817149321266969,8.17149321266969,0.09365981900452491,9.365981900452491,0.0817149321266969,0.22570133013247068,-0.006677080132470703,0.219024,0.0,0.00667733013247068,0.5,0.6468703277225138,0.36966577104762505,0.0,1.0,COLLAPSED,seedbench,Spline Calibration,51
0.010583522222566161,1.0583522222566162,0.08048983079496996,8.048983079496995,0.02096710335063332,0.21813850767800821,0.0008857423219917615,0.219024,0.0007138876404494388,0.0003599094770412756,0.5968934911242604,0.627803013764458,0.2624828154105448,0.013043802381281928,0.7332425380243626,COLLAPSED,seedbench,Adaptive TS (ATS),51
0.0005869071021189498,0.05869071021189498,0.06462789663383499,6.462789663383499,0.007424921653488567,0.21902385338820107,3.9661179890293496e-07,0.219024,0.0,3.4445994651766336e-07,0.5667963328219738,0.6298475255785827,0.29025254272715256,2.7149515994957927e-05,0.12449092744557262,COLLAPSED,seedbench,Probability Margin (1D),51
0.012963911978030252,1.2963911978030251,0.04943821662028114,4.943821662028114,0.021576284709908893,0.21002427567619525,0.008999974323804727,0.219024,0.0091374352443848,0.00019833095855188547,0.6073854920008767,0.6095924995889345,0.26540695324171587,0.08268321682437443,0.046525791392717245,SCRAMBLED,seedbench,MSSC (Multi-Scale Proxy),51
0.0004985542203692628,0.04985542203692628,0.07289971084407379,7.289971084407379,0.0004985542203692628,0.21902424855631059,1.4436893902569636e-09,0.219024,0.0,2.4855631064800345e-07,0.5028124771714516,0.629848427575768,0.3536527811160363,3.0994396649478253e-15,1.0,COLLAPSED,seedbench,MSE-EIGEN (Multi-Scale),51
0.059004377201732905,5.90043772017329,0.08089518611527102,8.089518611527103,0.06037490196424518,0.21399471315557037,0.005029536844429611,0.219024,0.00814623276407337,0.00395735016654123,0.6340127109357878,0.618503212467876,0.24166126539711966,0.029763405519621356,0.27536570897712304,VALID,seedbench,Residual Calibrator,51
0.02840216975782397,2.840216975782397,0.04670378377698302,4.670378377698301,0.027412893486140254,0.21019972244078963,0.008824527559210343,0.219024,0.010723062225190674,0.0017732000174937805,0.6175761560376946,0.6100304722486103,0.2546706429135625,0.09896021938962125,-0.07941002260386648,SCRAMBLED,seedbench,Trajectory LR,51
0.026070469531665714,2.6070469531665714,0.049068043510078915,4.906804351007891,0.02776376402851868,0.21042772951599426,0.00859652048400572,0.219024,0.011041222853606536,0.002212039429500802,0.619639856819344,0.6105653904570125,0.25390336562007365,0.09839368624323662,-0.10700081423124687,SCRAMBLED,seedbench,Trajectory LR (No Bias),51
0.02840332484245301,2.8403324842453013,0.04670548748970035,4.670548748970035,0.027413405918020634,0.2102001605790273,0.00882408942097268,0.219024,0.010723062225190674,0.0017733331695273425,0.6175761560376946,0.6100315537466051,0.25466223929313486,0.09895140586113838,-0.07941002260386648,SCRAMBLED,seedbench,Trajectory Platt (5D),51
0.023553835034370422,2.355383503437042,0.0666659073829651,6.66659073829651,0.026951005733770527,0.20994631685064583,0.00907793314935415,0.219024,0.010011870687843484,0.0013997911475497928,0.6201786105632259,0.6092142752147324,0.25301364767629975,0.10034408927849654,-0.04712316671954461,SCRAMBLED,seedbench,Trajectory Platt (17D),51
0.05608013129774529,5.6080131297745295,0.08462099211781492,8.462099211781492,0.06045007548481804,0.21397822027915042,0.005046029720849554,0.219024,0.007693932810750285,0.0036187763755095178,0.6323690554459784,0.6184561436126736,0.24441195426250098,0.030011576041308212,0.282281049002853,VALID,seedbench,VCPS-5D (Our Method),51
0.057529654937376815,5.7529654937376815,0.08467260566356379,8.467260566356378,0.060959811270383565,0.21393615781738573,0.0050880921826142456,0.219024,0.007917745068817391,0.003790393124208034,0.6339853166776244,0.6183631266688215,0.2436623737468728,0.02987924447206575,0.2843323773883492,VALID,seedbench,VCPS-17D (Our Method),51
0.08315226077434688,8.315226077434689,0.09067325266560447,9.067325266560447,0.07983989703984823,0.17151351247150098,0.07002348752849905,0.241536,0.08048090925642694,0.011439449222644255,0.8315282193958665,0.5111958679213491,0.13242833522496958,0.25504423892101685,1.0,VALID,textvqa,Naive Confidence (NC),42
0.08699271808766473,8.699271808766474,0.08918770138476177,8.918770138476177,0.07219491178720948,0.170936089950567,0.07060091004943303,0.241536,0.08386272603265399,0.012864383655871954,0.8315282193958665,0.5088969603363053,0.13242833522496958,0.24545073329751355,1.0,VALID,textvqa,Temperature Scaling (TS),42
0.05013644534074693,5.013644534074693,0.06111676882050224,6.111676882050224,0.03635955920447101,0.16368466845668994,0.07785233154331009,0.241536,0.08293659237797302,0.003886398050626091,0.8315282193958665,0.4957233247729588,0.12405263878012367,0.2843281232387541,1.0,VALID,textvqa,Platt Scaling (1D),42
0.04767061126644687,4.767061126644688,0.0474317821215824,4.743178212158241,0.023599051370936316,0.16234973983495554,0.07918726016504449,0.241536,0.08157766063789029,0.0035373368663460104,0.8315282193958665,0.501803108963792,0.1215989299312873,0.28702433178001213,0.9999990399961599,VALID,textvqa,Quadratic Platt (Logit-Only),42
0.03939857477817011,3.9398574778170112,0.046936427643599454,4.693642764359946,0.022729083078470325,0.16226174958331024,0.07927525041668979,0.241536,0.08182263077661582,0.002643262658729031,0.8315282193958665,0.4980286319860991,0.12143767728994191,0.2886990628202975,1.0,VALID,textvqa,Beta Calibration,42
0.03703678245789443,3.7036782457894426,0.048622924816516165,4.862292481651616,0.025412044348535077,0.16241256184390704,0.07912443815609299,0.241536,0.08023719868684145,0.0023157040039511975,0.8315282193958665,0.4903224389201084,0.1224473710199756,0.27068739793641505,1.0,VALID,textvqa,Spline Calibration,42
0.08120061894143653,8.120061894143653,0.08425393237832678,8.425393237832678,0.07509254328467176,0.17074755832561056,0.07078944167438947,0.241536,0.0833843043513715,0.012590055685832593,0.8326709062003179,0.5077944968077143,0.13081018078095893,0.24696254066509268,0.9991323485293943,VALID,textvqa,Adaptive TS (ATS),42
0.0009171022190289646,0.09171022190289646,0.06194669454201788,6.1946694542017875,0.0009171022190289646,0.2415368410764801,1.5892351992730092e-07,0.241536,0.0,8.41076480147851e-07,0.5,0.6761240858879319,0.3511754544306949,1.1102230246251565e-16,1.0,COLLAPSED,textvqa,Probability Margin (1D),42
0.03364934895412364,3.3649348954123637,0.06338894546527805,6.338894546527805,0.03517822855498695,0.21298445282150397,0.028552547178496063,0.241536,0.03196873200085166,0.003417184822355648,0.7024046104928459,0.6149958257017881,0.2634429451298652,0.1497347378526148,0.42614035327260036,VALID,textvqa,MSSC (Multi-Scale Proxy),42
0.04557402768913557,4.5574027689135574,0.07878844005107379,7.8788440051073785,0.031894501192594425,0.2395534135151122,0.0019835864848878337,0.241536,0.004860028122415214,0.003342872535601503,0.5553457869634341,0.671943156003864,0.3349735969994453,0.014320450375968208,0.0954442537770151,COLLAPSED,textvqa,MSE-EIGEN (Multi-Scale),42
0.048018875295289865,4.801887529528987,0.056903094275036335,5.690309427503633,0.033836922158688824,0.16238107410136382,0.07915592589863621,0.241536,0.0850368758953578,0.0035870720459637317,0.8345919448860626,0.4923780408377042,0.12084308058783919,0.28706283335718036,0.9990014040056159,VALID,textvqa,Residual Calibrator,42
0.04539050073172253,4.539050073172253,0.06268154841726464,6.2681548417264645,0.029884285239835544,0.16038524317492775,0.08115175682507228,0.241536,0.08409604753118338,0.0031343075236717867,0.8387983571807102,0.4852595476684414,0.11680652764459523,0.28720797125994907,0.9788370993483972,VALID,textvqa,Trajectory LR,42
0.05378837100207395,5.378837100207394,0.05587175191140214,5.587175191140214,0.02881809303225886,0.16018021246654138,0.08135678753345865,0.241536,0.08661061299838621,0.005681829499360572,0.8394773449920507,0.4849180884584225,0.1153502477685728,0.28912540993443503,0.981691958767835,VALID,textvqa,Trajectory LR (No Bias),42
0.04352416353300212,4.352416353300212,0.059060092728585,5.9060092728585,0.02986075653002121,0.16039802950156154,0.08113897049843849,0.241536,0.08449306264357821,0.0030296046035274958,0.8388977212506625,0.48520405706035336,0.11668666029444019,0.28647785331124787,0.9785165540662163,VALID,textvqa,Trajectory Platt (5D),42
0.06650038138777017,6.650038138777018,0.06024430205672978,6.024430205672978,0.03594155671526779,0.16077287429555032,0.08076412570444971,0.241536,0.08825468213914264,0.006968357775126322,0.8406034711181769,0.4869183412500552,0.11642890014347372,0.29248634829566067,0.959313021252085,VALID,textvqa,Trajectory Platt (17D),42
0.05445683724627593,5.445683724627593,0.05228244260103276,5.228244260103276,0.03564523024026584,0.1621221538672093,0.07941484613279073,0.241536,0.08526097087771346,0.0053596350702666455,0.8346747482776894,0.491233669320594,0.11977524529622853,0.28813587767137777,0.9978316393265574,VALID,textvqa,VCPS-5D (Our Method),42
0.05781210166729945,5.781210166729945,0.04019522764366951,4.01952276436695,0.03154283564845649,0.16225594246435782,0.07928105753564221,0.241536,0.08377006041823522,0.004583286223903141,0.8347078696343402,0.49092409023632183,0.11856829619813922,0.28920086547461915,0.9972769491077964,VALID,textvqa,VCPS-17D (Our Method),42
0.0928958404441784,9.28958404441784,0.08024891451712962,8.024891451712962,0.07518307763651946,0.1573113548256374,0.08422564517436265,0.241536,0.09847851251668727,0.014899870098290106,0.8613374403815581,0.46884142547557645,0.10434735958835828,0.25898635239104384,1.0,VALID,textvqa,Naive Confidence (NC),43
0.09383977150770921,9.38397715077092,0.08504099863896504,8.504099863896505,0.07803158268479526,0.15785119401066827,0.08368580598933179,0.241536,0.09668374422305412,0.01274036099043117,0.8613374403815581,0.47202358965588537,0.10434735958835828,0.24289268758303592,1.0,VALID,textvqa,Temperature Scaling (TS),43
0.0617651521080271,6.17651521080271,0.05629036016887053,5.629036016887054,0.051181696188961776,0.15035807478912544,0.09117892521087462,0.241536,0.09665202744117077,0.006334016155691054,0.8613374403815581,0.4577796615579603,0.09731830494060602,0.28021021752247505,1.0,VALID,textvqa,Platt Scaling (1D),43
0.057103299923769835,5.710329992376984,0.04688881504013611,4.688881504013611,0.04513459054025516,0.14972397247433122,0.09181302752566883,0.241536,0.09848569148305486,0.006616450290510034,0.8613374403815581,0.4530044974726027,0.0946585342896217,0.27819600571185904,0.999999903999616,VALID,textvqa,Quadratic Platt (Logit-Only),43
0.04986116840372313,4.986116840372313,0.04499561966754227,4.499561966754227,0.042913396354960845,0.14934674185322716,0.0921902581467729,0.241536,0.09856086350802726,0.00640798174177595,0.8613374403815581,0.4519923563780918,0.09458548274933203,0.2796310326039976,1.0,VALID,textvqa,Beta Calibration,43
0.06277494001685063,6.2774940016850636,0.05672755333387627,5.672755333387626,0.04936216715738532,0.1494230622222989,0.09211393777770116,0.241536,0.09774114871102708,0.005707162137771303,0.8613374403815581,0.4583917636067246,0.09532196973253716,0.26009242275693983,1.0,VALID,textvqa,Spline Calibration,43
0.0952695935619709,9.52695935619709,0.0913774718640979,9.13774718640979,0.07995113944909607,0.15722794761765996,0.0843090523823401,0.241536,0.09775399537655809,0.013052891226315467,0.8631591149973503,0.4696566231327894,0.10298185760891686,0.24275576734495247,0.9993694694778779,VALID,textvqa,Adaptive TS (ATS),43
0.0009171022190289646,0.09171022190289646,0.08368163704910604,8.368163704910604,0.0009171022190289646,0.2415368410764801,1.589235199550565e-07,0.241536,0.0,8.41076480147851e-07,0.5,0.676124085887932,0.41879045893632316,1.1102230246251565e-16,1.0,COLLAPSED,textvqa,Probability Margin (1D),43
0.05048936768188213,5.048936768188213,0.07038841914404584,7.038841914404584,0.03085247836806289,0.21505810982105164,0.026478890178948417,0.241536,0.03152761103940008,0.005049720860451685,0.694521727609963,0.6189338896594611,0.26599709074246564,0.15073669001603465,0.4501699121532973,VALID,textvqa,MSSC (Multi-Scale Proxy),43
0.08159110268767675,8.159110268767675,0.11155332909553345,11.155332909553344,0.06159399863426357,0.23860396405411285,0.0029330359458872024,0.241536,0.012696873326886864,0.010350787090467847,0.6024609167991521,0.669972683108368,0.2946656352345774,0.013169945357901381,0.169502118008472,COLLAPSED,textvqa,MSE-EIGEN (Multi-Scale),43
0.06460883988146485,6.460883988146485,0.0628084115519976,6.280841155199759,0.053830807201240026,0.14890622210180599,0.09263077789819407,0.241536,0.1005340825530073,0.006700789857401253,0.8635068892421833,0.45442529235595014,0.09605598496327633,0.2835625348295472,0.9988745874983499,VALID,textvqa,Residual Calibrator,43
0.07277598295383277,7.277598295383276,0.0683775192244373,6.83775192244373,0.060482097384819446,0.14673416062437117,0.09480283937562889,0.241536,0.10287064200866783,0.008025550323660454,0.8680279544250132,0.4505532434800276,0.09441436739659886,0.28698672365248845,0.9747198348793394,VALID,textvqa,Trajectory LR,43
0.07034579091314913,7.034579091314913,0.058822683776154336,5.882268377615434,0.05726990993512109,0.14707720430586663,0.09445979569413343,0.241536,0.10141783641680802,0.007163203805091465,0.8667196608373078,0.4506176968259738,0.09407214213915387,0.28784922982198496,0.9787970671882686,VALID,textvqa,Trajectory LR (No Bias),43
0.07339984058216215,7.339984058216214,0.06461481540277601,6.461481540277601,0.0605664353621587,0.1468119182122544,0.09472508178774566,0.241536,0.10305862272739374,0.00798219858356119,0.8679120296767355,0.45073568924882257,0.09442240958411273,0.2864202133223893,0.9743324733298933,VALID,textvqa,Trajectory Platt (5D),43
0.05812854614108802,5.812854614108802,0.07758069201558829,7.758069201558829,0.05437878568896066,0.14438938814178082,0.09714761185821924,0.241536,0.10252642800784871,0.005752405208889744,0.8706114202437731,0.4447025635245373,0.09124763310854449,0.29187190843436067,0.9579146796587187,VALID,textvqa,Trajectory Platt (17D),43
0.0653624270548419,6.53624270548419,0.06178634291966182,6.178634291966182,0.05526665598796879,0.1483225232724603,0.09321447672753977,0.241536,0.10105522377832325,0.007275527049254162,0.8651298357180709,0.4519374026158114,0.09351562351815515,0.2818638358359097,0.9976823587294349,VALID,textvqa,VCPS-5D (Our Method),43
0.06499461926938263,6.499461926938263,0.06559982164594003,6.559982164594002,0.05720169654246383,0.14721848104303337,0.09431851895696669,0.241536,0.10149087020098442,0.00752575691884965,0.8667031001589826,0.4493298550778557,0.09202219782378986,0.28238618271803695,0.997319189276757,VALID,textvqa,VCPS-17D (Our Method),43
0.08728811506650036,8.728811506650036,0.08404870521352602,8.404870521352601,0.07846474391527387,0.17169856069611775,0.06983843930388228,0.241536,0.08279981382884033,0.013175010855727521,0.8304517753047164,0.5137664036721855,0.13397287796582175,0.25847133757264684,1.0,VALID,textvqa,Naive Confidence (NC),44
0.08599922808950573,8.599922808950573,0.08118000798944372,8.118000798944372,0.07027330573452852,0.1713251911101921,0.07021180888980794,0.241536,0.0826544044262047,0.01278621545005501,0.8304517753047164,0.5116416019534498,0.13397287796582175,0.248185279953624,1.0,VALID,textvqa,Temperature Scaling (TS),44
0.06653431189806655,6.653431189806655,0.05908290529511005,5.908290529511005,0.04538253572236619,0.1649301527608663,0.07660684723913372,0.241536,0.08487278982308015,0.008294759940279,0.8304517753047164,0.5037116701930148,0.12973612949986307,0.28744583782230215,1.0,VALID,textvqa,Platt Scaling (1D),44
0.0555980555130659,5.5598055513065905,0.05782010597229429,5.782010597229429,0.039001980448571325,0.16343370794843728,0.07810329205156274,0.241536,0.0830934935421309,0.006050010513144721,0.8304517753047164,0.501279203944212,0.12527095876143643,0.28623066831874744,0.999999903999616,VALID,textvqa,Quadratic Platt (Logit-Only),44
0.055951609901757945,5.595160990175795,0.05636512696234159,5.636512696234159,0.03755475445400213,0.1631327666745513,0.07840423332544874,0.241536,0.08371508961484012,0.005905599085808841,0.8304517753047164,0.4981989318642182,0.12522084964318433,0.28747720599629223,1.0,VALID,textvqa,Beta Calibration,44
0.038235091325462316,3.8235091325462314,0.04420611695837644,4.420611695837644,0.0354386872842724,0.1615770544000283,0.07995994559997172,0.241536,0.08201145443189944,0.0028869504404245207,0.8304517753047164,0.4892044762109242,0.1251908419541103,0.2657180737781137,1.0,VALID,textvqa,Spline Calibration,44
0.07951910688144026,7.951910688144026,0.0803938662276852,8.03938662276852,0.07188802241784888,0.17055414349379783,0.0709828565062022,0.241536,0.0829825285117218,0.012687579202257519,0.8327537095919448,0.5087664366858028,0.13096892901893195,0.24795220185018949,0.9994228456913826,VALID,textvqa,Adaptive TS (ATS),44
0.0009171022190289646,0.09171022190289646,0.06194669454201786,6.194669454201786,0.0009171022190289646,0.24153684107648013,1.5892351989954534e-07,0.241536,0.0,8.41076480147851e-07,0.5,0.676124085887932,0.4027630287443843,1.1102230246251565e-16,1.0,COLLAPSED,textvqa,Probability Margin (1D),44
0.05044908434078539,5.044908434078539,0.08982316030481638,8.982316030481638,0.035214963801106204,0.2171467314762433,0.024390268523756725,0.241536,0.02761719681049258,0.0032279282867358873,0.6884522390037096,0.6243215373554672,0.27115775049004914,0.15196555668852907,0.38300014148832195,VALID,textvqa,MSSC (Multi-Scale Proxy),44
0.05933254268774899,5.933254268774899,0.1104030181007869,11.04030181007869,0.046921692018994904,0.23909736858894798,0.002439631411052051,0.241536,0.0075359999999999976,0.005634555134138101,0.6012188659247483,0.6709974445059358,0.31137048457023037,0.013811397603454251,0.19946489385957542,COLLAPSED,textvqa,MSE-EIGEN (Multi-Scale),44
0.06521336190438481,6.521336190438482,0.05656398700452448,5.656398700452448,0.044175019358287194,0.16350563955781328,0.07803136044218675,0.241536,0.08657710783354397,0.007237976712700698,0.8336976682564918,0.5003642151241057,0.12719794587143687,0.2903941757685065,0.9989083796335185,VALID,textvqa,Residual Calibrator,44
0.04401705985581369,4.401705985581369,0.043239422206257636,4.323942220625764,0.04208940728415551,0.1608864442534808,0.08065055574651922,0.241536,0.08484323105032751,0.004235867201687188,0.8382518547959724,0.4944145536995444,0.12280498505918647,0.2940995142344941,0.9723555374221496,VALID,textvqa,Trajectory LR,44
0.04204238634157274,4.204238634157274,0.05092491116104119,5.092491116104119,0.03842617340343477,0.1609435320774569,0.08059346792254313,0.241536,0.0839329458195171,0.003826209099935365,0.8380034446210917,0.49282779952996775,0.12146840681308532,0.29449202040567346,0.9785706022824091,VALID,textvqa,Trajectory LR (No Bias),44
0.046956276491284386,4.695627649128439,0.04297308231890203,4.297308231890203,0.042047024395457384,0.16091903085946033,0.0806179691405397,0.241536,0.08507111987082182,0.004889407865161691,0.8380365659777425,0.4942486051280243,0.12269349500948651,0.2934074153163008,0.9720017760071039,VALID,textvqa,Trajectory Platt (5D),44
0.046777626384049635,4.677762638404963,0.04662729715183378,4.662729715183378,0.03848376225777777,0.1600639501783333,0.08147304982166673,0.241536,0.08744793016114465,0.004979664395746246,0.8390136459989399,0.4911103115374139,0.1204384659042185,0.29984380932545235,0.9577284389137556,VALID,textvqa,Trajectory Platt (17D),44
0.07064142624528452,7.064142624528452,0.05377921621990062,5.377921621990063,0.04471044706665421,0.16264962125119467,0.07888737874880536,0.241536,0.0879966456770731,0.008741375103580116,0.8349397191308957,0.4966996684112636,0.12360027130841258,0.289302482723103,0.9977642470569882,VALID,textvqa,VCPS-5D (Our Method),44
0.05538181329585381,5.538181329585381,0.05415916015499792,5.415916015499792,0.04447161143007746,0.1622669257827976,0.07927007421720242,0.241536,0.08693678295561771,0.006053660242347314,0.835469660837308,0.49506882338698016,0.12240740680168136,0.2903033741850082,0.9973165012660049,VALID,textvqa,VCPS-17D (Our Method),44
0.07371807200361906,7.371807200361906,0.08654572023383418,8.654572023383418,0.0756621297396446,0.173936359665526,0.06760064033447402,0.241536,0.07695125307180532,0.010623069844982807,0.8273383677795442,0.5098882510830727,0.1292882582264665,0.26185420965164596,1.0,VALID,textvqa,Naive Confidence (NC),45
0.0819060798178469,8.190607981784689,0.08283530709929646,8.283530709929646,0.06779763987793036,0.17310633435375922,0.06843066564624081,0.241536,0.07808869126821491,0.010325128057593572,0.8273383677795442,0.507639323530856,0.1292882582264665,0.2519492095909692,1.0,VALID,textvqa,Temperature Scaling (TS),45
0.049014462537951685,4.901446253795169,0.07383578273670545,7.383578273670545,0.03279422722943128,0.16755677119204013,0.0739802288079599,0.241536,0.08074345748912586,0.005178271280049561,0.8273383677795442,0.4994736489123194,0.12289416581392257,0.29097771610831685,1.0,VALID,textvqa,Platt Scaling (1D),45
0.04621872348808569,4.621872348808569,0.06954529068347141,6.954529068347141,0.027374779134610113,0.16615217623077483,0.0753848237692252,0.241536,0.07984769359154663,0.004749765392377422,0.8273383677795442,0.49099062051181874,0.11874200175334995,0.28894516338995047,1.0,VALID,textvqa,Quadratic Platt (Logit-Only),45
0.04480169569736937,4.480169569736938,0.06919640019292639,6.919640019292639,0.02685001605702565,0.16602564078394533,0.0755113592160547,0.241536,0.07905824355622657,0.0033397685374493575,0.8273383677795442,0.4904868866784508,0.11912821348946011,0.2897567438076251,1.0,VALID,textvqa,Beta Calibration,45
0.0384453138733614,3.84453138733614,0.06460465745511207,6.460465745511207,0.022215055063365817,0.16535278195550143,0.0761842180444986,0.241536,0.07935843532555781,0.002312659515063807,0.8273383677795442,0.4924706943703445,0.12020170225513997,0.26887611160795993,1.0,VALID,textvqa,Spline Calibration,45
0.07572114068097575,7.572114068097576,0.07490400581535096,7.490400581535097,0.06912822086589053,0.17228699260879182,0.06925000739120821,0.241536,0.07867203493853096,0.009649770780234119,0.8286963434022258,0.5048734203683382,0.12787969726886705,0.25155432743676903,0.9994039336157344,VALID,textvqa,Adaptive TS (ATS),45
0.0009171022190289646,0.09171022190289646,0.06042497386685826,6.042497386685826,0.0009171022190289646,0.24153684107648007,1.589235199550565e-07,0.241536,0.0,8.41076480147851e-07,0.5,0.676124085887932,0.42742811600423775,1.1102230246251565e-16,1.0,COLLAPSED,textvqa,Probability Margin (1D),45
0.0681420111979423,6.81420111979423,0.09059535271119039,9.059535271119039,0.06024200639749484,0.21915012693903663,0.022386873060963403,0.241536,0.026828813319956776,0.005968369862226377,0.691747813990461,0.6301988417907445,0.2777045009149648,0.15586975482685417,0.4498367071166635,VALID,textvqa,MSSC (Multi-Scale Proxy),45
0.026429221117660023,2.6429221117660022,0.07696754918892548,7.696754918892548,0.021707370489615057,0.239842279981026,0.0016947200189740275,0.241536,0.002531780590717297,0.0014428239966771752,0.5573330683624802,0.6725469658682357,0.34504725566993694,0.01467781186376215,0.13128254113016455,COLLAPSED,textvqa,MSE-EIGEN (Multi-Scale),45
0.0550107066307179,5.50107066307179,0.06649060477416055,6.649060477416055,0.03339665517288902,0.16627271322013032,0.07526428677986971,0.241536,0.08102547004765971,0.005447964435620047,0.8296403020667726,0.4969475641424442,0.12137720110685023,0.29400735104462133,0.9989847959391838,VALID,textvqa,Residual Calibrator,45
0.041097267763049956,4.109726776304996,0.04318414729121689,4.318414729121689,0.03595511739733685,0.16318985379235182,0.07834714620764821,0.241536,0.08099548680363466,0.003692953811312297,0.8361486486486487,0.4913568095607612,0.117921060314785,0.2996675907005572,0.9765411541646167,VALID,textvqa,Trajectory LR,45
0.04478796995392052,4.478796995392052,0.05686876904366471,5.686876904366471,0.03691821419871205,0.1639773900116608,0.07755960998833922,0.241536,0.08065052387570659,0.003922210799072728,0.8343435347111818,0.49329410899318166,0.11874338841379199,0.29972939067428966,0.9789786999147998,VALID,textvqa,Trajectory LR (No Bias),45
0.04092159287258983,4.092159287258983,0.04242403862997891,4.24240386299789,0.03596825309216477,0.16314622504344928,0.07839077495655075,0.241536,0.08097895843680204,0.0036313805789909806,0.8361817700052994,0.49108946869229525,0.11786041968816045,0.2990535001715748,0.9762847371389484,VALID,textvqa,Trajectory Platt (5D),45
0.04862354977428913,4.862354977428913,0.04251465506851674,4.251465506851674,0.029768140150059717,0.1653564230440892,0.07618057695591082,0.241536,0.08067636327250896,0.004068950432060236,0.8308326709062004,0.4923812377762383,0.11803706002112167,0.30067272008901924,0.9591799647198589,VALID,textvqa,Trajectory Platt (17D),45
0.05545595032476846,5.545595032476846,0.05692655796910931,5.692655796910931,0.03510802601225273,0.1651365635078671,0.07640043649213293,0.241536,0.08078920337840372,0.005652779505279291,0.8310976417594065,0.4929380932950489,0.11891853827361344,0.2924930285982188,0.9979274477097909,VALID,textvqa,VCPS-5D (Our Method),45
0.05195111515637224,5.195111515637224,0.055403913522562645,5.540391352256265,0.03171062748699567,0.16565117385202172,0.07588582614797831,0.241536,0.08023744026505927,0.004996254135574263,0.8304352146263911,0.49343699478539904,0.11919992570308169,0.29321272717503816,0.9972812691250764,VALID,textvqa,VCPS-17D (Our Method),45
0.09351774618926416,9.351774618926417,0.09181352071358961,9.181352071358962,0.08253224093306322,0.16539830907504074,0.07613869092495928,0.241536,0.08862456269537079,0.01292596941947083,0.8470952570217276,0.49994344779550726,0.12323495276814925,0.2556320741816671,1.0,VALID,textvqa,Naive Confidence (NC),46
0.08942506633151177,8.942506633151178,0.09250945751553183,9.250945751553182,0.0761444336373596,0.16520000185847517,0.07633699814152486,0.241536,0.08821078137299869,0.012612524217287143,0.8470952570217276,0.4979026728230038,0.12323495276814925,0.2456189959565129,1.0,VALID,textvqa,Temperature Scaling (TS),46
0.058327325304054,5.8327325304054,0.05825983040400099,5.825983040400099,0.03516343551093811,0.15651228572048934,0.0850247142795107,0.241536,0.09052043769919044,0.0054952729313928386,0.8470952570217276,0.4806466875958879,0.1135098326270693,0.28329099817890013,1.0,VALID,textvqa,Platt Scaling (1D),46
0.0496553765653875,4.96553765653875,0.055099490774256354,5.5099490774256354,0.029789032753511496,0.15616414447705443,0.0853728555229456,0.241536,0.08757065023453238,0.0032803505263340332,0.8469958929517755,0.4899393690280467,0.11224765246345512,0.28756553123684586,0.9999677438709754,VALID,textvqa,Quadratic Platt (Logit-Only),46
0.045458020380311964,4.545802038031196,0.05331606601194945,5.331606601194945,0.028936549515582444,0.15595063077470575,0.08558636922529428,0.241536,0.08919225700772401,0.003144950409547384,0.8470952570217276,0.4862061690990081,0.11229008903077448,0.28937935401993015,1.0,VALID,textvqa,Beta Calibration,46
0.04641699661530211,4.641699661530211,0.05444396521176312,5.444396521176312,0.033722958968110166,0.15589574041595963,0.0856412595840404,0.241536,0.08913723475254479,0.0039780824948946565,0.8470952570217276,0.4777787006639558,0.11383596041890592,0.26876077888893257,1.0,VALID,textvqa,Spline Calibration,46
0.08989180888895969,8.98918088889597,0.10670468361720632,10.670468361720632,0.07826325246320173,0.16476434308482527,0.07677265691517476,0.241536,0.08987420295379987,0.014049147802773021,0.8488672496025438,0.49563985192987614,0.12099459702748831,0.2455797934215343,0.9992894051576205,VALID,textvqa,Adaptive TS (ATS),46
0.0009171022190289646,0.09171022190289646,0.07504491114731808,7.504491114731808,0.0009171022190289646,0.2415368410764801,1.5892351992730092e-07,0.241536,0.0,8.41076480147851e-07,0.5,0.6761240858879319,0.40756534041146186,1.1102230246251565e-16,1.0,COLLAPSED,textvqa,Probability Margin (1D),46
0.057615819580462545,5.761581958046254,0.07502297580764641,7.502297580764641,0.04545798786800754,0.2146867928457567,0.026850207154243327,0.241536,0.03122254674824293,0.004373339593999632,0.700301404345522,0.6195282995405458,0.26181221157255563,0.15330818049331635,0.41499762451968625,VALID,textvqa,MSSC (Multi-Scale Proxy),46
0.05128755883797283,5.128755883797282,0.08765704154521736,8.765704154521735,0.04812534818256777,0.23927616696041523,0.0022608330395847975,0.241536,0.0054759999999999965,0.004031575306467852,0.5909015633280339,0.6713950646065305,0.3154883966293785,0.012776775173895685,0.15358237432949728,COLLAPSED,textvqa,MSE-EIGEN (Multi-Scale),46
0.06855438482929906,6.855438482929905,0.06738076684936752,6.738076684936751,0.034434759378024475,0.15498514382713596,0.08655185617286407,0.241536,0.09471888603255184,0.007230393283194842,0.8500099364069953,0.4768227703220957,0.11132779067086429,0.2866488531268874,0.9990188760755042,VALID,textvqa,Residual Calibrator,46
0.04623823741287905,4.6238237412879055,0.0554013149068963,5.54013149068963,0.030346133812965467,0.15394984507280213,0.0875871549271979,0.241536,0.08930599731763829,0.0033214900392386994,0.851980657127716,0.47132292149459665,0.10683009341374228,0.29162615825590854,0.9770231720926883,VALID,textvqa,Trajectory LR,46
0.044774105404897596,4.4774105404897595,0.035115230097610285,3.5115230097610284,0.030042743992922328,0.1537387973659164,0.08779820263408364,0.241536,0.09128281076807304,0.004346141669654768,0.8529908585055643,0.47072095425294985,0.10637622738001255,0.2915128329364575,0.9805572342289368,VALID,textvqa,Trajectory LR (No Bias),46
0.044567505251616235,4.456750525161624,0.059465686928480886,5.946568692848088,0.030474389543714894,0.15402728950124708,0.08750971049875295,0.241536,0.08887850886790444,0.003012845963509488,0.8518647323794383,0.4713658266078195,0.10682423047964813,0.291023631667198,0.9766486745946984,VALID,textvqa,Trajectory Platt (5D),46
0.03999637425690888,3.9996374256908878,0.034976629696786395,3.4976629696786397,0.027833394097639606,0.15169795972518288,0.08983904027481715,0.241536,0.09206670022485051,0.00294648765924705,0.8557399311075782,0.4658343830841295,0.10397480392882763,0.2965010116144695,0.9634253897015587,VALID,textvqa,Trajectory Platt (17D),46
0.05567575365970538,5.567575365970538,0.05674455959168652,5.674455959168652,0.034887753474480684,0.1545404011187174,0.08699659888128264,0.241536,0.09248294910691418,0.004555124446726421,0.8508379703232645,0.4744180000875984,0.10847679582927745,0.2856477565951138,0.9978326953307812,VALID,textvqa,VCPS-5D (Our Method),46
0.06840293685139384,6.840293685139384,0.06256619447705901,6.2566194477059005,0.034451581857873996,0.15431114541211027,0.08722585458788976,0.241536,0.09436340177060903,0.006686430964984597,0.8510698198198199,0.4737551359682263,0.1085473930806601,0.2869183345936925,0.9971530126120504,VALID,textvqa,VCPS-17D (Our Method),46
0.08375045809689738,8.375045809689738,0.09143095894687922,9.143095894687923,0.07967617998431732,0.16016419228764925,0.08137280771235078,0.241536,0.0959043419817347,0.014574444042779475,0.8585221250662427,0.4781706106884592,0.11015419758088277,0.26044155496389126,1.0,VALID,textvqa,Naive Confidence (NC),47
0.09577946271130054,9.577946271130054,0.08764711313210036,8.764711313210036,0.07659872894137415,0.16022694166454582,0.08131005833545421,0.241536,0.09737535400444962,0.016656749093289572,0.8585221250662427,0.47862832526533133,0.11015419758088277,0.24711146952675106,1.0,VALID,textvqa,Temperature Scaling (TS),47
0.06287481586932644,6.287481586932644,0.06764124980060296,6.764124980060296,0.04099145548352521,0.1518952393699367,0.08964176063006332,0.241536,0.09731384955587455,0.00757159063015198,0.8585221250662427,0.46299997535816584,0.10062404754859823,0.284758901651848,1.0,VALID,textvqa,Platt Scaling (1D),47
0.05629794260544525,5.629794260544525,0.06564838140083931,6.564838140083931,0.03449843661052408,0.15116162974323719,0.09037537025676284,0.241536,0.09503900114881922,0.005797473710581366,0.8585221250662427,0.45807701256547523,0.09844698254417991,0.285012311347236,1.0,VALID,textvqa,Quadratic Platt (Logit-Only),47
0.048223610405830605,4.82236104058306,0.06337342364045426,6.337342364045425,0.03247757089760326,0.150919246921547,0.09061775307845302,0.241536,0.09552836669102244,0.005434241750380156,0.8585221250662427,0.45723991103808587,0.09812490180387028,0.28623534536763023,1.0,VALID,textvqa,Beta Calibration,47
0.05466692767076493,5.466692767076493,0.06296219341780775,6.296219341780775,0.03659892999873481,0.1507760306616121,0.09076096933838793,0.241536,0.0942315994908509,0.004716079413694768,0.8585221250662427,0.46086474202774536,0.09816112435989564,0.26400612663747197,1.0,VALID,textvqa,Spline Calibration,47
0.09290487866980503,9.290487866980502,0.09188099214349725,9.188099214349725,0.07761606481398,0.15988082591116087,0.08165617408883916,0.241536,0.09686951160894469,0.016468468426169162,0.8599794647588764,0.4767026723893465,0.10903895886733077,0.2468447091716982,0.9993114852459409,VALID,textvqa,Adaptive TS (ATS),47
0.0009171022190289646,0.09171022190289646,0.07741657955619421,7.741657955619422,0.0009171022190289646,0.2415368410764801,1.5892351992730092e-07,0.241536,0.0,8.41076480147851e-07,0.5,0.676124085887932,0.4226672090439024,1.1102230246251565e-16,1.0,COLLAPSED,textvqa,Probability Margin (1D),47
0.06889021028871957,6.889021028871957,0.0752360029691463,7.52360029691463,0.05684181248989298,0.21436916125795002,0.027167838742050004,0.241536,0.03382643001205663,0.006659591270006667,0.7052364864864864,0.6192689882324773,0.2415788507268259,0.15456612860148772,0.46417187659561554,VALID,textvqa,MSSC (Multi-Scale Proxy),47
0.07986155662996328,7.986155662996327,0.11292395471056711,11.292395471056711,0.05669917206725783,0.23872196810297167,0.002815031897028364,0.241536,0.011582728971962615,0.009232238256170935,0.5782492050874404,0.670204385109182,0.30691973915791254,0.013895743350312026,0.13250981003924014,COLLAPSED,textvqa,MSE-EIGEN (Multi-Scale),47
0.06381662307046401,6.381662307046401,0.05638047241376187,5.638047241376187,0.04305492907219722,0.1505355928933993,0.09100140710660073,0.241536,0.09880922781103095,0.007921201476177852,0.8601119501854796,0.45973503462381055,0.09914237786475034,0.28849102943419447,0.9987195468781874,VALID,textvqa,Residual Calibrator,47
0.057516672023199086,5.751667202319909,0.055912658020404925,5.591265802040493,0.042886588772328316,0.14912184343112977,0.09241515656887025,0.241536,0.0975201739600259,0.005264761556854768,0.8615196078431373,0.4544371840153797,0.09691148866091101,0.2970157066579554,0.9735684062736251,VALID,textvqa,Trajectory LR,47
0.06308006780165412,6.308006780165412,0.05461592307841687,5.461592307841687,0.041988089889768855,0.14948279315055846,0.09205420684944157,0.241536,0.09781343658603728,0.006231613250941276,0.861420243773185,0.4553882699457474,0.09711887696932235,0.29585130437677226,0.9769015396061584,VALID,textvqa,Trajectory LR (No Bias),47
0.05648412059247496,5.648412059247495,0.05596123103797436,5.596123103797436,0.04295398030785486,0.14920348796419466,0.09233351203580537,0.241536,0.09702218265297789,0.004963792567726623,0.861552729199788,0.45456034651110633,0.09682031317941821,0.29641618854640306,0.9732745490981963,VALID,textvqa,Trajectory Platt (5D),47
0.04822756761312484,4.822756761312484,0.05242972761392592,5.242972761392592,0.027591867658437245,0.14856528669682278,0.09297171330317724,0.241536,0.0956400396572851,0.003225408904308008,0.862761658717541,0.45079475775730976,0.09439767871463486,0.29993096233001204,0.9591431005724023,VALID,textvqa,Trajectory Platt (17D),47
0.06669161091249173,6.6691610912491734,0.06584971381348365,6.584971381348365,0.04452271376316401,0.15025632171268283,0.0912806782873172,0.241536,0.09732801648225545,0.00645076733159656,0.861122151563328,0.4577344370237307,0.09776623315716475,0.2872428668045989,0.9975149340597361,VALID,textvqa,VCPS-5D (Our Method),47
0.06544832415496615,6.544832415496615,0.05863570753148201,5.863570753148202,0.04207199797762113,0.15009020022253236,0.09144679977746767,0.241536,0.09961198177900457,0.007007402918757404,0.8607578166401695,0.4565922931570711,0.09730203482835989,0.2891459510356287,0.9967743870975484,VALID,textvqa,VCPS-17D (Our Method),47
0.09945566750439162,9.945566750439163,0.09784640083582564,9.784640083582564,0.09194328441580325,0.16661076463699698,0.07492623536300305,0.241536,0.09140040677279956,0.016664856242338467,0.8519972178060413,0.49297803728412043,0.11997320418990903,0.25083612764491364,1.0,VALID,textvqa,Naive Confidence (NC),48
0.09238754572499824,9.238754572499824,0.09520911869060308,9.520911869060308,0.08734996769142132,0.16622773355491838,0.07530926644508165,0.241536,0.09220099683158352,0.016328140562855916,0.8519972178060413,0.4923265431951886,0.11997320418990903,0.23916249559751837,1.0,VALID,textvqa,Temperature Scaling (TS),48
0.06326314513930024,6.326314513930025,0.06456115911382557,6.456115911382557,0.04906839226763103,0.15646083428584812,0.08507616571415191,0.241536,0.09314634339200559,0.008919412715893079,0.8519972178060413,0.47458169916188553,0.10801528254909112,0.2743150257424376,1.0,VALID,textvqa,Platt Scaling (1D),48
0.05593092330822401,5.593092330822401,0.057621476411950256,5.762147641195026,0.04167716485342051,0.15477156859148022,0.0867654314085198,0.241536,0.093078702323829,0.0063979782421029995,0.8519972178060413,0.46661323027757534,0.10355967090753515,0.2748013238767899,1.0,VALID,textvqa,Quadratic Platt (Logit-Only),48
0.05283392875018375,5.283392875018375,0.055375880048784173,5.537588004878417,0.03870582472753678,0.15426291324260943,0.0872740867573906,0.241536,0.0927547564155633,0.005538314072403194,0.8519972178060413,0.4649810285038075,0.10324357358734358,0.2760587321211534,1.0,VALID,textvqa,Beta Calibration,48
0.052269684448542776,5.226968444854277,0.05560004292151034,5.560004292151034,0.039442340452066654,0.15342749489713084,0.08810950510286919,0.241536,0.0918416157557744,0.00408863471641275,0.8519972178060413,0.46641802202734867,0.10374853855246731,0.25817615413811384,1.0,VALID,textvqa,Spline Calibration,48
0.1030712676291512,10.30712676291512,0.09968993137615552,9.968993137615552,0.08921347070092132,0.16544058585474558,0.07609641414525445,0.241536,0.09411804912002192,0.018380896150850853,0.8542494700582935,0.489047437991382,0.11820352814521706,0.23923071683591202,0.9995538862155448,VALID,textvqa,Adaptive TS (ATS),48
0.0009171022190289646,0.09171022190289646,0.05695508885268191,5.695508885268191,0.0009171022190289646,0.24153684107648013,1.5892351989954534e-07,0.241536,0.0,8.41076480147851e-07,0.5,0.6761240858879319,0.3920915672665443,1.1102230246251565e-16,1.0,COLLAPSED,textvqa,Probability Margin (1D),48
0.06513688153731417,6.513688153731417,0.05850161448812775,5.8501614488127744,0.05171053336881835,0.20810717912949683,0.033429820870503196,0.241536,0.039872922225110546,0.006481404889816784,0.7280653815580286,0.6039821598463633,0.21558555384766287,0.14203624022350303,0.43299682956659097,VALID,textvqa,MSSC (Multi-Scale Proxy),48
0.03773126436029256,3.773126436029256,0.09678620173240086,9.678620173240086,0.031076846887646576,0.23980967156276584,0.0017273284372341935,0.241536,0.003411462096115991,0.0021923558890941247,0.5458730789613142,0.6724876998259047,0.34177988403367465,0.013687072844014417,0.14932264529058115,COLLAPSED,textvqa,MSE-EIGEN (Multi-Scale),48
0.06756202997841385,6.756202997841385,0.06915219435270147,6.915219435270147,0.050297894050505276,0.15444180995203688,0.08709519004796315,0.241536,0.09526880464408151,0.008516869767417496,0.8555908850026498,0.4695452750611696,0.10483180537453768,0.2771270427447549,0.9991067164268658,VALID,textvqa,Residual Calibrator,48
0.0740088941384886,7.40088941384886,0.0665844132972919,6.65844132972919,0.0526553955108511,0.14993573429259213,0.0916012657074079,0.241536,0.1011352363937079,0.009635043982125557,0.8632087970323264,0.45684869574011044,0.09682692838713404,0.2818635725938138,0.9792729410917644,VALID,textvqa,Trajectory LR,48
0.07476761325911092,7.4767613259110925,0.07513234620107746,7.513234620107746,0.052615115571661056,0.15003850243229913,0.0914984975677009,0.241536,0.10104215026066476,0.009251394650473692,0.8633744038155803,0.45713973862896135,0.0965254239332919,0.2811940286119635,0.9832445729782917,VALID,textvqa,Trajectory LR (No Bias),48
0.07856296045705678,7.856296045705678,0.07475440658256412,7.475440658256412,0.052922259874152965,0.14996918530531167,0.09156781469468836,0.241536,0.10202565137566905,0.01033323543248905,0.8633247217806042,0.4568539126473401,0.09678972835575679,0.28120594191842857,0.9790195000780002,VALID,textvqa,Trajectory Platt (5D),48
0.05628400611877443,5.628400611877443,0.0512063130736351,5.12063130736351,0.039529602826475545,0.14910037638190415,0.09243662361809588,0.241536,0.09909373486519336,0.007584990213690101,0.8629935082140965,0.45537267383600327,0.09742454908783615,0.28963320001225024,0.9607484189936759,VALID,textvqa,Trajectory Platt (17D),48
0.07325619879579773,7.325619879579773,0.0712816531855905,7.12816531855905,0.05255691497900214,0.15353798204491872,0.0879990179550813,0.241536,0.0964890165120157,0.009404922516513104,0.8573463169051403,0.46561626386128147,0.1021936634013496,0.2761308390807759,0.9981782007128027,VALID,textvqa,VCPS-5D (Our Method),48
0.08052571436538677,8.052571436538678,0.07054636225586702,7.054636225586703,0.05020853590033175,0.15314880807951156,0.08838819192048847,0.241536,0.09819929151427631,0.009845254516851688,0.8576112877583466,0.46427954247805364,0.10160287454826962,0.27706377607856,0.9974070296281186,VALID,textvqa,VCPS-17D (Our Method),48
0.09795060110596988,9.795060110596989,0.08693020190317086,8.693020190317085,0.08359590424851122,0.17325679410219788,0.06828020589780215,0.241536,0.0836093122656333,0.01514716870020083,0.8289778749337573,0.5145289515810805,0.13359366924118987,0.2616455660105162,1.0,VALID,textvqa,Naive Confidence (NC),49
0.09036480918122651,9.03648091812265,0.08217174724811623,8.217174724811622,0.0781423361310091,0.17279158036623177,0.06874541963376826,0.241536,0.08391240964127032,0.015010817552210511,0.8289778749337573,0.512540824847351,0.13359366924118987,0.2506658753962157,1.0,VALID,textvqa,Temperature Scaling (TS),49
0.06910627632834421,6.910627632834421,0.06038563669441133,6.0385636694411335,0.049333189978699094,0.16694933444473029,0.07458766555526974,0.241536,0.08413984541551378,0.010345217672253569,0.8289778749337573,0.5084699334675209,0.13103339868511027,0.2904289255663782,1.0,VALID,textvqa,Platt Scaling (1D),49
0.05907365140877127,5.907365140877127,0.0575898226105902,5.75898226105902,0.04711433352154282,0.16524783643978813,0.0762891635602119,0.241536,0.0816987085258022,0.0060057389886877255,0.8289778749337573,0.4975567475246594,0.12467759224007409,0.28805189236640655,1.0,VALID,textvqa,Quadratic Platt (Logit-Only),49
0.05484720259485434,5.484720259485433,0.05535265447107829,5.535265447107829,0.04531775918415714,0.16469515243195235,0.07684184756804768,0.241536,0.08264868572998621,0.005780876636936713,0.8289778749337573,0.4952834198244247,0.12374835495908991,0.2886975691879641,1.0,VALID,textvqa,Beta Calibration,49
0.050621698986010016,5.0621698986010015,0.04156028413014267,4.156028413014267,0.03869751676191087,0.1618336949253018,0.07970330507469822,0.241536,0.08254511513870245,0.003384697866384251,0.8289778749337573,0.4883335114443694,0.12129836911149933,0.2648401941783699,1.0,VALID,textvqa,Spline Calibration,49
0.0895592548522598,8.955925485225979,0.07760989436470911,7.760989436470911,0.08067208047659674,0.17206746434698442,0.06946953565301561,0.241536,0.08415677821238345,0.014734677750224464,0.8309651563328035,0.5094869192938669,0.13117180436211315,0.25025071638009316,0.9994108456433826,VALID,textvqa,Adaptive TS (ATS),49
0.0009171022190289646,0.09171022190289646,0.07005330545798216,7.005330545798216,0.0009171022190289646,0.24153684107648007,1.589235199550565e-07,0.241536,0.0,8.41076480147851e-07,0.5,0.676124085887932,0.38362926037576306,1.1102230246251565e-16,1.0,COLLAPSED,textvqa,Probability Margin (1D),49
0.053284474303364616,5.328447430336461,0.07000792812652687,7.000792812652687,0.04668062457541676,0.21196665834800416,0.029570341651995874,0.241536,0.03547634773877083,0.005907006086774959,0.7146181107578167,0.6129145424271956,0.25730460354342893,0.14873157353591426,0.46710359121958084,VALID,textvqa,MSSC (Multi-Scale Proxy),49
0.048230576962746234,4.823057696274623,0.08282010465898651,8.28201046589865,0.04467635730791843,0.2392016707881361,0.00233532921186394,0.241536,0.005695079283887466,0.004123102304389761,0.5622515898251192,0.6712127823056399,0.3213452130623327,0.013452650763578093,0.17483330733322933,COLLAPSED,textvqa,MSE-EIGEN (Multi-Scale),49
0.06450030026255028,6.450030026255028,0.06005582031912347,6.005582031912347,0.05071185783815562,0.16525294030503285,0.07628405969496718,0.241536,0.08626735289783445,0.009272121278544649,0.8319919183889772,0.5051138182617008,0.1286720518801676,0.2939040453566049,0.999068028272113,VALID,textvqa,Residual Calibrator,49
0.06082694748798276,6.082694748798276,0.05301917519668968,5.301917519668968,0.047712316366664516,0.1614923474578606,0.08004465254213944,0.241536,0.08698692940673339,0.00696367442944441,0.838450582935877,0.4959583105734546,0.12398837092915391,0.3015353586948131,0.9790688442753771,VALID,textvqa,Trajectory LR,49
0.060841783917629864,6.084178391762986,0.05867778277519183,5.867778277519183,0.04873332005532741,0.16191986700429165,0.07961713299570838,0.241536,0.08866096191747624,0.009327635062194946,0.8376391096979332,0.49733838768310923,0.12476838376413167,0.3014667389860039,0.9823516734066936,VALID,textvqa,Trajectory LR (No Bias),49
0.05760993681289256,5.760993681289256,0.05319579533673824,5.319579533673824,0.04780657574512072,0.16149652120183333,0.0800404787981667,0.241536,0.086505237157938,0.006244469827197145,0.8384009009009009,0.49564750763672805,0.1238976927987075,0.30078926776743603,0.9787028908115631,VALID,textvqa,Trajectory Platt (5D),49
0.0642467290442437,6.424672904424369,0.06237460297159851,6.237460297159851,0.044163619750200285,0.15937184167417268,0.08216515832582735,0.241536,0.08977864747156389,0.00836393529533017,0.8425079491255961,0.49075757990769836,0.1200348749443678,0.30410472621877094,0.9673687014748058,VALID,textvqa,Trajectory Platt (17D),49
0.05926345095573972,5.926345095573972,0.059557695057325284,5.955769505732529,0.052032524866098814,0.1644275990100498,0.07710940098995023,0.241536,0.08486812552412981,0.008405106249953394,0.8335155007949124,0.5007726001818571,0.1247909531018972,0.2924534971244464,0.9979838959355838,VALID,textvqa,VCPS-5D (Our Method),49
0.06542382468335023,6.542382468335023,0.06713496479449067,6.713496479449067,0.05246561308729784,0.16374850107504693,0.0777884989249531,0.241536,0.08609699418067368,0.009353118834793134,0.8350390832008481,0.4987038113601338,0.12334939528670849,0.29287224463324274,0.9977557030228119,VALID,textvqa,VCPS-17D (Our Method),49
0.08232182277511707,8.232182277511708,0.0868349868243689,8.68349868243689,0.07361159863272097,0.16516675212932005,0.07637024787067997,0.241536,0.08589126544490512,0.009916089511839959,0.8452901430842608,0.48727643096446105,0.1149718096824829,0.2648510775003727,1.0,VALID,textvqa,Naive Confidence (NC),50
0.08373831106584682,8.373831106584682,0.08438205803451057,8.438205803451057,0.06973193568153341,0.16460167268787496,0.07693532731212507,0.241536,0.08493063542992957,0.0089537159092884,0.8452901430842608,0.48683915169818204,0.1149718096824829,0.2514970328783034,1.0,VALID,textvqa,Temperature Scaling (TS),50
0.05488351285024962,5.4883512850249625,0.04536333432654697,4.536333432654697,0.02470482340030109,0.15819843035708223,0.0833385696429178,0.241536,0.08740344431927242,0.004140455947808357,0.8452901430842608,0.4750462570015918,0.10824449542294673,0.28885600984333537,1.0,VALID,textvqa,Platt Scaling (1D),50
0.03812470793093502,3.812470793093502,0.03435921077212256,3.435921077212256,0.01690970666472419,0.15711592836308194,0.08442107163691809,0.241536,0.08679251795629796,0.0027156969948234624,0.8452901430842608,0.4665150568271323,0.10400775009599078,0.28558409591843403,1.0,VALID,textvqa,Quadratic Platt (Logit-Only),50
0.042987819655443925,4.298781965544393,0.034874269599734754,3.4874269599734755,0.01510927176458882,0.15709956811281994,0.08443743188718009,0.241536,0.08632476091574123,0.0027213972007992878,0.8452901430842608,0.46601737515533526,0.10417491427326556,0.28599992778706934,1.0,VALID,textvqa,Beta Calibration,50
0.0550554761313066,5.50554761313066,0.05559440972017804,5.5594409720178035,0.022210395778374893,0.15863788774049947,0.08289911225950056,0.241536,0.0870437094201422,0.004494187711315564,0.8452901430842608,0.47622769126940845,0.10499285557002998,0.2646321519219679,1.0,VALID,textvqa,Spline Calibration,50
0.08280539484919214,8.280539484919213,0.07958551936252589,7.958551936252589,0.07076271008069097,0.16384022175346735,0.07769677824653268,0.241536,0.08466398162968145,0.00933073604823439,0.8475258346581875,0.48384946526732014,0.11290226167018151,0.25184547974276184,0.9994242856971428,VALID,textvqa,Adaptive TS (ATS),50
0.0009171022190289646,0.09171022190289646,0.054938300231353814,5.493830023135382,0.0009171022190289646,0.2415368410764801,1.5892351992730092e-07,0.241536,0.0,8.41076480147851e-07,0.5,0.676124085887932,0.39040860449389575,1.1102230246251565e-16,1.0,COLLAPSED,textvqa,Probability Margin (1D),50
0.043748612084475454,4.374861208447546,0.06342173826937708,6.342173826937708,0.029974267776779254,0.21815428463963238,0.02338271536036765,0.241536,0.026955117368752904,0.0035734020083852663,0.6823579093799681,0.6263478777099699,0.2580448073950915,0.15092324690195605,0.3984419066752235,VALID,textvqa,MSSC (Multi-Scale Proxy),50
0.04128748335278668,4.128748335278668,0.07785394875582795,7.785394875582795,0.03995425899605611,0.23946626686118622,0.002070733138813813,0.241536,0.0044416128869871644,0.0030635199535779976,0.5813957339692634,0.67177814610249,0.3249755294472435,0.013379179035505808,0.19965007860031442,COLLAPSED,textvqa,MSE-EIGEN (Multi-Scale),50
0.05031672296429073,5.031672296429073,0.03485182686671726,3.485182686671726,0.024704217799996965,0.15665982814174895,0.08487717185825108,0.241536,0.08885410592339024,0.004418930938468059,0.8484863540010599,0.47171066582452453,0.10599101708716858,0.2915862537545963,0.9991816927267709,VALID,textvqa,Residual Calibrator,50
0.05011279022658658,5.011279022658658,0.038327098313455744,3.8327098313455745,0.032549481128280676,0.1545001380040734,0.08703686199592664,0.241536,0.09049732164705539,0.004656075075876422,0.8535208002119766,0.4677473190939008,0.10434407909589967,0.29284777173069904,0.9790586682346729,VALID,textvqa,Trajectory LR,50
0.06280894472009527,6.2808944720095266,0.05016365231791895,5.016365231791895,0.03250006458216412,0.1539486057970697,0.08758839420293033,0.241536,0.09491276391227224,0.006688244503240332,0.8541832273449921,0.46655146444924434,0.10369623640722751,0.29297593182170684,0.9820256561026244,VALID,textvqa,Trajectory LR (No Bias),50
0.05370065359026194,5.370065359026194,0.042291654624044904,4.229165462404491,0.032773966886910456,0.15452672541895368,0.08701027458104635,0.241536,0.09128164866785887,0.005315795772993924,0.8534214361420245,0.46779072530085747,0.10440593337388708,0.29214600783232153,0.9787041388165552,VALID,textvqa,Trajectory Platt (5D),50
0.06300270260870457,6.300270260870457,0.05839098913967608,5.839098913967608,0.029790508632552185,0.15491821465353292,0.08661878534646711,0.241536,0.09307158065913596,0.0068769260395715025,0.8512188659247484,0.46865337632426624,0.10475412132488003,0.2968022355977793,0.9611417325669301,VALID,textvqa,Trajectory Platt (17D),50
0.051885816479675814,5.188581647967581,0.04208834369270518,4.208834369270518,0.02587098444203362,0.15582047316715802,0.085716526832842,0.241536,0.09062781121383642,0.004734613887182048,0.8497284048754637,0.46811098054646616,0.10408568976718108,0.29037764145919587,0.9980494641978568,VALID,textvqa,VCPS-5D (Our Method),50
0.04488069632513416,4.488069632513416,0.04798547936247591,4.798547936247591,0.02502885230095423,0.15544580622157306,0.08609119377842697,0.241536,0.08928988030436565,0.003205721668669744,0.8505564387917328,0.46682351729054833,0.10319014686927781,0.2910190723666791,0.9976056544226176,VALID,textvqa,VCPS-17D (Our Method),50
0.08170133835386018,8.170133835386018,0.08670154502485843,8.670154502485843,0.07785120441423704,0.17007962734401252,0.0714573726559875,0.241536,0.08296066756549404,0.012287226907079465,0.8387652358240593,0.4996457596440093,0.12378843895575219,0.24699178183729434,1.0,VALID,textvqa,Naive Confidence (NC),51
0.08371189968803758,8.371189968803758,0.08630104928075016,8.630104928075017,0.06841621916471231,0.1696702137542584,0.07186678624574164,0.241536,0.08178451966139563,0.012002068338648243,0.8387652358240593,0.499501515304912,0.12378843895575219,0.23448274141900388,1.0,VALID,textvqa,Temperature Scaling (TS),51
0.05154550477706277,5.154550477706277,0.06542308949756395,6.5423089497563955,0.03418775813562169,0.16217832823803202,0.07935867176196801,0.241536,0.08404511608733342,0.004551792056853428,0.8387652358240593,0.484479994433566,0.11417786516215836,0.27106963718045884,1.0,VALID,textvqa,Platt Scaling (1D),51
0.048867561030542024,4.886756103054203,0.057614648972003246,5.761464897200325,0.028198627775799266,0.161529385573708,0.08000761442629203,0.241536,0.08421304748071945,0.004176357587527298,0.8387652358240593,0.4799481656839807,0.11336410019065186,0.2721010058168341,1.0,VALID,textvqa,Quadratic Platt (Logit-Only),51
0.040233720471961276,4.023372047196128,0.05585338169218473,5.585338169218472,0.026104171766635167,0.16138652183905378,0.08015047816094625,0.241536,0.08301565774255373,0.003307660985900106,0.8387652358240593,0.47971527171322154,0.11366638685287415,0.2742070854056225,1.0,VALID,textvqa,Beta Calibration,51
0.04530680027684793,4.5306800276847925,0.058831799890987135,5.883179989098713,0.026317931903489834,0.16092578658489315,0.08061121341510688,0.241536,0.08211358730052846,0.0029864304328554806,0.8387652358240593,0.4844669466353773,0.11301363413897425,0.2576801623318228,1.0,VALID,textvqa,Spline Calibration,51
0.07822842083231672,7.822842083231672,0.0944202512015549,9.44202512015549,0.07151867489706865,0.16899333909091319,0.07254366090908684,0.241536,0.08273707121349366,0.011652588358321014,0.8402391361950184,0.49711144303085186,0.12269708619419092,0.23512697001918353,0.9992405409621639,VALID,textvqa,Adaptive TS (ATS),51
0.0009171022190289646,0.09171022190289646,0.06768163704910603,6.768163704910603,0.0009171022190289646,0.24153684107648013,1.5892351989954534e-07,0.241536,0.0,8.41076480147851e-07,0.5,0.676124085887932,0.3617737976778726,1.1102230246251565e-16,1.0,COLLAPSED,textvqa,Probability Margin (1D),51
0.05037466444051461,5.037466444051461,0.0649531720217453,6.4953172021745305,0.03939917002252214,0.218412027960248,0.02312497203975203,0.241536,0.02628770645484674,0.0031637344150947425,0.6838318097509275,0.627862061371667,0.25879637511084735,0.15840910470475017,0.4192012884781392,VALID,textvqa,MSSC (Multi-Scale Proxy),51
0.051578115728481665,5.157811572848167,0.07200557799348734,7.200557799348734,0.03985231073300726,0.23936866658251113,0.002168333417488899,0.241536,0.005830558137149308,0.00423137212169907,0.561506359300477,0.6715622277117473,0.3267747893487591,0.01363791119696602,0.1291073644294577,COLLAPSED,textvqa,MSE-EIGEN (Multi-Scale),51
0.04757116538992813,4.757116538992813,0.05229756939436381,5.229756939436381,0.0343116001215278,0.16069038422193996,0.08084661577806007,0.241536,0.08539835921659769,0.004070172689779756,0.840769077901431,0.4808669140773663,0.11217548846442633,0.2746874337394931,0.9986716426865706,VALID,textvqa,Residual Calibrator,51
0.049855186290439134,4.985518629043914,0.04659703773071554,4.659703773071554,0.04161781266564941,0.15866613803290985,0.08287086196709018,0.241536,0.08804053563192338,0.0052663986282013905,0.8444621091679916,0.47536600717467226,0.10764676367028252,0.2838451076154493,0.968810339241357,VALID,textvqa,Trajectory LR,51
0.06284166182348667,6.284166182348668,0.0649183864852392,6.49183864852392,0.04068768247094873,0.15917935847907216,0.08235764152092787,0.241536,0.08825092001561483,0.00622515346088276,0.8429716481187068,0.4766648333822106,0.10872698002208696,0.2832010743416212,0.9722869931479725,VALID,textvqa,Trajectory LR (No Bias),51
0.05024810493737458,5.0248104937374585,0.05251760036498308,5.251760036498308,0.04192597129079397,0.15871093182700088,0.08282606817299915,0.241536,0.0873503609869128,0.0051010469603605885,0.8443461844197138,0.4754802031200101,0.1076782499865011,0.2832619131568145,0.968310273241093,VALID,textvqa,Trajectory Platt (5D),51
0.03905963565409183,3.9059635654091833,0.03488695739209654,3.488695739209654,0.028909601339449018,0.15701626670441376,0.08452073329558626,0.241536,0.08791279033603525,0.0029842328768666495,0.8462009803921569,0.4726330366967728,0.10678039691434389,0.2867564872437099,0.9545728102912411,VALID,textvqa,Trajectory Platt (17D),51
0.054184241066558225,5.418424106655823,0.05762846745947539,5.762846745947539,0.03753895151918512,0.15981416694774975,0.08172283305225028,0.241536,0.08558653417321,0.0049280087570429355,0.8423754636989932,0.4780380923044153,0.11051429059005359,0.27373537035741935,0.9970160200640802,VALID,textvqa,VCPS-5D (Our Method),51
0.0619241269503085,6.19241269503085,0.05421001731534238,5.421001731534238,0.03649330979691251,0.15898098393013518,0.08255601606986485,0.241536,0.08932086269261924,0.006494373069983595,0.8435181505034446,0.4756493449539861,0.10923507805707727,0.27477593654038607,0.9969531398125593,VALID,textvqa,VCPS-17D (Our Method),51
0.16711527379291144,16.711527379291145,0.16711527379291147,16.711527379291148,0.16784074150762593,0.19332382782664365,0.0478411721733564,0.24116400000000002,0.0831974746471921,0.03479748197572365,0.8350997661342489,0.575960471810271,0.1873813885243904,0.25303443201448717,1.0,VALID,vizwiz-vqa,Naive Confidence (NC),42
0.15560025443375258,15.560025443375258,0.16034126066811227,16.034126066811226,0.15625361756185163,0.19451369425624346,0.04665130574375659,0.24116400000000002,0.0817350610725799,0.03533538247894138,0.8350997661342489,0.573026171403643,0.1873813885243904,0.20422406566747103,1.0,VALID,vizwiz-vqa,Temperature Scaling (TS),42
0.06757015055271932,6.757015055271933,0.07688771884028368,7.688771884028369,0.044986800352030655,0.16424389956705363,0.07692110043294642,0.24116400000000002,0.08360033588025201,0.006531767343616176,0.8350997661342489,0.5000265442974131,0.12776405318046113,0.25589979040704447,1.0,VALID,vizwiz-vqa,Platt Scaling (1D),42
0.07260690244419372,7.260690244419372,0.07806609622480391,7.806609622480392,0.04589309493634218,0.16469246267200469,0.07647253732799536,0.24116400000000002,0.082989644874529,0.007313415503333133,0.8350997661342489,0.5021592404191647,0.13004978138058074,0.2562980631370034,1.0,VALID,vizwiz-vqa,Quadratic Platt (Logit-Only),42
0.07342309001574783,7.342309001574783,0.0780249089394594,7.80249089394594,0.04578779574474628,0.1647217410983016,0.07644325890169845,0.24116400000000002,0.08258703834886512,0.006927482697872466,0.8350997661342489,0.5025088380972422,0.13090280739851107,0.2570624138185785,1.0,VALID,vizwiz-vqa,Beta Calibration,42
0.07502741005557814,7.502741005557814,0.08366038409909485,8.366038409909486,0.052923568893952666,0.16453475542426158,0.07663024457573847,0.24116400000000002,0.08430058318498544,0.007316158758579917,0.8350997661342489,0.5049193364231203,0.12428685145045341,0.22379875479910016,1.0,VALID,vizwiz-vqa,Spline Calibration,42
0.15363750404602342,15.363750404602342,0.15414864076107251,15.414864076107252,0.15425893485022502,0.19386692756742016,0.047298072432579885,0.24116400000000002,0.08260283521372838,0.03606929911937941,0.8347846278880762,0.5712138953875843,0.18666496372214522,0.2063488853568125,0.9996471985887943,VALID,vizwiz-vqa,Adaptive TS (ATS),42
0.0009151125335156718,0.09151125335156718,0.08392543279785498,8.392543279785498,0.0009151125335156718,0.241164837430949,1.6256905105427322e-07,0.24116400000000002,0.0,8.374309489974716e-07,0.5,0.6753713175387158,0.47913833194793676,5.551115123125783e-17,1.0,COLLAPSED,vizwiz-vqa,Probability Margin (1D),42
0.026868148089946697,2.6868148089946695,0.08372439175925711,8.372439175925711,0.026675048708870268,0.22862299368668468,0.012542006313315368,0.24116400000000002,0.01298717416449153,0.0010646942721545486,0.6337098406063923,0.6488781926229712,0.298466167882218,0.08469985266317154,0.3853327200515668,VALID,vizwiz-vqa,MSSC (Multi-Scale Proxy),42
0.0010087720640128417,0.10087720640128417,0.09062978780329788,9.062978780329788,0.004372215206793254,0.2410740665430054,9.093345699465183e-05,0.24116400000000002,0.0,1.0176210771327287e-06,0.49204690584000926,0.6751835574250633,0.45660663479531244,0.0018957135965519832,-0.13001716006864025,COLLAPSED,vizwiz-vqa,MSE-EIGEN (Multi-Scale),42
0.06738790553789899,6.738790553789899,0.07401894305382249,7.401894305382249,0.04471228434171854,0.16414680255233433,0.07701819744766572,0.24116400000000002,0.08415842250283169,0.006515630375071151,0.8352988008160424,0.4996962802964405,0.12750250737727672,0.25640295882464986,0.9999257917031666,VALID,vizwiz-vqa,Residual Calibrator,42
0.06253160646637443,6.2531606466374425,0.06734685247490765,6.7346852474907655,0.0443330411252858,0.16360576265587246,0.07755923734412759,0.24116400000000002,0.08262988247647034,0.005994340818535217,0.8365925262476986,0.497834737223002,0.12596603537856782,0.256995118793572,0.9977059748238992,VALID,vizwiz-vqa,Trajectory LR,42
0.06305750592275092,6.305750592275092,0.06366019071423168,6.3660190714231675,0.044462329450529345,0.16278754473610738,0.07837745526389267,0.24116400000000002,0.08364086318456934,0.005064812666796789,0.8379691827967691,0.49624935913284696,0.1250276980340374,0.25755791432387515,0.9932883251533006,VALID,vizwiz-vqa,Trajectory LR (No Bias),42
0.06273952957615256,6.273952957615256,0.06747156202420593,6.747156202420593,0.044446987684607864,0.16362808672001136,0.07753691327998868,0.24116400000000002,0.08269534513838471,0.005834246721052683,0.8367252160355608,0.4978887321682841,0.1259601900107607,0.25668469483323353,0.9977049188196753,VALID,vizwiz-vqa,Trajectory Platt (5D),42
0.043863481841981425,4.386348184198143,0.04079867275804283,4.079867275804283,0.021439069676848645,0.16528019240884795,0.0758848075911521,0.24116400000000002,0.07709320859187109,0.0028862507932501786,0.8297755883962781,0.4983161114729482,0.12475839548014733,0.26503634494381045,0.9518109752439008,VALID,vizwiz-vqa,Trajectory Platt (17D),42
0.06625858218465223,6.625858218465224,0.06998551769234007,6.998551769234007,0.04471645751851036,0.16408704291266513,0.07707795708733492,0.24116400000000002,0.08382464296127147,0.006318483631713334,0.8355641803917666,0.49936689415672675,0.12693141659292467,0.2563267636624225,0.9998753915015659,VALID,vizwiz-vqa,VCPS-5D (Our Method),42
0.06756986695859339,6.756986695859339,0.06676970206851326,6.676970206851326,0.04190193410103387,0.16332096730261655,0.07784403269738349,0.24116400000000002,0.08266993261218394,0.005889316404523287,0.8368413195999403,0.49673063564585573,0.12477866802581818,0.2577420710344523,0.9967586430345721,VALID,vizwiz-vqa,VCPS-17D (Our Method),42
0.18079364708450027,18.079364708450026,0.18079364708450027,18.079364708450026,0.18298090326533947,0.21359330574342864,0.027571694256571383,0.24116400000000002,0.06618679382826449,0.038477779070155024,0.7954255195634505,0.6143679549669389,0.22074149693340223,0.24083344203561183,1.0,VALID,vizwiz-vqa,Naive Confidence (NC),43
0.17191676008022966,17.191676008022966,0.16716465318410034,16.716465318410034,0.1681046329161175,0.20958635950726406,0.031578640492735954,0.24116400000000002,0.0653267932168042,0.034939249501961034,0.7954255195634505,0.6023600022658179,0.22074149693340223,0.2002805361070583,1.0,VALID,vizwiz-vqa,Temperature Scaling (TS),43
0.0396181886612224,3.96181886612224,0.06001533074321357,6.001533074321357,0.02878821996828643,0.1766404263721367,0.06452457362786332,0.24116400000000002,0.06592531018746565,0.001941205380807927,0.7954255195634505,0.5276843742871913,0.14745784149576754,0.24907135992415322,1.0,VALID,vizwiz-vqa,Platt Scaling (1D),43
0.03608808295741197,3.608808295741197,0.059985483142651175,5.9985483142651175,0.028689612278113404,0.17662828188918842,0.0645367181108116,0.24116400000000002,0.06600423451517047,0.0017986259149208542,0.7954255195634505,0.5276846543264726,0.14761709551789334,0.24918876294552464,1.0,VALID,vizwiz-vqa,Quadratic Platt (Logit-Only),43
0.045304310494033294,4.5304310494033295,0.06007740335046219,6.007740335046218,0.027992980081164468,0.1765351367974843,0.06462986320251571,0.24116400000000002,0.06613009117435234,0.002937766218995576,0.7954255195634505,0.5276673671583378,0.14767861159683382,0.24996161595829058,1.0,VALID,vizwiz-vqa,Beta Calibration,43
0.08055643729719922,8.055643729719922,0.07550009397387343,7.550009397387343,0.04083327322442019,0.17994505950619585,0.061219940493804165,0.24116400000000002,0.07462108770534073,0.013030103293784345,0.7954255195634505,0.539916058592934,0.1561157366808691,0.22170592285828922,1.0,VALID,vizwiz-vqa,Spline Calibration,43
0.17010505737087944,17.010505737087943,0.16557902507922037,16.557902507922037,0.16655667319319956,0.20927700670963884,0.03188799329036118,0.24116400000000002,0.06586566250175216,0.035064127134516614,0.7954089333399679,0.601241909308749,0.21860564520164588,0.20331968869202185,0.999552638210553,VALID,vizwiz-vqa,Adaptive TS (ATS),43
0.0009151125335156718,0.09151125335156718,0.07698302250670314,7.698302250670314,0.0009151125335156718,0.241164837430949,1.6256905102651764e-07,0.24116400000000002,0.0,8.374309489974716e-07,0.5,0.6753713175387158,0.40191355266919976,5.551115123125783e-17,1.0,COLLAPSED,vizwiz-vqa,Probability Margin (1D),43
0.021859144728314076,2.1859144728314077,0.05575670438878114,5.575670438878114,0.018218130111893056,0.23243381905547836,0.00873118094452166,0.24116400000000002,0.009437249299719884,0.0008236658418837213,0.6092202816340746,0.6569076156774615,0.31947461109324593,0.09003053564570224,0.3708384694337456,VALID,vizwiz-vqa,MSSC (Multi-Scale Proxy),43
0.0007827968911553462,0.07827968911553462,0.07595870129380841,7.595870129380841,0.003714524970494554,0.24105138712476207,0.0001136128752379506,0.24116400000000002,0.0,6.12770972802475e-07,0.4993116717254648,0.6751365836506443,0.4346543999278363,0.001932486059241849,-0.1288373153492614,COLLAPSED,vizwiz-vqa,MSE-EIGEN (Multi-Scale),43
0.03701214683652906,3.7012146836529056,0.059621611280783915,5.9621611280783915,0.028455389582436527,0.1765740446456428,0.06459095535435722,0.24116400000000002,0.06558583013796115,0.001779314178638717,0.7954918644573817,0.5275317135012533,0.14722664345515502,0.25011620209078445,0.9999046716186865,VALID,vizwiz-vqa,Residual Calibrator,43
0.05614672354129635,5.614672354129635,0.058421299214577595,5.84212992145776,0.02674830581015971,0.1767696664200219,0.06439533357997812,0.24116400000000002,0.06721775197078343,0.004144163761309395,0.7928546549236205,0.5282661435950922,0.14860549340365817,0.2532571655951163,0.9950850683402733,VALID,vizwiz-vqa,Trajectory LR,43
0.042070233760418733,4.207023376041874,0.044391246037199975,4.439124603719997,0.029282521159884955,0.17713309271264027,0.06403190728735975,0.24116400000000002,0.06479852334862206,0.002379420256933003,0.7928380687001377,0.5292746219827895,0.14937088364780324,0.25281660057418126,0.9909254677018707,VALID,vizwiz-vqa,Trajectory LR (No Bias),43
0.05620681550726293,5.620681550726293,0.05848729952797296,5.848729952797296,0.02653391983641564,0.17676946555702047,0.06439553444297955,0.24116400000000002,0.06739452012262875,0.004283909826613595,0.7929624653762585,0.5282783463630337,0.148599639985179,0.25293549064465626,0.9950537480962827,VALID,vizwiz-vqa,Trajectory Platt (5D),43
0.054088482536375514,5.408848253637552,0.062137905754148966,6.2137905754148965,0.026542745871372266,0.17374993995516758,0.06741506004483244,0.24116400000000002,0.07169713195902931,0.004587065850649411,0.8040503557744938,0.5200193564036715,0.14001763539154324,0.25924320086861397,0.9645213300853201,VALID,vizwiz-vqa,Trajectory Platt (17D),43
0.03754541854464211,3.7545418544642115,0.075137929081011,7.5137929081011,0.02871455830938983,0.17657144765188743,0.06459355234811259,0.24116400000000002,0.06627555155159548,0.0018620746817851765,0.7955747955747957,0.5275263821707245,0.147274549094836,0.25043696994498305,0.9997955191820767,VALID,vizwiz-vqa,VCPS-5D (Our Method),43
0.03501864624190861,3.501864624190861,0.06839798003809434,6.839798003809435,0.02499749214681968,0.17551806514500473,0.06564693485499529,0.24116400000000002,0.0668574987941302,0.001823354356392554,0.7984442122373157,0.5244454156731491,0.1444110008952196,0.2525677786461422,0.9972656210624842,VALID,vizwiz-vqa,VCPS-17D (Our Method),43
0.1582557526534607,15.825575265346071,0.15803406379109777,15.803406379109777,0.1590964609500994,0.19459514652691007,0.04656985347308995,0.24116400000000002,0.07930402206987246,0.0329701700622975,0.8211673384087178,0.5751217209049273,0.18803227011286813,0.25179869269300736,1.0,VALID,vizwiz-vqa,Naive Confidence (NC),44
0.14889507935488583,14.889507935488583,0.16109649156419134,16.109649156419135,0.14949478190869012,0.19535726773544326,0.045807732264556755,0.24116400000000002,0.07699872501331857,0.03191051878721974,0.8211673384087178,0.5737612680122143,0.18803227011286813,0.20208789404678504,1.0,VALID,vizwiz-vqa,Temperature Scaling (TS),44
0.057724426294774006,5.772442629477401,0.05474429598953125,5.474429598953125,0.03925929672020776,0.16618132121944695,0.07498367878055306,0.24116400000000002,0.08110033502531287,0.005961563173786007,0.8211673384087178,0.5072026203376563,0.1369683254208979,0.2552396848470895,1.0,VALID,vizwiz-vqa,Platt Scaling (1D),44
0.0482448723575737,4.8244872357573705,0.054516807611239754,5.451680761123975,0.03887663264126971,0.1661896323193571,0.07497536768064292,0.24116400000000002,0.07924585154139581,0.004513663606406488,0.8211673384087178,0.5074381236628902,0.13744878784306105,0.25556126882511154,1.0,VALID,vizwiz-vqa,Quadratic Platt (Logit-Only),44
0.04736347611380332,4.7363476113803324,0.05413728582606752,5.413728582606752,0.03818405629415997,0.16610772690506925,0.07505727309493077,0.24116400000000002,0.07881478563638093,0.004514173724642226,0.8211673384087178,0.5073684802796179,0.13793087358241327,0.2562736324514876,1.0,VALID,vizwiz-vqa,Beta Calibration,44
0.05291958746779889,5.291958746779889,0.0630393620618031,6.30393620618031,0.04500706300696428,0.16711990598668913,0.07404509401331089,0.24116400000000002,0.07782385569273187,0.004840847333654463,0.8211673384087178,0.5121486053887911,0.14072373061036575,0.2259088879094355,1.0,VALID,vizwiz-vqa,Spline Calibration,44
0.1500195581841914,15.001955818419141,0.15484660682818852,15.484660682818852,0.14712011422687368,0.19475972808153127,0.04640527191846874,0.24116400000000002,0.07777031135980918,0.03194287617815274,0.8209683037269244,0.5720579102122689,0.18635118104809822,0.20471214791685716,0.9996756147024588,VALID,vizwiz-vqa,Adaptive TS (ATS),44
0.0009151125335156718,0.09151125335156718,0.08154577234772091,8.154577234772091,0.0009151125335156718,0.241164837430949,1.6256905102651764e-07,0.24116400000000002,0.0,8.374309489974716e-07,0.5,0.6753713175387158,0.39204451428614984,5.551115123125783e-17,1.0,COLLAPSED,vizwiz-vqa,Probability Margin (1D),44
0.02716190922102821,2.7161909221028213,0.07772896593436995,7.772896593436995,0.025965234095372595,0.23546630834665677,0.005698691653343246,0.24116400000000002,0.006619821706101754,0.001110012067376113,0.590229055746297,0.6632145056759701,0.3279222200412561,0.09486348224638669,0.3818526011363236,VALID,vizwiz-vqa,MSSC (Multi-Scale Proxy),44
0.0010095447879300279,0.10095447879300279,0.08043926865607866,8.043926865607865,0.002754140424785864,0.24103266308190496,0.0001323369180950551,0.24116400000000002,0.0,1.019180678836685e-06,0.5147368595644457,0.6750975530395621,0.42513779018824827,0.00163888582227664,-0.1234059976239905,COLLAPSED,vizwiz-vqa,MSE-EIGEN (Multi-Scale),44
0.05513099370715897,5.5130993707158975,0.05820511381213675,5.820511381213675,0.03812191733523483,0.166151790859856,0.075013209140144,0.24116400000000002,0.0800874435440843,0.005268259145859101,0.821449304207925,0.5070649344184629,0.13652493441968303,0.2560250510781147,0.9999122556490225,VALID,vizwiz-vqa,Residual Calibrator,44
0.03989160528072118,3.989160528072118,0.0594959169750804,5.9495916975080405,0.030917993585771204,0.16633209817029762,0.0748329018297024,0.24116400000000002,0.07781157448118113,0.002506215397522103,0.8205536481398551,0.5068532428957071,0.1361633731581187,0.2575994624521137,0.9960529442117767,VALID,vizwiz-vqa,Trajectory LR,44
0.04377583428174204,4.377583428174204,0.044130530167482675,4.413053016748267,0.03187567149169774,0.1658520447017663,0.07531295529823373,0.24116400000000002,0.0779200376202759,0.0028189424467970677,0.8202385098936822,0.5062902009955139,0.13630980466041223,0.2576699152621447,0.9913345253381013,VALID,vizwiz-vqa,Trajectory LR (No Bias),44
0.040648749489337194,4.06487494893372,0.05969983579590917,5.9699835795909175,0.031010467363221213,0.1663449421111156,0.0748200578888844,0.24116400000000002,0.0778054595011531,0.002656929559636613,0.8205702343633379,0.5068641230626315,0.1359344241243154,0.257209381472567,0.9959958239832959,VALID,vizwiz-vqa,Trajectory Platt (5D),44
0.042743388958275313,4.2743388958275315,0.051217735029757024,5.121773502975702,0.03163819693277785,0.16783229868879948,0.07333270131120054,0.24116400000000002,0.0760154453102294,0.002945263111602208,0.8180325421704733,0.5111174298173703,0.13747544107259413,0.26354377292769826,0.9447453469813878,VALID,vizwiz-vqa,Trajectory Platt (17D),44
0.051621329354331696,5.16213293543317,0.05144572853816368,5.144572853816368,0.03811871227736511,0.1660638234828311,0.07510117651716891,0.24116400000000002,0.07890549689378326,0.004313730179621002,0.8213995455374766,0.506737721141794,0.13634209463231894,0.2559197380949442,0.9998897915591664,VALID,vizwiz-vqa,VCPS-5D (Our Method),44
0.0617328994550535,6.17328994550535,0.05419979556158263,5.419979556158263,0.03512098807326758,0.16569680545110516,0.07546819454889486,0.24116400000000002,0.08216368259855546,0.0070206863564844365,0.8220629944767877,0.5054994345663255,0.1354934126704354,0.25757552139691126,0.9960697442789772,VALID,vizwiz-vqa,VCPS-17D (Our Method),44
0.15384635589005397,15.384635589005397,0.153846355890054,15.384635589005399,0.15534484826137673,0.21085995783367836,0.030305042166321655,0.24116400000000002,0.05735090041522993,0.028187439330706696,0.7784578129405715,0.6165427647639425,0.23002875457551772,0.23381932535595235,1.0,VALID,vizwiz-vqa,Naive Confidence (NC),45
0.1497508114432582,14.97508114432582,0.14519692153454655,14.519692153454656,0.14521960045236199,0.20975047062947455,0.03141452937052547,0.24116400000000002,0.0572157079639013,0.02706059351429336,0.7784578129405715,0.6081142914203399,0.23002875457551772,0.19073352465473015,1.0,VALID,vizwiz-vqa,Temperature Scaling (TS),45
0.05697723723225156,5.697723723225156,0.0560772371403938,5.6077237140393805,0.030753280607959278,0.18650978990432798,0.054655210095672035,0.24116400000000002,0.0593842337347811,0.004892599991053875,0.7784578129405715,0.5555867280080068,0.17326153449690826,0.24224069027151784,1.0,VALID,vizwiz-vqa,Platt Scaling (1D),45
0.04655218529773717,4.655218529773717,0.0575973552033746,5.759735520337459,0.032409696900353294,0.18673283043233,0.054432169567670025,0.24116400000000002,0.05859679368364359,0.0043165162679556605,0.7784578129405715,0.5567054140452865,0.17312824545911035,0.24243568166019516,1.0,VALID,vizwiz-vqa,Quadratic Platt (Logit-Only),45
0.048936459737738976,4.893645973773897,0.058461945393816425,5.846194539381642,0.03366198813813861,0.1868473762367621,0.05431762376323793,0.24116400000000002,0.05875793328893329,0.005493011301485233,0.7784578129405715,0.5568362726112366,0.17293169224947422,0.24301235654033282,1.0,VALID,vizwiz-vqa,Beta Calibration,45
0.048636979432970115,4.863697943297011,0.059017009024104485,5.9017009024104485,0.026012528836104862,0.18701886905299994,0.054146130947000076,0.24116400000000002,0.05696509435319289,0.0036790047122623824,0.7784578129405715,0.5557041454294672,0.1768928657679665,0.22136363566580614,1.0,VALID,vizwiz-vqa,Spline Calibration,45
0.14637685642886591,14.637685642886591,0.1430484270351419,14.30484270351419,0.1431370226318551,0.2090868038633845,0.03207819613661553,0.24116400000000002,0.05663673781418992,0.025690875936225904,0.7785241578345027,0.6063094293665979,0.2277462818472353,0.19308226979051657,0.9996629426517706,VALID,vizwiz-vqa,Adaptive TS (ATS),45
0.0009151125335156718,0.09151125335156718,0.056983022506703125,5.698302250670313,0.0009151125335156718,0.241164837430949,1.6256905102651764e-07,0.24116400000000002,0.0,8.374309489974716e-07,0.5,0.6753713175387158,0.3864532484932372,5.551115123125783e-17,1.0,COLLAPSED,vizwiz-vqa,Probability Margin (1D),45
0.0131093447662965,1.31093447662965,0.049864527520020734,4.986452752002073,0.023815758217600506,0.23437244707768456,0.0067925529223154535,0.24116400000000002,0.006983455584616875,0.0002454306466553588,0.5901378315171418,0.6612902806333703,0.34556612223134237,0.09416094204288478,0.3720036741459798,VALID,vizwiz-vqa,MSSC (Multi-Scale Proxy),45
0.0010913900773057983,0.10913900773057983,0.08652119245398407,8.652119245398406,0.0068027561797623275,0.2411431055488731,2.1894451126908132e-05,0.24116400000000002,0.0,1.1911323008415564e-06,0.4957788061236338,0.6753262135647758,0.43706485134516104,0.0021474933977801607,-0.10744708578834317,COLLAPSED,vizwiz-vqa,MSE-EIGEN (Multi-Scale),45
0.05615906958190814,5.615906958190814,0.05881161508978617,5.881161508978617,0.031073431103207635,0.1864260555713338,0.054738944428666225,0.24116400000000002,0.05991207426076775,0.0052894904837314065,0.7787397787397787,0.555391451065177,0.17300854259611306,0.24276730474021668,0.9999405757623029,VALID,vizwiz-vqa,Residual Calibrator,45
0.050553131009198914,5.055313100919891,0.04005078043696021,4.005078043696021,0.029806852250601434,0.1859730292864179,0.05519197071358212,0.24116400000000002,0.060242771764825745,0.004914457454679488,0.780199366406263,0.5540753758890036,0.17143842818022703,0.24310091034394507,0.9954683978735914,VALID,vizwiz-vqa,Trajectory LR,45
0.03371481418855319,3.371481418855319,0.05732735670904574,5.7327356709045745,0.028576367770748696,0.18642563038034593,0.05473936961965409,0.24116400000000002,0.05753809401717418,0.002588922795287498,0.7781426746943988,0.5552049901133691,0.17236693860323982,0.2426436437076282,0.9898487273949096,VALID,vizwiz-vqa,Trajectory LR (No Bias),45
0.049223602756857866,4.9223602756857865,0.0404880804270506,4.04880804270506,0.029573886209943428,0.1859611788183182,0.05520382118168182,0.24116400000000002,0.059864972028330354,0.004616205635748305,0.780199366406263,0.5540097769589308,0.17133909103367315,0.24274930454024266,0.9954565898263592,VALID,vizwiz-vqa,Trajectory Platt (5D),45
0.05906841708533467,5.906841708533467,0.060758136166259635,6.075813616625964,0.037478770520171005,0.18900193068537538,0.05216306931462464,0.24116400000000002,0.05544369364111307,0.005092462997894132,0.773183393873049,0.559702994000509,0.1724975608316455,0.25212411042096766,0.9303531614126456,VALID,vizwiz-vqa,Trajectory Platt (17D),45
0.05117510690993471,5.117510690993471,0.05888761908553131,5.888761908553131,0.030564862641418077,0.1863342641072137,0.05483073589278631,0.24116400000000002,0.05981576605438004,0.004627537275913078,0.7787895374102272,0.5552672742124376,0.17288076104953604,0.24308884450302834,0.999885375541502,VALID,vizwiz-vqa,VCPS-5D (Our Method),45
0.047593974905625815,4.7593974905625815,0.050783617982671295,5.07836179826713,0.032450312680380934,0.18642702404364644,0.054737975956353574,0.24116400000000002,0.0585861380495552,0.0039563126350942645,0.778872468527641,0.5549405053198087,0.1722681508625188,0.24430667017546942,0.9949644918579675,VALID,vizwiz-vqa,VCPS-17D (Our Method),45
0.18854873416923673,18.854873416923674,0.18824022160625156,18.824022160625155,0.19123936915668097,0.21785219056074898,0.023312809439251042,0.24116400000000002,0.06614754410378768,0.04400140349801222,0.7954255195634506,0.621714853797588,0.2323078700479038,0.22664759268475615,1.0,VALID,vizwiz-vqa,Naive Confidence (NC),46
0.1798559527418723,17.98559527418723,0.17643663922264408,17.64366392226441,0.17405942481459305,0.21382997915656737,0.027335020843432645,0.24116400000000002,0.06518434042652316,0.03905492704049582,0.7954255195634506,0.6106495635648073,0.2323078700479038,0.18755810798339828,1.0,VALID,vizwiz-vqa,Temperature Scaling (TS),46
0.07250706758799756,7.2507067587997565,0.06474617946035938,6.474617946035938,0.03707652137849495,0.1787915271651301,0.06237347283486991,0.24116400000000002,0.06958078533759765,0.007340450433262677,0.7954255195634506,0.531365028538276,0.14744687572449972,0.2354550273088205,1.0,VALID,vizwiz-vqa,Platt Scaling (1D),46
0.0702687584595568,7.026875845955679,0.06486838890108644,6.486838890108644,0.03733624840431366,0.17881664292765764,0.062348357072342375,0.24116400000000002,0.06889288285716672,0.00678406117348126,0.7954255195634506,0.5315086511418059,0.1473046965009479,0.23530688176796843,1.0,VALID,vizwiz-vqa,Quadratic Platt (Logit-Only),46
0.0630976242753877,6.309762427538771,0.06449065534548326,6.4490655345483265,0.03680917156743087,0.17875372497436495,0.062411275025635066,0.24116400000000002,0.06678840663209876,0.005369146314116204,0.7954255195634506,0.5312016651730598,0.14742905270510576,0.2361155830872404,1.0,VALID,vizwiz-vqa,Beta Calibration,46
0.06830506797527053,6.830506797527053,0.06883348837576916,6.883348837576916,0.036659129437225005,0.18065701504171636,0.06050798495828366,0.24116400000000002,0.0666886783665966,0.006313231554193271,0.7954255195634506,0.541659818114463,0.15804840690248675,0.2150053150847793,1.0,VALID,vizwiz-vqa,Spline Calibration,46
0.17805883149153418,17.805883149153416,0.17559743008021955,17.559743008021954,0.17285276785454484,0.21335876879202187,0.02780623120797815,0.24116400000000002,0.06469844669543884,0.03873804992131659,0.7952928297755884,0.6093214670712791,0.22975771630447336,0.19015652421395765,0.9995143340573363,VALID,vizwiz-vqa,Adaptive TS (ATS),46
0.0009151125335156718,0.09151125335156718,0.052983022506703135,5.2983022506703135,0.0009151125335156718,0.241164837430949,1.6256905102651764e-07,0.24116400000000002,0.0,8.374309489974716e-07,0.5,0.6753713175387158,0.4115336120018762,5.551115123125783e-17,1.0,COLLAPSED,vizwiz-vqa,Probability Margin (1D),46
0.030765374407624384,3.076537440762438,0.06355343814950283,6.355343814950283,0.03169633178292844,0.2368153682635244,0.004349631736475623,0.24116400000000002,0.005011612732095492,0.0009700224333078586,0.5818695991109785,0.6661747120115916,0.3403174577387641,0.09469644929463528,0.32636884050488196,VALID,vizwiz-vqa,MSSC (Multi-Scale Proxy),46
0.000914307014079796,0.0914307014079796,0.0800800432431735,8.00800432431735,0.00148055878333532,0.2409956234754584,0.0001693765245416312,0.24116400000000002,0.0,8.359573159955122e-07,0.5498167222305153,0.6750206286344976,0.40557121301060023,0.001383361706106149,-0.013606806427225709,COLLAPSED,vizwiz-vqa,MSE-EIGEN (Multi-Scale),46
0.06413281972444719,6.413281972444719,0.05790245557221631,5.790245557221631,0.036641640057392684,0.17869440951094417,0.062470590489055844,0.24116400000000002,0.06728393301623008,0.005744613478451443,0.79554162312783,0.5310239211179737,0.14708333739010818,0.23641529317744614,0.9998989115956464,VALID,vizwiz-vqa,Residual Calibrator,46
0.05620739787915722,5.6207397879157215,0.05414887805810555,5.414887805810555,0.03390460967998474,0.17885340074431616,0.06231159925568386,0.24116400000000002,0.0658387164097928,0.004917979970716931,0.7942810701431392,0.5307705186478138,0.14655430039929354,0.2395083764784642,0.9950076920307681,VALID,vizwiz-vqa,Trajectory LR,46
0.05631503689760637,5.631503689760637,0.05660476953818658,5.660476953818658,0.033850278395420354,0.17844088508476358,0.06272411491523644,0.24116400000000002,0.06704746704534231,0.004638612136823398,0.7950108639763813,0.5294626609795062,0.14584980521540408,0.23915644770510358,0.9891610766443066,VALID,vizwiz-vqa,Trajectory LR (No Bias),46
0.056276023946702496,5.62760239467025,0.0542000339999795,5.42000339999795,0.033952671303493664,0.178854402566001,0.062310597433999027,0.24116400000000002,0.0657580166497827,0.004964285666262397,0.7941649665787598,0.5307902250595158,0.14652520206442884,0.23917724984102554,0.9949923319693278,VALID,vizwiz-vqa,Trajectory Platt (5D),46
0.04509025466442109,4.509025466442109,0.057955898612737665,5.795589861273767,0.030884922375639962,0.17655959282854325,0.06460540717145677,0.24116400000000002,0.06664603353555595,0.003421560374164431,0.7983281086729364,0.5227788302380774,0.13979411475428857,0.24872179363197344,0.9537564230256921,VALID,vizwiz-vqa,Trajectory Platt (17D),46
0.061725886828770976,6.172588682877097,0.05827493569968339,5.827493569968339,0.03722890872552835,0.17860829689625993,0.06255670310374009,0.24116400000000002,0.06733137920133268,0.005471697589710136,0.7956411404687267,0.5307273083005764,0.14692102405457327,0.2365384402308587,0.9998429433717735,VALID,vizwiz-vqa,VCPS-5D (Our Method),46
0.05415779127225147,5.4157791272251465,0.04409159927228444,4.409159927228444,0.03446698783788332,0.1775403163034738,0.06362468369652621,0.24116400000000002,0.06686098633721077,0.005136795863111305,0.7981954188850741,0.527651184602609,0.14402327085189193,0.23897020788957388,0.9971194124776499,VALID,vizwiz-vqa,VCPS-17D (Our Method),46
0.16255851865956167,16.255851865956167,0.16255851865956175,16.255851865956174,0.16335002602717844,0.21756244963259894,0.02360255036740108,0.24116400000000002,0.05694434205368078,0.032455428198866126,0.7684231477334925,0.6303600969242036,0.24226859188024225,0.23383855727018438,1.0,VALID,vizwiz-vqa,Naive Confidence (NC),47
0.15985288384147892,15.985288384147891,0.15205754434112054,15.205754434112054,0.15204572925511656,0.21444733172704553,0.026717668272954492,0.24116400000000002,0.05527320138242252,0.030874251861493736,0.7684231477334925,0.6177206945244018,0.24226859188024225,0.19383419950768996,1.0,VALID,vizwiz-vqa,Temperature Scaling (TS),47
0.04630867173924966,4.630867173924965,0.05474645576562297,5.474645576562296,0.023898604684406376,0.18900352323304845,0.05216147676695157,0.24116400000000002,0.05379116872561667,0.0030584001598790407,0.7684231477334925,0.561550582677494,0.17890039892929988,0.24178633820269765,1.0,VALID,vizwiz-vqa,Platt Scaling (1D),47
0.050384258125056376,5.038425812505638,0.05595578282864333,5.595578282864333,0.023864041683766612,0.18907093609295353,0.05209406390704649,0.24116400000000002,0.054311647426350376,0.003732255127143843,0.7684231477334925,0.5624506884381112,0.17952741975434872,0.2419562543399749,1.0,VALID,vizwiz-vqa,Quadratic Platt (Logit-Only),47
0.05673193108960153,5.673193108960152,0.056303826697492204,5.6303826697492205,0.02430063669151636,0.18909981381427138,0.05206518618572864,0.24116400000000002,0.055491798622655096,0.0050328903061846834,0.7684231477334925,0.5624892062608277,0.1792604120629171,0.24255970333817656,1.0,VALID,vizwiz-vqa,Beta Calibration,47
0.044970020677532835,4.497002067753283,0.05836954374128907,5.836954374128907,0.020180871545694024,0.18962888692150734,0.05153611307849268,0.24116400000000002,0.0544630443157421,0.0039375349667233875,0.7684231477334925,0.562340352225146,0.18054510657145464,0.21945811992030628,1.0,VALID,vizwiz-vqa,Spline Calibration,47
0.15453273552549868,15.453273552549868,0.15045857449502104,15.045857449502103,0.15052688217187232,0.2141262223048335,0.02703877769516652,0.24116400000000002,0.054196418342710634,0.029141725376027456,0.7691031828962864,0.6164464160155112,0.24047760100379287,0.19622464553334168,0.9995873903495612,VALID,vizwiz-vqa,Adaptive TS (ATS),47
0.0009151125335156718,0.09151125335156718,0.07248818263887279,7.248818263887278,0.0009151125335156718,0.241164837430949,1.6256905102651764e-07,0.24116400000000002,0.0,8.374309489974716e-07,0.5,0.6753713175387158,0.3979603528353792,5.551115123125783e-17,1.0,COLLAPSED,vizwiz-vqa,Probability Margin (1D),47
0.026065849192056026,2.6065849192056025,0.06148807912528975,6.148807912528975,0.02371597268875665,0.235179639840239,0.005985360159761005,0.24116400000000002,0.007226453416694104,0.0010501984401259188,0.5892919341195203,0.6628431809297933,0.3380568689269453,0.09471988991220004,0.35005709708277755,VALID,vizwiz-vqa,MSSC (Multi-Scale Proxy),47
0.0009319168466537797,0.09319168466537797,0.08675314307134435,8.675314307134435,0.0031537600524587785,0.24104207637716155,0.00012292362283847225,0.24116400000000002,0.0,8.684690090771244e-07,0.5116684082201325,0.6751171366379813,0.431678403134591,0.0018237041834899082,-0.1263491773967096,COLLAPSED,vizwiz-vqa,MSE-EIGEN (Multi-Scale),47
0.044966746841035035,4.496674684103503,0.05677936701527819,5.67793670152782,0.024755524717132976,0.1891904567244707,0.051974543275529306,0.24116400000000002,0.053621725266635695,0.002882761567604556,0.7681743543812509,0.5619508381161136,0.17890622424331998,0.2430616206179472,0.999884991539966,VALID,vizwiz-vqa,Residual Calibrator,47
0.04749317616656129,4.749317616656129,0.057265533011210575,5.726553301121058,0.03139112400209547,0.19091608055166034,0.050248919448339674,0.24116400000000002,0.05450123196067423,0.004008064568854438,0.7646746612263854,0.56529600120567,0.1803853765625945,0.24598799571830746,0.9931711086844346,VALID,vizwiz-vqa,Trajectory LR,47
0.03276483456836367,3.2764834568363668,0.04415778848369653,4.415778848369653,0.025660253539289548,0.1899896170314544,0.051175382968545624,0.24116400000000002,0.053467458765387374,0.0022296266046290232,0.7663332835746629,0.5633894026958933,0.17981020340613835,0.2452507256370485,0.9861850647402589,VALID,vizwiz-vqa,Trajectory LR (No Bias),47
0.04746743148937822,4.7467431489378225,0.05718814745172858,5.718814745172858,0.031222492339122696,0.1909291969954565,0.05023580300454353,0.24116400000000002,0.05450123196067423,0.0039982825328683065,0.7645917301089715,0.5652794547263486,0.18038573449541717,0.24565654114034985,0.993126180504722,VALID,vizwiz-vqa,Trajectory Platt (5D),47
0.0686296758465469,6.86296758465469,0.06884816207364201,6.884816207364201,0.029786509685136485,0.1859080842170941,0.055256915782905924,0.24116400000000002,0.06174397557461559,0.006571124047255137,0.7791046756563998,0.5496991091947416,0.16505896536074305,0.24856415261072545,0.9609024036096143,VALID,vizwiz-vqa,Trajectory Platt (17D),47
0.04305394999872069,4.305394999872069,0.05528749792453622,5.528749792453622,0.024848188746449305,0.1892505247494551,0.051914475250544906,0.24116400000000002,0.05377549501924917,0.00284983103694626,0.7678592161350781,0.5619112847638128,0.1784735963056585,0.24274872076105203,0.9998040632162528,VALID,vizwiz-vqa,VCPS-5D (Our Method),47
0.041131350268148556,4.113135026814856,0.04990084080690734,4.9900840806907345,0.023308477559129324,0.1879175482301223,0.05324745176987772,0.24116400000000002,0.05595822793588104,0.0029120863304793595,0.772453600039807,0.557525938020526,0.17339319932730868,0.24386144278015595,0.9976818787275148,VALID,vizwiz-vqa,VCPS-17D (Our Method),47
0.16071447142175593,16.071447142175593,0.16227540737799429,16.22754073779943,0.16335854823633036,0.20644610183725046,0.03471889816274956,0.24116400000000002,0.07224349729203702,0.037908663604741995,0.7945630359423463,0.5965879215086188,0.2067090419488918,0.24316648639857524,1.0,VALID,vizwiz-vqa,Naive Confidence (NC),48
0.1579847224941814,15.798472249418142,0.15447085855272907,15.447085855272908,0.15099252159319,0.20431784323505792,0.0368471567649421,0.24116400000000002,0.07154536024588642,0.035337881074171955,0.7945630359423463,0.5908622919062022,0.2067090419488918,0.197203203542652,1.0,VALID,vizwiz-vqa,Temperature Scaling (TS),48
0.05393419535477671,5.393419535477671,0.06406442050125485,6.406442050125485,0.05054318916227362,0.17448409576555474,0.06668090423444528,0.24116400000000002,0.07086825849837093,0.004840114048861973,0.7945630359423463,0.5274877577292204,0.15321050781285056,0.2485572564701804,1.0,VALID,vizwiz-vqa,Platt Scaling (1D),48
0.05690697501694479,5.690697501694479,0.06528952040489823,6.528952040489823,0.051876433963226935,0.17467305510795098,0.06649194489204904,0.24116400000000002,0.07173182264128919,0.005506145146656756,0.7945630359423463,0.5281999782735023,0.1537917718483015,0.24845526659334083,1.0,VALID,vizwiz-vqa,Quadratic Platt (Logit-Only),48
0.053486610808801606,5.34866108088016,0.0647264297118814,6.47264297118814,0.05134857158499467,0.1746106252738033,0.06655437472619671,0.24116400000000002,0.07103881014063589,0.005022401792465592,0.7945630359423463,0.5279561831172396,0.15327767514189802,0.24884745830248384,1.0,VALID,vizwiz-vqa,Beta Calibration,48
0.07365757070971235,7.3657570709712346,0.07339115198296196,7.339115198296196,0.05884941220902907,0.17614039363139833,0.06502460636860169,0.24116400000000002,0.07070112978608159,0.006248040419609557,0.7945630359423463,0.5345504246870487,0.16892560345100383,0.2246762038070269,1.0,VALID,vizwiz-vqa,Spline Calibration,48
0.16552084852045545,16.552084852045546,0.1567548190347605,15.675481903476049,0.14914123144936453,0.20403508607181275,0.037129913928187264,0.24116400000000002,0.07054386737242835,0.03517176791297825,0.79494451908245,0.5900869033875066,0.2051342443427089,0.20087574991416776,0.9995332461329844,VALID,vizwiz-vqa,Adaptive TS (ATS),48
0.0009151125335156718,0.09151125335156718,0.06083388810241312,6.0833888102413125,0.0009151125335156718,0.241164837430949,1.6256905102651764e-07,0.24116400000000002,0.0,8.374309489974716e-07,0.5,0.6753713175387158,0.4002722823965297,5.551115123125783e-17,1.0,COLLAPSED,vizwiz-vqa,Probability Margin (1D),48
0.013987590232202517,1.3987590232202518,0.06863146106480217,6.863146106480217,0.016643391718216275,0.23103967382963353,0.010125326170366489,0.24116400000000002,0.010496255690814053,0.0002513083338851449,0.6133253719460616,0.6541893721397518,0.3246447365802581,0.08975363933242049,0.3763230557894462,VALID,vizwiz-vqa,MSSC (Multi-Scale Proxy),48
0.000968997816994055,0.0968997816994055,0.08863482641318085,8.863482641318084,0.004373998840437395,0.24105780962000847,0.00010719037999154524,0.24116400000000002,0.0,9.38956769339244e-07,0.4737523013385082,0.6751501228904486,0.4565750524632638,0.0017555776855245873,-0.1433187812751251,COLLAPSED,vizwiz-vqa,MSE-EIGEN (Multi-Scale),48
0.058541651793314484,5.854165179331448,0.06702672565669233,6.702672565669234,0.04990795585422941,0.17444941328683905,0.06671558671316097,0.24116400000000002,0.0713799026408514,0.00560641131932057,0.7946293808362773,0.5273419762577093,0.1530567786052925,0.24953227335214434,0.999932031728127,VALID,vizwiz-vqa,Residual Calibrator,48
0.07047030692415565,7.047030692415565,0.0661007868934185,6.61007868934185,0.044687166708297914,0.17520540695728326,0.06595959304271676,0.24116400000000002,0.07095960688803053,0.007063454347480415,0.792589275347896,0.5283695945551049,0.15335306460939227,0.2505598452061457,0.9959796959187835,VALID,vizwiz-vqa,Trajectory LR,48
0.07849560567708229,7.849560567708229,0.07052936860579755,7.052936860579755,0.04470218409609241,0.17577425468257046,0.06539074531742955,0.24116400000000002,0.07312281997665886,0.00822793672613723,0.7907647907647908,0.5297439591206436,0.15432242146769687,0.2506340221771486,0.9922407689630759,VALID,vizwiz-vqa,Trajectory LR (No Bias),48
0.07043906164541841,7.043906164541841,0.06611609983071685,6.611609983071685,0.04464059537216659,0.17522573919643133,0.06593926080356868,0.24116400000000002,0.07092352011289495,0.007055558838879895,0.7924897580069994,0.5283942616693931,0.15345771056161506,0.25020230845490304,0.9959267997071988,VALID,vizwiz-vqa,Trajectory Platt (5D),48
0.04765563066024332,4.765563066024332,0.05736278287786992,5.736278287786992,0.039154238439027926,0.17202302604752231,0.0691419739524777,0.24116400000000002,0.07395489428450397,0.003191633317364692,0.8021926987444229,0.5179733662602973,0.1416271696294075,0.25765152040671496,0.9640877923511694,VALID,vizwiz-vqa,Trajectory Platt (17D),48
0.05570367152580397,5.570367152580397,0.059446160605856974,5.944616060585697,0.05005379091750207,0.1745759579744784,0.06658904202552163,0.24116400000000002,0.07147626319223502,0.005444362692002403,0.7942976563666218,0.5277572716567169,0.15335642930835056,0.2496861322508522,0.999809631238525,VALID,vizwiz-vqa,VCPS-5D (Our Method),48
0.055353277236898354,5.535327723689836,0.07998430983654406,7.998430983654406,0.046230035211711686,0.17319070037001255,0.06797429962998747,0.24116400000000002,0.0712551079226952,0.004704282883732998,0.7980461428737291,0.5231694532314475,0.14843463135784934,0.25158997818993944,0.9977729830919323,VALID,vizwiz-vqa,VCPS-17D (Our Method),48
0.15200674783068627,15.200674783068626,0.15226156238480598,15.226156238480598,0.15212030489020617,0.2074660840449413,0.03369891595505872,0.24116400000000002,0.06003618578797173,0.026616255575147855,0.7867177522349936,0.608539548762227,0.22036973274850977,0.2386892438652982,1.0,VALID,vizwiz-vqa,Naive Confidence (NC),49
0.15097211255026946,15.097211255026947,0.1468490416417697,14.68490416417697,0.14299760393652922,0.2067998107084591,0.03436518929154092,0.24116400000000002,0.06143986719849863,0.02774107403175297,0.7867177522349936,0.6014780716263274,0.22036973274850977,0.19323666482070548,1.0,VALID,vizwiz-vqa,Temperature Scaling (TS),49
0.06215394900144706,6.215394900144706,0.06537689396949209,6.537689396949209,0.031584625447547914,0.18486473977587553,0.05630026022412449,0.24116400000000002,0.062489526539524595,0.0063933759678436375,0.7867177522349936,0.5484983555536671,0.16443675106522113,0.24206027122638857,1.0,VALID,vizwiz-vqa,Platt Scaling (1D),49
0.06674645848429245,6.674645848429245,0.06783949383692488,6.783949383692487,0.033184928562746935,0.18530533719744188,0.055859662802558135,0.24116400000000002,0.0610861179380793,0.005665691990454963,0.7867177522349936,0.5507471739100683,0.16625563467164692,0.24172622593250148,1.0,VALID,vizwiz-vqa,Quadratic Platt (Logit-Only),49
0.06398914154750963,6.398914154750964,0.06932696966712523,6.932696966712523,0.03436144873790645,0.18549539685909747,0.05566960314090255,0.24116400000000002,0.06073186225870284,0.005674335343383828,0.7867177522349936,0.5514115410395567,0.16657911345204554,0.24229489556707112,1.0,VALID,vizwiz-vqa,Beta Calibration,49
0.0472861832862526,4.72861832862526,0.07168558443517742,7.168558443517742,0.02122686149865709,0.186084505927324,0.05508049407267601,0.24116400000000002,0.05875237925697359,0.0045000872106828,0.7867177522349936,0.5529483512621529,0.1640492725648648,0.22238462270853596,1.0,VALID,vizwiz-vqa,Spline Calibration,49
0.14602840742514941,14.60284074251494,0.14132653783079294,14.132653783079293,0.14138383379417124,0.20602377328116314,0.03514122671883688,0.24116400000000002,0.06005602092258408,0.025630712008605935,0.7868006833524075,0.5991885352019494,0.21797673578663607,0.1954699788572953,0.9996451825807303,VALID,vizwiz-vqa,Adaptive TS (ATS),49
0.0009151125335156718,0.09151125335156718,0.060074567202145,6.0074567202145,0.0009151125335156718,0.241164837430949,1.6256905102651764e-07,0.24116400000000002,0.0,8.374309489974716e-07,0.5,0.6753713175387158,0.3882220437075669,5.551115123125783e-17,1.0,COLLAPSED,vizwiz-vqa,Probability Margin (1D),49
0.008627477698335726,0.8627477698335726,0.08901125591803821,8.90112559180382,0.01912173078456201,0.23217681346693358,0.008988186533066433,0.24116400000000002,0.008656778705158418,0.00010309565324617617,0.6064752616476755,0.6565657824364314,0.31576016623014,0.08977488068244578,0.3583286366194196,VALID,vizwiz-vqa,MSSC (Multi-Scale Proxy),49
0.0009467995944302809,0.0946799594430281,0.07012936857095699,7.012936857095699,0.0031314319429337515,0.24104317254269136,0.00012182745730865419,0.24116400000000002,0.0,8.964294720133445e-07,0.5092965782620955,0.6751193894091657,0.4228224173748815,0.0018061057719815181,-0.08171715886863547,COLLAPSED,vizwiz-vqa,MSE-EIGEN (Multi-Scale),49
0.05863154806711401,5.8631548067114005,0.05356579102485414,5.356579102485414,0.032003162469717066,0.1849705591102703,0.05619444088972972,0.24116400000000002,0.060328438499178696,0.005082290249924228,0.7865518900001659,0.5488435837446537,0.16419528983682594,0.24264979033880155,0.9998650234600938,VALID,vizwiz-vqa,Residual Calibrator,49
0.0392677297350083,3.92677297350083,0.05029448196669433,5.029448196669433,0.03283893368444525,0.18664408070517713,0.05452091929482289,0.24116400000000002,0.056463683512818774,0.0030737195881777512,0.7804481597585047,0.5536728439861568,0.1696644464994576,0.24402966194815554,0.9899482797931191,VALID,vizwiz-vqa,Trajectory LR,49
0.04239182845651759,4.239182845651759,0.06058540140339934,6.058540140339934,0.032984836803421964,0.18732667353095872,0.0538383264690413,0.24116400000000002,0.05646093739984563,0.0028675243317572807,0.7783085369292266,0.5552188222424507,0.1712261411642191,0.2441760047252691,0.9850841323365293,VALID,vizwiz-vqa,Trajectory LR (No Bias),49
0.04224184316024184,4.224184316024184,0.05037303072586657,5.037303072586656,0.032657920812438845,0.18663967779797985,0.054525322202020166,0.24116400000000002,0.0565931024048905,0.003494995473593006,0.7804315735350219,0.5536379931612941,0.1697345666457545,0.2436355867332137,0.9898743594974381,VALID,vizwiz-vqa,Trajectory Platt (5D),49
0.048078563272953026,4.807856327295303,0.055006520509719846,5.5006520509719845,0.036467800083590046,0.18588501731927828,0.055279982680721734,0.24116400000000002,0.058260194030852766,0.0038114987323360212,0.7819409198719544,0.548811933319663,0.16122651434198043,0.2538602017096196,0.9525979863919456,VALID,vizwiz-vqa,Trajectory Platt (17D),49
0.05790204428105085,5.790204428105085,0.05769364564951781,5.769364564951781,0.031579947231644145,0.18494104289186147,0.056223957108138545,0.24116400000000002,0.0607375334690545,0.005337641208902665,0.7862367517539931,0.5487172022931752,0.1645319723275469,0.24267105255132285,0.9998218232872931,VALID,vizwiz-vqa,VCPS-5D (Our Method),49
0.06401985670371801,6.401985670371801,0.052474444078840034,5.247444407884004,0.03454315834024829,0.18470929139757541,0.056455708602424604,0.24116400000000002,0.06213857114032344,0.005257448894803993,0.7877792705378912,0.5476591110658477,0.16345085078733954,0.2449617421784219,0.9961763047052188,VALID,vizwiz-vqa,VCPS-17D (Our Method),49
0.1638670751212491,16.38670751212491,0.16315989259875002,16.315989259875003,0.16606981197258605,0.19310243197867072,0.0480625680213293,0.24116400000000002,0.08308635787527452,0.03605485758933458,0.8326781775057637,0.5634183252091792,0.17696121088356168,0.23942610424775737,1.0,VALID,vizwiz-vqa,Naive Confidence (NC),50
0.16400396932466785,16.400396932466784,0.16245384695726078,16.245384695726077,0.15656024042090766,0.19496631718262875,0.04619868281737127,0.24116400000000002,0.08106553309598097,0.03594919515777948,0.8326781775057637,0.569499494314956,0.17696121088356168,0.18905502396584278,1.0,VALID,vizwiz-vqa,Temperature Scaling (TS),50
0.05728285739422626,5.728285739422626,0.06708080531297306,6.7080805312973055,0.041801861613821975,0.1630854931638229,0.07807950683617712,0.24116400000000002,0.08076282096494741,0.003827801170881545,0.8326781775057637,0.4958508040664392,0.12026912714966577,0.24037146965852768,1.0,VALID,vizwiz-vqa,Platt Scaling (1D),50
0.0568951367923048,5.68951367923048,0.06712480152669592,6.712480152669592,0.04188053913222833,0.1630732659565338,0.07809173404346623,0.24116400000000002,0.08122833687453425,0.003935049832097499,0.8326781775057637,0.4958692999978807,0.12015691746915817,0.2403701381175748,1.0,VALID,vizwiz-vqa,Quadratic Platt (Logit-Only),50
0.05760964313086197,5.7609643130861965,0.06646052216839275,6.6460522168392755,0.04118429783572821,0.1630352308749492,0.07812976912505082,0.24116400000000002,0.0803275434433087,0.00371551679119542,0.8326781775057637,0.49562200177807086,0.12025070266632439,0.24092843722893365,1.0,VALID,vizwiz-vqa,Beta Calibration,50
0.06754615973941394,6.7546159739413945,0.07150409500662273,7.150409500662273,0.04852882782978106,0.1646824667086526,0.07648253329134741,0.24116400000000002,0.08360349457472128,0.006627265322191439,0.8326781775057637,0.5059925229659737,0.13004885889865028,0.2174872467107046,1.0,VALID,vizwiz-vqa,Spline Calibration,50
0.16067100250068114,16.067100250068115,0.1653963039082204,16.53963039082204,0.15466919038641777,0.19443746446730467,0.04672753553269535,0.24116400000000002,0.08204755164802063,0.03586273874242867,0.8330762468693502,0.5682267532397128,0.17601734503518895,0.19169576345034506,0.9996012143857159,VALID,vizwiz-vqa,Adaptive TS (ATS),50
0.0009151125335156718,0.09151125335156718,0.06139663794343091,6.1396637943430905,0.0009151125335156718,0.241164837430949,1.6256905102651764e-07,0.24116400000000002,0.0,8.374309489974716e-07,0.5,0.6753713175387158,0.4360965227768285,5.551115123125783e-17,1.0,COLLAPSED,vizwiz-vqa,Probability Margin (1D),50
0.013924064922777547,1.3924064922777546,0.06498568618168303,6.498568618168303,0.01701812516076549,0.23057014111396437,0.010594858886035646,0.24116400000000002,0.010793391100702581,0.0002872919274452254,0.6163357715081852,0.6532123624632724,0.33063847158573056,0.08800509734811353,0.32561557660840806,VALID,vizwiz-vqa,MSSC (Multi-Scale Proxy),50
0.001163083586642355,0.1163083586642355,0.10010487505004044,10.010487505004043,0.003516348877383886,0.24104377998755824,0.00012122001244177505,0.24116400000000002,0.0,1.3527634295168445e-06,0.46957257302084887,0.6751208258621926,0.48508634578791976,0.0015554367024298702,-0.15580483869798703,COLLAPSED,vizwiz-vqa,MSE-EIGEN (Multi-Scale),50
0.05494799700117788,5.494799700117788,0.0704554311760476,7.045543117604761,0.041081473340867064,0.16300216844616722,0.0781628315538328,0.24116400000000002,0.0813097577680536,0.0037717923596356975,0.8328440397405914,0.49558833224033855,0.1203050005049044,0.24113820499099708,0.9998879675464925,VALID,vizwiz-vqa,Residual Calibrator,50
0.05609565268140962,5.609565268140962,0.059928555673230105,5.99285556732301,0.035418059039883966,0.1639889861574777,0.07717601384252232,0.24116400000000002,0.08204568924713979,0.00541548077400537,0.8292448292448293,0.4979974789600079,0.12203703607413281,0.24188431185479775,0.9922984648241857,VALID,vizwiz-vqa,Trajectory LR,50
0.05469018452282365,5.469018452282365,0.055277952105128855,5.527795210512886,0.033793159534558886,0.16463014012934143,0.07653485987065858,0.24116400000000002,0.08145806625418217,0.004534491828485219,0.8264251712527574,0.4995273453704136,0.12381510958887106,0.24225403723122782,0.9874728132899483,VALID,vizwiz-vqa,Trajectory LR (No Bias),50
0.05659373892098666,5.659373892098666,0.05616118887811899,5.616118887811899,0.03560109568713614,0.16403189541383176,0.07713310458616826,0.24116400000000002,0.08223926787984454,0.005561442122324416,0.8292614154683122,0.49812896007452107,0.1220790122985475,0.2415385855320219,0.992240096587911,VALID,vizwiz-vqa,Trajectory Platt (5D),50
0.045872225317172714,4.587222531717272,0.04797014221828431,4.797014221828431,0.02877587106245261,0.16304156327291627,0.07812343672708374,0.24116400000000002,0.08065366990374265,0.00317692087562731,0.8306380720173824,0.49378259438344924,0.11991780366687148,0.25017414673232097,0.9551946986281399,VALID,vizwiz-vqa,Trajectory Platt (17D),50
0.055216079256033904,5.521607925603391,0.07080431593445335,7.0804315934453355,0.04136774450909781,0.16306837749755154,0.07809662250244848,0.24116400000000002,0.08275007424558035,0.004509329633093957,0.8326450050587981,0.4957490838888118,0.12041152332919304,0.24074790449329053,0.999786303134955,VALID,vizwiz-vqa,VCPS-5D (Our Method),50
0.06265753049034274,6.2657530490342745,0.0680531905764452,6.805319057644519,0.03985122389872927,0.16230012590956658,0.07886487409043344,0.24116400000000002,0.08266801878524101,0.004621486076358431,0.8350168350168351,0.49377362078038006,0.11943802433635826,0.24350608541676944,0.9958687192765757,VALID,vizwiz-vqa,VCPS-17D (Our Method),50
0.15147081755574013,15.147081755574012,0.15147081755574013,15.147081755574012,0.15207558572678614,0.20359577570083948,0.03756922429916054,0.24116400000000002,0.06640138520310426,0.028255404346424352,0.7946127946127948,0.5988475006116238,0.21047826334355388,0.24725128088246817,1.0,VALID,vizwiz-vqa,Naive Confidence (NC),51
0.14638158124795614,14.638158124795615,0.147168633835593,14.7168633835593,0.14360446077043482,0.20288246374605956,0.03828253625394046,0.24116400000000002,0.06535921927348015,0.02726692757810721,0.7946127946127948,0.592050312575475,0.21047826334355388,0.20081439380688348,1.0,VALID,vizwiz-vqa,Temperature Scaling (TS),51
0.06260212241103395,6.260212241103395,0.06484699613255368,6.484699613255368,0.024927863109225686,0.1789706565373428,0.06219434346265723,0.24116400000000002,0.06695340333482097,0.0056399447632769495,0.7946127946127948,0.5373367236387818,0.15857065918947025,0.2532838632231979,1.0,VALID,vizwiz-vqa,Platt Scaling (1D),51
0.05908733363148335,5.908733363148335,0.06609374065757191,6.6093740657571916,0.02512997176271212,0.17909194629301498,0.06207305370698504,0.24116400000000002,0.06671433336605258,0.005353792880822856,0.7946127946127948,0.5382847242671153,0.15899451290038433,0.25327859139276304,1.0,VALID,vizwiz-vqa,Quadratic Platt (Logit-Only),51
0.05994473727275892,5.994473727275892,0.06685772806736744,6.685772806736743,0.025332309205706515,0.17911778795461702,0.06204721204538299,0.24116400000000002,0.06648407916433338,0.005614143348480611,0.7946127946127948,0.5383133003539883,0.15923293272588365,0.25381706471475507,1.0,VALID,vizwiz-vqa,Beta Calibration,51
0.04680061865708377,4.680061865708377,0.07578068709410046,7.578068709410046,0.032150349877321224,0.18013521369542185,0.06102978630457817,0.24116400000000002,0.06482028687967398,0.0044149349452746855,0.7946127946127948,0.5400154136714663,0.16102160140642904,0.22899501028898575,1.0,VALID,vizwiz-vqa,Spline Calibration,51
0.1439878691326948,14.398786913269479,0.14505617882398086,14.505617882398086,0.14151014580962756,0.20225757371691191,0.0389074262830881,0.24116400000000002,0.06700182262745218,0.027857843468458866,0.7948118292945878,0.5901369353052914,0.20776062121522848,0.2032056387381188,0.9996615026460104,VALID,vizwiz-vqa,Adaptive TS (ATS),51
0.0009151125335156718,0.09151125335156718,0.07136268295683719,7.136268295683719,0.0009151125335156718,0.24116483743094902,1.6256905099876207e-07,0.24116400000000002,0.0,8.374309489974716e-07,0.5,0.6753713175387158,0.44020818353369867,5.551115123125783e-17,1.0,COLLAPSED,vizwiz-vqa,Probability Margin (1D),51
0.040183810721830415,4.0183810721830415,0.07278087345219184,7.278087345219183,0.031553084047430485,0.23129848801347302,0.009866511986526993,0.24116400000000002,0.012281486338797814,0.0026675633028048124,0.6202915858088272,0.6542582407716718,0.30959407614215206,0.09058674169543876,0.37668719573246173,VALID,vizwiz-vqa,MSSC (Multi-Scale Proxy),51
0.0011052512124953284,0.11052512124953284,0.09936955087889376,9.936955087889377,0.0038439490371399536,0.24106718193886764,9.781806113237645e-05,0.24116400000000002,0.0,1.2215802427223937e-06,0.49395432154052843,0.6751690386569758,0.45089974125797355,0.001827827199482054,-0.13436492145968584,COLLAPSED,vizwiz-vqa,MSE-EIGEN (Multi-Scale),51
0.06096070121497852,6.096070121497852,0.060354583396876375,6.035458339687637,0.025068366244617817,0.1789789838995972,0.06218601610040281,0.24116400000000002,0.06738616618743432,0.005272229622358151,0.7945298634953807,0.5373072516073744,0.15866322426738372,0.25369265119699885,0.9998992955971823,VALID,vizwiz-vqa,Residual Calibrator,51
0.05578253519554432,5.578253519554432,0.06332050574516097,6.3320505745160975,0.02396617513445203,0.17915448812724796,0.062010511872752055,0.24116400000000002,0.06677575124661492,0.00431329518382511,0.7943805874840357,0.5370928408066777,0.15829154037912752,0.2546960654155075,0.9961967527870111,VALID,vizwiz-vqa,Trajectory LR,51
0.046744648028374455,4.674464802837446,0.050642085533180566,5.064208553318057,0.02308661910711378,0.17822772733336734,0.06293727266663268,0.24116400000000002,0.0670996208199548,0.0039600662641347565,0.7979300393093497,0.5347462604530258,0.15532517867515452,0.2556693674842677,0.9909871959487837,VALID,vizwiz-vqa,Trajectory LR (No Bias),51
0.05261269112303853,5.261269112303853,0.06330630262568591,6.330630262568591,0.023852913054138936,0.1791489074103377,0.062016092589662314,0.24116400000000002,0.06647300210900212,0.0041323280833365054,0.7943308288135873,0.537044398005328,0.15830115976203896,0.2543429235314712,0.9961785127140508,VALID,vizwiz-vqa,Trajectory Platt (5D),51
0.03993752843327819,3.993752843327819,0.051787512602284556,5.178751260228456,0.025910657572877707,0.1747375749092182,0.06642742509078181,0.24116400000000002,0.06867460392591103,0.0030581721236572165,0.8057587367932195,0.5234525815873508,0.14465535188204295,0.2591673378888567,0.9670354841419365,VALID,vizwiz-vqa,Trajectory Platt (17D),51
0.05380320053392131,5.380320053392131,0.05982209577001746,5.982209577001746,0.024693243135872036,0.17886792159798834,0.06229707840201168,0.24116400000000002,0.06709327706606856,0.004431991085979317,0.7949611053059329,0.5370114697740582,0.15764656206919017,0.2537903881567809,0.9998656954627817,VALID,vizwiz-vqa,VCPS-5D (Our Method),51
0.04937204351297197,4.937204351297197,0.0513626733772831,5.1362673377283095,0.023866223661630794,0.17778079656970683,0.06338420343029319,0.24116400000000002,0.06741952815174261,0.004233544091808923,0.7980295566502463,0.5333902394691118,0.1547216563799069,0.25514192246718626,0.9976867747470989,VALID,vizwiz-vqa,VCPS-17D (Our Method),51
0.08507151883840561,8.50715188384056,0.08063213497400284,8.063213497400284,0.06270521071006138,0.1426775158591738,0.026666734140826237,0.169344,0.03644612107679375,0.01052310751988883,0.7557397959183674,0.5245240289994385,0.11904533080084118,0.23631248527192425,1.0,VALID,vqav2,Naive Confidence (NC),42
0.10480537304968789,10.480537304968788,0.10513359016819102,10.513359016819102,0.09906303536532754,0.14951930763225946,0.019824942367740572,0.169344,0.035025095870896895,0.01538876518772378,0.7557397959183674,0.4824817331091145,0.11904533080084118,0.19377244097271076,1.0,VALID,vqav2,Temperature Scaling (TS),42
0.07125414383246062,7.125414383246062,0.09713643142164026,9.713643142164026,0.05984166985290314,0.14546138531949948,0.02388286468050055,0.169344,0.03215134184487513,0.009373253498043242,0.7557397959183674,0.46481864233027737,0.12036227804578127,0.12283441490240651,1.0,VALID,vqav2,Platt Scaling (1D),42
0.03691758064253779,3.6917580642537793,0.054545693635065284,5.454569363506528,0.02456761815128005,0.13741095687378288,0.03193329312621715,0.169344,0.03544375584114335,0.003753980657533827,0.769038170823885,0.43542705027854145,0.09397933145210276,0.1676059525325698,0.8829045876183503,VALID,vqav2,Quadratic Platt (Logit-Only),42
0.05111462856285043,5.111462856285042,0.06575559583424921,6.575559583424921,0.02353622693300368,0.1372883173779293,0.03205593262207074,0.169344,0.038855892109137036,0.006099024477422331,0.7557397959183674,0.43718930413492785,0.11943171211567631,0.17697740296700024,1.0,VALID,vqav2,Beta Calibration,42
0.05106026920437626,5.106026920437626,0.08208919842414378,8.208919842414378,0.03851613747629479,0.14200220972157307,0.02734204027842696,0.169344,0.033531821309180455,0.006917130689183758,0.7619992441421013,0.44783198191816065,0.10011700406181298,0.13978907387665002,0.9659595955896713,VALID,vqav2,Spline Calibration,42
0.08537403163067928,8.537403163067928,0.08634480490540763,8.634480490540763,0.08202831658477643,0.144653786826968,0.02469046317303203,0.169344,0.03434132296003604,0.010052963149032932,0.7738095238095238,0.4596993599598674,0.10310136873760582,0.20028734492336922,0.9918534074136296,VALID,vqav2,Adaptive TS (ATS),42
0.0005254010319201141,0.05254010319201141,0.09815614247821361,9.815614247821362,0.008189250931933435,0.1693432424670828,1.007532917235432e-06,0.169344,0.0,2.760462443427208e-07,0.4448459939531368,0.5217963315787358,0.27483193699992525,0.0011561422990779505,-0.08216785151451961,COLLAPSED,vqav2,Probability Margin (1D),42
0.046943072608113326,4.694307260811333,0.05812418403736216,5.812418403736216,0.04761430437264456,0.15655171945746488,0.012792530542535152,0.169344,0.016239061728395066,0.0035872683208795506,0.6594860166288736,0.48860174977388005,0.16823882240156232,0.13376639783197358,0.292033102614357,VALID,vqav2,MSSC (Multi-Scale Proxy),42
0.0003952020406116086,0.03952020406116086,0.06733822750264469,6.733822750264469,0.005051375843790195,0.1692593665059747,8.488349402532847e-05,0.169344,0.0,1.5618465290357952e-07,0.49395313681027964,0.5215465208522387,0.19549781359764054,0.0015272874182125451,-0.32668210672842696,COLLAPSED,vqav2,MSE-EIGEN (Multi-Scale),42
0.057597369103125635,5.759736910312563,0.06764046684256318,6.764046684256318,0.04350655673914676,0.14206510217263577,0.027279147827364264,0.169344,0.03196427471082307,0.005523097341447667,0.7662509448223735,0.45237352142367,0.11170794596353797,0.13620863417532597,0.9869341557366229,VALID,vqav2,Residual Calibrator,42
0.0629584649450707,6.295846494507069,0.0719285323714505,7.19285323714505,0.046428112765937044,0.14173878335735862,0.027605466642641407,0.169344,0.03438140620262443,0.007968668946608965,0.7872260015117158,0.4342144100809179,0.08521112969117281,0.17774885102707208,0.7703638174552698,VALID,vqav2,Trajectory LR,42
0.058702280452298625,5.8702280452298625,0.0624202334698264,6.24202334698264,0.04282306940371597,0.14104904661958034,0.028295203380419687,0.169344,0.03505347510264089,0.007920289219361302,0.7913123582766441,0.4325226282679277,0.08371374042898945,0.17572906111733103,0.7869325237300949,VALID,vqav2,Trajectory LR (No Bias),42
0.06296904289722445,6.296904289722445,0.07192588961124421,7.192588961124422,0.046320689844997466,0.14175678862155838,0.027587461378441647,0.169344,0.03438140620262443,0.007972648893249784,0.7872732426303855,0.43427338572515484,0.0849603242920561,0.17767056227796396,0.7688046752187008,VALID,vqav2,Trajectory Platt (5D),42
0.0485974617525935,4.8597461752593505,0.0469234463647008,4.69234463647008,0.036119775905346596,0.13897718401228992,0.030367065987710107,0.169344,0.03513199054358573,0.005038589099196193,0.7914304610733184,0.4304825597261589,0.08424237261093558,0.19786454391699618,0.6770557642230569,VALID,vqav2,Trajectory Platt (17D),42
0.04894209142483199,4.894209142483199,0.05579558562059026,5.5795585620590264,0.038529304784407394,0.1406983180923026,0.02864593190769743,0.169344,0.03511449644058821,0.006356595149598996,0.777895880574452,0.44391061205178367,0.10295166789742134,0.1359660941415437,0.9768381793527173,VALID,vqav2,VCPS-5D (Our Method),42
0.045557561374294515,4.5557561374294515,0.048223022962592864,4.822302296259286,0.03181265732651848,0.13929643569500427,0.030047814304995757,0.169344,0.033201277879851714,0.0034472262873491972,0.7827144746787604,0.4369436969147631,0.09544229679781105,0.14322305169429672,0.96037353749415,VALID,vqav2,VCPS-17D (Our Method),42
0.08590580482780932,8.590580482780933,0.07757168795168401,7.7571687951684005,0.07032154580474176,0.13044827312585933,0.038895976874140675,0.169344,0.04771714494895099,0.008968993791982809,0.785383597883598,0.5082813852948658,0.11643213765490187,0.24304799515491723,1.0,VALID,vqav2,Naive Confidence (NC),43
0.11302909909053091,11.30290990905309,0.12244839678140172,12.244839678140172,0.10837098127394153,0.1426887760591181,0.026655473940881913,0.169344,0.045334635810390086,0.018888161032831932,0.785383597883598,0.47257834263032045,0.11643213765490187,0.19708614382425463,1.0,VALID,vqav2,Temperature Scaling (TS),43
0.0995001364764923,9.95001364764923,0.1096476253492446,10.96476253492446,0.08655489445891021,0.14114347367790075,0.028200776322099247,0.169344,0.043463328807604416,0.016526486906828796,0.785383597883598,0.45723907311364737,0.12074618199711216,0.12322526343742973,1.0,VALID,vqav2,Platt Scaling (1D),43
0.046459980608764335,4.645998060876433,0.06244586179278739,6.244586179278739,0.0460811710608799,0.12700135867218548,0.04234289132781452,0.169344,0.04837250129696998,0.005907270837777684,0.8117677626606198,0.40896525965550395,0.07940175612265347,0.1673141897286689,0.9003803967398458,VALID,vqav2,Quadratic Platt (Logit-Only),43
0.05310569375106147,5.310569375106147,0.061464100757320915,6.146410075732091,0.042945129408791916,0.1262703952165458,0.04307385478345421,0.169344,0.04875822243508916,0.005949220471099758,0.785383597883598,0.40982157561594124,0.11934689622737227,0.17966385461452686,1.0,VALID,vqav2,Beta Calibration,43
0.055867677281588694,5.586767728158869,0.07605304966398165,7.6053049663981644,0.05746148607020789,0.13213235726131597,0.03721189273868403,0.169344,0.04417227868608356,0.0077136968291917525,0.7880999622071051,0.4219356614724142,0.09799728639999018,0.13496901002176828,0.9649250794820787,VALID,vqav2,Spline Calibration,43
0.0980658248268848,9.80658248268848,0.10265368986516847,10.265368986516847,0.08880111169877114,0.13825805775859862,0.031086192241401384,0.169344,0.04716261095133855,0.015431484293121743,0.8002173091458806,0.45213669613274293,0.10101514568099776,0.20329754487812254,0.9926730345162911,VALID,vqav2,Adaptive TS (ATS),43
0.0006234125434457782,0.06234125434457782,0.10346015255462657,10.346015255462657,0.01016025167220724,0.1694047202010254,-6.0470201025397685e-05,0.169344,0.0,3.886431993255343e-07,0.59604119425548,0.5219809096799777,0.2093319522530398,0.0018341407661221613,0.1619208436244103,COLLAPSED,vqav2,Probability Margin (1D),43
0.041907932881151355,4.1907932881151355,0.05756391914459128,5.756391914459128,0.04733569613974424,0.14124849365105235,0.028095756348947648,0.169344,0.034529323580855475,0.00643381723190784,0.7470710506424791,0.4449798470802854,0.10861351103569561,0.12001736681973653,0.3926617924698008,VALID,vqav2,MSSC (Multi-Scale Proxy),43
0.00039538632590596645,0.039538632590596645,0.059924558780998456,5.992455878099846,0.005463285843626574,0.16927139861702062,7.28513829793831e-05,0.169344,0.0,1.5633034671341912e-07,0.4863000755857899,0.5215824650067977,0.20195901280173995,0.001624771357476524,-0.3514431102070756,COLLAPSED,vqav2,MSE-EIGEN (Multi-Scale),43
0.09228125201807516,9.228125201807517,0.09752403469684297,9.752403469684296,0.07648813703011603,0.1356326967054816,0.033711553294518415,0.169344,0.05085273935243678,0.015918826100919794,0.7963671579743009,0.4410342646015881,0.1118104259505287,0.1378198458718282,0.9903320650962302,VALID,vqav2,Residual Calibrator,43
0.038261808785676775,3.8261808785676776,0.04856680275890102,4.856680275890102,0.034385703972235344,0.12754825322545385,0.04179599677454615,0.169344,0.047442262189566535,0.00563955326590421,0.8237433862433862,0.40328829925540916,0.07679753526193413,0.17371964726852315,0.8324695098573078,VALID,vqav2,Trajectory LR,43
0.038995233880741054,3.8995233880741056,0.050924390385600246,5.092439038560024,0.036170353328483514,0.12785460976319427,0.041489640236805736,0.169344,0.04567908290736221,0.0034034893245146283,0.8237197656840514,0.4041448325851637,0.07710478377211229,0.17205558170629198,0.8367999432829719,VALID,vqav2,Trajectory LR (No Bias),43
0.039922668993473034,3.9922668993473036,0.04860061472654344,4.860061472654344,0.03441576130241152,0.12755573147132845,0.04178851852867155,0.169344,0.047555213984118716,0.0059412324084810696,0.8237433862433863,0.40327149621888897,0.0766198539813888,0.17360441131521964,0.8317281948742563,VALID,vqav2,Trajectory Platt (5D),43
0.044393223792314515,4.439322379231451,0.053227781265974064,5.322778126597407,0.03197021930575012,0.12149781821242106,0.04784643178757894,0.169344,0.052317126325811356,0.004564534889894296,0.8372543461829177,0.3876355114538196,0.06840387371059391,0.19409274898068005,0.7627800934270961,VALID,vqav2,Trajectory Platt (17D),43
0.09314922592432964,9.314922592432964,0.08712084166304322,8.712084166304322,0.07186047044767835,0.13472753372666646,0.03461671627333354,0.169344,0.05026905397666999,0.015232484603636867,0.8065476190476191,0.4339600584444121,0.10370500207573621,0.13888193760334597,0.9824700174593505,VALID,vqav2,VCPS-5D (Our Method),43
0.06860139462361779,6.860139462361779,0.08259310048185736,8.259310048185736,0.06142314941321797,0.13339036548325067,0.03595388451674933,0.169344,0.045409591606157644,0.00950883156201532,0.8046343537414966,0.42810125249936243,0.0976782988559018,0.1463286800866237,0.9670202912896523,VALID,vqav2,VCPS-17D (Our Method),43
0.1005277153849602,10.052771538496021,0.093985946059227,9.3985946059227,0.08544962471443664,0.1399496317148665,0.02939461828513351,0.169344,0.04248861657696539,0.013863358731913822,0.7716128117913833,0.5229341157390833,0.11272172468926794,0.24149711981470323,1.0,VALID,vqav2,Naive Confidence (NC),44
0.13006037764158923,13.006037764158924,0.12893572239128118,12.893572239128117,0.11265900902120836,0.1510962502054356,0.0182479997945644,0.169344,0.04345637933252951,0.024315238447218824,0.7716128117913833,0.48921033519867513,0.11272172468926794,0.1958929632847748,1.0,VALID,vqav2,Temperature Scaling (TS),44
0.10642596988239976,10.642596988239976,0.10358479593690328,10.358479593690328,0.08311724472909289,0.14490705527444603,0.024437194725553973,0.169344,0.03728884235082345,0.013395071188950053,0.7716128117913833,0.46570450993004736,0.11336167221923087,0.12565148819136243,1.0,VALID,vqav2,Platt Scaling (1D),44
0.05752398931991587,5.752398931991587,0.07402545640231628,7.402545640231628,0.04809728613235086,0.13432894802928244,0.03501530197071756,0.169344,0.04112398360970895,0.006433994985506312,0.7869425547996978,0.4287081833391912,0.08570497133131591,0.17006876662547477,0.890362276186494,VALID,vqav2,Quadratic Platt (Logit-Only),44
0.05108168786454032,5.108168786454033,0.06263962893413191,6.263962893413192,0.043679343442499026,0.13238544400576188,0.03695880599423812,0.169344,0.04590817602789315,0.008825521571766089,0.7716128117913833,0.42710203047442385,0.12052188684180123,0.18419290588135737,1.0,VALID,vqav2,Beta Calibration,44
0.058336780844724455,5.833678084472446,0.08424105701003046,8.424105701003045,0.059934661781269744,0.13815829872870075,0.03118595127129925,0.169344,0.037647338605631575,0.007136319883015717,0.7724513416477701,0.4394823568373592,0.1111860594044587,0.1401233990189343,0.9730590489914571,VALID,vqav2,Spline Calibration,44
0.11593491263733251,11.59349126373325,0.11274586964536033,11.274586964536033,0.09757651816234526,0.1472938153022165,0.022050434697783505,0.169344,0.04367123818811059,0.021901896074021248,0.7839191232048375,0.47140167695946456,0.102029609655175,0.20269180935465586,0.9948208991592985,VALID,vqav2,Adaptive TS (ATS),44
0.00047861352378186783,0.04786135237818678,0.1256585020189632,12.56585020189632,0.008459494599401712,0.16935001476807246,-5.764768072458182e-06,0.169344,0.0,2.2907090514689656e-07,0.6442035147392291,0.5218162987110594,0.17908371202569054,0.00044609600290674504,0.14129687768088103,COLLAPSED,vqav2,Probability Margin (1D),44
0.03231275993787683,3.231275993787683,0.04223880523674807,4.223880523674807,0.03970525865894755,0.15626012507914266,0.013084124920857337,0.169344,0.014403230210162928,0.001374509107798536,0.6638794406651549,0.4865863179411843,0.15075612259957674,0.13469137588282393,0.40934016760015757,VALID,vqav2,MSSC (Multi-Scale Proxy),44
0.00037419644559888443,0.03741964455988844,0.07094476274185538,7.094476274185538,0.004133681075542838,0.16924012223372115,0.00010412776627885534,0.169344,0.0,1.4002297989883887e-07,0.530328798185941,0.5214904829923032,0.17635313025206842,0.001159467266440766,-0.34643765006510396,COLLAPSED,vqav2,MSE-EIGEN (Multi-Scale),44
0.08568236472925661,8.568236472925662,0.09157136986904357,9.157136986904357,0.06493251440317148,0.14179520663619608,0.027549043363803927,0.169344,0.0373523990698857,0.010099425642959771,0.7723450491307634,0.45512609649660213,0.1089762687780601,0.1423438997601961,0.9871692843692004,VALID,vqav2,Residual Calibrator,44
0.06552969148388484,6.552969148388484,0.061980614657752876,6.198061465775288,0.04113346900436336,0.14306325245363746,0.02628099754636254,0.169344,0.03647075794154304,0.011134555512132329,0.7816751700680272,0.4401945187890833,0.08968749891205806,0.18861486716544762,0.8277059706888262,VALID,vqav2,Trajectory LR,44
0.060263482264898485,6.026348226489849,0.06069305300733777,6.069305300733777,0.0401241537737801,0.14235872041813383,0.026985529581866174,0.169344,0.03590452599457302,0.009551502704610292,0.7831632653061223,0.43844234430005735,0.08843727735112399,0.18402694132253733,0.8393441455208417,VALID,vqav2,Trajectory LR (No Bias),44
0.06556559965014458,6.556559965014458,0.062008386045694364,6.200838604569436,0.041070957183906236,0.1430693061414564,0.026274943858543592,0.169344,0.03648530652325304,0.011139488234839541,0.7816515495086924,0.4402029336369079,0.0895367114257325,0.18849640071572957,0.8267866229893711,VALID,vqav2,Trajectory Platt (5D),44
0.05347668699920178,5.347668699920178,0.051996790245175346,5.199679024517534,0.029142941175224257,0.1335666924452993,0.03577755755470069,0.169344,0.041048446515567064,0.00588507901087088,0.8082955404383977,0.4171782381985507,0.08050955891784826,0.20759584487331204,0.795650913699277,VALID,vqav2,Trajectory Platt (17D),44
0.08472868490178553,8.472868490178554,0.09077581224780361,9.07758122478036,0.05997562737718794,0.14086818737693182,0.028476062623068177,0.169344,0.037246124505738776,0.009922522331341407,0.7791713907785337,0.4485545429516863,0.10403839136202066,0.14331865896208823,0.9813768130602959,VALID,vqav2,VCPS-5D (Our Method),44
0.0621446682193431,6.21446682193431,0.06508910747276696,6.508910747276696,0.05472564771499165,0.13764114275810205,0.031703107241897954,0.169344,0.036647286683796264,0.0057610163048911825,0.7910997732426304,0.4377351867290698,0.0962702668215346,0.1501172066227196,0.9764100890741986,VALID,vqav2,VCPS-17D (Our Method),44
0.09519616572558881,9.519616572558881,0.09409924311935902,9.409924311935903,0.08054822239188075,0.14143588697972134,0.02790836302027866,0.169344,0.03776936261264988,0.010828173833222429,0.7444255479969766,0.5438469129110075,0.12404721233624451,0.24263860531935907,1.0,VALID,vqav2,Naive Confidence (NC),45
0.11822615827519636,11.822615827519636,0.12185071653539979,12.185071653539978,0.11320613200559483,0.15073900830808493,0.018605241691915075,0.169344,0.038243203247732664,0.019653168847525136,0.7444255479969766,0.49129894386557593,0.12404721233624451,0.19731683807399356,1.0,VALID,vqav2,Temperature Scaling (TS),45
0.08359581149744438,8.359581149744438,0.09761784300244829,9.761784300244829,0.07864517407458833,0.14581059711723945,0.023533652882760547,0.169344,0.0366710316648314,0.013686738624269126,0.7444255479969766,0.47026150061895083,0.1258069764790585,0.12655082866112774,1.0,VALID,vqav2,Platt Scaling (1D),45
0.0492852893966371,4.92852893966371,0.058270893709927385,5.827089370992739,0.04572223408823564,0.1352668179368497,0.03407743206315031,0.169344,0.03732983841869901,0.003714614483679512,0.7512755102040817,0.4377608194039088,0.11616632689700708,0.17637109114969934,0.9020967876877966,VALID,vqav2,Quadratic Platt (Logit-Only),45
0.02978020410143755,2.978020410143755,0.048176300330853815,4.817630033085382,0.030527368170890037,0.13307275961699624,0.03627149038300376,0.169344,0.03905297318432184,0.002013394049839541,0.7444255479969766,0.4287347097891343,0.11840457959388234,0.18885746437703319,1.0,VALID,vqav2,Beta Calibration,45
0.0403617698545231,4.036176985452309,0.06331744775788561,6.331744775788561,0.04431618214582823,0.13797376532545433,0.03137048467454567,0.169344,0.03825075913234054,0.006928706931429684,0.7458900226757369,0.4391080567591093,0.1246440467975682,0.14311210892029622,0.9954907993426252,VALID,vqav2,Spline Calibration,45
0.09744903389972266,9.744903389972267,0.10281884526225091,10.28188452622509,0.09393281241299292,0.14638555854670401,0.022958691453295987,0.169344,0.038018022235074875,0.015097778064664405,0.7662037037037037,0.46615860803577047,0.10361634371852278,0.2011943522270725,0.9918572712336597,VALID,vqav2,Adaptive TS (ATS),45
0.0007183888881098222,0.07183888881098222,0.11238744336885557,11.238744336885558,0.015183696801496399,0.16962984042252488,-0.00028559042252487843,0.169344,0.0,5.160825945596665e-07,0.3619378306878307,0.5226087671203281,0.3284468833788837,0.006655167268628137,-0.10839554989799645,COLLAPSED,vqav2,Probability Margin (1D),45
0.030693746203786152,3.0693746203786154,0.0703830822066046,7.0383082206604595,0.03925877161770372,0.14387015828271116,0.025474091717288844,0.169344,0.02859267724867725,0.003118835531388381,0.7357331821617537,0.4516022710674605,0.11167102443567228,0.12729431291590312,0.3025855662026798,VALID,vqav2,MSSC (Multi-Scale Proxy),45
0.00037404966412946106,0.037404966412946106,0.05337110432569979,5.337110432569979,0.008455874524588727,0.1693461142886462,-1.8642886462083563e-06,0.169344,0.0,1.3991315123536262e-07,0.4697184429327287,0.5218037446073923,0.2222744650408702,0.0020123769546097955,-0.41209615427492485,COLLAPSED,vqav2,MSE-EIGEN (Multi-Scale),45
0.07509408681661142,7.509408681661142,0.08634349224115105,8.634349224115105,0.06881517526298155,0.14152405456246867,0.027820195437531337,0.169344,0.03729182404984362,0.009945987027171544,0.7579837490551776,0.4549373031668513,0.11411340760509463,0.139871740498131,0.990253488780039,VALID,vqav2,Residual Calibrator,45
0.05874178023369017,5.8741780233690175,0.05239524588405803,5.239524588405803,0.028938247864288356,0.13845116773836663,0.03089308226163337,0.169344,0.03676365512992374,0.006532090671800137,0.7947373393801964,0.4257121405547336,0.08059978949598393,0.1748299615619597,0.7798371540647081,VALID,vqav2,Trajectory LR,45
0.05518294880852965,5.518294880852965,0.05489926654607515,5.489926654607515,0.030163719973288195,0.13873996283781992,0.030604287162180083,0.169344,0.035424348913538566,0.005323821549135668,0.794052343159486,0.42642756698976847,0.08087463315565514,0.17420180244450162,0.7819541545835182,VALID,vqav2,Trajectory LR (No Bias),45
0.058810561090707786,5.881056109070778,0.05242008492350579,5.242008492350579,0.02906816265189773,0.1384560035752191,0.030888246424780913,0.169344,0.036804669622677366,0.006700155092419382,0.794808201058201,0.42572032749126365,0.08053940882351358,0.17466867212457377,0.779009246733209,VALID,vqav2,Trajectory Platt (5D),45
0.06320088635385038,6.320088635385038,0.06524685885012149,6.524685885012149,0.03743929309436076,0.13169968402079577,0.037644565979204236,0.169344,0.0435651314158913,0.005751300403092194,0.8075042517006803,0.4174877386647141,0.08474670893373672,0.20410562065370833,0.7038497931839628,VALID,vqav2,Trajectory Platt (17D),45
0.06270121209923454,6.270121209923454,0.07749713129383423,7.749713129383423,0.05823226261998275,0.1403317279799155,0.029012522020084502,0.169344,0.0390726327325543,0.010300457770479188,0.7743527966742252,0.4452507486449078,0.10218892254596901,0.13818255655798817,0.980163752178939,VALID,vqav2,VCPS-5D (Our Method),45
0.06223105089874681,6.2231050898746805,0.0711554695843136,7.115546958431359,0.05912873512430691,0.1381652130944995,0.0311790369055005,0.169344,0.03857952482759511,0.008635667782279064,0.7763369236583522,0.4392515934847999,0.09769492925494111,0.14703800259026886,0.9620610553336869,VALID,vqav2,VCPS-17D (Our Method),45
0.09460899850726127,9.460899850726127,0.0839520291388035,8.395202913880349,0.07491288826933626,0.14758161018110225,0.021762639818897755,0.169344,0.03722298001209365,0.014470743844205759,0.7275604686318973,0.5731070610775812,0.1359404100561834,0.23281266040928325,1.0,VALID,vqav2,Naive Confidence (NC),46
0.12275691830723626,12.275691830723625,0.12091558069285635,12.091558069285636,0.10919482268541873,0.15542369681794618,0.013920553182053819,0.169344,0.0340709320060445,0.019577435261033612,0.7275604686318973,0.5106730517899105,0.1359404100561834,0.19370291805978,1.0,VALID,vqav2,Temperature Scaling (TS),46
0.07581422409135186,7.581422409135186,0.08461449048867899,8.461449048867898,0.06898707802078154,0.1492167301922673,0.020127519807732697,0.169344,0.02954680728854073,0.010422231087844932,0.7275604686318973,0.48460195360094016,0.13633380391947675,0.12737836554542833,1.0,VALID,vqav2,Platt Scaling (1D),46
0.05064586350842776,5.0645863508427755,0.05679001919716663,5.679001919716662,0.03981647129771879,0.1407993932034346,0.028544856796565404,0.169344,0.03520836949567908,0.005511859244437863,0.746055366591081,0.4481677753054231,0.10240738649224033,0.16713366448673103,0.8709943897852899,VALID,vqav2,Quadratic Platt (Logit-Only),46
0.048926335490453464,4.892633549045346,0.05003344276555427,5.003344276555427,0.03144127627544774,0.1398873144634677,0.029456935536532308,0.169344,0.03809632256451769,0.00819638822073927,0.7275604686318973,0.44706035569788444,0.13571630509198757,0.1774201733090069,1.0,VALID,vqav2,Beta Calibration,46
0.041515030970451824,4.1515030970451825,0.06929485771269567,6.929485771269567,0.04469875656668181,0.14360270568346153,0.025741544316538467,0.169344,0.030774876504810242,0.006432598876036954,0.73552059712774,0.45299684328778966,0.11888231792411035,0.13782836449885022,0.970818652063755,VALID,vqav2,Spline Calibration,46
0.0951752907346277,9.51752907346277,0.10230738523261873,10.230738523261873,0.09077876701430596,0.15107215032925164,0.01827209967074836,0.169344,0.03143384073041811,0.01342536756907683,0.7468820861678005,0.4856368752537485,0.11786026303945316,0.19819379383427876,0.993926607560669,VALID,vqav2,Adaptive TS (ATS),46
0.0005416732625856957,0.05416732625856957,0.11202792400348974,11.202792400348974,0.01148924966872625,0.16947986660264253,-0.0001356166026425243,0.169344,0.0,2.9340992340023203e-07,0.36283541194255475,0.5221844530223004,0.3171696845897616,0.004706686765833967,-0.06684701301384771,COLLAPSED,vqav2,Probability Margin (1D),46
0.021707645416402733,2.170764541640273,0.06477542529660778,6.477542529660778,0.03477286854746003,0.14712185055460664,0.022222399445393365,0.169344,0.0238065655446782,0.0017369079090769678,0.7124078798185941,0.46137145336790747,0.12559010164891904,0.12977681961372484,0.35587629323192627,VALID,vqav2,MSSC (Multi-Scale Proxy),46
0.000504429295254738,0.0504429295254738,0.03788657109622667,3.788657109622667,0.0066911161147411155,0.1692984795439017,4.577045609829855e-05,0.169344,0.0,2.5444891391119165e-07,0.4978977702191988,0.5216621344718427,0.20521370056757757,0.001557180802495533,-0.3921476580021759,COLLAPSED,vqav2,MSE-EIGEN (Multi-Scale),46
0.07343686380121495,7.343686380121495,0.08722806967653368,8.722806967653367,0.06056903329397534,0.14526251976550106,0.024081730234498944,0.169344,0.03312673560200549,0.008318969820325779,0.7399140211640212,0.4704476362784502,0.1276734842563659,0.14102155416646997,0.9909196834608065,VALID,vqav2,Residual Calibrator,46
0.04533743042974127,4.533743042974127,0.04836856124905205,4.8368561249052044,0.02310355802661736,0.1371422213605276,0.03220202863947241,0.169344,0.037678993335336586,0.0049159463724292324,0.7934145880574452,0.4262985362257176,0.08684435711542457,0.17815002939542507,0.8349842399765818,VALID,vqav2,Trajectory LR,46
0.035085847559673325,3.5085847559673327,0.04002869798762761,4.00286979876276,0.024820527902617198,0.13701939932879498,0.032324850671205024,0.169344,0.03602195613869396,0.002492018373033542,0.7918792517006803,0.4264508122937948,0.08765542816015766,0.1741614899640432,0.8407806473013248,VALID,vqav2,Trajectory LR (No Bias),46
0.04486814254522325,4.486814254522325,0.04840646654367447,4.840646654367447,0.02309135738951764,0.13712732101432737,0.03221692898567263,0.169344,0.037541379243496265,0.004989232421598645,0.7935799319727892,0.42622686214584893,0.08670152993514929,0.1780200058471494,0.8340193400938247,VALID,vqav2,Trajectory Platt (5D),46
0.04612833462655547,4.612833462655547,0.0544904703348875,5.44904703348875,0.023949701228136687,0.1290598818574235,0.04028436814257649,0.169344,0.04369543264143264,0.003536946154150809,0.8145549886621316,0.40664663470507084,0.07587782477107087,0.1939382680822871,0.7618181695563145,VALID,vqav2,Trajectory Platt (17D),46
0.05995293730306113,5.995293730306113,0.07862681083407477,7.862681083407478,0.053134455732318446,0.14394152937767069,0.025402720622329317,0.169344,0.032991855982143055,0.007358746873166834,0.7518424036281178,0.4598689404295714,0.1163083035707755,0.14038239237713918,0.9833601810413686,VALID,vqav2,VCPS-5D (Our Method),46
0.05387269868839936,5.387269868839936,0.08466723960602762,8.466723960602762,0.04625102672676211,0.14232415069498505,0.02702009930501495,0.169344,0.03264064946981123,0.005612724289416681,0.7582908163265306,0.4525950635793231,0.11047509188586067,0.14522520772143377,0.9742053442023054,VALID,vqav2,VCPS-17D (Our Method),46
0.11162399688363073,11.162399688363072,0.10706848880648615,10.706848880648614,0.08631140677810745,0.14494841720272394,0.024395832797276085,0.169344,0.039264824143216644,0.01543379220663275,0.7335837112622826,0.5365560437608223,0.12163802251327209,0.23559399569415587,1.0,VALID,vqav2,Naive Confidence (NC),47
0.12888295941641287,12.888295941641287,0.13769338599861838,13.769338599861838,0.1200302142266574,0.15405355167737583,0.015290698322624197,0.169344,0.037461463562921286,0.02232241270398391,0.7335837112622826,0.4920661493728808,0.12163802251327209,0.19311513669141933,1.0,VALID,vqav2,Temperature Scaling (TS),47
0.0864456450818941,8.64456450818941,0.09839554238923098,9.839554238923098,0.07544615439615973,0.14754402243864478,0.021800227561355245,0.169344,0.03774946234522861,0.016592799129239607,0.7335837112622826,0.470724638896708,0.12434996086221252,0.12365534206373323,1.0,VALID,vqav2,Platt Scaling (1D),47
0.052982354823037404,5.29823548230374,0.07224612964303828,7.224612964303828,0.056487666764681345,0.13811508894453436,0.031229161055465665,0.169344,0.03705132206861239,0.006209360493381697,0.7317413076341648,0.44669032141377374,0.11970312837074004,0.1712337159458811,0.913243396973588,VALID,vqav2,Quadratic Platt (Logit-Only),47
0.02820582821867105,2.820582821867105,0.06183865131717231,6.183865131717231,0.03656778469063136,0.13470247728255458,0.03464177271744545,0.169344,0.0385215849600153,0.0032934538667156498,0.7335837112622826,0.4344677746815785,0.12092009493680496,0.17866041654688153,1.0,VALID,vqav2,Beta Calibration,47
0.05798383786551066,5.798383786551066,0.07602481706339163,7.602481706339163,0.051466836241142774,0.14190032522481216,0.027443924775187867,0.169344,0.038649245959561145,0.01087510356798026,0.728198223733938,0.4493405129486749,0.12976450742460444,0.1401888298134183,0.9734925078040666,VALID,vqav2,Spline Calibration,47
0.10579671115662787,10.579671115662787,0.11293882899770573,11.293882899770573,0.09942746838416959,0.1491151576585296,0.02022909234147044,0.169344,0.04002593381821733,0.019723249326359063,0.759141156462585,0.46829302361224,0.10192472763537998,0.19673204099458225,0.9908550994203976,VALID,vqav2,Adaptive TS (ATS),47
0.004369229326312019,0.43692293263120185,0.0850439202803739,8.50439202803739,0.0111965337354296,0.16943868924475308,-9.443924475305288e-05,0.169344,7.939518900343654e-05,0.00013950289466825415,0.5312736205593349,0.5220833710965664,0.22467696585244598,0.0030500316384944387,0.13835203579373404,COLLAPSED,vqav2,Probability Margin (1D),47
0.03601524415486061,3.601524415486061,0.0783507891818469,7.83507891818469,0.0418867245080032,0.14492835674992247,0.024415893250077564,0.169344,0.02798111843711845,0.0035654751870409064,0.7260133219954649,0.45574193398193275,0.13009005514459615,0.12943271872202144,0.3297705111634003,VALID,vqav2,MSSC (Multi-Scale Proxy),47
0.0004656744393181089,0.04656744393181089,0.05677892889560734,5.6778928895607335,0.006729412336802309,0.16930071791257406,4.353208742596815e-05,0.169344,0.0,2.168526834342351e-07,0.4777730536659108,0.5216689562459367,0.21098960450580354,0.0016408784153280314,-0.45886282745130974,COLLAPSED,vqav2,MSE-EIGEN (Multi-Scale),47
0.05653268692968924,5.653268692968924,0.07185243156830294,7.185243156830294,0.057378097795669804,0.1431950222869215,0.026149227713078538,0.169344,0.033895604152603245,0.00821726616059193,0.7542517006802721,0.45566890280660666,0.11045055460175744,0.13812000764583537,0.988006768027072,VALID,vqav2,Residual Calibrator,47
0.03379502062838449,3.379502062838449,0.04303351068054929,4.303351068054929,0.02784255863165539,0.13634007829192346,0.03300417170807657,0.169344,0.03369053578963806,0.0021673015248936615,0.8024612622826908,0.42203954409131106,0.08009599372004116,0.17766095819704628,0.7896550946203784,VALID,vqav2,Trajectory LR,47
0.04897441154395411,4.897441154395412,0.039240960443633024,3.9240960443633024,0.028919903352039655,0.13642558987963657,0.03291866012036346,0.169344,0.03680990759226613,0.003708105982010237,0.8040438397581254,0.42248347117115304,0.07970572172812981,0.17572347991964335,0.7964586418345673,VALID,vqav2,Trajectory LR (No Bias),47
0.03386198139190674,3.3861981391906744,0.04309012711048126,4.309012711048126,0.027895034664027974,0.1363340102449622,0.033010239755037835,0.169344,0.03369053578963806,0.002171580092655529,0.8024848828420257,0.4220260729880936,0.08011380476398197,0.17751646799980159,0.7886435385741541,VALID,vqav2,Trajectory Platt (5D),47
0.05447158734500407,5.447158734500407,0.05603387840092183,5.603387840092183,0.0489470655900145,0.13180124025313938,0.037543009746860645,0.169344,0.04296868865502147,0.006141870552826147,0.8080120937263795,0.41339408661272853,0.08074708536438496,0.19773363927290943,0.697250213000852,VALID,vqav2,Trajectory Platt (17D),47
0.052291957008277205,5.22919570082772,0.06835536250111182,6.835536250111182,0.04902367318479427,0.14173550085309186,0.027608749146908168,0.169344,0.035299770962445035,0.008024295351608195,0.7698885109599395,0.446588589671952,0.1008354473402768,0.13682325808291446,0.9766595226380906,VALID,vqav2,VCPS-5D (Our Method),47
0.040926117097991266,4.092611709799127,0.055188983470754356,5.518898347075436,0.04044314343697851,0.14135703537926583,0.027987214620734197,0.169344,0.03083024396445442,0.0047674860498349335,0.7681642101284958,0.44320407792286576,0.09635467133200615,0.1457336295423693,0.9620323281293125,VALID,vqav2,VCPS-17D (Our Method),47
0.08435257489979268,8.435257489979268,0.08597846986353395,8.597846986353396,0.0810921540503061,0.13629953030981812,0.03304471969018191,0.169344,0.04454646846866109,0.011075707505244763,0.7691326530612246,0.4963553919569274,0.10757607572125527,0.24785262824363669,1.0,VALID,vqav2,Naive Confidence (NC),48
0.13149017041004427,13.149017041004427,0.12317402159332645,12.317402159332644,0.11794706580762475,0.1470955040403998,0.02224874595960022,0.169344,0.04419411066874861,0.02191776789781557,0.7691326530612246,0.4724146075154781,0.10757607572125527,0.19510497340199348,1.0,VALID,vqav2,Temperature Scaling (TS),48
0.09961718899264,9.961718899264,0.10126025446850989,10.126025446850988,0.08456739556807379,0.14244827814978708,0.026895971850212946,0.169344,0.041369576143433284,0.014823629678003792,0.7691326530612246,0.45524306040900764,0.11049118007837272,0.122529724452331,1.0,VALID,vqav2,Platt Scaling (1D),48
0.05446636219378389,5.446636219378389,0.06593977258139234,6.593977258139234,0.05312138650035547,0.13079505769794164,0.03854919230205839,0.169344,0.043900771510642374,0.004837232861529076,0.7706916099773242,0.4244944914939524,0.09656638327999176,0.18274220111125486,0.8978943755775024,VALID,vqav2,Quadratic Platt (Logit-Only),48
0.029755116780936175,2.9755116780936177,0.04008431341185934,4.0084313411859345,0.03783422037059834,0.12740057609439018,0.04194367390560985,0.169344,0.044196630793538555,0.002739613867009997,0.7691326530612246,0.4160370870189265,0.11432848916538935,0.20122133164529457,1.0,VALID,vqav2,Beta Calibration,48
0.05609376663941564,5.609376663941564,0.06743895802922154,6.743895802922154,0.058908333569262644,0.13712475280558223,0.0322194971944178,0.169344,0.04085259087149409,0.009451491256318334,0.7685421390778534,0.43754426316186246,0.09860771844849077,0.14042608389909292,0.9779504208026613,VALID,vqav2,Spline Calibration,48
0.10784779051960602,10.784779051960601,0.10886456503068577,10.886456503068578,0.10044400373729653,0.1433201322361672,0.026024117763832816,0.169344,0.04476197909147367,0.01813548119971681,0.7866354875283448,0.45232505441686693,0.09146400677440066,0.20010679110226992,0.9915449581798326,VALID,vqav2,Adaptive TS (ATS),48
0.00045976870366026823,0.04597687036602682,0.12347217054907779,12.347217054907778,0.008688392244635487,0.169355640113357,-1.1390113356962717e-05,0.169344,0.0,2.1138726086544355e-07,0.3507180650037793,0.5218330439919442,0.3472329056170747,0.0016611478429474336,-0.1057073698703622,COLLAPSED,vqav2,Probability Margin (1D),48
0.04587531558490957,4.587531558490957,0.05680199748257003,5.680199748257003,0.052873075634649234,0.15007355570029143,0.019270694299708596,0.169344,0.025793139137737953,0.006042279273005998,0.6940310846560847,0.47127266382046595,0.12538341601001082,0.1330656833308565,0.35145338139740706,VALID,vqav2,MSSC (Multi-Scale Proxy),48
0.0004279260550655861,0.04279260550655861,0.06638743676395686,6.638743676395686,0.005516941256897129,0.16927037027954553,7.387972045450053e-05,0.169344,0.0,1.8312070860399504e-07,0.5029289493575209,0.5215791932309537,0.19796449314592884,0.0015885229215758848,-0.3304332257329029,COLLAPSED,vqav2,MSE-EIGEN (Multi-Scale),48
0.08675548124804544,8.675548124804545,0.08425389947658724,8.425389947658724,0.07446198733747883,0.1378221933689855,0.03152205663101454,0.169344,0.043704965089584914,0.01197391641237106,0.7794548374905518,0.44095204916852837,0.10165626930878179,0.13910280583039322,0.9888287233148932,VALID,vqav2,Residual Calibrator,48
0.06124236103320034,6.124236103320034,0.06600028139985016,6.6000281399850165,0.027965212029216733,0.13531819409227677,0.03402605590772326,0.169344,0.04056273132106239,0.00672139025683604,0.7945011337868482,0.42420868478577456,0.08471437784194272,0.18496966859664252,0.7848627554510217,VALID,vqav2,Trajectory LR,48
0.039298862490710774,3.9298862490710773,0.050459688324102525,5.045968832410253,0.02318885552510379,0.1347280266561907,0.034616223343809316,0.169344,0.036875345516719636,0.002256606827369992,0.7975954270597129,0.4224060884487786,0.08352003404156493,0.1820291187078113,0.7978697514790059,VALID,vqav2,Trajectory LR (No Bias),48
0.06019783836603167,6.019783836603167,0.0660226692557335,6.60226692557335,0.027955014555340732,0.13533448118958918,0.034009768810410845,0.169344,0.04038269117001566,0.0063613897077824276,0.7944302721088434,0.42426061891680683,0.0847425902515103,0.1848621763180689,0.7839080316321264,VALID,vqav2,Trajectory Platt (5D),48
0.04431235228478908,4.431235228478908,0.046049459233880055,4.604945923388006,0.025322125787369587,0.12819319069513,0.041151059304870036,0.169344,0.04556041339119972,0.004573516388135671,0.80182350718065,0.4157454968793611,0.08941457928250061,0.20383578008310171,0.7043285133140532,VALID,vqav2,Trajectory Platt (17D),48
0.07472999993373407,7.472999993373406,0.0719741583191297,7.197415831912971,0.06837123538333191,0.13716061633478183,0.0321836336652182,0.169344,0.04556859955062693,0.01314366797013142,0.7905801209372637,0.4345165359475875,0.09246308002489101,0.1384225031075208,0.9793348613394454,VALID,vqav2,VCPS-5D (Our Method),48
0.06753209750853326,6.753209750853325,0.08392435765679818,8.392435765679817,0.0680291514600184,0.1343973094259437,0.03494694057405634,0.169344,0.045860095276451525,0.011192760291027467,0.7968868102796675,0.42750684968692576,0.08841808082546594,0.1472012225017826,0.9641607526430105,VALID,vqav2,VCPS-17D (Our Method),48
0.09145832641422748,9.145832641422748,0.08945207019150257,8.945207019150256,0.07748620604322336,0.14484342147443657,0.024500828525563456,0.169344,0.03384816502854474,0.009893284721152433,0.7271943499622071,0.590744460966331,0.14883779687673224,0.24159118010974354,1.0,VALID,vqav2,Naive Confidence (NC),49
0.11042211347802616,11.042211347802617,0.11110198162786886,11.110198162786885,0.10389207882711853,0.15263005513532374,0.01671419486467629,0.169344,0.03436546728131046,0.016422664027461464,0.7271943499622071,0.5148632677874514,0.14883779687673224,0.19908014770696172,1.0,VALID,vqav2,Temperature Scaling (TS),49
0.09671008913117121,9.671008913117122,0.09425488010564397,9.425488010564397,0.07809196359649156,0.1477462456844393,0.02159800431556072,0.169344,0.03406923915944413,0.012166508476977445,0.7271943499622071,0.4880070803297057,0.14861466864651315,0.1314458081087811,1.0,VALID,vqav2,Platt Scaling (1D),49
0.04024932374714002,4.024932374714002,0.05028010277224752,5.028010277224753,0.035034824740632714,0.13752853457644812,0.03181571542355191,0.169344,0.036314622945595974,0.004677578347157967,0.75953089569161,0.43938318921357744,0.11041794301490923,0.17789250323951086,0.9002611642571928,VALID,vqav2,Quadratic Platt (Logit-Only),49
0.033779825098934416,3.3779825098934415,0.06262946015427172,6.262946015427172,0.03811174758340063,0.13849796332222758,0.03084628667777245,0.169344,0.033367319789556135,0.0033701516610274485,0.7271943499622071,0.4445555096223933,0.15839541452466854,0.19647924474389095,1.0,VALID,vqav2,Beta Calibration,49
0.0317440265066646,3.17440265066646,0.059274950456137655,5.927495045613766,0.042550936995393696,0.1399973173866179,0.029346932613382143,0.169344,0.032782294000450476,0.004279684989614334,0.7333593159486016,0.44482238375158173,0.14032039942276325,0.138600676858266,0.9963429943784518,VALID,vqav2,Spline Calibration,49
0.09788895117709082,9.788895117709082,0.10474668071014792,10.474668071014792,0.09197213492066925,0.1486498154907141,0.02069443450928593,0.169344,0.03468959821382668,0.013527262482831735,0.744212962962963,0.4961632761342421,0.13204101655692688,0.20343752544432547,0.990736994725667,VALID,vqav2,Adaptive TS (ATS),49
0.0156597953313551,1.56597953313551,0.09357900581556208,9.357900581556208,0.017429121060408878,0.1699457189965151,-0.0006014689965150588,0.169344,0.0016093609224451116,0.002171448363230652,0.5685586734693877,0.5237398944405091,0.21937803124440752,0.006840490338547025,0.10480578761673515,COLLAPSED,vqav2,Probability Margin (1D),49
0.016124147483177278,1.6124147483177278,0.051110198986848786,5.111019898684878,0.033203094012585956,0.14774267038777952,0.021601579612220506,0.169344,0.02343818982316853,0.0018368602109480577,0.7079081632653061,0.4629998545811945,0.12401318172297508,0.1274457321480478,0.33995508617965164,VALID,vqav2,MSSC (Multi-Scale Proxy),49
0.0005495854288584123,0.05495854288584123,0.05024328961557066,5.024328961557066,0.008649072877160501,0.16935655406634134,-1.2304066341312092e-05,0.169344,0.0,3.02044143613485e-07,0.4911895313681027,0.5218360140693629,0.21885149530392897,0.0017798749543102047,-0.43550312291664156,COLLAPSED,vqav2,MSE-EIGEN (Multi-Scale),49
0.08277197235468826,8.277197235468826,0.08135123243610595,8.135123243610595,0.07270996482976187,0.14372016380341024,0.02562408619658979,0.169344,0.03614154353757228,0.009535574001820452,0.7384259259259259,0.47526723825195016,0.14139811501096922,0.1456525320127894,0.9925968102095645,VALID,vqav2,Residual Calibrator,49
0.038694123101451136,3.8694123101451137,0.036925628953404066,3.692562895340407,0.026065622514707034,0.13749908031635316,0.03184516968364687,0.169344,0.033823166646605424,0.002934134631288719,0.7672902494331065,0.4388871126675922,0.10329685323316187,0.17715040512133987,0.8069766072738679,VALID,vqav2,Trajectory LR,49
0.03153815131347498,3.153815131347498,0.04416020800771808,4.4160208007718085,0.023204409406012497,0.13781512706295845,0.031529122937041576,0.169344,0.033360274843068916,0.0015045698870996083,0.767975245653817,0.43899419646562043,0.10247152099630552,0.1743446497656606,0.8149671034276244,VALID,vqav2,Trajectory LR (No Bias),49
0.03704708102345468,3.7047081023454678,0.0376607177555561,3.76607177555561,0.025915309041707878,0.13749893060417656,0.03184531939582347,0.169344,0.0336437577712384,0.0026742359879407956,0.7674319727891158,0.43882393574909573,0.1031446016933736,0.17701610331255754,0.8055932417072048,VALID,vqav2,Trajectory Platt (5D),49
0.05953566287085413,5.953566287085413,0.06158754827454687,6.158754827454687,0.03255911184532534,0.13841675904713735,0.03092749095286268,0.169344,0.036124334102105984,0.005233818683179741,0.7672666288737717,0.440792265300482,0.09850623769240599,0.20595400780541762,0.71812220172374,VALID,vqav2,Trajectory Platt (17D),49
0.07453799587401588,7.453799587401589,0.07936804732200854,7.936804732200854,0.06749385670850606,0.1426865732375651,0.02665767676243494,0.169344,0.035287024520150596,0.009222092412525482,0.7490315570672713,0.4674991199361205,0.13128294128609383,0.1457383090362963,0.9819160472301742,VALID,vqav2,VCPS-5D (Our Method),49
0.06599106997029357,6.599106997029357,0.07345711871618632,7.345711871618632,0.055393805702861766,0.14195501463878946,0.027389235361210573,0.169344,0.03454393826102521,0.006525235909518241,0.747732426303855,0.4617519227488829,0.12543390305769692,0.15386564437130082,0.9666395537575645,VALID,vqav2,VCPS-17D (Our Method),49
0.1090986263751984,10.90986263751984,0.107951435983181,10.795143598318099,0.09896091206935105,0.14803884742336285,0.021305402576637156,0.169344,0.035545695257521465,0.013912521369338869,0.7382369614512473,0.5523168941813946,0.12540965340014024,0.2456869552407702,1.0,VALID,vqav2,Naive Confidence (NC),50
0.12435727156736286,12.435727156736286,0.12364489726800215,12.364489726800215,0.11847686476832928,0.15628113064371188,0.013063119356288122,0.169344,0.03697709210826773,0.02409462668020917,0.7382369614512473,0.5006900027757427,0.12540965340014024,0.2004499703381884,1.0,VALID,vqav2,Temperature Scaling (TS),50
0.08235099443754029,8.235099443754029,0.09974108157496549,9.974108157496548,0.07642485493034844,0.14781172933723832,0.02153252066276168,0.169344,0.03383162294361698,0.012872537596618508,0.7382369614512473,0.4740489674544783,0.12468016129984877,0.13029831746491247,1.0,VALID,vqav2,Platt Scaling (1D),50
0.05688512222974101,5.688512222974101,0.06277926790948038,6.277926790948038,0.053742696926377176,0.1385887110817524,0.030755538918247588,0.169344,0.03650582276702626,0.004980984693075229,0.7420162509448225,0.4470247120356835,0.11717614713052417,0.18159649491716312,0.9154728138912556,VALID,vqav2,Quadratic Platt (Logit-Only),50
0.023460017583446385,2.3460017583446384,0.05906029994724531,5.9060299947245305,0.039404653948119935,0.13639950152061553,0.03294474847938447,0.169344,0.03534572365198205,0.0023056335470444866,0.7382369614512473,0.4380142005933863,0.12272701232434179,0.19375681170593065,1.0,VALID,vqav2,Beta Calibration,50
0.04905650968070893,4.905650968070893,0.07144821308177621,7.144821308177621,0.054470743234264506,0.14196468013759295,0.027379569862407055,0.169344,0.03378620861660683,0.006534473986316943,0.7354615457294029,0.4499954263729943,0.12624768668138506,0.1455316645012061,0.9721776074962856,VALID,vqav2,Spline Calibration,50
0.10569132936091248,10.569132936091249,0.11024869237197672,11.024869237197672,0.10311338354117056,0.15202537684570155,0.017318873154298448,0.169344,0.035910440094499056,0.018874825767180355,0.7591883975812547,0.47656627442813454,0.1050382758585127,0.20456059850849528,0.9921330565322262,VALID,vqav2,Adaptive TS (ATS),50
0.007323812214515715,0.7323812214515715,0.0872936348367472,8.72936348367472,0.01836395505541809,0.16997916387571074,-0.0006349138757107409,0.169344,0.00035199405093883594,0.0007366351016319751,0.3645479024943311,0.5235519426301121,0.3056684146038049,0.009348225373740235,-0.12410755469843467,COLLAPSED,vqav2,Probability Margin (1D),50
0.033398621962897064,3.3398621962897064,0.05082316551949894,5.082316551949894,0.037887284729340366,0.14660425747503694,0.02273999252496306,0.169344,0.025032383838383833,0.0020835324613460294,0.7289068405139834,0.45750713799016623,0.13224061501442638,0.1281713335600769,0.35921498279190966,VALID,vqav2,MSSC (Multi-Scale Proxy),50
0.00030443024007764663,0.030443024007764663,0.06746667655258773,6.746667655258773,0.0038656177870273734,0.16923386664044823,0.00011038335955176892,0.169344,0.0,9.267777107373356e-08,0.5527683295540438,0.521472131663356,0.17349586456167163,0.0013525785666072378,-0.363439405757623,COLLAPSED,vqav2,MSE-EIGEN (Multi-Scale),50
0.06848279782530235,6.848279782530235,0.07812599535696703,7.812599535696703,0.06718788665050596,0.14356234199711912,0.025781908002880882,0.169344,0.03416932130699472,0.009120731617337938,0.7556453136810279,0.4592387561293232,0.11219960647787153,0.1457703113702272,0.9899264877059508,VALID,vqav2,Residual Calibrator,50
0.03810059192425654,3.8100591924256544,0.05737879525098805,5.737879525098806,0.030691124111546883,0.13900106007712176,0.03034318992287824,0.169344,0.03354005878749722,0.0028338593974956932,0.7911233938019653,0.4264685516180689,0.08051055147078806,0.18723818811016515,0.8015440701762806,VALID,vqav2,Trajectory LR,50
0.042962944566102425,4.296294456610243,0.048668045894786516,4.866804589478652,0.03049491878415457,0.13850099858289877,0.03084325141710123,0.169344,0.03502868278475415,0.004084311824402417,0.7901313303099018,0.42606571724232295,0.08038165825292798,0.1834028959530349,0.8065379141516565,VALID,vqav2,Trajectory LR (No Bias),50
0.036336476504802706,3.6336476504802704,0.05694464975595476,5.6944649755954755,0.030702866513421318,0.13898875353762408,0.030355496462375925,0.169344,0.03367741181137791,0.0027831610981722977,0.7910289115646258,0.426434209715569,0.08050483395071875,0.18711925073915442,0.8009230436921746,VALID,vqav2,Trajectory Platt (5D),50
0.04714323364198208,4.714323364198208,0.03943771623075009,3.943771623075009,0.03652074135482308,0.1278447000806932,0.041499549919306794,0.169344,0.045268596707573855,0.005022852305045434,0.826223544973545,0.3999339500169635,0.06966561681441287,0.2079021543840433,0.754314761259045,VALID,vqav2,Trajectory Platt (17D),50
0.05607508168657964,5.607508168657964,0.07110820353552483,7.110820353552483,0.05964680169473944,0.14229197615291758,0.02705227384708242,0.169344,0.03412317496240112,0.008041830396134382,0.7693216175359033,0.4496407808791593,0.10115006009312814,0.14475371819356753,0.980505778023112,VALID,vqav2,VCPS-5D (Our Method),50
0.06420972502601428,6.420972502601428,0.06879076473975484,6.879076473975484,0.05651436186055048,0.13950793828483207,0.02983631171516793,0.169344,0.036742945889032645,0.007649351924989598,0.7777777777777778,0.4405111311473633,0.0939197630512125,0.15445254107466297,0.9671733406933627,VALID,vqav2,VCPS-17D (Our Method),50
0.09516500185430053,9.516500185430052,0.08172726611793044,8.172726611793044,0.07549784182456175,0.14413214866151458,0.02521210133848542,0.169344,0.03863570171314384,0.012513493416896757,0.7415674603174603,0.5471852878618345,0.126031272471031,0.231966865536367,1.0,VALID,vqav2,Naive Confidence (NC),51
0.11332540715100695,11.332540715100695,0.11988157524730594,11.988157524730594,0.1011049724086191,0.1511386912017424,0.01820555879825761,0.169344,0.03510392976730009,0.016786243671228114,0.7415674603174603,0.492690185485484,0.126031272471031,0.19290845929049258,1.0,VALID,vqav2,Temperature Scaling (TS),51
0.08463838834879545,8.463838834879544,0.08678454866723465,8.678454866723465,0.06694660303235905,0.14704788132981353,0.022296368670186473,0.169344,0.03454527968805388,0.013568973692363104,0.7415674603174603,0.47323968691411633,0.12804632871244026,0.12358550109932707,1.0,VALID,vqav2,Platt Scaling (1D),51
0.047256396814230335,4.725639681423034,0.04941569530335766,4.941569530335766,0.03982852343848397,0.13821428795254376,0.031129962047456244,0.169344,0.03710398386885109,0.005412367961342588,0.7614087301587302,0.43984826179164893,0.09476630023384316,0.16337364884089328,0.8877229428917717,VALID,vqav2,Quadratic Platt (Logit-Only),51
0.025402766943203994,2.5402766943203994,0.04028791643246812,4.028791643246811,0.03208015884196974,0.1371001649605634,0.0322440850394366,0.169344,0.03589626353345743,0.0037401949315811053,0.7415674603174603,0.43980451831123923,0.12302904259079334,0.17166558567681975,1.0,VALID,vqav2,Beta Calibration,51
0.047574687073445115,4.757468707344511,0.058475062585100525,5.847506258510053,0.046281709550106326,0.14283271119746177,0.02651153880253823,0.169344,0.03474560791706114,0.007951059028313615,0.7505196523053665,0.45238890533550236,0.11049579149979129,0.13796774466181924,0.9649250563237838,VALID,vqav2,Spline Calibration,51
0.09191224023710223,9.191224023710223,0.10042181455392314,10.042181455392313,0.0826366149240023,0.1473145744175792,0.022029675582420805,0.169344,0.03525017102875364,0.013917160666312722,0.7602277021919879,0.472314108663444,0.10914196320023982,0.19890601947395484,0.9917938871755487,VALID,vqav2,Adaptive TS (ATS),51
0.0005255091656963806,0.05255091656963806,0.0985923225523972,9.85923225523972,0.00929996729975539,0.16938995434275184,-4.570434275183444e-05,0.169344,0.0,2.76159883230906e-07,0.3968253968253968,0.5219293579006069,0.31315686798401865,0.0030237060765585647,-0.0915137199204434,COLLAPSED,vqav2,Probability Margin (1D),51
0.04325921845569034,4.3259218455690345,0.06505676509260191,6.505676509260192,0.04763240149897237,0.15271180750318902,0.01663244249681098,0.169344,0.021349383022774324,0.004909851355656131,0.6795871126228269,0.47819351314173436,0.15040642326594547,0.13600538534709303,0.38104853325486493,VALID,vqav2,MSSC (Multi-Scale Proxy),51
0.0005366927792928022,0.053669277929280224,0.0606926267131851,6.06926267131851,0.007592990293819521,0.1693290540493111,1.5195950688912108e-05,0.169344,0.0,2.8803913934503255e-07,0.4828278533635676,0.5217542415790647,0.21405830036170556,0.0016933132854500545,-0.4056519266077064,COLLAPSED,vqav2,MSE-EIGEN (Multi-Scale),51
0.0713223247461719,7.132232474617189,0.08535308627573537,8.535308627573537,0.05303179217134979,0.14389456812032775,0.025449681879672253,0.169344,0.03503548964243304,0.008700470319476466,0.7485827664399092,0.46152584424416954,0.1195889582757495,0.13965049913864863,0.9893189972759893,VALID,vqav2,Residual Calibrator,51
0.07359152419664095,7.3591524196640945,0.07133934493991254,7.133934493991253,0.051164077359601115,0.14415449628127863,0.02518975371872137,0.169344,0.036472665497978264,0.012317467388806189,0.7725340136054422,0.4440505189229748,0.09120682634141951,0.18663896613637418,0.7923161292645169,VALID,vqav2,Trajectory LR,51
0.06631560302309815,6.631560302309815,0.06807447125690975,6.807447125690976,0.0433321012251863,0.14370901991233734,0.025635230087662664,0.169344,0.03480570469993752,0.009266082135806762,0.772415910808768,0.4430820040633793,0.0909974111399642,0.18309169778717624,0.8045363061452245,VALID,vqav2,Trajectory LR (No Bias),51
0.07364620420336725,7.364620420336725,0.07134678772091867,7.134678772091867,0.05101534985323062,0.14414868614595577,0.02519556385404423,0.169344,0.036472665497978264,0.012312744859245882,0.7724395313681028,0.4440460229015567,0.0912149031874476,0.18650863228299253,0.7914674858699434,VALID,vqav2,Trajectory Platt (5D),51
0.05764807564020158,5.764807564020158,0.08009366309642796,8.009366309642797,0.04204931080475505,0.1370366524222175,0.03230759757778251,0.169344,0.04083713022790047,0.00883029810239896,0.786139455782313,0.4355217822257883,0.096020807028638,0.19940134283113703,0.7342976251905007,VALID,vqav2,Trajectory Platt (17D),51
0.06086016243878189,6.086016243878189,0.07583287819525994,7.583287819525994,0.04681998840635704,0.1427758111351496,0.026568438864850413,0.169344,0.03479679232469199,0.008040733723741506,0.7617866591080877,0.45345134437636625,0.10952405312257617,0.13978012145751326,0.9793848775395101,VALID,vqav2,VCPS-5D (Our Method),51
0.04877585433415166,4.877585433415166,0.06457640506706334,6.457640506706334,0.04317828419566794,0.1416353932736373,0.027708856726362696,0.169344,0.0344138314923516,0.006690862430633264,0.7616921768707483,0.45016576537280945,0.10592626590648994,0.1486315557382831,0.965501302005208,VALID,vqav2,VCPS-17D (Our Method),51
