ece,ece_percent,adaptive_ece,adaptive_ece_percent,kde_ece,brier,brier_gain,murphy_uncertainty,murphy_resolution,murphy_reliability,auroc,nll,aurc,prob_std,spearman_rho,status,dataset,temperature,method,study
0.04030088554174113,4.030088554174113,0.04117547124222604,4.117547124222605,0.031963305391713534,0.09150840732360334,0.008883243697579063,0.10039159843360625,0.011770943108099183,0.003344807619886794,0.7524243740049212,0.3261441354086603,0.052479053927563746,0.1264829514084249,0.9999999999999999,VALID,pope,0.0,Naive Confidence (NC),temperature_transfer
0.03667871492456423,3.667871492456423,0.03955481799439938,3.955481799439938,0.030273180347041215,0.09137322514491049,0.009018425876271913,0.10039159843360625,0.012078253341033806,0.00330133547948289,0.7524243740049212,0.31889781571310344,0.052479053927563746,0.1287075036474341,0.9999999999999999,VALID,pope,0.0,Temperature Scaling (TS),temperature_transfer
0.03694972654075999,3.6949726540759986,0.04054475044938219,4.0544750449382185,0.031217750233180186,0.09148835008485273,0.00890330093632967,0.10039159843360625,0.012078253341033806,0.0034149844546898073,0.7524243740049212,0.3192715881057459,0.052479053927563746,0.1306610963063819,0.9999999999999999,VALID,pope,0.0,Platt Scaling (1D),temperature_transfer
0.04917446937016129,4.917446937016129,0.05099361263656638,5.099361263656638,0.048244356776170116,0.09333747865999918,0.00705417236118322,0.10039159843360625,0.008308875320136702,0.002798536462025638,0.7540165002171081,0.3330631689837258,0.043733285895772925,0.0769823698760461,0.9937533556865978,VALID,pope,0.0,Spline Calibration (PCHIP),temperature_transfer
0.04626560202807729,4.626560202807729,0.041583148705760686,4.158314870576069,0.029676010441516673,0.09122932781012054,0.009162323211061862,0.10039159843360625,0.013549818095856552,0.004888616485314659,0.7566217976552323,0.31750722136329773,0.048587452613128454,0.12876897801143875,0.9961816472320095,VALID,pope,0.0,Adaptive TS (ATS),temperature_transfer
0.0086438892305089,0.86438892305089,0.0086438892305089,0.86438892305089,0.01933825989958761,0.0962633436365038,0.004128307384678606,0.10039159843360625,0.0042083498086671845,8.009501156471544e-05,0.6433637284701115,0.3348146969103461,0.09026981399578216,0.07361166672774973,0.4914759708068543,VALID,pope,0.0,MSSC (Multi-Scale Proxy),temperature_transfer
0.035151618422444755,3.5151618422444755,0.043089280639835054,4.3089280639835055,0.032955102753468336,0.09157943015807608,0.008812220863106318,0.10039159843360625,0.010361852440557524,0.0019523347875444437,0.751411202778984,0.3198699643589067,0.05199465229132322,0.13152281923568301,0.9993972320614333,VALID,pope,0.0,Best 5D Trajectory,temperature_transfer
0.035151618422444755,3.5151618422444755,0.043089280639835054,4.3089280639835055,0.032955102753468336,0.09157943015807608,0.008812220863106318,0.10039159843360625,0.010361852440557524,0.0019523347875444437,0.751411202778984,0.3198699643589067,0.05199465229132322,0.13152281923568301,0.9993972320614333,VALID,pope,0.0,Two-Stage Residual,temperature_transfer
0.042800416029930205,4.280041602993021,0.03982867860604865,3.982867860604865,0.03129430476984923,0.09147984712001238,0.008911803901170023,0.10039159843360625,0.0120519494435104,0.0038892790966576834,0.7551744101896078,0.3222129896039035,0.05092371946537402,0.13027521985626137,0.9984860302361627,VALID,pope,0.0,VCPS-5D (Our Method),temperature_transfer
0.031859310751706185,3.1859310751706187,0.03566018202786582,3.566018202786582,0.029698088418043517,0.09097138414487739,0.009420266876305011,0.10039159843360625,0.011621552338110205,0.0026071708656719025,0.7596613113330437,0.31860789749295065,0.05049496003111322,0.12782391647555452,0.9955566720535938,VALID,pope,0.0,VCPS-17D (Our Method),temperature_transfer
0.11082763671875002,11.082763671875002,0.1065540877126512,10.655408771265119,0.09201948499572091,0.15663562355867322,0.0004854519423997672,0.15712018140589568,0.016124021658284138,0.017557703644773076,0.7014540337711069,0.5118431566111331,0.09599023126538563,0.19433392526388737,1.0,COLLAPSED,scienceqa,0.0,Naive Confidence (NC),temperature_transfer
0.08694686597870459,8.694686597870458,0.09755856193527515,9.755856193527515,0.07286130044285248,0.15292874947033613,0.004192326030736854,0.15712018140589568,0.017879337642916247,0.013553534038340023,0.7014540337711069,0.46339528690860676,0.09599023126538563,0.17308877680452459,1.0,VALID,scienceqa,0.0,Temperature Scaling (TS),temperature_transfer
0.03627100062119965,3.627100062119965,0.07456787048822666,7.456787048822666,0.02326415899891502,0.14502628246101287,0.012094793040060114,0.15712018140589568,0.014544303713612834,0.002421753323522626,0.7014540337711069,0.4493005796850696,0.09599023126538563,0.10437305758406555,1.0,VALID,scienceqa,0.0,Platt Scaling (1D),temperature_transfer
0.0443974866563937,4.43974866563937,0.05163748128676123,5.163748128676123,0.037599617354386605,0.1485445886411885,0.008576486859884491,0.15712018140589568,0.010476816685285334,0.002704322218554118,0.6953384326742675,0.46636159520280523,0.10223624743184431,0.11072858214276322,0.98258205179806,VALID,scienceqa,0.0,Spline Calibration (PCHIP),temperature_transfer
0.07703356893222409,7.703356893222408,0.094259477429492,9.4259477429492,0.07099946166251012,0.15225414578882948,0.004866929712243506,0.15712018140589568,0.015620634115945949,0.011436293809617226,0.7053146197142445,0.4605505058016313,0.09398847413369193,0.17393077031889365,0.9971843051575694,VALID,scienceqa,0.0,Adaptive TS (ATS),temperature_transfer
0.01828854702730505,1.8288547027305049,0.01828854702730505,1.8288547027305049,0.02311390325079234,0.15145465073351602,0.005666424767556966,0.15712018140589568,0.009590164499185016,0.0039246338268053285,0.5985351421561552,0.47781565812798826,0.14163521313261335,0.05602300723168169,0.4214305285689401,VALID,scienceqa,0.0,MSSC (Multi-Scale Proxy),temperature_transfer
0.042632064574796735,4.263206457479674,0.059100744313665264,5.910074431366526,0.0233091341697444,0.14504703145173245,0.012074044049340538,0.15712018140589568,0.014574232927140864,0.0028778653341493075,0.700984990619137,0.4489314406013331,0.09525611155775768,0.10242183296408153,0.9973893597865682,VALID,scienceqa,0.0,Best 5D Trajectory,temperature_transfer
0.042632064574796735,4.263206457479674,0.059100744313665264,5.910074431366526,0.0233091341697444,0.14504703145173245,0.012074044049340538,0.15712018140589568,0.014574232927140864,0.0028778653341493075,0.700984990619137,0.4489314406013331,0.09525611155775768,0.10242183296408153,0.9973893597865682,VALID,scienceqa,0.0,Two-Stage Residual,temperature_transfer
0.03363765850447986,3.363765850447986,0.06499368732718332,6.499368732718332,0.023148317931956763,0.14504155488879183,0.012079520612281153,0.15712018140589568,0.014498085676154085,0.002328226119731502,0.7008045894068409,0.449243647394324,0.0959590425308458,0.10424385355440359,0.9998036917769774,VALID,scienceqa,0.0,VCPS-5D (Our Method),temperature_transfer
0.029826253531696226,2.9826253531696225,0.059002272641078955,5.900227264107896,0.02355244324969499,0.14488060715063458,0.012240468350438405,0.15712018140589568,0.014355220887159043,0.002832530507424455,0.702572521287343,0.448198822015467,0.09543131040688517,0.10716891713506783,0.9968284560107205,VALID,scienceqa,0.0,VCPS-17D (Our Method),temperature_transfer
0.0831522607743469,8.31522607743469,0.08716492640435422,8.716492640435423,0.0798398970398482,0.17151351247150098,0.07002348752849905,0.241536,0.08048090925642694,0.011439449222644256,0.8315282193958665,0.5111958679213491,0.1773552477502101,0.25504423892101685,1.0,VALID,textvqa,0.0,Naive Confidence (NC),temperature_transfer
0.08699271808766473,8.699271808766474,0.08351647666674034,8.351647666674033,0.0721949117872095,0.170936089950567,0.07060091004943303,0.241536,0.08386272603265399,0.012864383655871954,0.8315282193958665,0.5088969603363053,0.1773552477502101,0.24545073329751355,1.0,VALID,textvqa,0.0,Temperature Scaling (TS),temperature_transfer
0.05013644534074694,5.013644534074694,0.05698968602276319,5.698968602276319,0.036359559204471,0.16368466845668994,0.07785233154331009,0.241536,0.08293659237797302,0.003886398050626093,0.8315282193958665,0.49572332477295883,0.1773552477502101,0.2843281232387541,1.0,VALID,textvqa,0.0,Platt Scaling (1D),temperature_transfer
0.10113299088088523,10.113299088088523,0.10248412334094344,10.248412334094343,0.09683114275611783,0.17646121600490097,0.06507578399509906,0.241536,0.08056913424702641,0.016816353119213114,0.8316607048224696,0.5316967986061436,0.17543967540957695,0.2593793108612279,0.9913765436552375,VALID,textvqa,0.0,Spline Calibration (PCHIP),temperature_transfer
0.08223633197449304,8.223633197449304,0.08795488871860149,8.79548887186015,0.07429236604408261,0.17101879087582755,0.07051820912417248,0.241536,0.08346635075183413,0.013071374026367072,0.832074721780604,0.5087048889512302,0.17587453707504436,0.24666626590834753,0.999759999039996,VALID,textvqa,0.0,Adaptive TS (ATS),temperature_transfer
0.03364934895412364,3.3649348954123637,0.03364934895412364,3.3649348954123637,0.03517822855498695,0.21298445282150397,0.028552547178496063,0.241536,0.03196873200085166,0.003417184822355648,0.7024046104928459,0.6149958257017881,0.28652489046784413,0.1497347378526148,0.42614035327260036,VALID,textvqa,0.0,MSSC (Multi-Scale Proxy),temperature_transfer
0.050146729868790395,5.01467298687904,0.05695646251062378,5.695646251062378,0.033345606224104825,0.16274718544911718,0.07878981455088285,0.241536,0.08396813025212115,0.0037892774976029525,0.8337307896131426,0.49334136510197923,0.1761634953681217,0.2864491922221705,0.9994794859179437,VALID,textvqa,0.0,Best 5D Trajectory,temperature_transfer
0.050146729868790395,5.01467298687904,0.05695646251062378,5.695646251062378,0.033345606224104825,0.16274718544911718,0.07878981455088285,0.241536,0.08396813025212115,0.0037892774976029525,0.8337307896131426,0.49334136510197923,0.1761634953681217,0.2864491922221705,0.9994794859179437,VALID,textvqa,0.0,Two-Stage Residual,temperature_transfer
0.05687042829645701,5.687042829645701,0.05061022555099561,5.061022555099561,0.03500458967411918,0.16259161377051998,0.07894538622948005,0.241536,0.08529977000814343,0.004602435489158262,0.8338301536830948,0.492829238109503,0.17522933983743894,0.2876740552467342,0.9990745562982252,VALID,textvqa,0.0,VCPS-5D (Our Method),temperature_transfer
0.058717166813041045,5.871716681304105,0.05801283194904101,5.8012831949041015,0.03436715270896745,0.16348591861474762,0.07805108138525241,0.241536,0.08357296159067182,0.005197178685947788,0.8319256756756757,0.4952896484569967,0.1772607060426782,0.28566440000689847,0.9997449269797078,VALID,textvqa,0.0,VCPS-17D (Our Method),temperature_transfer
0.16711527379291144,16.711527379291145,0.16711527379291147,16.711527379291148,0.16784074150762593,0.19332382782664365,0.0478411721733564,0.24116400000000002,0.0831974746471921,0.03479748197572365,0.8350997661342489,0.575960471810271,0.34012466523589724,0.25303443201448717,1.0,VALID,vizwiz-vqa,0.0,Naive Confidence (NC),temperature_transfer
0.15560025103544137,15.560025103544136,0.15560025103544137,15.560025103544136,0.1562536141159374,0.19451369526866438,0.04665130473133566,0.24116400000000002,0.0817350610725799,0.035335383428823815,0.8350997661342489,0.5730261733329852,0.34012466523589724,0.20422405234808927,1.0,VALID,vizwiz-vqa,0.0,Temperature Scaling (TS),temperature_transfer
0.0675701505527193,6.757015055271929,0.07250713090719615,7.250713090719615,0.04498680035203065,0.16424389956705363,0.07692110043294642,0.24116400000000002,0.08360033588025201,0.006531767343616173,0.8350997661342489,0.5000265442974131,0.34012466523589724,0.25589979040704447,1.0,VALID,vizwiz-vqa,0.0,Platt Scaling (1D),temperature_transfer
0.0812674300254507,8.12674300254507,0.08448343002545063,8.448343002545062,0.08340504107030113,0.1723362747055253,0.06882872529447476,0.24116400000000002,0.07903793368390302,0.009983556973543509,0.8261763779005159,0.5256402548904323,0.37434008071910646,0.23503981913327193,0.989199713942688,VALID,vizwiz-vqa,0.0,Spline Calibration (PCHIP),temperature_transfer
0.15447853295461628,15.447853295461627,0.1544785329546163,15.44785329546163,0.15508739800673194,0.19436660948479206,0.04679839051520798,0.24116400000000002,0.0816835520801111,0.03557338288117901,0.8349007314524557,0.5727380137483082,0.3403228224722402,0.20551158557571425,0.9997816951267806,VALID,vizwiz-vqa,0.0,Adaptive TS (ATS),temperature_transfer
0.026868148089946697,2.6868148089946695,0.03438905766356242,3.438905766356242,0.026675048708870268,0.22862299368668465,0.012542006313315396,0.24116400000000002,0.01298717416449153,0.0010646942721545486,0.6337098406063923,0.6488781926229712,0.5033836063281585,0.08469985266317154,0.3853327200515668,VALID,vizwiz-vqa,0.0,MSSC (Multi-Scale Proxy),temperature_transfer
0.06470195657779426,6.470195657779426,0.07077271399820884,7.077271399820884,0.04508984956659409,0.16398502667801323,0.07717997332198681,0.24116400000000002,0.08382995631901718,0.006914725350672511,0.8357963875205255,0.4991699536458367,0.3399386505511563,0.2560422944283425,0.9992103008412033,VALID,vizwiz-vqa,0.0,Best 5D Trajectory,temperature_transfer
0.06470195657779426,6.470195657779426,0.07077271399820884,7.077271399820884,0.04508984956659409,0.16398502667801323,0.07717997332198681,0.24116400000000002,0.08382995631901718,0.006914725350672511,0.8357963875205255,0.4991699536458367,0.3399386505511563,0.2560422944283425,0.9992103008412033,VALID,vizwiz-vqa,0.0,Two-Stage Residual,temperature_transfer
0.07055891584333594,7.055891584333594,0.0722937202030286,7.2293720203028595,0.04443894772036655,0.16411864807766488,0.07704635192233517,0.24116400000000002,0.08453117580594754,0.007092060824965071,0.8353485594864904,0.4995928285333893,0.33998461892825915,0.2560870839929365,0.9999041916167665,VALID,vizwiz-vqa,0.0,VCPS-5D (Our Method),temperature_transfer
0.06727124219809656,6.727124219809657,0.06758667216222868,6.758667216222867,0.04328101820883562,0.16380823315075366,0.07735676684924639,0.24116400000000002,0.0838590349198818,0.006434669399129714,0.8361446982136638,0.49854311569824494,0.33938854499174104,0.25689596828534633,0.9995252781011122,VALID,vizwiz-vqa,0.0,VCPS-17D (Our Method),temperature_transfer
0.08507151883840561,8.50715188384056,0.07742628508806229,7.742628508806229,0.06270521071006138,0.1426775158591738,0.026666734140826237,0.169344,0.03644612107679375,0.01052310751988883,0.7557397959183674,0.5245240289994385,0.1202880683159537,0.23631248527192425,1.0,VALID,vqav2_5scale,0.0,Naive Confidence (NC),temperature_transfer
0.10480537381009684,10.480537381009684,0.10628256575365319,10.628256575365318,0.09906303604193219,0.14951930780735675,0.019824942192643275,0.169344,0.035025095870896895,0.015388765350542899,0.7557397959183674,0.48248173322695725,0.1202880683159537,0.19377244033454064,1.0,VALID,vqav2_5scale,0.0,Temperature Scaling (TS),temperature_transfer
0.07125414383246063,7.1254143832460635,0.09481052151667091,9.481052151667091,0.05984166985290316,0.14546138531949948,0.02388286468050055,0.169344,0.03215134184487513,0.009373253498043245,0.7557397959183674,0.46481864233027737,0.1202880683159537,0.12283441490240651,1.0,VALID,vqav2_5scale,0.0,Platt Scaling (1D),temperature_transfer
0.07251808179574573,7.2518081795745735,0.10144606989188489,10.144606989188489,0.07251808163198405,0.15508351037695037,0.014260739623049662,0.169344,0.03354334836398072,0.019147534090382157,0.7606292517006802,0.4816281749411864,0.10601020332904472,0.06924682624974313,0.9909673294639901,VALID,vqav2_5scale,0.0,Spline Calibration (PCHIP),temperature_transfer
0.09095347420154584,9.095347420154583,0.09488482365344673,9.488482365344673,0.08555348628296855,0.14600333950362757,0.023340910496372463,0.169344,0.03545796797571056,0.012234885989844345,0.7651407785336357,0.4669355804247348,0.11118148817536522,0.19783652624943668,0.9967240828963316,VALID,vqav2_5scale,0.0,Adaptive TS (ATS),temperature_transfer
0.046943072608113326,4.694307260811333,0.04527140169614495,4.527140169614495,0.04761430437264456,0.15655171945746488,0.012792530542535152,0.169344,0.016239061728395066,0.0035872683208795506,0.6594860166288736,0.48860174977388005,0.1682256325048898,0.13376639783197358,0.292033102614357,VALID,vqav2_5scale,0.0,MSSC (Multi-Scale Proxy),temperature_transfer
0.05836071362011661,5.836071362011661,0.09092562119425425,9.092562119425425,0.051152800652128974,0.14334259142986705,0.02600165857013298,0.169344,0.03135203647285485,0.006608197530879364,0.7614323507180649,0.4570455578420873,0.11545830618527439,0.13018195318280548,0.9942563930255721,VALID,vqav2_5scale,0.0,Best 5D Trajectory,temperature_transfer
0.05836071362011661,5.836071362011661,0.09092562119425425,9.092562119425425,0.051152800652128974,0.14334259142986705,0.02600165857013298,0.169344,0.03135203647285485,0.006608197530879364,0.7614323507180649,0.4570455578420873,0.11545830618527439,0.13018195318280548,0.9942563930255721,VALID,vqav2_5scale,0.0,Two-Stage Residual,temperature_transfer
0.0510712345909227,5.10712345909227,0.09350662847106521,9.350662847106522,0.04693543813199908,0.14260281843466202,0.02674143156533801,0.169344,0.0329588172284995,0.0063897363871314216,0.7674319727891157,0.45207262369984197,0.11026852201713563,0.1301431401920962,0.9909950679802718,VALID,vqav2_5scale,0.0,VCPS-5D (Our Method),temperature_transfer
0.0640366268886113,6.40366268886113,0.09019614789988102,9.019614789988102,0.04965220587543128,0.1443525583166685,0.02499169168333154,0.169344,0.03247428719254217,0.008492755304180408,0.755338246409675,0.4592761842256718,0.1176747191960805,0.1276197629926882,0.9910374041496166,VALID,vqav2_5scale,0.0,VCPS-17D (Our Method),temperature_transfer
0.09262163860163339,9.262163860163339,0.07743816534973279,7.743816534973279,0.07687434967288644,0.09415713494095371,0.010402312662635513,0.10453280635857046,0.02402440386140431,0.01448502725172457,0.8049763691965528,0.6320887350818079,0.04183459257586141,0.13965112560109813,1.0,VALID,pope,0.3,Naive Confidence (NC),temperature_transfer
0.08963586292281214,8.963586292281214,0.07513594151730128,7.513594151730128,0.07417741260363694,0.0932054353040698,0.01135401229951942,0.10453280635857046,0.023937675224355793,0.013262989689016942,0.8049763691965528,0.575080114064068,0.04183459257586141,0.1392654836207771,1.0,VALID,pope,0.3,Temperature Scaling (TS),temperature_transfer
0.0891311623144425,8.91311623144425,0.07474327835848998,7.474327835848999,0.07348974818516253,0.09314657654010303,0.011412871063486194,0.10453280635857046,0.024429501457421916,0.01330786054138666,0.8049763691965528,0.5778924943671969,0.04183459257586141,0.14052908635120684,1.0,VALID,pope,0.3,Platt Scaling (1D),temperature_transfer
0.08975962419032303,8.975962419032303,0.08156368275620698,8.156368275620698,0.0848486432795841,0.09682468031979649,0.007734767283792729,0.10453280635857046,0.02356155671307903,0.015876208601229166,0.741312204614957,0.3969706113752176,0.06400642370577736,0.10020858055158702,0.6919714890426967,VALID,pope,0.3,Spline Calibration (PCHIP),temperature_transfer
0.0902552779917344,9.02552779917344,0.07387910592261034,7.387910592261034,0.07397725726037646,0.09331227869191289,0.011247168911676333,0.10453280635857046,0.02304757689326082,0.012998707913285137,0.813108145676953,0.5734611770522434,0.03888670502505612,0.14280384362734322,0.9895445918065291,VALID,pope,0.3,Adaptive TS (ATS),temperature_transfer
0.004561430795257872,0.45614307952578714,0.004561430795257872,0.45614307952578714,0.01899926534906343,0.09936490924987182,0.005194538353717401,0.10453280635857046,0.005190180670067029,2.228356136837252e-05,0.6593689185432303,0.3413692007754935,0.08084448704497355,0.07672394204450451,0.5001581500504071,VALID,pope,0.3,MSSC (Multi-Scale Proxy),temperature_transfer
0.09072103669049875,9.072103669049875,0.07410043774940529,7.4100437749405295,0.0712154594417078,0.0932589073953598,0.011300540208229418,0.10453280635857046,0.024806016118007323,0.014317699321044644,0.8081039755351682,0.5796753097698281,0.041427970081096055,0.14198329396395154,0.997557303038576,VALID,pope,0.3,Best 5D Trajectory,temperature_transfer
0.09072103669049875,9.072103669049875,0.07410043774940529,7.4100437749405295,0.0712154594417078,0.0932589073953598,0.011300540208229418,0.10453280635857046,0.024806016118007323,0.014317699321044644,0.8081039755351682,0.5796753097698281,0.041427970081096055,0.14198329396395154,0.997557303038576,VALID,pope,0.3,Two-Stage Residual,temperature_transfer
0.08994532422093662,8.994532422093663,0.07545568339564485,7.545568339564484,0.07447384421286904,0.0934547731115968,0.011104674491992414,0.10453280635857046,0.024347044232107543,0.013650255280881866,0.8104670558798999,0.6037682763991695,0.0406005433418398,0.1407988225940868,0.9957329604694944,VALID,pope,0.3,VCPS-5D (Our Method),temperature_transfer
0.0895357284737108,8.95357284737108,0.07163628977584809,7.163628977584809,0.06808323277735942,0.09379839858049063,0.010761049023098587,0.10453280635857046,0.022268263983343934,0.012524692852075612,0.8142896858493188,0.5951498142412533,0.03901522184169061,0.15209974043740151,0.9920267399809983,VALID,pope,0.3,VCPS-17D (Our Method),temperature_transfer
0.1732802235107675,17.32802235107675,0.16867713958234132,16.86771395823413,0.1554409734167303,0.181831815238336,-0.024710739737262982,0.15712018140589568,0.011274612051862257,0.03696094562764589,0.7242747871265696,1.229945057084297,0.09715815882348625,0.16816384135278442,1.0,COLLAPSED,scienceqa,0.3,Naive Confidence (NC),temperature_transfer
0.13410891242516518,13.410891242516518,0.1365270004619616,13.65270004619616,0.12805473206023485,0.16555547121789382,-0.008434395716820808,0.15712018140589568,0.015266281403314224,0.023843012316622315,0.7242747871265696,0.6956417471112043,0.09715815882348625,0.16453181341718984,1.0,COLLAPSED,scienceqa,0.3,Temperature Scaling (TS),temperature_transfer
0.12445227931647085,12.445227931647086,0.12065546028730027,12.065546028730028,0.12187262413469394,0.1609633980567208,-0.003842322555647787,0.15712018140589568,0.014172367352779961,0.01892084511364358,0.7242747871265696,0.5901432966051601,0.09715815882348625,0.11558949827034537,1.0,COLLAPSED,scienceqa,0.3,Platt Scaling (1D),temperature_transfer
0.1269335173032292,12.693351730322918,0.1269335173032291,12.69335173032291,0.12374607972359941,0.16700302140451714,-0.009881945903444128,0.15712018140589568,0.00723514580657438,0.017576242260152305,0.6412721893491125,0.5995168752710792,0.12684817629479508,0.08401854185420163,0.8051687299531457,COLLAPSED,scienceqa,0.3,Spline Calibration (PCHIP),temperature_transfer
0.14133570398388554,14.133570398388553,0.13891189587320021,13.89118958732002,0.13280766336494332,0.16757771555303624,-0.010456640051963229,0.15712018140589568,0.014475547184818197,0.02683448373547951,0.7338360513782652,0.7041767722941609,0.08362024482514788,0.17692258554764465,0.9849584096553708,COLLAPSED,scienceqa,0.3,Adaptive TS (ATS),temperature_transfer
0.02417100252748932,2.417100252748932,0.02417100252748932,2.417100252748932,0.026453395998989108,0.1497755540691271,0.007345521431945917,0.15712018140589568,0.010565952955683043,0.0032213256189144515,0.6254870832731997,0.47275608845060046,0.1401816327039374,0.05929588147818651,0.5667110046098665,VALID,scienceqa,0.3,MSSC (Multi-Scale Proxy),temperature_transfer
0.12646214606502382,12.646214606502381,0.12170678380497947,12.170678380497947,0.12486421168719135,0.16414289978747879,-0.00702182428640577,0.15712018140589568,0.015042967944753656,0.02240007412892465,0.730660990041853,0.6046193539883767,0.0847448954648606,0.12666544460751678,0.98790611173994,COLLAPSED,scienceqa,0.3,Best 5D Trajectory,temperature_transfer
0.12646214606502382,12.646214606502381,0.12170678380497947,12.170678380497947,0.12486421168719135,0.16414289978747879,-0.00702182428640577,0.15712018140589568,0.015042967944753656,0.02240007412892465,0.730660990041853,0.6046193539883767,0.0847448954648606,0.12666544460751678,0.98790611173994,COLLAPSED,scienceqa,0.3,Two-Stage Residual,temperature_transfer
0.12698722006970378,12.698722006970378,0.12420669470247048,12.420669470247049,0.1231607419800441,0.16178535491906057,-0.004664279417987555,0.15712018140589568,0.015214546314786746,0.020613995576169112,0.7308594313753788,0.5926711525521513,0.08469740614829951,0.12850598088114704,0.9952108713183075,COLLAPSED,scienceqa,0.3,VCPS-5D (Our Method),temperature_transfer
0.13257810520242125,13.257810520242124,0.13057927095240154,13.057927095240155,0.12732929601403203,0.16452243099342734,-0.007401355492354322,0.15712018140589568,0.016607494528001438,0.02483501094632181,0.729073459373647,0.6110508827272197,0.08503703568202825,0.15283434346816951,0.9813352284613497,COLLAPSED,scienceqa,0.3,VCPS-17D (Our Method),temperature_transfer
0.2865155907596334,28.65155907596334,0.27844536869156333,27.844536869156332,0.28726720277657347,0.27712255780883455,-0.03372555780883449,0.24327600000000002,0.05706172258151205,0.09292494953885763,0.8108650257320903,1.1226870619500966,0.1910178498056298,0.20461967858396302,0.9999451295581688,COLLAPSED,textvqa,0.3,Naive Confidence (NC),temperature_transfer
0.276363519840767,27.6363519840767,0.27273422280484233,27.273422280484233,0.2823149993169089,0.2717568638579405,-0.028359863857940454,0.24327600000000002,0.05644350687505677,0.08744050488807598,0.8108650257320903,1.0517387601139934,0.1910178498056298,0.20314820985889592,0.9999451295581688,COLLAPSED,textvqa,0.3,Temperature Scaling (TS),temperature_transfer
0.26173550549154845,26.173550549154847,0.2484141864486007,24.84141864486007,0.2523520852299257,0.2588831228270433,-0.01548612282704323,0.24327600000000002,0.05874343694490172,0.07765603756303098,0.8108650257320903,1.0657937056475062,0.1910178498056298,0.2399670610498608,0.9999451295581688,COLLAPSED,textvqa,0.3,Platt Scaling (1D),temperature_transfer
0.2772552328764959,27.72552328764959,0.2772552328764959,27.72552328764959,0.27055989597331903,0.2883344293636279,-0.04493742936362785,0.24327600000000002,0.04502753862042713,0.09084543409608895,0.7182295006494682,0.9363509211247316,0.2804471323739586,0.18776379076561653,0.8425823071526908,COLLAPSED,textvqa,0.3,Spline Calibration (PCHIP),temperature_transfer
0.2760654994436258,27.60654994436258,0.26994013152597407,26.994013152597407,0.2800941366952962,0.2698555366319068,-0.026458536631906754,0.24327600000000002,0.05960304149833476,0.0890249251879254,0.8109472368832109,1.043648223693278,0.1908182744506153,0.2043634945885906,0.9971369039608533,COLLAPSED,textvqa,0.3,Adaptive TS (ATS),temperature_transfer
0.06886766306346614,6.8867663063466145,0.06886766306346614,6.8867663063466145,0.05210114616822668,0.21020537687465918,0.03319162312534088,0.24327600000000002,0.042904866949189754,0.009834243823848966,0.7332083723836301,0.6084634033175468,0.2628816716500558,0.1459828036500525,0.5751714489638484,VALID,textvqa,0.3,MSSC (Multi-Scale Proxy),temperature_transfer
0.2584069403394499,25.840694033944988,0.24972161473756352,24.97216147375635,0.24920245122613424,0.2581994708675595,-0.014802470867559453,0.24327600000000002,0.059632126240908856,0.07689855669099283,0.8108814679623144,1.0832364866368671,0.19075320415243954,0.2464888328923032,0.9982861749246084,COLLAPSED,textvqa,0.3,Best 5D Trajectory,temperature_transfer
0.2584069403394499,25.840694033944988,0.24972161473756352,24.97216147375635,0.24920245122613424,0.2581994708675595,-0.014802470867559453,0.24327600000000002,0.059632126240908856,0.07689855669099283,0.8108814679623144,1.0832364866368671,0.19075320415243954,0.2464888328923032,0.9982861749246084,COLLAPSED,textvqa,0.3,Two-Stage Residual,temperature_transfer
0.2548871923900424,25.488719239004244,0.24636484295556815,24.636484295556816,0.2471927934011487,0.25558815326162204,-0.012191153261621984,0.24327600000000002,0.06306530727189981,0.07736454267090367,0.8119995396175538,1.0726261691103955,0.19016710733385694,0.24653753118251676,0.9972146676798943,COLLAPSED,textvqa,0.3,VCPS-5D (Our Method),temperature_transfer
0.2591057466204123,25.91057466204123,0.2518165460103436,25.18165460103436,0.25458361800134305,0.2600027969502466,-0.016605796950246526,0.24327600000000002,0.05771202786102786,0.07760694671159601,0.8120653085384502,1.077970105771914,0.1905571159242877,0.2351832420422479,0.9991557131699332,COLLAPSED,textvqa,0.3,VCPS-17D (Our Method),temperature_transfer
0.42667825500677725,42.66782550067772,0.4194494976492968,41.94494976492968,0.417520745880623,0.3965830991558217,-0.15845809915582165,0.2379,0.03962749989635393,0.2011077892476652,0.7659773013871374,1.621807364314905,0.3872350387514372,0.2491392524560136,0.9999970959560096,COLLAPSED,vizwiz-vqa,0.3,Naive Confidence (NC),temperature_transfer
0.3982140140118345,39.82140140118345,0.3914743341641909,39.14743341641909,0.40052621064791827,0.36125498897385994,-0.1231299889738599,0.2379,0.05139480944047088,0.17642650441997268,0.7659773013871374,1.2322886064104723,0.3872350387514372,0.22857071270192197,0.9999970959560096,COLLAPSED,vizwiz-vqa,0.3,Temperature Scaling (TS),temperature_transfer
0.3384986535482929,33.84986535482929,0.3259348980742111,32.59348980742111,0.3182648423685175,0.3248257087144953,-0.08670070871449526,0.2379,0.049374412587578506,0.1374357788789467,0.7659773013871374,1.2401653153630228,0.3872350387514372,0.2996084880158045,0.9999970959560096,COLLAPSED,vizwiz-vqa,0.3,Platt Scaling (1D),temperature_transfer
0.27463194904415106,27.463194904415104,0.2702152722467366,27.021527224673658,0.27095940082838776,0.30222711252205664,-0.06410211252205661,0.2379,0.020058823291454874,0.0842307856089207,0.6303656998738966,0.8154274736849172,0.5263500854362495,0.19593286239721341,0.785714273249328,COLLAPSED,vizwiz-vqa,0.3,Spline Calibration (PCHIP),temperature_transfer
0.3984619071767079,39.84619071767079,0.39265546754568126,39.26554675456813,0.4012606150702645,0.3639890387770015,-0.12586403877700147,0.2379,0.04737128625472608,0.17612212883898004,0.7655821773854561,1.2412525429680843,0.3883038849042303,0.23094048306492013,0.9970320376084926,COLLAPSED,vizwiz-vqa,0.3,Adaptive TS (ATS),temperature_transfer
0.06637398492730498,6.637398492730498,0.06637398492730501,6.637398492730501,0.06604905615715774,0.21869314692654607,0.019431853073453964,0.2379,0.024148993822669867,0.0051317188235561265,0.671130727196301,0.6284204365891586,0.4842213478377111,0.0849450223634895,0.542808338858881,VALID,vizwiz-vqa,0.3,MSSC (Multi-Scale Proxy),temperature_transfer
0.33846976968308434,33.84697696830843,0.32339154925892394,32.339154925892394,0.31848207895775665,0.3248084474058934,-0.08668344740589334,0.2379,0.049128180461284934,0.1364715569856214,0.7638503572929803,1.243796807436777,0.38737706348925327,0.29906006878404673,0.9951898772206124,COLLAPSED,vizwiz-vqa,0.3,Best 5D Trajectory,temperature_transfer
0.33846976968308434,33.84697696830843,0.32339154925892394,32.339154925892394,0.31848207895775665,0.3248084474058934,-0.08668344740589334,0.2379,0.049128180461284934,0.1364715569856214,0.7638503572929803,1.243796807436777,0.38737706348925327,0.29906006878404673,0.9951898772206124,COLLAPSED,vizwiz-vqa,0.3,Two-Stage Residual,temperature_transfer
0.3412014532294383,34.12014532294383,0.3298355282363455,32.98355282363455,0.32219737836366563,0.3277767425926529,-0.08965174259265285,0.2379,0.04903753897405298,0.1393882504230065,0.7672467423287095,1.25316576099152,0.3863384515337063,0.29869081648006035,0.9984142092172683,COLLAPSED,vizwiz-vqa,0.3,VCPS-5D (Our Method),temperature_transfer
0.34092350674477967,34.09235067447797,0.3337598198721083,33.37598198721083,0.32501334427464934,0.3291453515247436,-0.09102035152474358,0.2379,0.04802242149248954,0.1408008355199007,0.7657839428331231,1.2635012342625616,0.38723271822677885,0.29297018912906386,0.999442115062074,COLLAPSED,vizwiz-vqa,0.3,VCPS-17D (Our Method),temperature_transfer
0.4382022401021215,43.82022401021215,0.4382022401021214,43.82022401021214,0.43697974992895583,0.43458938137682396,-0.135402131376824,0.246975,0.007898076923076923,0.1959281570014416,0.6387792286668692,5.975564428328102,0.36692991444948564,0.054034950073301224,1.0,COLLAPSED,vqav2_5scale,0.3,Naive Confidence (NC),temperature_transfer
0.4314362452597209,43.14362452597209,0.4314362452597207,43.14362452597207,0.43239471012066233,0.42469067517949355,-0.1255034251794936,0.246975,0.012914153439153439,0.19094818190686053,0.6387792286668692,3.135149655496099,0.36692991444948564,0.05998206940867584,1.0,COLLAPSED,vqav2_5scale,0.3,Temperature Scaling (TS),temperature_transfer
0.43117179392941263,43.11717939294126,0.43117179392941263,43.11717939294126,0.44094842605564355,0.4249629882080619,-0.12577573820806193,0.246975,0.00940743243243243,0.18905766911282365,0.6387792286668692,2.4471081662862697,0.36692991444948564,0.045570019164396194,1.0,COLLAPSED,vqav2_5scale,0.3,Platt Scaling (1D),temperature_transfer
0.3378843936091564,33.78843936091564,0.3378843936091561,33.78843936091561,0.33788439385901886,0.3601307873925003,-0.06094353739250036,0.246975,0.00154786432160804,0.11475339211765491,0.5393258426966292,1.0549645546098119,0.42773398858906675,0.015107847024303728,0.4392317815545827,COLLAPSED,vqav2_5scale,0.3,Spline Calibration (PCHIP),temperature_transfer
0.43034021542344464,43.03402154234446,0.4303402154234446,43.03402154234446,0.4346189112651561,0.42280894281882225,-0.12362169281882229,0.246975,0.01295383597883598,0.19002244719987896,0.7511893916388299,2.9174410240012456,0.26420673607185685,0.06006834398654792,0.6730210936260069,COLLAPSED,vqav2_5scale,0.3,Adaptive TS (ATS),temperature_transfer
0.15320306920215915,15.320306920215915,0.15320306920215918,15.320306920215918,0.13404082414018526,0.22969161494631465,0.0694956350536853,0.246975,0.050311874096367754,0.03319696114389446,0.7241623646118028,0.6682698729201928,0.2906111309042236,0.1672461364569466,0.2087020893553454,VALID,vqav2_5scale,0.3,MSSC (Multi-Scale Proxy),temperature_transfer
0.4291986718201982,42.91986718201982,0.42923435407497496,42.92343540749749,0.4374466389341398,0.4223196857263757,-0.12313243572637572,0.246975,0.011172388632872506,0.18855348818160306,0.758275129061646,2.403303625245072,0.2564726136761597,0.05571236371893532,0.7239740508991758,COLLAPSED,vqav2_5scale,0.3,Best 5D Trajectory,temperature_transfer
0.4291986718201982,42.91986718201982,0.42923435407497496,42.92343540749749,0.4374466389341398,0.4223196857263757,-0.12313243572637572,0.246975,0.011172388632872506,0.18855348818160306,0.758275129061646,2.403303625245072,0.2564726136761597,0.05571236371893532,0.7239740508991758,COLLAPSED,vqav2_5scale,0.3,Two-Stage Residual,temperature_transfer
0.4275997639247028,42.75997639247028,0.427599763924703,42.7599763924703,0.44035262994248836,0.4200145707761066,-0.12082732077610664,0.246975,0.015743817204301076,0.1907391950186421,0.7566555319364308,2.260321034682387,0.25992685877180466,0.05661135714396522,0.6808766055941493,COLLAPSED,vqav2_5scale,0.3,VCPS-5D (Our Method),temperature_transfer
0.42996540992149035,42.996540992149036,0.42996540992149,42.996540992149,0.4386846724304906,0.4236144586431766,-0.12442720864317663,0.246975,0.00940743243243243,0.18775397680306852,0.5948476566454095,2.3935040327402213,0.4432178388609166,0.050001597805480476,0.8024972164340239,COLLAPSED,vqav2_5scale,0.3,VCPS-17D (Our Method),temperature_transfer
0.07644669219821368,7.644669219821368,0.07898445200737354,7.8984452007373545,0.06063003397619166,0.09058394419801406,0.02856279144399898,0.11856932164108075,0.04186636582226233,0.014426684529786578,0.8537071078431372,0.3489692026305616,0.035363393191836345,0.17324135324608722,1.0,VALID,pope,0.6,Naive Confidence (NC),temperature_transfer
0.08283844215454766,8.283844215454767,0.07601762772704052,7.601762772704052,0.055959077168210754,0.0893610525940687,0.02978568304794435,0.11856932164108075,0.04271530848067507,0.015028655605157884,0.8537071078431372,0.32898228139499913,0.035363393191836345,0.17173144729568157,1.0,VALID,pope,0.6,Temperature Scaling (TS),temperature_transfer
0.08499569415641964,8.499569415641965,0.07577574841399602,7.577574841399602,0.055483960445139355,0.08926735381965986,0.029879381822353182,0.11856932164108075,0.04653204358164632,0.017996618314705677,0.8537071078431372,0.32914743877125413,0.035363393191836345,0.17340968359476094,1.0,VALID,pope,0.6,Platt Scaling (1D),temperature_transfer
0.08077169778692765,8.077169778692765,0.08349852812417259,8.349852812417259,0.07862488266104309,0.09700731016974452,0.02213942547226852,0.11856932164108075,0.03737061195590679,0.015983071972130582,0.8371936274509804,0.3539634260444115,0.03952597605120896,0.12369579610821868,0.9063264322120302,VALID,pope,0.6,Spline Calibration (PCHIP),temperature_transfer
0.08264243095662899,8.264243095662898,0.07687232197029839,7.687232197029839,0.054854384821018926,0.08838133672475611,0.030765398917256936,0.11856932164108075,0.047028927907433446,0.018344157023910908,0.8582107843137254,0.32123037388354103,0.03474665410525163,0.1757976619244895,0.9923155513129913,VALID,pope,0.6,Adaptive TS (ATS),temperature_transfer
0.025444236522402353,2.5444236522402353,0.025444236522402353,2.5444236522402353,0.030188542616656884,0.1076129910429769,0.011533744599036139,0.11856932164108075,0.011705202254751393,0.0007488716566475152,0.723406862745098,0.35402478253137887,0.06523070629506839,0.08123539471303413,0.5453883262509348,VALID,pope,0.6,MSSC (Multi-Scale Proxy),temperature_transfer
0.07219786067553952,7.219786067553952,0.07473699349140174,7.473699349140174,0.05154478398736327,0.08836073889547749,0.03078599674653555,0.11856932164108075,0.040180958481828136,0.011326759662701788,0.8560661764705881,0.32709299964390315,0.03518589558739175,0.17205358330257944,0.9994468526558474,VALID,pope,0.6,Best 5D Trajectory,temperature_transfer
0.07219786067553952,7.219786067553952,0.07473699349140174,7.473699349140174,0.05154478398736327,0.08836073889547749,0.03078599674653555,0.11856932164108075,0.040180958481828136,0.011326759662701788,0.8560661764705881,0.32709299964390315,0.03518589558739175,0.17205358330257944,0.9994468526558474,VALID,pope,0.6,Two-Stage Residual,temperature_transfer
0.0799915380895677,7.99915380895677,0.07442772523407098,7.442772523407099,0.05679333074479333,0.08932539897680286,0.029821336665210182,0.11856932164108075,0.041711417244330654,0.013551090552422025,0.8552696078431372,0.3363004219464106,0.03544653505325123,0.1742628334957211,0.998318374961846,VALID,pope,0.6,VCPS-5D (Our Method),temperature_transfer
0.0827022644108377,8.27022644108377,0.07421371280927416,7.421371280927416,0.05633544725077399,0.08881493086141136,0.030331804780601684,0.11856932164108075,0.04670181604414459,0.01741331501292263,0.8562500000000001,0.3240525585141341,0.03554791698716845,0.18734507528653466,0.9824139804112558,VALID,pope,0.6,VCPS-17D (Our Method),temperature_transfer
0.15540529876515372,15.540529876515372,0.14680387278120335,14.680387278120335,0.1285927488185329,0.18939767379702313,-0.02793636488594925,0.16142290249433103,0.018755097821513862,0.04682937959599613,0.7202809482001757,0.787478327194709,0.09300681435906903,0.26105228090840094,1.0,COLLAPSED,scienceqa,0.6,Naive Confidence (NC),temperature_transfer
0.1165810368357702,11.65810368357702,0.1205327967918237,12.05327967918237,0.11041038917602225,0.16969005418787772,-0.00822874527680384,0.16142290249433103,0.020311282294749596,0.029917553285600973,0.7202809482001757,0.5316347255501047,0.09300681435906903,0.22891432961158006,1.0,COLLAPSED,scienceqa,0.6,Temperature Scaling (TS),temperature_transfer
0.08959871552765085,8.959871552765085,0.08878120205722721,8.878120205722722,0.08087710196713005,0.1565928074507833,0.004868501460290581,0.16142290249433103,0.019683992213401898,0.016280658033483143,0.7202809482001757,0.4829071165771552,0.09300681435906903,0.15070492065900498,1.0,VALID,scienceqa,0.6,Platt Scaling (1D),temperature_transfer
0.09550625928718015,9.550625928718015,0.09492567523418763,9.492567523418764,0.08250333138919042,0.15926818070517437,0.0021931282058995083,0.16142290249433103,0.012594671171832758,0.010660311861544994,0.6903950834064969,0.5345629407414063,0.10811756084673274,0.11134001536431556,0.9268977165640985,VALID,scienceqa,0.6,Spline Calibration (PCHIP),temperature_transfer
0.11541436836346892,11.541436836346893,0.11492346847256403,11.492346847256403,0.10503761283490888,0.17276021941440423,-0.011298910503330345,0.16142290249433103,0.023111382197619136,0.03550039462514444,0.7285689201053556,0.5745831800064867,0.09076707760081634,0.243056677768839,0.9942182581727627,COLLAPSED,scienceqa,0.6,Adaptive TS (ATS),temperature_transfer
0.0479728010576085,4.79728010576085,0.0479728010576085,4.79728010576085,0.04771183590931229,0.15218416818013825,0.009277140730935635,0.16142290249433103,0.01167950968642213,0.0023972851172489153,0.6568042142230026,0.47642692587113933,0.11850123094497475,0.06685101319866507,0.6550735512549481,VALID,scienceqa,0.6,MSSC (Multi-Scale Proxy),temperature_transfer
0.08477932371076513,8.477932371076513,0.08639951727255898,8.639951727255898,0.08556899386197339,0.15687117661468247,0.004590132296391408,0.16142290249433103,0.01918446868695617,0.014950088800147126,0.7211237928007025,0.5215721581686223,0.0922687828503176,0.1595279404997916,0.989745198028434,VALID,scienceqa,0.6,Best 5D Trajectory,temperature_transfer
0.08477932371076513,8.477932371076513,0.08639951727255898,8.639951727255898,0.08556899386197339,0.15687117661468247,0.004590132296391408,0.16142290249433103,0.01918446868695617,0.014950088800147126,0.7211237928007025,0.5215721581686223,0.0922687828503176,0.1595279404997916,0.989745198028434,VALID,scienceqa,0.6,Two-Stage Residual,temperature_transfer
0.08611917214823342,8.611917214823341,0.09633834929025718,9.633834929025719,0.08296925732990862,0.16400368036923565,-0.002542371458161774,0.16142290249433103,0.01810983288451018,0.0218276954184118,0.7194732221246707,0.5151562479186196,0.0931994516379727,0.16960024405915916,0.9998534976170067,COLLAPSED,scienceqa,0.6,VCPS-5D (Our Method),temperature_transfer
0.0916603673006696,9.16603673006696,0.09349795090686337,9.349795090686337,0.0936562754373101,0.1661193773417437,-0.004658068430669821,0.16142290249433103,0.021119573947455946,0.026028601797273808,0.7172256365232661,0.5085752826973209,0.09337591752608329,0.1999207524330667,0.9758744436565926,COLLAPSED,scienceqa,0.6,VCPS-17D (Our Method),temperature_transfer
0.14275814395157882,14.275814395157882,0.14333898949010587,14.333898949010587,0.14171389174419186,0.17324417848368237,0.0753608215163177,0.247084,0.1050481138862539,0.03144869462890972,0.8685952955270273,0.5546342567252588,0.18369166207558657,0.3114386988445786,1.0,VALID,textvqa,0.6,Naive Confidence (NC),temperature_transfer
0.14069282568316727,14.069282568316726,0.1390832772380385,13.90832772380385,0.13934566481175445,0.1713703797135586,0.07723462028644149,0.247084,0.10338926505457807,0.02836234464164614,0.8685952955270273,0.5391549702173788,0.18369166207558657,0.30344522119085493,1.0,VALID,textvqa,0.6,Temperature Scaling (TS),temperature_transfer
0.09900213960228944,9.900213960228944,0.09964006563409783,9.964006563409782,0.09203256861104392,0.1598447515226974,0.08876024847730268,0.247084,0.10411057191235437,0.017615015624895574,0.8685952955270273,0.5185467463188258,0.18369166207558657,0.3400086089551466,1.0,VALID,textvqa,0.6,Platt Scaling (1D),temperature_transfer
0.15748733895639278,15.748733895639278,0.15748733895639278,15.748733895639278,0.1494153225912168,0.18542008740164548,0.0631849125983546,0.247084,0.09521446201293035,0.03435560489235331,0.8539444075698953,0.5861972665370586,0.2090606503320157,0.2843170171945445,0.9627659966496652,VALID,textvqa,0.6,Spline Calibration (PCHIP),temperature_transfer
0.13799639272652914,13.799639272652914,0.13667266471079295,13.667266471079294,0.136870178827894,0.1702209322245144,0.07838406777548568,0.247084,0.10136955483972905,0.025303203722425678,0.8673487558886857,0.5407593011808033,0.18476911574603186,0.3024929285028144,0.9981793527174108,VALID,textvqa,0.6,Adaptive TS (ATS),temperature_transfer
0.16979960172744094,16.979960172744093,0.16979960172744094,16.979960172744093,0.1256582627582605,0.1960303094650398,0.05257469053496028,0.247084,0.08415093537943535,0.03309724484447527,0.8298311505398974,0.577826192587805,0.21457786807271187,0.1419088581284026,0.6761829583178136,VALID,textvqa,0.6,MSSC (Multi-Scale Proxy),temperature_transfer
0.09301504555754987,9.301504555754986,0.09096372692721555,9.096372692721555,0.08474676221388108,0.15761413362385104,0.09099086637614903,0.247084,0.10357645774400268,0.014299182795997003,0.8692914150653219,0.5148262184283082,0.18368600246993555,0.3421249326434548,0.9965846903387613,VALID,textvqa,0.6,Best 5D Trajectory,temperature_transfer
0.09301504555754987,9.301504555754986,0.09096372692721555,9.096372692721555,0.08474676221388108,0.15761413362385104,0.09099086637614903,0.247084,0.10357645774400268,0.014299182795997003,0.8692914150653219,0.5148262184283082,0.18368600246993555,0.3421249326434548,0.9965846903387613,VALID,textvqa,0.6,Two-Stage Residual,temperature_transfer
0.08928252304880731,8.928252304880731,0.08914155280056432,8.914155280056432,0.08399507625393517,0.15636124487773584,0.09224375512226424,0.247084,0.10247986827962843,0.013069152713080543,0.8693237927182658,0.5143385944042311,0.183934940381919,0.3386289208815454,0.9961781287125149,VALID,textvqa,0.6,VCPS-5D (Our Method),temperature_transfer
0.10792042807450815,10.792042807450814,0.10812374794248213,10.812374794248212,0.09821703294622634,0.16239068544991114,0.08621431455008893,0.247084,0.10187921094013547,0.017603036813333205,0.8665231257386152,0.5303126391794543,0.18497773961637137,0.33687797550996645,0.9992266209064834,VALID,textvqa,0.6,VCPS-17D (Our Method),temperature_transfer
0.2576214513523281,25.76214513523281,0.25762145135232817,25.762145135232817,0.2598826802467081,0.2543099292894429,-0.01998492928944287,0.2331,0.061330270581819,0.08389456543833071,0.8007378807378809,0.7681862212344327,0.38785088360230763,0.3046555713040641,1.0,COLLAPSED,vizwiz-vqa,0.6,Naive Confidence (NC),temperature_transfer
0.24198639764789104,24.198639764789103,0.24198639764789107,24.198639764789107,0.24734144824073934,0.23661939112681507,-0.0022943911268150374,0.2331,0.06423541929257617,0.06865239578865481,0.8007378807378809,0.6783090251164757,0.38785088360230763,0.2605584314199124,1.0,COLLAPSED,vizwiz-vqa,0.6,Temperature Scaling (TS),temperature_transfer
0.13658855819583562,13.658855819583563,0.13564018498447838,13.564018498447838,0.14290207354697654,0.19719330440421168,0.037131695595788355,0.2331,0.06831931249312082,0.032552619146047075,0.8007378807378809,0.587408757285774,0.38785088360230763,0.3191348877937572,1.0,VALID,vizwiz-vqa,0.6,Platt Scaling (1D),temperature_transfer
0.1634500627988989,16.34500627988989,0.1634500627988989,16.34500627988989,0.1646634260939657,0.22192353488250308,0.012401465117496957,0.2331,0.0439326878343049,0.03286655236633953,0.7605491205491206,0.6342149837149067,0.453887432715926,0.2532225343606015,0.9581749543099799,VALID,vizwiz-vqa,0.6,Spline Calibration (PCHIP),temperature_transfer
0.2414409608216665,24.144096082166648,0.2414409608216665,24.144096082166648,0.2469325954377422,0.23689367746521253,-0.002568677465212499,0.2331,0.06457536709319615,0.06926967607297192,0.8003946803946804,0.6794249325780413,0.38841457977864224,0.2652207044034172,0.9986615386140316,COLLAPSED,vizwiz-vqa,0.6,Adaptive TS (ATS),temperature_transfer
0.08629711370694174,8.629711370694174,0.08629711370694172,8.629711370694173,0.07301977287171274,0.21289247657291943,0.021432523427080602,0.2331,0.028522036116921154,0.009171488069013384,0.7077048477048478,0.6156230054933649,0.4761164097623355,0.07758973798160836,0.5995471996720069,VALID,vizwiz-vqa,0.6,MSSC (Multi-Scale Proxy),temperature_transfer
0.12690956219863583,12.690956219863583,0.13151587827251582,13.151587827251582,0.13951301901947044,0.1952121763298676,0.03911282367013244,0.2331,0.06587059775482362,0.028026761640598453,0.8006177606177607,0.5826281617068869,0.38730979674214905,0.3179779996639872,0.9958654313624961,VALID,vizwiz-vqa,0.6,Best 5D Trajectory,temperature_transfer
0.12690956219863583,12.690956219863583,0.13151587827251582,13.151587827251582,0.13951301901947044,0.1952121763298676,0.03911282367013244,0.2331,0.06587059775482362,0.028026761640598453,0.8006177606177607,0.5826281617068869,0.38730979674214905,0.3179779996639872,0.9958654313624961,VALID,vizwiz-vqa,0.6,Two-Stage Residual,temperature_transfer
0.14427833294012807,14.427833294012807,0.13818300707075476,13.818300707075476,0.1472871130823393,0.19954281800694837,0.034782181993051664,0.2331,0.06479107129253517,0.03260436181359572,0.7998283998283999,0.5950460261070633,0.3887415677882414,0.3198812128887579,0.9995492541861991,VALID,vizwiz-vqa,0.6,VCPS-5D (Our Method),temperature_transfer
0.1395827380485424,13.95827380485424,0.13619885174870294,13.619885174870294,0.14569118606173023,0.1995494260458501,0.03477557395414993,0.2331,0.06876438841447947,0.03607225568812872,0.7997082797082796,0.5974208731053036,0.3889586480099933,0.3186555220415575,0.9986857307113807,VALID,vizwiz-vqa,0.6,VCPS-17D (Our Method),temperature_transfer
0.4405211800217612,44.05211800217612,0.4405211800217611,44.05211800217611,0.44590314345091603,0.4289947438997974,-0.12130249389979741,0.2484,0.01716881720430108,0.19892194567900803,0.7964975845410628,4.28100519117046,0.2634660111581635,0.0785391166529323,1.0,COLLAPSED,vqav2_5scale,0.6,Naive Confidence (NC),temperature_transfer
0.42425116560257825,42.42511656025783,0.4242511656025785,42.42511656025785,0.45101723908945285,0.40515333026417066,-0.09746108026417066,0.2484,0.032015398167723745,0.19210795812900555,0.7964975845410628,2.2681826079161134,0.2634660111581635,0.09514383932425623,1.0,COLLAPSED,vqav2_5scale,0.6,Temperature Scaling (TS),temperature_transfer
0.4267435410390925,42.67435410390925,0.4267435410390927,42.674354103909266,0.46512823535460124,0.4082814083124691,-0.10058915831246912,0.2484,0.040170833333333336,0.20358676838844347,0.7964975845410628,1.862802387289799,0.2634660111581635,0.06996487577237741,1.0,COLLAPSED,vqav2_5scale,0.6,Platt Scaling (1D),temperature_transfer
0.35203083487379955,35.203083487379956,0.3520308348737997,35.20308348737997,0.35203083516583156,0.3703722928207862,-0.06268004282078621,0.2484,0.00901855670103093,0.13113841371845741,0.5839371980676329,1.0788742008172383,0.4256265541128945,0.012841546996129181,0.525178496596332,COLLAPSED,vqav2_5scale,0.6,Spline Calibration (PCHIP),temperature_transfer
0.4195325014101202,41.95325014101202,0.4195588203752906,41.95588203752906,0.4519783273799394,0.39763461384122567,-0.08994236384122567,0.2484,0.035843223443223445,0.1887977136405271,0.8151167471819645,2.086100762714218,0.2747945370213119,0.09937819894489543,0.9292017328168373,COLLAPSED,vqav2_5scale,0.6,Adaptive TS (ATS),temperature_transfer
0.12978122639023176,12.978122639023177,0.12978122639023176,12.978122639023177,0.11496286908021756,0.194013208909566,0.113679041090434,0.2484,0.08878866232012377,0.03452504332485562,0.8249295491143317,0.5734766859297218,0.2193392006405543,0.17197689031696312,0.6349103565857191,VALID,vqav2_5scale,0.6,MSSC (Multi-Scale Proxy),temperature_transfer
0.4208286278174763,42.08286278174763,0.42082862781747626,42.08286278174763,0.45741290186841815,0.39997105788813075,-0.09227880788813075,0.2484,0.040667379679144376,0.19578047423067163,0.8029891304347826,1.8021073128132818,0.2782809125021008,0.08555286085321821,0.9620100188036282,COLLAPSED,vqav2_5scale,0.6,Best 5D Trajectory,temperature_transfer
0.4208286278174763,42.08286278174763,0.42082862781747626,42.08286278174763,0.45741290186841815,0.39997105788813075,-0.09227880788813075,0.2484,0.040667379679144376,0.19578047423067163,0.8029891304347826,1.8021073128132818,0.2782809125021008,0.08555286085321821,0.9620100188036282,COLLAPSED,vqav2_5scale,0.6,Two-Stage Residual,temperature_transfer
0.4162768905772924,41.62768905772924,0.4162768905772923,41.62768905772923,0.456977541172045,0.3932725075943836,-0.08558025759438359,0.2484,0.04140757575757575,0.19118756274447152,0.8135064412238324,1.6832883349002654,0.27937216019371447,0.0882872508892489,0.9394404718954967,COLLAPSED,vqav2_5scale,0.6,VCPS-5D (Our Method),temperature_transfer
0.4240154151461855,42.40154151461855,0.4240354633237631,42.40354633237631,0.46012946813545724,0.40493588996787094,-0.09724363996787094,0.2484,0.038273908143138906,0.19833645713544557,0.778683574879227,1.8253311004288038,0.30936261786205294,0.0776566023803391,0.9857221806887645,COLLAPSED,vqav2_5scale,0.6,VCPS-17D (Our Method),temperature_transfer
0.27766133089835787,27.766133089835787,0.27766133089835787,27.766133089835787,0.1797092781149559,0.10651048776030547,0.2156079414449188,0.24,0.24000000000000002,0.10646758857532776,1.0,0.3570917418247919,0.09261904761904763,0.20699045918168435,0.9999999999999999,VALID,pope,0.9,Naive Confidence (NC),temperature_transfer
0.291707479598798,29.1707479598798,0.291707479598798,29.1707479598798,0.1846597319258656,0.11161634261623157,0.2105020865889927,0.24,0.24000000000000002,0.1115287378466664,1.0,0.3741156636230133,0.09261904761904763,0.19477059532901225,0.9999999999999999,VALID,pope,0.9,Temperature Scaling (TS),temperature_transfer
0.29005855264486974,29.005855264486975,0.2900585526448698,29.00585526448698,0.1827976625831641,0.10962440042662092,0.21249402877860335,0.24,0.24000000000000002,0.10953426615342017,1.0,0.37038480459064055,0.09261904761904763,0.19750837594044912,0.9999999999999999,VALID,pope,0.9,Platt Scaling (1D),temperature_transfer
0.3136064237706802,31.36064237706802,0.31360642377068026,31.360642377068025,0.24045755683415648,0.17185655639347303,0.15026187281175124,0.24,0.24000000000000002,0.17176374157872876,1.0,0.4776683527564768,0.09261904761904763,0.14269152307917535,0.9999999999999999,VALID,pope,0.9,Spline Calibration (PCHIP),temperature_transfer
0.29139630223383145,29.139630223383143,0.29139630223383145,29.139630223383143,0.17964145993459035,0.11112334159565954,0.21099508760956473,0.24,0.24000000000000002,0.11104726935948575,1.0,0.37318671704677486,0.09261904761904763,0.19731923036176915,0.9999999999999999,VALID,pope,0.9,Adaptive TS (ATS),temperature_transfer
0.4530452806686504,45.30452806686504,0.4530452806686504,45.30452806686504,0.41325711710476437,0.3710214671927155,-0.04890303798749124,0.24,0.10666666666666669,0.23768813385938214,0.16666666666666666,1.2034305810119288,0.6432539682539682,0.08127211020974348,-0.28426762180748055,COLLAPSED,pope,0.9,MSSC (Multi-Scale Proxy),temperature_transfer
0.2975215055997794,29.75215055997794,0.2975215055997794,29.75215055997794,0.19483932885448782,0.11420350380390024,0.20791492540132403,0.24,0.24000000000000002,0.11408251909401214,1.0,0.380723065425168,0.09261904761904763,0.18871076298858128,0.9999999999999999,VALID,pope,0.9,Best 5D Trajectory,temperature_transfer
0.2975215055997794,29.75215055997794,0.2975215055997794,29.75215055997794,0.19483932885448782,0.11420350380390024,0.20791492540132403,0.24,0.24000000000000002,0.11408251909401214,1.0,0.380723065425168,0.09261904761904763,0.18871076298858128,0.9999999999999999,VALID,pope,0.9,Two-Stage Residual,temperature_transfer
0.285130738935834,28.513073893583403,0.285130738935834,28.513073893583403,0.17439901896349388,0.10786916201181869,0.2142492671934056,0.24,0.24000000000000002,0.1078162611375952,1.0,0.3643775419809979,0.09261904761904763,0.20446824772241126,0.9999999999999999,VALID,pope,0.9,VCPS-5D (Our Method),temperature_transfer
0.28045238855550486,28.045238855550487,0.2804523885555049,28.04523885555049,0.1777996184214807,0.10509313379494564,0.21702529541027862,0.24,0.24000000000000002,0.10503308381593492,1.0,0.3575667868706562,0.09261904761904763,0.2067927740584006,0.9878787878787878,VALID,pope,0.9,VCPS-17D (Our Method),temperature_transfer
0.27996552207873565,27.996552207873567,0.2799655220787356,27.99655220787356,0.20192040926684082,0.09902834601868146,0.24327602164242793,0.25,0.25,0.09875811406893835,1.0,0.35054861267690807,0.15218253968253967,0.2313934541372499,0.9999999999999999,VALID,scienceqa,0.9,Naive Confidence (NC),temperature_transfer
0.3716158226931995,37.16158226931995,0.37161582269319954,37.16158226931995,0.27155471583580065,0.14619763812711456,0.19610672953399483,0.25,0.25,0.1460599745437215,1.0,0.4751765471007996,0.15218253968253967,0.1356830081728452,0.9999999999999999,VALID,scienceqa,0.9,Temperature Scaling (TS),temperature_transfer
0.4274255509523748,42.74255509523748,0.4274255509523747,42.74255509523747,0.3382267899939278,0.2232999745432168,0.1190043931178926,0.25,0.25,0.22300502533909597,1.0,0.624225067387067,0.15218253968253967,0.07686701994678108,0.9999999999999999,VALID,scienceqa,0.9,Platt Scaling (1D),temperature_transfer
0.4762682707790587,47.62682707790587,0.47626827077905876,47.62682707790587,0.3565204341575833,0.28843104400167147,0.05387332365943792,0.25,0.25,0.2881081377027675,1.0,0.773461000620662,0.15218253968253967,0.029767453211856303,0.937436866561092,VALID,scienceqa,0.9,Spline Calibration (PCHIP),temperature_transfer
0.3676175795379114,36.76175795379114,0.3676175795379114,36.76175795379114,0.2658711702044377,0.14290366219724013,0.19940070546386926,0.25,0.25,0.14282976153529212,1.0,0.46841084028274527,0.15218253968253967,0.1400869637486452,0.9878787878787878,VALID,scienceqa,0.9,Adaptive TS (ATS),temperature_transfer
0.4726218241610355,47.26218241610355,0.4726218241610355,47.26218241610355,0.4493239652299496,0.3802439573087613,-0.03793958964765193,0.25,0.10714285714285715,0.23738681445161852,0.2,1.0428175365458086,0.7111507936507937,0.058483516096564075,-0.4938291646584311,COLLAPSED,scienceqa,0.9,MSSC (Multi-Scale Proxy),temperature_transfer
0.4334013082840843,43.34013082840843,0.4334013082840843,43.34013082840843,0.3462990179948774,0.2301243147182317,0.1121800529428777,0.25,0.25,0.22983692050524965,1.0,0.6391546406108465,0.15218253968253967,0.0704103252572893,0.9757575757575757,VALID,scienceqa,0.9,Best 5D Trajectory,temperature_transfer
0.4334013082840843,43.34013082840843,0.4334013082840843,43.34013082840843,0.3462990179948774,0.2301243147182317,0.1121800529428777,0.25,0.25,0.22983692050524965,1.0,0.6391546406108465,0.15218253968253967,0.0704103252572893,0.9757575757575757,VALID,scienceqa,0.9,Two-Stage Residual,temperature_transfer
0.42909251107850876,42.90925110785088,0.42909251107850876,42.90925110785088,0.3397913667955265,0.22468231413983286,0.11762205352127653,0.25,0.25,0.22439067879311064,1.0,0.6274322437008358,0.15218253968253967,0.07513953056150185,0.9878787878787878,VALID,scienceqa,0.9,VCPS-5D (Our Method),temperature_transfer
0.4262931194265173,42.62931194265173,0.4262931194265174,42.62931194265174,0.33268565715143594,0.22146604999828806,0.12083831766282133,0.25,0.25,0.2212916046775316,1.0,0.6205257108371268,0.15218253968253967,0.07880345779047629,0.9515151515151514,VALID,scienceqa,0.9,VCPS-17D (Our Method),temperature_transfer
0.38935025970757287,38.93502597075729,0.3893502597075728,38.93502597075728,0.2633146231506515,0.19340239896912115,0.08384660103087888,0.24,0.24000000000000002,0.19311506798799366,1.0,0.5538152972675014,0.23174603174603176,0.17735239378577616,0.9999999999999999,VALID,textvqa,0.9,Naive Confidence (NC),temperature_transfer
0.3945780449234814,39.45780449234814,0.3945780449234814,39.45780449234814,0.260644007287496,0.19303419333387958,0.08421480666612044,0.24,0.24000000000000002,0.19294902297895594,1.0,0.555933391209163,0.23174603174603176,0.16820960480700697,0.9999999999999999,VALID,textvqa,0.9,Temperature Scaling (TS),temperature_transfer
0.35024323852529143,35.02432385252914,0.35024323852529143,35.02432385252914,0.20350855321987601,0.14571768614829422,0.1315313138517058,0.24,0.24000000000000002,0.14560886960713434,1.0,0.4595107528582657,0.23174603174603176,0.201486253549169,0.9999999999999999,VALID,textvqa,0.9,Platt Scaling (1D),temperature_transfer
0.3685694801330895,36.85694801330895,0.3685694801330895,36.85694801330895,0.3052946501008743,0.19570320740056615,0.08154579259943387,0.24,0.24000000000000002,0.1954148313396393,1.0,0.546190616708909,0.23174603174603176,0.20535052360053224,0.9999999999999999,VALID,textvqa,0.9,Spline Calibration (PCHIP),temperature_transfer
0.39177010234198506,39.177010234198505,0.39177010234198506,39.177010234198505,0.260117482700823,0.19248649217790875,0.08476250782209127,0.24,0.24000000000000005,0.19229871433177792,1.0,0.5537090992397241,0.23174603174603176,0.17283234002721376,0.9999999999999999,VALID,textvqa,0.9,Adaptive TS (ATS),temperature_transfer
0.4690174367043271,46.90174367043271,0.4690174367043271,46.90174367043271,0.4675611837790376,0.4201443198548137,-0.14289531985481368,0.24,0.04,0.22014431985481367,0.375,1.1066895154397172,0.6546428571428572,0.07107330041244571,-0.1740776559556978,COLLAPSED,textvqa,0.9,MSSC (Multi-Scale Proxy),temperature_transfer
0.35313329057900705,35.3133290579007,0.353133290579007,35.3133290579007,0.21094799200890318,0.14873321845510717,0.12851578154489285,0.24,0.24000000000000002,0.14857445674897,1.0,0.4655781001170512,0.23174603174603176,0.19875385641395182,0.9999999999999999,VALID,textvqa,0.9,Best 5D Trajectory,temperature_transfer
0.35313329057900705,35.3133290579007,0.353133290579007,35.3133290579007,0.21094799200890318,0.14873321845510717,0.12851578154489285,0.24,0.24000000000000002,0.14857445674897,1.0,0.4655781001170512,0.23174603174603176,0.19875385641395182,0.9999999999999999,VALID,textvqa,0.9,Two-Stage Residual,temperature_transfer
0.3499934576972145,34.99934576972145,0.3499934576972145,34.99934576972145,0.20968125488172148,0.14877740779827467,0.12847159220172535,0.24,0.24000000000000002,0.14860862716590145,1.0,0.463552739520806,0.23174603174603176,0.20470202157627163,0.9999999999999999,VALID,textvqa,0.9,VCPS-5D (Our Method),temperature_transfer
0.34803885445612165,34.80388544561217,0.3480388544561217,34.80388544561217,0.20696948745152985,0.14332673673265026,0.13392226326734977,0.24,0.24000000000000002,0.1431190700117058,1.0,0.4549014388579386,0.23174603174603176,0.2012836675302174,0.9999999999999999,VALID,textvqa,0.9,VCPS-17D (Our Method),temperature_transfer
0.16711527379291144,16.711527379291145,0.16711527379291147,16.711527379291148,0.16784074150762593,0.19332382782664365,0.0478411721733564,0.24116400000000002,0.0831974746471921,0.03479748197572365,0.8350997661342489,0.575960471810271,0.34012466523589724,0.25303443201448717,1.0,VALID,vizwiz-vqa,0.9,Naive Confidence (NC),temperature_transfer
0.15560025103544137,15.560025103544136,0.15560025103544137,15.560025103544136,0.1562536141159374,0.19451369526866438,0.04665130473133566,0.24116400000000002,0.0817350610725799,0.035335383428823815,0.8350997661342489,0.5730261733329852,0.34012466523589724,0.20422405234808927,1.0,VALID,vizwiz-vqa,0.9,Temperature Scaling (TS),temperature_transfer
0.0675701505527193,6.757015055271929,0.07250713090719615,7.250713090719615,0.04498680035203065,0.16424389956705363,0.07692110043294642,0.24116400000000002,0.08360033588025201,0.006531767343616173,0.8350997661342489,0.5000265442974131,0.34012466523589724,0.25589979040704447,1.0,VALID,vizwiz-vqa,0.9,Platt Scaling (1D),temperature_transfer
0.0812674300254507,8.12674300254507,0.08448343002545063,8.448343002545062,0.08340504107030113,0.1723362747055253,0.06882872529447476,0.24116400000000002,0.07903793368390302,0.009983556973543509,0.8261763779005159,0.5256402548904323,0.37434008071910646,0.23503981913327193,0.989199713942688,VALID,vizwiz-vqa,0.9,Spline Calibration (PCHIP),temperature_transfer
0.15447853295461628,15.447853295461627,0.1544785329546163,15.44785329546163,0.15508739800673194,0.19436660948479206,0.04679839051520798,0.24116400000000002,0.0816835520801111,0.03557338288117901,0.8349007314524557,0.5727380137483082,0.3403228224722402,0.20551158557571425,0.9997816951267806,VALID,vizwiz-vqa,0.9,Adaptive TS (ATS),temperature_transfer
0.026868148089946697,2.6868148089946695,0.03438905766356242,3.438905766356242,0.026675048708870268,0.22862299368668465,0.012542006313315396,0.24116400000000002,0.01298717416449153,0.0010646942721545486,0.6337098406063923,0.6488781926229712,0.5033836063281585,0.08469985266317154,0.3853327200515668,VALID,vizwiz-vqa,0.9,MSSC (Multi-Scale Proxy),temperature_transfer
0.06470195657779426,6.470195657779426,0.07077271399820884,7.077271399820884,0.04508984956659409,0.16398502667801323,0.07717997332198681,0.24116400000000002,0.08382995631901718,0.006914725350672511,0.8357963875205255,0.4991699536458367,0.3399386505511563,0.2560422944283425,0.9992103008412033,VALID,vizwiz-vqa,0.9,Best 5D Trajectory,temperature_transfer
0.06470195657779426,6.470195657779426,0.07077271399820884,7.077271399820884,0.04508984956659409,0.16398502667801323,0.07717997332198681,0.24116400000000002,0.08382995631901718,0.006914725350672511,0.8357963875205255,0.4991699536458367,0.3399386505511563,0.2560422944283425,0.9992103008412033,VALID,vizwiz-vqa,0.9,Two-Stage Residual,temperature_transfer
0.07055891584333594,7.055891584333594,0.0722937202030286,7.2293720203028595,0.04443894772036655,0.16411864807766488,0.07704635192233517,0.24116400000000002,0.08453117580594754,0.007092060824965071,0.8353485594864904,0.4995928285333893,0.33998461892825915,0.2560870839929365,0.9999041916167665,VALID,vizwiz-vqa,0.9,VCPS-5D (Our Method),temperature_transfer
0.06727124219809656,6.727124219809657,0.06758667216222868,6.758667216222867,0.04328101820883562,0.16380823315075366,0.07735676684924639,0.24116400000000002,0.0838590349198818,0.006434669399129714,0.8361446982136638,0.49854311569824494,0.33938854499174104,0.25689596828534633,0.9995252781011122,VALID,vizwiz-vqa,0.9,VCPS-17D (Our Method),temperature_transfer
0.4552282918361167,45.52282918361167,0.4552285266784173,45.52285266784173,0.46180365385230293,0.44693925675239404,-0.12790700675239403,0.2496,0.01731739130434783,0.2169638016247678,0.7960236378205129,3.2594041690974302,0.2591152335743189,0.08995579139841187,1.0,COLLAPSED,vqav2_5scale,0.9,Naive Confidence (NC),temperature_transfer
0.42901104878656393,42.90110487865639,0.42917483521655964,42.91748352165597,0.45618249855925974,0.4117526036750587,-0.09272035367505871,0.2496,0.03541786427145708,0.20248792894531584,0.7960236378205129,1.7476923992649944,0.2591152335743189,0.10319600136505112,1.0,COLLAPSED,vqav2_5scale,0.9,Temperature Scaling (TS),temperature_transfer
0.42944157404994776,42.944157404994776,0.4302575388824538,43.02575388824538,0.4621379033380269,0.4120919201997775,-0.09305967019977746,0.2496,0.03198782051282051,0.20102592074801057,0.7960236378205129,1.5235249783906881,0.2591152335743189,0.07400414299105612,1.0,COLLAPSED,vqav2_5scale,0.9,Platt Scaling (1D),temperature_transfer
0.3712580236807907,37.12580236807907,0.37125802368079075,37.12580236807908,0.3712580239591634,0.385506832734231,-0.06647458273423096,0.2496,0.0024670120898100173,0.13895395315018294,0.6046173878205128,1.1198121791132467,0.44024194611500256,0.017044843342835354,0.5844185718698018,COLLAPSED,vqav2_5scale,0.9,Spline Calibration (PCHIP),temperature_transfer
0.421982306967727,42.1982306967727,0.4221172162595277,42.21172162595277,0.45171855477255707,0.4022996353899431,-0.0832673853899431,0.2496,0.043709872611464966,0.2010409750878288,0.8095953525641026,1.611615572890646,0.25007020501271765,0.10721508786233158,0.9788710254932897,COLLAPSED,vqav2_5scale,0.9,Adaptive TS (ATS),temperature_transfer
0.15295262642579296,15.295262642579296,0.15295262642579302,15.295262642579303,0.12716576722911746,0.18960567878530835,0.12942657121469167,0.2496,0.09513756830601093,0.03528718322968619,0.8428986378205129,0.559790035287851,0.23655830264473363,0.1596274627398273,0.6021617906249567,VALID,vqav2_5scale,0.9,MSSC (Multi-Scale Proxy),temperature_transfer
0.42110892004874284,42.11089200487429,0.42202025050851755,42.20202505085175,0.45346697961849414,0.4019959367891452,-0.08296368678914517,0.2496,0.0440924935491438,0.20169730507819653,0.8053886217948718,1.4576423387851867,0.2567629077847314,0.09056177093235789,0.9984589919272627,COLLAPSED,vqav2_5scale,0.9,Best 5D Trajectory,temperature_transfer
0.42110892004874284,42.11089200487429,0.42202025050851755,42.20202505085175,0.45346697961849414,0.4019959367891452,-0.08296368678914517,0.2496,0.0440924935491438,0.20169730507819653,0.8053886217948718,1.4576423387851867,0.2567629077847314,0.09056177093235789,0.9984589919272627,COLLAPSED,vqav2_5scale,0.9,Two-Stage Residual,temperature_transfer
0.4154294537500869,41.542945375008685,0.4144428502707733,41.444285027077335,0.4478758121013876,0.39224218617264284,-0.07320993617264282,0.2496,0.061286535336170365,0.20786016471069643,0.8205128205128205,1.3568415220905796,0.24654904618078657,0.09284176776466568,0.9865299466212735,COLLAPSED,vqav2_5scale,0.9,VCPS-5D (Our Method),temperature_transfer
0.42627658497224397,42.627658497224395,0.4273013809915979,42.730138099159795,0.45649422719239474,0.4099812867019122,-0.09094903670191218,0.2496,0.027415635451505015,0.19439289144478641,0.7872596153846153,1.504547853338299,0.26222378036639493,0.08102394507663652,0.9981334634021873,COLLAPSED,vqav2_5scale,0.9,VCPS-17D (Our Method),temperature_transfer
0.04592696786920897,4.592696786920897,0.03350585119452359,3.350585119452359,0.04105627264136548,0.08199103786445633,0.043407392651166915,0.12436701273603068,0.04888866569434133,0.007287774677421661,0.8963079799041945,0.27065352341048204,0.029203347415104955,0.2316894855912587,1.0,VALID,pope,1.0,Naive Confidence (NC),temperature_transfer
0.03489413696198388,3.489413696198388,0.03378775236933372,3.378775236933372,0.046012122715571556,0.0821859178739376,0.043212512641685644,0.12436701273603068,0.04652000427313567,0.004451186089305475,0.8963079799041945,0.27046060989890347,0.029203347415104955,0.22635650245613614,1.0,VALID,pope,1.0,Temperature Scaling (TS),temperature_transfer
0.030719234834753324,3.071923483475332,0.03427075549167038,3.427075549167038,0.047371624212233336,0.08230366964059449,0.043094760875028754,0.12436701273603068,0.04456582637556154,0.0032705405756629927,0.8963079799041945,0.2709105094379334,0.029203347415104955,0.22860795404694784,1.0,VALID,pope,1.0,Platt Scaling (1D),temperature_transfer
0.04279306318631987,4.279306318631987,0.04392660376716495,4.392660376716496,0.03890477363946782,0.08513929612660597,0.04025913438901728,0.12436701273603068,0.045920471556932456,0.007527719456111848,0.8943509755812595,0.2752428968253746,0.033155458944596185,0.16839943882509545,0.9895555800719712,VALID,pope,1.0,Spline Calibration (PCHIP),temperature_transfer
0.0420673994961334,4.20673994961334,0.03889501538821842,3.889501538821842,0.04977438147061953,0.08294943291860195,0.042448997597021296,0.12436701273603068,0.047869038139507235,0.006064296267776447,0.8950227830354014,0.2764158964326795,0.029554171750322163,0.22986165385006485,0.9902359225625431,VALID,pope,1.0,Adaptive TS (ATS),temperature_transfer
0.024769339137565995,2.4769339137565995,0.024769339137565995,2.4769339137565995,0.030409972127137794,0.11339319752833263,0.012005232987290615,0.12436701273603068,0.011727323976933997,0.0007535087692359393,0.7171106437667952,0.36719423114409677,0.06478292351727606,0.08272804615790967,0.5943017214543671,VALID,pope,1.0,MSSC (Multi-Scale Proxy),temperature_transfer
0.03631459782192544,3.631459782192544,0.03905265043093517,3.905265043093517,0.049758669788495136,0.08313928868212718,0.042259141833496064,0.12436701273603068,0.04439445818132119,0.003897203931887016,0.8932702418506836,0.2729186258871287,0.03037297019943812,0.22886378713838842,0.9987818329492754,VALID,pope,1.0,Best 5D Trajectory,temperature_transfer
0.03631459782192544,3.631459782192544,0.03905265043093517,3.905265043093517,0.049758669788495136,0.08313928868212718,0.042259141833496064,0.12436701273603068,0.04439445818132119,0.003897203931887016,0.8932702418506836,0.2729186258871287,0.03037297019943812,0.22886378713838842,0.9987818329492754,VALID,pope,1.0,Two-Stage Residual,temperature_transfer
0.032436324278983894,3.2436324278983895,0.03463987071632739,3.463987071632739,0.04663104995029964,0.08253512521439944,0.0428633053012238,0.12436701273603068,0.04550966496795997,0.004530834416047406,0.8944386026404955,0.2721815127640815,0.029718816373492392,0.23086415214628023,0.9973484671569453,VALID,pope,1.0,VCPS-5D (Our Method),temperature_transfer
0.05156765540165558,5.156765540165558,0.04258199380414933,4.258199380414933,0.059835376182354856,0.08433548662903792,0.041062943886585324,0.12436701273603068,0.05032829126091393,0.010308052537324572,0.8975931767729876,0.28414689631262213,0.02809675875361183,0.24139294058406202,0.9733202322360583,VALID,pope,1.0,VCPS-17D (Our Method),temperature_transfer
0.17307477678308258,17.30747767830826,0.1693599266639005,16.93599266639005,0.1612706713402732,0.1989647497950607,-0.0317164630039857,0.16700113378684808,0.013738438863529507,0.04663607261724712,0.6866152958348892,0.647968573180578,0.11001812399557492,0.2860496662015705,0.9999999999999999,COLLAPSED,scienceqa,1.0,Naive Confidence (NC),temperature_transfer
0.1145942521047399,11.45942521047399,0.12253098604186263,12.253098604186263,0.11751812177320571,0.17856613075757685,-0.011317843966501845,0.16700113378684808,0.017404313819258485,0.028686346118424008,0.6866152958348892,0.5240905843000183,0.11001812399557492,0.22749777713694816,0.9999999999999999,COLLAPSED,scienceqa,1.0,Temperature Scaling (TS),temperature_transfer
0.064234009157639,6.423400915763899,0.0753013859879064,7.530138598790639,0.04908377334319793,0.1578749497577694,0.009373337033305618,0.16700113378684808,0.01898237467666826,0.009803804934964721,0.6866152958348892,0.48002535345643665,0.11001812399557492,0.1443915590095944,0.9999999999999999,VALID,scienceqa,1.0,Platt Scaling (1D),temperature_transfer
0.058323420668905016,5.832342066890502,0.05624879453586675,5.624879453586675,0.055834518312057345,0.16035447523490115,0.006893811556173857,0.16700113378684808,0.011489306570452633,0.005465844630984982,0.6745476764316507,0.4998541382193198,0.11761702969325295,0.11189957625311245,0.976394442530393,VALID,scienceqa,1.0,Spline Calibration (PCHIP),temperature_transfer
0.13024758577372497,13.024758577372497,0.1331245106625386,13.31245106625386,0.12755741918522753,0.18366212579255348,-0.01641383900147847,0.16700113378684808,0.020273057320929665,0.03874626424458207,0.6869886961539767,0.6225509204701698,0.10891996027040407,0.24145248315376328,0.9903086574525022,COLLAPSED,scienceqa,1.0,Adaptive TS (ATS),temperature_transfer
0.0287526679943837,2.87526679943837,0.028752667994383727,2.8752667994383727,0.03477870481402139,0.16409444609743293,0.0031538406936420793,0.16700113378684808,0.004973685651322904,0.0021411945998884327,0.5915679418853322,0.5067311469995633,0.16950342825366949,0.07469643354718494,0.7128349629448175,VALID,scienceqa,1.0,MSSC (Multi-Scale Proxy),temperature_transfer
0.06499649194124521,6.499649194124521,0.07124635476957272,7.124635476957272,0.05599499300938101,0.16590851091158554,0.0013397758794894687,0.16700113378684808,0.01624592542822016,0.014683816179944418,0.6763637598017584,0.6273263314084824,0.11219803475685261,0.15900899016080322,0.9671922338400039,VALID,scienceqa,1.0,Best 5D Trajectory,temperature_transfer
0.06499649194124521,6.499649194124521,0.07124635476957272,7.124635476957272,0.05599499300938101,0.16590851091158554,0.0013397758794894687,0.16700113378684808,0.01624592542822016,0.014683816179944418,0.6763637598017584,0.6273263314084824,0.11219803475685261,0.15900899016080322,0.9671922338400039,VALID,scienceqa,1.0,Two-Stage Residual,temperature_transfer
0.0626571654291971,6.2657165429197095,0.06768406159270422,6.768406159270422,0.053534234526702196,0.16026661729788882,0.006981669493186182,0.16700113378684808,0.017706057442890367,0.01175673075853857,0.6867171322855494,0.5744086029061255,0.1100300355832931,0.16681186968939124,0.9996188834272569,VALID,scienceqa,1.0,VCPS-5D (Our Method),temperature_transfer
0.11687719801257068,11.687719801257067,0.11828111751058325,11.828111751058325,0.11273960824466273,0.18702863357496766,-0.01978034678389265,0.16700113378684808,0.012557427543999928,0.03278866855169743,0.6602396551138872,0.5579213444924311,0.11798683526424668,0.2219495758032971,0.8913492382933819,COLLAPSED,scienceqa,1.0,VCPS-17D (Our Method),temperature_transfer
0.04923148530223583,4.923148530223584,0.04394400695301655,4.394400695301655,0.033406542176693976,0.14029272839323398,0.12096027160676609,0.249804,0.11368663771689358,0.004917203153975295,0.8837008214440122,0.4294971877940818,0.22468555788435726,0.34457154123031386,1.0,VALID,textvqa,1.0,Naive Confidence (NC),temperature_transfer
0.04886360821731726,4.886360821731726,0.04386652679386724,4.3866526793867235,0.03207363036825288,0.13993156016845354,0.12132143983154653,0.249804,0.11278724232551923,0.004119765429904161,0.8837008214440122,0.42837551102571353,0.22468555788435726,0.3335772831160541,1.0,VALID,textvqa,1.0,Temperature Scaling (TS),temperature_transfer
0.046422498241180624,4.642249824118062,0.04774466835478776,4.774466835478776,0.03477664344804496,0.1408447943524485,0.12040820564755156,0.249804,0.11236754112614764,0.004057054941620904,0.8837008214440122,0.4326924422298614,0.22468555788435726,0.35585641061994217,1.0,VALID,textvqa,1.0,Platt Scaling (1D),temperature_transfer
0.07861903757203391,7.8619037572033905,0.0873107428542328,8.731074285423281,0.0726259582446038,0.15051510736495985,0.11073789263504022,0.249804,0.10976433561757096,0.011305407868031376,0.8813149509215225,0.47433396525935734,0.23398373034786882,0.3048617630160276,0.9914995868290138,VALID,textvqa,1.0,Spline Calibration (PCHIP),temperature_transfer
0.04251679565582322,4.251679565582322,0.04735588310707611,4.7355883107076115,0.03299631693378443,0.14089632631587506,0.120356673684125,0.249804,0.11170935257263895,0.003716217755796218,0.8810587500600471,0.4337069819484469,0.22654268054112806,0.3300466981473048,0.9964836979347916,VALID,textvqa,1.0,Adaptive TS (ATS),temperature_transfer
0.1516370813139519,15.16370813139519,0.1516370813139519,15.16370813139519,0.10108882320276666,0.21162841167334623,0.04962458832665384,0.249804,0.06599686018755327,0.027821271860899548,0.7859281676834639,0.6121020170813729,0.2871719778795393,0.12229533881443169,0.6689217858855929,VALID,textvqa,1.0,MSSC (Multi-Scale Proxy),temperature_transfer
0.05475308749881863,5.475308749881863,0.05268123378408746,5.268123378408746,0.043127669444487246,0.14418638006805412,0.11706661993194595,0.249804,0.11068816022271738,0.0053420264378958564,0.878704904645242,0.44503060270698674,0.2273698833699883,0.3574069955470511,0.9859259597038388,VALID,textvqa,1.0,Best 5D Trajectory,temperature_transfer
0.05475308749881863,5.475308749881863,0.05268123378408746,5.268123378408746,0.043127669444487246,0.14418638006805412,0.11706661993194595,0.249804,0.11068816022271738,0.0053420264378958564,0.878704904645242,0.44503060270698674,0.2273698833699883,0.3574069955470511,0.9859259597038388,VALID,textvqa,1.0,Two-Stage Residual,temperature_transfer
0.04603662937099073,4.603662937099073,0.048587267598412025,4.858726759841202,0.04064321585648775,0.14390851063102134,0.11734448936897873,0.249804,0.11013795787345154,0.00441327714929203,0.8777761765223935,0.4428777621815248,0.22821310918446,0.3529672138436874,0.9862825051300205,VALID,textvqa,1.0,VCPS-5D (Our Method),temperature_transfer
0.04942931382929126,4.942931382929126,0.043285251893220196,4.328525189322019,0.0310064469197956,0.14024041861799624,0.12101258138200383,0.249804,0.11394260970002107,0.0050715014637263064,0.883844934428592,0.4297732670816296,0.22500901853086738,0.3563578927286856,0.9985753543014172,VALID,textvqa,1.0,VCPS-17D (Our Method),temperature_transfer
0.12993214717554513,12.993214717554514,0.13124997003920516,13.124997003920516,0.14596754429616504,0.15126789498168614,0.07013710501831391,0.21079599999999998,0.08646461705672182,0.027052480326869556,0.858991631719767,0.46480821094872615,0.42197491252381497,0.31484912652151986,1.0,VALID,vizwiz-vqa,1.0,Naive Confidence (NC),temperature_transfer
0.151447194124492,15.1447194124492,0.14625026692081572,14.625026692081573,0.14596398186411247,0.15373176419387263,0.06767323580612741,0.21079599999999998,0.0875840464262892,0.029621600350746624,0.858991631719767,0.47143509174651804,0.42197491252381497,0.26547131008058106,1.0,VALID,vizwiz-vqa,1.0,Temperature Scaling (TS),temperature_transfer
0.05770574783102669,5.770574783102669,0.046271771744885774,4.627177174488577,0.037631600015576,0.12752919770545362,0.09387580229454642,0.21079599999999998,0.08870396939673143,0.005561373015597375,0.858991631719767,0.410640561823288,0.42197491252381497,0.2881581435212535,1.0,VALID,vizwiz-vqa,1.0,Platt Scaling (1D),temperature_transfer
0.08796002133852446,8.796002133852445,0.09114700880483684,9.114700880483683,0.07936812144725033,0.14279995910609464,0.07860504089390541,0.21079599999999998,0.08340815191410927,0.015431127085177868,0.8506043757946071,0.4543480662092712,0.4630814681757768,0.2490612179946143,0.9934093162569767,VALID,vizwiz-vqa,1.0,Spline Calibration (PCHIP),temperature_transfer
0.14524311852371755,14.524311852371754,0.14436399045725634,14.436399045725635,0.1437722398858585,0.1535714904343222,0.06783350956567785,0.21079599999999998,0.08440417774799694,0.02801284381213345,0.8590106074119053,0.47108205689555394,0.4228742040411241,0.26654457538208903,0.9956051024204097,VALID,vizwiz-vqa,1.0,Adaptive TS (ATS),temperature_transfer
0.07454457655682085,7.454457655682085,0.1051035557390102,10.51035557390102,0.0770130141495217,0.1962194682569609,0.02518553174303914,0.21079599999999998,0.019673952952438557,0.006732608281883741,0.6985521546898423,0.5803008826092748,0.5607638682553229,0.062251404332587815,0.5788916401795285,VALID,vizwiz-vqa,1.0,MSSC (Multi-Scale Proxy),temperature_transfer
0.0626784185533858,6.267841855338579,0.051452303581504856,5.145230358150486,0.03348711655404769,0.13238678855101402,0.08901821144898603,0.21079599999999998,0.08419731350232461,0.006075850314664772,0.8430900017078122,0.499989700527981,0.42953395055683563,0.28392417122181185,0.9518320953283812,VALID,vizwiz-vqa,1.0,Best 5D Trajectory,temperature_transfer
0.0626784185533858,6.267841855338579,0.051452303581504856,5.145230358150486,0.03348711655404769,0.13238678855101402,0.08901821144898603,0.21079599999999998,0.08419731350232461,0.006075850314664772,0.8430900017078122,0.499989700527981,0.42953395055683563,0.28392417122181185,0.9518320953283812,VALID,vizwiz-vqa,1.0,Two-Stage Residual,temperature_transfer
0.06219571672635049,6.219571672635049,0.054704777969304244,5.470477796930425,0.041453447906312474,0.12904070274263427,0.09236429725736578,0.21079599999999998,0.08769668112619117,0.005941105445614248,0.8543046357615893,0.44205017411478553,0.42839268009461307,0.294882316520263,0.9966692666770667,VALID,vizwiz-vqa,1.0,VCPS-5D (Our Method),temperature_transfer
0.06192931436635189,6.192931436635189,0.05062602367983084,5.062602367983084,0.037955878621314124,0.1271108854022365,0.09429411459776355,0.21079599999999998,0.08893306554128072,0.005631203409627536,0.8593711455625344,0.4081986266615429,0.42146331040983975,0.29046810428354386,0.9980894003576013,VALID,vizwiz-vqa,1.0,VCPS-17D (Our Method),temperature_transfer
0.48080739602446554,48.080739602446556,0.47387803301215176,47.38780330121518,0.4759698283898023,0.4733069890633344,-0.14009973906333445,0.249975,0.013064015151515153,0.23882017144815637,0.7092209220922093,3.2702994850608516,0.3402024731166375,0.09088008829811497,1.0,COLLAPSED,vqav2_5scale,1.0,Naive Confidence (NC),temperature_transfer
0.440172599985301,44.0172599985301,0.4390786158028773,43.90786158028773,0.4507253189513932,0.4323245708127331,-0.09911732081273317,0.249975,0.022369827394827395,0.20929772204379637,0.7092209220922093,1.767126452505355,0.3402024731166375,0.11128060565192517,1.0,COLLAPSED,vqav2_5scale,1.0,Temperature Scaling (TS),temperature_transfer
0.441624701830118,44.1624701830118,0.4416247018301179,44.16247018301179,0.45795905139696924,0.4318112567129199,-0.09860400671291997,0.249975,0.02505198607698607,0.21119778522454413,0.7092209220922093,1.5552557366625417,0.3402024731166375,0.07900087305704984,1.0,COLLAPSED,vqav2_5scale,1.0,Platt Scaling (1D),temperature_transfer
0.3963750605572378,39.63750605572378,0.3963750605572378,39.63750605572378,0.39637506079880785,0.40653171401692406,-0.0733244640169241,0.249975,0.001231476683937824,0.15785479840074082,0.5740574057405741,1.17774243666073,0.5275825480470246,0.013356010179715699,0.6543874910283394,COLLAPSED,vqav2_5scale,1.0,Spline Calibration (PCHIP),temperature_transfer
0.43463873106038975,43.463873106038974,0.43013101068451465,43.01310106845146,0.4469090840354637,0.4207297467970523,-0.08752249679705232,0.249975,0.033333585858585854,0.20681741715639157,0.7327732773277327,1.6224358721636352,0.32266002053034615,0.11594948560759623,0.9821678556471521,COLLAPSED,vqav2_5scale,1.0,Adaptive TS (ATS),temperature_transfer
0.12658800340455623,12.658800340455622,0.12658800340455625,12.658800340455626,0.11645401263110829,0.202360270318943,0.13084697968105696,0.249975,0.07758860261360262,0.03060463545298807,0.8112811281128113,0.5918130552416738,0.2807172956066275,0.15857607358022724,0.623379644570868,VALID,vqav2_5scale,1.0,MSSC (Multi-Scale Proxy),temperature_transfer
0.4318675097073538,43.18675097073538,0.4318675097073538,43.18675097073538,0.4488126990992123,0.42172782086050153,-0.08852057086050158,0.249975,0.027229124430817115,0.20186398949885903,0.7196719671967196,1.490444055434958,0.3332552523087921,0.09473929565233002,0.9980240674594562,COLLAPSED,vqav2_5scale,1.0,Best 5D Trajectory,temperature_transfer
0.4318675097073538,43.18675097073538,0.4318675097073538,43.18675097073538,0.4488126990992123,0.42172782086050153,-0.08852057086050158,0.249975,0.027229124430817115,0.20186398949885903,0.7196719671967196,1.490444055434958,0.3332552523087921,0.09473929565233002,0.9980240674594562,COLLAPSED,vqav2_5scale,1.0,Two-Stage Residual,temperature_transfer
0.42353577453350966,42.353577453350965,0.42353577453350977,42.35357745335098,0.440843985065155,0.4111586522422296,-0.07795140224222963,0.249975,0.04767912776412776,0.21113118695923877,0.7377737773777377,1.3965780056207904,0.31998496629606443,0.09743169336702219,0.9864489803349451,COLLAPSED,vqav2_5scale,1.0,VCPS-5D (Our Method),temperature_transfer
0.4490926942558945,44.90926942558945,0.4383109223413892,43.83109223413892,0.45435837945060537,0.43043323339396217,-0.09722598339396221,0.249975,0.02928616327595201,0.21298241578616717,0.7056705670567056,1.5339670415329942,0.3411340185076594,0.08480386401296694,0.9973640482363907,COLLAPSED,vqav2_5scale,1.0,VCPS-17D (Our Method),temperature_transfer
0.050886718294615205,5.0886718294615205,0.05406111559577496,5.406111559577496,0.061443992429556164,0.08433752944273262,0.08690666347936546,0.16288751171525928,0.08401589167113248,0.00589750810546846,0.9054861730597681,0.3111180758147643,0.053176502836836684,0.2617982713451445,1.0,VALID,pope,1.5,Naive Confidence (NC),temperature_transfer
0.07680878914128493,7.680878914128493,0.0655539429946249,6.55539429946249,0.07220401703482135,0.08632286005275538,0.0849213328693427,0.16288751171525928,0.08678696793744828,0.010162547173506972,0.9054861730597681,0.3174196822577346,0.053176502836836684,0.2501712987346323,1.0,VALID,pope,1.5,Temperature Scaling (TS),temperature_transfer
0.06802900204213859,6.802900204213859,0.06527291431184457,6.527291431184457,0.07270561737103952,0.08633779296761714,0.08490639995448095,0.16288751171525928,0.0836087711655407,0.007260051485199772,0.9054861730597681,0.3177654273543722,0.053176502836836684,0.2523030901889991,1.0,VALID,pope,1.5,Platt Scaling (1D),temperature_transfer
0.058993227371949446,5.899322737194945,0.06947080887283277,6.947080887283278,0.06407561788670353,0.0926831137964789,0.07856107912561919,0.16288751171525928,0.08305617166491294,0.01370013019452748,0.9054861730597681,0.3088260926279336,0.053176502836836684,0.19918925455178912,1.0,VALID,pope,1.5,Spline Calibration (PCHIP),temperature_transfer
0.06891261931905047,6.891261931905047,0.06445312376222719,6.445312376222718,0.07401156887553482,0.08628542357416492,0.08495876934793316,0.16288751171525928,0.0841666986300144,0.006964977407815701,0.9080731489741303,0.3436716289576935,0.05187837347715269,0.25665090443206334,0.9876241078919109,VALID,pope,1.5,Adaptive TS (ATS),temperature_transfer
0.05180075551594062,5.180075551594062,0.05180075551594062,5.180075551594062,0.05549001702001781,0.1502641834919504,0.02098000943014769,0.16288751171525928,0.01633954339819716,0.0037162151748883184,0.6934433541480821,0.45952931924957924,0.1046897745454328,0.08277032632547723,0.5642711228981555,VALID,pope,1.5,MSSC (Multi-Scale Proxy),temperature_transfer
0.08290216899027035,8.290216899027035,0.06948067382456573,6.948067382456573,0.07621364027847777,0.08680114974838624,0.08444304317371185,0.16288751171525928,0.08794835402756092,0.011962749940455313,0.9084745762711866,0.3190575117518289,0.05186809619522407,0.24947219348686706,0.9952373119141227,VALID,pope,1.5,Best 5D Trajectory,temperature_transfer
0.08290216899027035,8.290216899027035,0.06948067382456573,6.948067382456573,0.07621364027847777,0.08680114974838624,0.08444304317371185,0.16288751171525928,0.08794835402756092,0.011962749940455313,0.9084745762711866,0.3190575117518289,0.05186809619522407,0.24947219348686706,0.9952373119141227,VALID,pope,1.5,Two-Stage Residual,temperature_transfer
0.06041745561592487,6.041745561592487,0.0624766096875704,6.24766096875704,0.06938619157459477,0.08527541331252822,0.08596877960956986,0.16288751171525928,0.08418035258476451,0.0060265682436501005,0.907493309545049,0.3126422931442586,0.052555754265362055,0.2578163094265251,0.9956412720867985,VALID,pope,1.5,VCPS-5D (Our Method),temperature_transfer
0.08335391679011216,8.335391679011215,0.07657686676347245,7.657686676347245,0.08219271704131047,0.09125740533420452,0.07998678758789356,0.16288751171525928,0.08323769479549047,0.01167367957332818,0.9003568242640498,0.3644921154302109,0.05233861778084852,0.2702033643281106,0.9521877063569091,VALID,pope,1.5,VCPS-17D (Our Method),temperature_transfer
0.22204929571447837,22.20492957144784,0.21738711888972703,21.738711888972702,0.21624467620025992,0.2364170215845515,-0.05325454562347337,0.18140589569161,0.02961973395770965,0.08444928291015083,0.7194375,0.732166338721284,0.11603640214936499,0.3371432990292187,0.9999999999999999,COLLAPSED,scienceqa,1.5,Naive Confidence (NC),temperature_transfer
0.19295410189915196,19.295410189915195,0.19974658180933516,19.974658180933517,0.1905200126559126,0.21027042355676595,-0.027107947595687826,0.18140589569161,0.033127214777702564,0.0615775536272923,0.7194375,0.6136479810406245,0.11603640214936499,0.2371433923722968,0.9999999999999999,COLLAPSED,scienceqa,1.5,Temperature Scaling (TS),temperature_transfer
0.09333037804213458,9.333037804213458,0.11109363159528592,11.109363159528591,0.07580873907052882,0.17059871204898264,0.012563763912095488,0.18140589569161,0.026117621587546404,0.015949397823616086,0.7194375,0.5155162932954483,0.11603640214936499,0.1546707892019775,0.9999999999999999,VALID,scienceqa,1.5,Platt Scaling (1D),temperature_transfer
0.04175628977617926,4.175628977617926,0.05451747940583988,5.451747940583989,0.04239024054262888,0.16772505497277487,0.015437420988303252,0.18140589569161,0.01575497589356864,0.0022324115914524848,0.67559375,0.49820364509347714,0.13129071204919876,0.09045007673869973,0.9263882880618671,VALID,scienceqa,1.5,Spline Calibration (PCHIP),temperature_transfer
0.21350889432166303,21.350889432166305,0.21861184629545513,21.861184629545512,0.20153102887669358,0.2206420063228231,-0.03747953036174498,0.18140589569161,0.030798471477042906,0.06967738952118004,0.714,0.9785099094327487,0.11826424101902382,0.2557038787703503,0.9911563924002204,COLLAPSED,scienceqa,1.5,Adaptive TS (ATS),temperature_transfer
0.04602620822233751,4.602620822233751,0.04765878892389807,4.765878892389807,0.03769995880940751,0.17298970972049227,0.010172766240585857,0.18140589569161,0.010964774074859072,0.002476857986354039,0.656390625,0.5253677008930219,0.15302690295607524,0.076171239025099,0.6752308006740637,VALID,scienceqa,1.5,MSSC (Multi-Scale Proxy),temperature_transfer
0.10753588299413411,10.75358829941341,0.11362712472781791,11.36271247278179,0.08138859304271454,0.18244237412992162,0.0007201018311565055,0.18140589569161,0.02507942370947871,0.02756726097989118,0.69503125,0.7930332317022402,0.1322271348089693,0.15988589792071126,0.8867913434849091,COLLAPSED,scienceqa,1.5,Best 5D Trajectory,temperature_transfer
0.10753588299413411,10.75358829941341,0.11362712472781791,11.36271247278179,0.08138859304271454,0.18244237412992162,0.0007201018311565055,0.18140589569161,0.02507942370947871,0.02756726097989118,0.69503125,0.7930332317022402,0.1322271348089693,0.15988589792071126,0.8867913434849091,COLLAPSED,scienceqa,1.5,Two-Stage Residual,temperature_transfer
0.09765383790359003,9.765383790359003,0.11011133621802843,11.011133621802843,0.0839680764937587,0.1792163565031585,0.003946119457919617,0.18140589569161,0.024332008464102398,0.023424317869966804,0.71846875,0.8698356608872045,0.11636515037577169,0.1955067698284217,0.9995181367678275,VALID,scienceqa,1.5,VCPS-5D (Our Method),temperature_transfer
0.1929090547562691,19.29090547562691,0.19843177390630384,19.843177390630384,0.1717383182493796,0.22997143701667336,-0.04680896105559523,0.18140589569161,0.022503801705213676,0.07048434992161796,0.66359375,0.764283451586502,0.13598912156018989,0.24397369123573662,0.7625469208199268,COLLAPSED,scienceqa,1.5,VCPS-17D (Our Method),temperature_transfer
0.07331956319841833,7.331956319841833,0.07406074551975124,7.406074551975124,0.05771975938536227,0.11857057778928007,0.16649042221071994,0.22983599999999998,0.11956629762317521,0.00891235310489384,0.8927583146243409,0.4004233672294946,0.33440196556820995,0.3005591593606033,1.0,VALID,textvqa,1.5,Naive Confidence (NC),temperature_transfer
0.08305991734177884,8.305991734177884,0.07454511305285798,7.454511305285798,0.06009531138358457,0.11926021711777468,0.16580078288222533,0.22983599999999998,0.1215338322996524,0.011101093981557026,0.8927583146243409,0.39939907638485045,0.33440196556820995,0.29007499630124534,1.0,VALID,textvqa,1.5,Temperature Scaling (TS),temperature_transfer
0.1129126223754028,11.29126223754028,0.11358043431712996,11.358043431712996,0.10874675522068253,0.13046720776127801,0.154593792238722,0.22983599999999998,0.11996929359677355,0.02063679112189212,0.8927583146243409,0.4419968295934934,0.33440196556820995,0.2886099862709351,1.0,VALID,textvqa,1.5,Platt Scaling (1D),temperature_transfer
0.10758910427957677,10.758910427957677,0.10642815409360709,10.64281540936071,0.08690932598032877,0.12581155922506057,0.15924944077493944,0.22983599999999998,0.11672403323118305,0.014323353070876529,0.8932108111871073,0.4129328876002791,0.3381351380211407,0.25736957064377897,0.9750575057738703,VALID,textvqa,1.5,Spline Calibration (PCHIP),temperature_transfer
0.0737437461127233,7.37437461127233,0.07265596580153365,7.265596580153365,0.06221168073213694,0.1217940541592562,0.1632669458407438,0.22983599999999998,0.11922382115219442,0.010810801715085023,0.8882681564245811,0.41263596359014776,0.336190071663649,0.28548535460358804,0.9963602414409656,VALID,textvqa,1.5,Adaptive TS (ATS),temperature_transfer
0.1758184036812375,17.58184036812375,0.17581840368123747,17.581840368123746,0.1553814293987555,0.20822192866726938,0.07683907133273063,0.22983599999999998,0.056294605329097136,0.034680533996366496,0.7441392993264763,0.6070614818010133,0.42358882998518477,0.08866197169819197,0.5345081714809673,VALID,textvqa,1.5,MSSC (Multi-Scale Proxy),temperature_transfer
0.12113309029714893,12.113309029714893,0.12160856036721582,12.160856036721581,0.1179200373258443,0.13682740793177733,0.14823359206822267,0.22983599999999998,0.11693428184924133,0.02351639059132086,0.886458170173515,0.4629995598977366,0.33811702342216526,0.2842446698203397,0.977682022728091,VALID,textvqa,1.5,Best 5D Trajectory,temperature_transfer
0.12113309029714893,12.113309029714893,0.12160856036721582,12.160856036721581,0.1179200373258443,0.13682740793177733,0.14823359206822267,0.22983599999999998,0.11693428184924133,0.02351639059132086,0.886458170173515,0.4629995598977366,0.33811702342216526,0.2842446698203397,0.977682022728091,VALID,textvqa,1.5,Two-Stage Residual,temperature_transfer
0.11549248024136474,11.549248024136475,0.1170317933151909,11.70317933151909,0.11197341344478727,0.135952458433691,0.149108541566309,0.22983599999999998,0.11599307939308189,0.02192259517447165,0.8852747176247412,0.4558381119033237,0.3379994761516962,0.2809646811243882,0.9784602978411915,VALID,textvqa,1.5,VCPS-5D (Our Method),temperature_transfer
0.1018540236907983,10.18540236907983,0.10714868624600102,10.714868624600102,0.09642775517632028,0.12584695679617064,0.15921404320382937,0.22983599999999998,0.1212835469870446,0.017913833677217796,0.8953340642893194,0.4255149059244351,0.3331449403801928,0.2954447817204899,0.9985556742226969,VALID,textvqa,1.5,VCPS-17D (Our Method),temperature_transfer
0.052903463772354636,5.290346377235464,0.06602482988161018,6.602482988161018,0.048955370246104704,0.10187678403789979,0.10584821596210026,0.1771,0.08161217268222529,0.00623889349818056,0.8852399774138906,0.3419396259919333,0.5040197450098288,0.25498396174693755,1.0,VALID,vizwiz-vqa,1.5,Naive Confidence (NC),temperature_transfer
0.09028625090009243,9.028625090009243,0.10064321128804297,10.064321128804297,0.08903963822588733,0.11022632415649206,0.09749867584350799,0.1771,0.07827303348863869,0.011290092505068476,0.8852399774138906,0.3702336184970409,0.5040197450098288,0.21803494308857543,1.0,VALID,vizwiz-vqa,1.5,Temperature Scaling (TS),temperature_transfer
0.07697131207497634,7.697131207497635,0.08947632262537653,8.947632262537653,0.06984328341218832,0.11184709074174705,0.095877909258253,0.1771,0.07905608705020471,0.014593657650357863,0.8852399774138906,0.36636828652255554,0.5040197450098288,0.2010775124290981,1.0,VALID,vizwiz-vqa,1.5,Platt Scaling (1D),temperature_transfer
0.10879028024842874,10.879028024842874,0.10987688261772832,10.987688261772831,0.07374560488939631,0.11117412531644351,0.09655087468355654,0.1771,0.07860772299160393,0.01316019105947239,0.8875889328063241,0.37616188425492647,0.5035236076331275,0.18702051811028153,0.9679448404984281,VALID,vizwiz-vqa,1.5,Spline Calibration (PCHIP),temperature_transfer
0.0857685833012844,8.57685833012844,0.0937875470343283,9.378754703432831,0.08480233804205704,0.11128648653188611,0.09643851346811394,0.1771,0.07660244189225064,0.011065447221809886,0.8853529079616036,0.37299518897849987,0.5056035163381605,0.21696946047085638,0.996570770283081,VALID,vizwiz-vqa,1.5,Adaptive TS (ATS),temperature_transfer
0.14466872845374698,14.466872845374699,0.15588508115877375,15.588508115877374,0.1461832332105397,0.16786758092380644,0.03985741907619361,0.1771,0.030818587746625138,0.023270032407008433,0.7730547713156408,0.5193025153620571,0.5838041908063193,0.04549130647092245,0.5704699485234351,VALID,vizwiz-vqa,1.5,MSSC (Multi-Scale Proxy),temperature_transfer
0.08737384709897661,8.737384709897661,0.09200401380285096,9.200401380285097,0.08289951208070602,0.12260839360205764,0.08511660639794241,0.1771,0.06954858558919019,0.015669439230793017,0.8409937888198757,0.4747941611911721,0.5211438238193856,0.18931002947552916,0.936868611474446,VALID,vizwiz-vqa,1.5,Best 5D Trajectory,temperature_transfer
0.08737384709897661,8.737384709897661,0.09200401380285096,9.200401380285097,0.08289951208070602,0.12260839360205764,0.08511660639794241,0.1771,0.06954858558919019,0.015669439230793017,0.8409937888198757,0.4747941611911721,0.5211438238193856,0.18931002947552916,0.936868611474446,VALID,vizwiz-vqa,1.5,Two-Stage Residual,temperature_transfer
0.06777439924462404,6.777439924462405,0.08607561096740224,8.607561096740223,0.06527535515643927,0.11028810305094772,0.09743689694905233,0.1771,0.07881916674405084,0.012746482434378311,0.8848108413325805,0.3624465555160363,0.5038234206834298,0.21117225485302887,0.9984437377749512,VALID,vizwiz-vqa,1.5,VCPS-5D (Our Method),temperature_transfer
0.07295985443478516,7.295985443478516,0.09074498174538827,9.074498174538826,0.07267815705440193,0.11196023108242793,0.09576476891757212,0.1771,0.07939954035296222,0.01477679343299172,0.8883568605307737,0.36549144026588737,0.5022191518698134,0.20073883026163986,0.9980401521606086,VALID,vizwiz-vqa,1.5,VCPS-17D (Our Method),temperature_transfer
0.47550456214696163,47.55045621469616,0.4755045621469618,47.55045621469618,0.48642802264925844,0.4407741900176381,-0.07071194001763814,0.2451,0.04597202380952381,0.24531756626258056,0.7872297021623826,1.8384318365065524,0.3794701122572918,0.16689502578963822,1.0,COLLAPSED,vqav2_5scale,1.5,Naive Confidence (NC),temperature_transfer
0.40559939397390654,40.55993939739066,0.40559939397390665,40.559939397390664,0.41342603568845204,0.3648954556045808,0.005166794395419172,0.2451,0.06028407960199006,0.18314892805971023,0.7872297021623826,1.0960060597224794,0.3794701122572918,0.15588129968007042,1.0,VALID,vqav2_5scale,1.5,Temperature Scaling (TS),temperature_transfer
0.43099466271776204,43.0994662717762,0.4309946627177621,43.09946627177621,0.43483694495427905,0.3952877462165866,-0.025225496216586596,0.2451,0.05550197847929551,0.20848803980261982,0.7872297021623826,1.1360867281922908,0.3794701122572918,0.10091979103437786,1.0,COLLAPSED,vqav2_5scale,1.5,Platt Scaling (1D),temperature_transfer
0.4514512393023886,45.14512393023886,0.4514512393023886,45.14512393023886,0.4514512393023904,0.44134737185448386,-0.07128512185448388,0.2451,0.01621111111111111,0.21282492134423922,0.7701448388412893,1.2569807073013106,0.36911001187728126,0.0445666648080907,0.9354193579536298,COLLAPSED,vqav2_5scale,1.5,Spline Calibration (PCHIP),temperature_transfer
0.39444076842060294,39.44407684206029,0.3944407684206029,39.44407684206029,0.4026219883465697,0.35414288998942156,0.01591936001057842,0.2451,0.06252291539659961,0.17279542633824063,0.7928396572827417,1.0341428558245078,0.3554502568915182,0.1516141304102607,0.9905512637815946,VALID,vqav2_5scale,1.5,Adaptive TS (ATS),temperature_transfer
0.1594202502109827,15.942025021098269,0.15942025021098266,15.942025021098265,0.14575442300174263,0.20040846500978035,0.16965378499021963,0.2451,0.08444615384615385,0.04168259174042536,0.836546307629539,0.5843889368344553,0.3168674514701661,0.14018675535814318,0.7159949617818591,VALID,vqav2_5scale,1.5,MSSC (Multi-Scale Proxy),temperature_transfer
0.4091932992965894,40.919329929658936,0.4091932992965894,40.919329929658936,0.41401611177474035,0.371434340783067,-0.0013720907830669926,0.2451,0.06530897832817337,0.1926718891416673,0.7966136270909833,1.0599109829848823,0.36983792246086133,0.12547075306800137,0.9974244356108903,COLLAPSED,vqav2_5scale,1.5,Best 5D Trajectory,temperature_transfer
0.4091932992965894,40.919329929658936,0.4091932992965894,40.919329929658936,0.41401611177474035,0.371434340783067,-0.0013720907830669926,0.2451,0.06530897832817337,0.1926718891416673,0.7966136270909833,1.0599109829848823,0.36983792246086133,0.12547075306800137,0.9974244356108903,COLLAPSED,vqav2_5scale,1.5,Two-Stage Residual,temperature_transfer
0.39938381872523704,39.938381872523706,0.3993838187252369,39.93838187252369,0.40392195532672553,0.3616525266853192,0.008409723314680762,0.2451,0.06659375578168361,0.18552582010611382,0.8037535699714402,1.0146809704766682,0.35130592126495874,0.12206803953161523,0.9911272781819546,VALID,vqav2_5scale,1.5,VCPS-5D (Our Method),temperature_transfer
0.42543417524677096,42.543417524677096,0.4254341752467711,42.54341752467711,0.42937025257628064,0.3911504005207955,-0.021088150520795546,0.2451,0.05858833020050125,0.2056547917330498,0.777845777233782,1.1267144343032462,0.38232386746937574,0.11116968450981769,0.9914107852696319,COLLAPSED,vqav2_5scale,1.5,VCPS-17D (Our Method),temperature_transfer
