ece,ece_percent,adaptive_ece,adaptive_ece_percent,kde_ece,brier,brier_gain,murphy_uncertainty,murphy_resolution,murphy_reliability,auroc,nll,aurc,prob_std,spearman_rho,status,test_dataset,method,transfer_mode
0.4209579098719277,42.09579098719277,0.42095790987192766,42.095790987192764,0.41553559436120846,0.4209402369091084,-0.16770569576425964,0.243759,0.0,0.177205561883742,0.6377000438958151,5.554064340034974,0.3205638670458862,0.0007812258642559885,1.0,COLLAPSED,ai2d,Naive Confidence (NC),Zero-Shot Base
0.4209999000000003,42.099990000000034,0.42099990000000026,42.09999000000003,0.4209999000000003,0.42099991580001006,-0.16776537465516128,0.243759,0.0,0.17724091580001028,0.5,6.7857183271750525,0.44538976149800025,2.220446049250313e-16,1.0,COLLAPSED,ai2d,Naive Confidence (NC),Target Adapted (Saerens-EM)
0.08604618134540123,8.604618134540123,0.10618746437748494,10.618746437748495,0.09103570595663056,0.24644383045714693,0.006790710687701845,0.243759,0.009260716157132922,0.013172314029315766,0.6377000438958151,0.6862631802059411,0.3205638670458862,0.023927061637423475,1.0,VALID,ai2d,Temperature Scaling (TS),Zero-Shot Base
0.42099970624540495,42.0999706245405,0.4209997062454048,42.099970624540475,0.42099970624540495,0.42099974555101644,-0.16776520440616766,0.243759,0.0,0.17724075265871725,0.6377000438958151,6.322698488577081,0.3205638670458862,3.268826104830089e-08,1.0,COLLAPSED,ai2d,Temperature Scaling (TS),Target Adapted (Saerens-EM)
0.08162847072952495,8.162847072952495,0.09704926320398786,9.704926320398787,0.08702229465487311,0.24258989612494006,0.010644645019908722,0.243759,0.00965798145082049,0.010237551360315589,0.6377000438958151,0.6780559528433554,0.32055243333435723,0.044408482488851535,1.0,VALID,ai2d,Platt Scaling (1D),Zero-Shot Base
0.42099974372229443,42.09997437222944,0.42099974372229454,42.099974372229454,0.42099974372229443,0.42099977261905125,-0.16776523147420247,0.243759,0.0,0.17724078421423758,0.6377000438958151,6.376290355695608,0.3205638670458862,5.470626664577248e-08,1.0,COLLAPSED,ai2d,Platt Scaling (1D),Target Adapted (Saerens-EM)
0.09040121444427635,9.040121444427635,0.08949000911271923,8.949000911271924,0.07552714650011344,0.2356440341950731,0.01759050694977568,0.243759,0.018032193522930805,0.011548149565864196,0.6631042341000741,0.6640230741953497,0.307375121763933,0.14704715798982368,0.7053532295667748,VALID,ai2d,Trajectory LR,Zero-Shot Base
0.42099850102778946,42.099850102778944,0.4209985010277893,42.09985010277893,0.4152545887926126,0.42099852065177873,-0.16776397950692995,0.243759,0.0,0.17723973786764566,0.6631042341000741,5.677903896684664,0.2951573059219158,1.2904887870383793e-06,0.7053532295667748,COLLAPSED,ai2d,Trajectory LR,Target Adapted (Saerens-EM)
0.09817381633942313,9.817381633942313,0.09171131606030716,9.171131606030716,0.08011773883896982,0.23652700441720828,0.0167075367276405,0.243759,0.01862376958992836,0.012202073115617358,0.6599689652484626,0.6659320198108198,0.3156430468916364,0.14555710274703754,0.6858364498677497,VALID,ai2d,Trajectory LR (No Bias),Zero-Shot Base
0.4209985276106455,42.09985276106455,0.42099852761064543,42.09985276106455,0.41525456778748815,0.4209985441439938,-0.167764002999145,0.243759,0.0,0.17723976025033145,0.6599689652484626,5.693820269709615,0.3003314196589174,1.4261897670044298e-06,0.6858364498677497,COLLAPSED,ai2d,Trajectory LR (No Bias),Target Adapted (Saerens-EM)
0.09040063423663375,9.040063423663375,0.08862071717530487,8.862071717530487,0.07555129113545044,0.23564669649856587,0.017587844646282907,0.243759,0.018032193522930805,0.011550266544011461,0.6629801361180511,0.6640294379355537,0.3077329270922421,0.14708131319323553,0.7049324966143447,VALID,ai2d,Trajectory Platt (5D),Zero-Shot Base
0.42099849593936467,42.09984959393647,0.4209984959393647,42.099849593936476,0.41525460948903226,0.4209985155740436,-0.16776397442919483,0.243759,0.0,0.17723973358320724,0.6629801361180511,5.676515567717704,0.29526521355707525,1.2953324664551758e-06,0.7049324966143447,COLLAPSED,ai2d,Trajectory Platt (5D),Target Adapted (Saerens-EM)
0.08230401942878957,8.230401942878956,0.08566898644715548,8.566898644715549,0.08471070797004289,0.23587055007144028,0.017363991073408497,0.243759,0.02035615087501124,0.01305444708559189,0.6606084288169873,0.664913610388106,0.304777086620366,0.16399336618125537,0.690004617616396,VALID,ai2d,Trajectory Platt (17D),Zero-Shot Base
0.42099857050031,42.099857050031,0.4209985705003101,42.099857050031005,0.4152550527977261,0.4209985640110219,-0.16776402286617315,0.243759,0.0,0.17723979636330447,0.6606084288169873,5.7105478326483246,0.301236745631709,1.3653233532580424e-06,0.690004617616396,COLLAPSED,ai2d,Trajectory Platt (17D),Target Adapted (Saerens-EM)
0.11206833244837412,11.206833244837412,0.1114011673636691,11.14011673636691,0.10432076370924752,0.24004855739120629,0.013185983753642494,0.243759,0.01756666879518588,0.015388512070007946,0.6647677624210798,0.6722922631593049,0.29824289832227235,0.06242525784089665,0.8580424077837396,VALID,ai2d,Best 5D Trajectory,Zero-Shot Base
0.4209996762275332,42.09996762275332,0.4209996762275332,42.09996762275332,0.4209996762275332,0.4209997041395692,-0.16776516299472044,0.243759,0.0,0.1772407273836878,0.6647677624210798,6.2727149548846715,0.2983988642791315,9.955089977909492e-08,1.0,COLLAPSED,ai2d,Best 5D Trajectory,Target Adapted (Saerens-EM)
0.11206833244837412,11.206833244837412,0.1114011673636691,11.14011673636691,0.10432076370924752,0.24004855739120629,0.013185983753642494,0.243759,0.01756666879518588,0.015388512070007946,0.6647677624210798,0.6722922631593049,0.29824289832227235,0.06242525784089665,0.8580424077837396,VALID,ai2d,Two-Stage Residual,Zero-Shot Base
0.4209996762275332,42.09996762275332,0.4209996762275332,42.09996762275332,0.4209996762275332,0.4209997041395692,-0.16776516299472044,0.243759,0.0,0.1772407273836878,0.6647677624210798,6.2727149548846715,0.2983988642791315,9.955089977909492e-08,1.0,COLLAPSED,ai2d,Two-Stage Residual,Target Adapted (Saerens-EM)
0.10037377151982106,10.037377151982106,0.10224552617715107,10.224552617715107,0.09529245622184557,0.23714717190878923,0.01608736923605955,0.243759,0.021061593838003555,0.014993415503206809,0.6650631361303583,0.6661258822188494,0.2982746481527509,0.07078738728783629,0.8047279075649773,VALID,ai2d,VCPS-5D (Our Method),Zero-Shot Base
0.42099952964107246,42.099952964107246,0.4209995296410724,42.09995296410724,0.42099952964107246,0.42099956612585143,-0.16776502498100265,0.243759,0.0,0.17724060395800426,0.6650631361303583,6.115200883880178,0.29844594455901835,1.611218011683479e-07,1.0,COLLAPSED,ai2d,VCPS-5D (Our Method),Target Adapted (Saerens-EM)
0.08371341354471458,8.371341354471458,0.1028335774884518,10.28335774884518,0.09634197128900128,0.23693126893498664,0.016303272209862135,0.243759,0.02016498954154365,0.014272303715542842,0.6655887577484318,0.6656529765422665,0.29763152184123215,0.06957245356246804,0.8126942825691679,VALID,ai2d,VCPS-17D (Our Method),Zero-Shot Base
0.42099973022993886,42.099973022993886,0.4209997302299388,42.09997302299388,0.42099973022993886,0.42099975149321744,-0.16776521034836867,0.243759,0.0,0.1772407728536813,0.6655759377089666,6.348980710462219,0.29782917139463444,9.036878899420421e-08,1.0,COLLAPSED,ai2d,VCPS-17D (Our Method),Target Adapted (Saerens-EM)
0.7142991335301779,71.4299133530178,0.714299133530178,71.42991335301781,0.6846628208112834,0.6214331652812531,-0.3527754355969606,0.08799375,0.005140849977247329,0.5396651779256441,0.7994246750479438,2.909320524789077,0.7686270248644107,0.22303334551302612,1.0,COLLAPSED,chartqa,Naive Confidence (NC),Zero-Shot Base
0.9024995786933471,90.24995786933471,0.9024995786933471,90.24995786933471,0.9024995786933471,0.9024991964686045,-0.633841466784312,0.08799375,0.0,0.814505489541669,0.6879522693373109,13.789157616091003,0.8739654423795251,6.497053810365072e-07,1.0,COLLAPSED,chartqa,Naive Confidence (NC),Target Adapted (Saerens-EM)
0.4436658965944686,44.36658965944686,0.44366589659446853,44.36658965944685,0.4436658966052016,0.2777667588162006,-0.009109029131908086,0.08799375,0.011554691443544393,0.20232253234376382,0.7994246750479438,0.7491261932016059,0.7686270248644107,0.04046104125935571,1.0,COLLAPSED,chartqa,Temperature Scaling (TS),Zero-Shot Base
0.901348732131593,90.1348732131593,0.9013487321315931,90.13487321315931,0.8971906038131512,0.9003866426306816,-0.631728912946389,0.08799375,0.0,0.8124295369152301,0.7994246750479438,6.101060486394612,0.7915775989466804,0.0001768793340517699,1.0,COLLAPSED,chartqa,Temperature Scaling (TS),Target Adapted (Saerens-EM)
0.36669584924282367,36.66958492428237,0.36669584924282356,36.669584924282354,0.3666958492428257,0.21298015173638185,0.05567757794791067,0.08799375,0.013245564732825255,0.13846630307546998,0.7994246750479438,0.618405823859523,0.15769640580453645,0.06114490965067698,1.0,VALID,chartqa,Platt Scaling (1D),Zero-Shot Base
0.09749673895365044,9.749673895365044,0.09749673895365044,9.749673895365044,0.09749673895365044,0.09749915778562074,0.17115857189867179,0.08799375,0.0,0.009505614106596259,0.7994246750479438,1.2081866798057623,0.03810360491893813,9.172329371014486e-07,1.0,COLLAPSED,chartqa,Platt Scaling (1D),Target Adapted (Saerens-EM)
0.2665390731488657,26.65390731488657,0.26653907314886577,26.653907314886577,0.2677734346757803,0.17353618922865557,0.09512154045563695,0.08799375,0.005266174167257192,0.09064144713356706,0.6857049506356985,0.5192668630893548,0.12499074312858889,0.18903918712998477,0.477581303651858,VALID,chartqa,Trajectory LR,Zero-Shot Base
0.09749871347060338,9.749871347060338,0.09749871347060336,9.749871347060337,0.09175197565316433,0.09749962586770754,0.17115810381658497,0.08799375,0.0,0.009505999128422817,0.6856893245258895,1.310511629854896,0.053395986944127005,1.2055103263936485e-06,0.4775579825490046,COLLAPSED,chartqa,Trajectory LR,Target Adapted (Saerens-EM)
0.26883787621262034,26.883787621262034,0.2688378762126204,26.88378762126204,0.2702371461537811,0.1756227539236453,0.09303497576064723,0.08799375,0.005460151931037936,0.09274489854985359,0.6838298174586263,0.5232834844423997,0.13056751371007677,0.1911758796191116,0.4608031816976921,VALID,chartqa,Trajectory LR (No Bias),Zero-Shot Base
0.0974985800916069,9.74985800916069,0.09749858009160689,9.74985800916069,0.09175215592686156,0.09749959166680394,0.17115813801748858,0.08799375,0.0,0.009505973119879486,0.6838014063498827,1.3015881123737454,0.05194446073911071,1.338700787951268e-06,0.46078436344418544,COLLAPSED,chartqa,Trajectory LR (No Bias),Target Adapted (Saerens-EM)
0.26659485259838406,26.659485259838405,0.26659485259838406,26.659485259838405,0.26782798941542324,0.1735618818618657,0.09509584782242683,0.08799375,0.0052733008960402766,0.09068803799174449,0.6857049506356985,0.5193312628908612,0.1250500197257191,0.189015827514037,0.47752748963676994,VALID,chartqa,Trajectory Platt (5D),Zero-Shot Base
0.09749870629222548,9.74987062922255,0.09749870629222547,9.749870629222547,0.09175199068243486,0.0974996238417303,0.17115810584256222,0.08799375,0.0,0.009505997728657649,0.6856893245258896,1.309971270605375,0.05339197628768087,1.2120980858981223e-06,0.4775041683494882,COLLAPSED,chartqa,Trajectory Platt (5D),Target Adapted (Saerens-EM)
0.23593088558260936,23.593088558260934,0.23703720448855894,23.703720448855893,0.24249888356587396,0.16161292337655958,0.10704480630773294,0.08799375,0.004340865037876951,0.07826169599420718,0.6773123091128631,0.49060860101815834,0.10996877883858817,0.1986722504293268,0.40953565582355955,VALID,chartqa,Trajectory Platt (17D),Zero-Shot Base
0.09749918955377834,9.749918955377835,0.09749918955377834,9.749918955377835,0.09749918955377834,0.09749976394575961,0.17115796573853292,0.08799375,0.0,0.0095060919636436,0.6774145891043398,1.3605416540696027,0.053831949411594165,8.41207868692567e-07,1.0,COLLAPSED,chartqa,Trajectory Platt (17D),Target Adapted (Saerens-EM)
0.33212741105973986,33.21274110597399,0.3321274110597399,33.21274110597399,0.33212741105974164,0.18916938460822305,0.07948834507606947,0.08799375,0.011596712448433185,0.11304176131155348,0.7738134810710988,0.5680733146404793,0.09692853317738147,0.08878130350989127,0.8224147368345319,VALID,chartqa,Best 5D Trajectory,Zero-Shot Base
0.09749811298998329,9.74981129899833,0.09749811298998329,9.74981129899833,0.09749811298998329,0.09749946915121945,0.1711582605330731,0.08799375,0.0,0.009505882036607547,0.7738134810710988,1.2570316156079973,0.040289258255738127,7.810573128778624e-07,1.0,COLLAPSED,chartqa,Best 5D Trajectory,Target Adapted (Saerens-EM)
0.33212741105973986,33.21274110597399,0.3321274110597399,33.21274110597399,0.33212741105974164,0.18916938460822305,0.07948834507606947,0.08799375,0.011596712448433185,0.11304176131155348,0.7738134810710988,0.5680733146404793,0.09692853317738147,0.08878130350989127,0.8224147368345319,VALID,chartqa,Two-Stage Residual,Zero-Shot Base
0.09749811298998329,9.74981129899833,0.09749811298998329,9.74981129899833,0.09749811298998329,0.09749946915121945,0.1711582605330731,0.08799375,0.0,0.009505882036607547,0.7738134810710988,1.2570316156079973,0.040289258255738127,7.810573128778624e-07,1.0,COLLAPSED,chartqa,Two-Stage Residual,Target Adapted (Saerens-EM)
0.33305712859465514,33.305712859465515,0.33305712859465514,33.305712859465515,0.33305712859465686,0.19008372426088102,0.0785740054234115,0.08799375,0.011033809065311203,0.11332062941255748,0.7667930961005752,0.5701762654709959,0.09779411502159488,0.0860157557412475,0.7880925237114415,VALID,chartqa,VCPS-5D (Our Method),Zero-Shot Base
0.09749806166603966,9.749806166603966,0.09749806166603965,9.749806166603966,0.09749806166603966,0.09749946222330032,0.17115826746099222,0.08799375,0.0,0.009505872028634873,0.7667930961005752,1.255645136686213,0.04114144247016442,7.826434479522356e-07,1.0,COLLAPSED,chartqa,VCPS-5D (Our Method),Target Adapted (Saerens-EM)
0.32584876663833345,32.58487666383335,0.3258487666383335,32.58487666383335,0.3258487666384833,0.18732742967040306,0.08133030001388947,0.08799375,0.010226774999994989,0.10962699717136978,0.7619347965054336,0.5625577951597992,0.10190565791406417,0.10209343861349668,0.7698419495944367,VALID,chartqa,VCPS-17D (Our Method),Zero-Shot Base
0.09749845123196532,9.749845123196533,0.09749845123196532,9.749845123196533,0.09749845123196532,0.09749956612425441,0.1711581635600381,0.08799375,0.0,0.00950594799263192,0.7619347965054336,1.2774640587195665,0.043266762819511015,6.870462642193099e-07,1.0,COLLAPSED,chartqa,VCPS-17D (Our Method),Target Adapted (Saerens-EM)
0.7399872694052756,73.99872694052756,0.7399872694052757,73.99872694052758,0.6985237997150663,0.6348384323786115,-0.359671196223554,0.043884,0.001663254542740932,0.5928854584875325,0.796867878953605,2.711904971258965,0.8637171760163492,0.24423390483781157,1.0,COLLAPSED,docvqa,Naive Confidence (NC),Zero-Shot Base
0.9539989914264193,95.39989914264193,0.9539989914264195,95.39989914264196,0.948250724308373,0.9539979999037624,-0.678830763748705,0.043884,0.0,0.9101140756426253,0.7393697019414821,14.150679449666622,0.9243702882769584,2.0688690247880164e-06,0.9584027316730992,COLLAPSED,docvqa,Naive Confidence (NC),Target Adapted (Saerens-EM)
0.4868838099706641,48.68838099706641,0.4868838099706642,48.688380997066425,0.4868838099614642,0.27883491949181666,-0.0036676833367591533,0.043884,0.0026310862470862477,0.2378079744149386,0.796867878953605,0.7511733116841601,0.8637171760163492,0.03243604783952937,1.0,COLLAPSED,docvqa,Temperature Scaling (TS),Zero-Shot Base
0.8517948773181001,85.17948773181001,0.8517948773180999,85.17948773180999,0.8517948773219127,0.76845607536081,-0.49328883920575245,0.043884,1.0585292646323162e-06,0.725557893724266,0.796867878953605,2.1809428436093437,0.9029727611730585,0.01172502842477465,1.0,COLLAPSED,docvqa,Temperature Scaling (TS),Target Adapted (Saerens-EM)
0.41124756790392625,41.124756790392624,0.41124756790392636,41.12475679039264,0.41124756792032935,0.210624756463434,0.0645424796916235,0.043884,0.002229870287313032,0.1692683876652989,0.796867878953605,0.6136674430226357,0.07369603147946625,0.047045958138847835,1.0,VALID,docvqa,Platt Scaling (1D),Zero-Shot Base
0.04599792028106843,4.599792028106843,0.04599835872939026,4.599835872939026,0.04599792028106843,0.04599976707346683,0.2291674690815907,0.043884,0.0,0.0021158086701835266,0.796867878953605,0.5934097188852908,0.013663892875319623,4.140022635511243e-07,1.0,COLLAPSED,docvqa,Platt Scaling (1D),Target Adapted (Saerens-EM)
0.28313361297499484,28.313361297499483,0.28313361297499484,28.313361297499483,0.2849823608082167,0.14431129309424395,0.13085594306081355,0.043884,0.0024574219861378814,0.10288411668899788,0.759781469328229,0.4494143281021906,0.07514710111576298,0.19076645154648234,0.4371592371094829,VALID,docvqa,Trajectory LR,Zero-Shot Base
0.04599918042870026,4.599918042870026,0.045999235918838394,4.599923591883839,0.04599918042870026,0.04599985220184263,0.22916738395321487,0.043884,0.0,0.0021159246001121214,0.7600549175097986,0.626496308256431,0.018176253022758868,8.262219184057778e-07,1.0,COLLAPSED,docvqa,Trajectory LR,Target Adapted (Saerens-EM)
0.28064513926484774,28.064513926484775,0.2806451392648478,28.06451392648478,0.2832068291648209,0.14474932474333185,0.13041791141172565,0.043884,0.0023398775968091813,0.10315458298118997,0.7573147388569866,0.4485929680076759,0.07802008285240285,0.19631218669076306,0.4023429788401378,VALID,docvqa,Trajectory LR (No Bias),Zero-Shot Base
0.04599943222905932,4.599943222905932,0.04599948279448617,4.5999482794486175,0.04599943222905932,0.04599989702897602,0.22916733912608148,0.043884,0.0,0.0021159477653958213,0.7578616352201258,0.6436826745360769,0.01846642359735469,5.828980219992665e-07,1.0,COLLAPSED,docvqa,Trajectory LR (No Bias),Target Adapted (Saerens-EM)
0.28313405823800714,28.313405823800714,0.2831340582380072,28.313405823800718,0.284983055683867,0.14431330978251686,0.13085392637254065,0.043884,0.0024574219861378814,0.10288556819743928,0.7597757724911129,0.44941794741614627,0.07514864690973445,0.1907702914224747,0.4371267165152143,VALID,docvqa,Trajectory Platt (5D),Zero-Shot Base
0.045999180149386955,4.599918014938695,0.04599923565729096,4.599923565729096,0.045999180149386955,0.045999852154168255,0.22916738400088926,0.043884,0.0,0.002115924574415755,0.7600492206726825,0.6264820213093816,0.018176904300240552,8.265189278909194e-07,1.0,COLLAPSED,docvqa,Trajectory Platt (5D),Target Adapted (Saerens-EM)
0.25268077068218375,25.268077068218375,0.2539147298838816,25.39147298838816,0.2638293186827156,0.13581659545723773,0.13935064069781977,0.043884,0.001942168719794801,0.09376743201116963,0.7194877404065262,0.4244321736309398,0.07383695093276244,0.20728624840765733,0.3013809811603346,VALID,docvqa,Trajectory Platt (17D),Zero-Shot Base
0.045999341644027095,4.599934164402709,0.045999341644027095,4.599934164402709,0.045999341644027095,0.045999878859822006,0.2291673572952355,0.043884,0.0,0.0021159394316839254,0.7202197839759367,0.6441136303714152,0.021507405547637345,8.786622669796676e-07,1.0,COLLAPSED,docvqa,Trajectory Platt (17D),Target Adapted (Saerens-EM)
0.3644036996082078,36.44036996082078,0.36440369960820784,36.44036996082078,0.3644036996082093,0.1744483320719471,0.1007189040831104,0.043884,0.0038674012491713918,0.13469003431900572,0.809059110381916,0.5374692028402902,0.036874912357788434,0.07692688130295891,0.7608103158790984,VALID,docvqa,Best 5D Trajectory,Zero-Shot Base
0.045998858142376656,4.599885814237665,0.04599906449740469,4.59990644974047,0.045998858142376656,0.04599984993515257,0.22916738621990493,0.043884,0.0,0.002115894950402491,0.809059110381916,0.6150258180312709,0.014347107947384362,3.813673775190981e-07,1.0,COLLAPSED,docvqa,Best 5D Trajectory,Target Adapted (Saerens-EM)
0.3644036996082078,36.44036996082078,0.36440369960820784,36.44036996082078,0.3644036996082093,0.1744483320719471,0.1007189040831104,0.043884,0.0038674012491713918,0.13469003431900572,0.809059110381916,0.5374692028402902,0.036874912357788434,0.07692688130295891,0.7608103158790984,VALID,docvqa,Two-Stage Residual,Zero-Shot Base
0.045998858142376656,4.599885814237665,0.04599906449740469,4.59990644974047,0.045998858142376656,0.04599984993515257,0.22916738621990493,0.043884,0.0,0.002115894950402491,0.809059110381916,0.6150258180312709,0.014347107947384362,3.813673775190981e-07,1.0,COLLAPSED,docvqa,Two-Stage Residual,Target Adapted (Saerens-EM)
0.3653075791889369,36.53075791889369,0.3653075791889369,36.53075791889369,0.3653075791889385,0.1749378921854053,0.10022934396965219,0.043884,0.0038577265058566588,0.13507626075900037,0.8057549448546167,0.5387577932693762,0.03663282903255698,0.07453722169897423,0.7228428455660417,VALID,docvqa,VCPS-5D (Our Method),Zero-Shot Base
0.04599879259353288,4.599879259353288,0.045998912575358555,4.599891257535855,0.04599879259353288,0.045999842161382205,0.2291673939936753,0.043884,0.0,0.002115888920062855,0.8057549448546167,0.6127444735553915,0.014682872068505503,3.9526667656851907e-07,1.0,COLLAPSED,docvqa,VCPS-5D (Our Method),Target Adapted (Saerens-EM)
0.35986021463526613,35.98602146352661,0.35986021463526613,35.98602146352661,0.35986021467381196,0.1743108394368454,0.10085639671821212,0.043884,0.0028849770213156605,0.13352126145291204,0.803920563303254,0.5341498272394191,0.061836738764613784,0.10262164388019478,0.6803939396242236,VALID,docvqa,VCPS-17D (Our Method),Zero-Shot Base
0.04599898239002839,4.599898239002839,0.045999129768369916,4.5999129768369915,0.04599898239002839,0.045999860796566525,0.22916737535849097,0.043884,0.0,0.002115906380918142,0.803920563303254,0.6188337051509216,0.014006539458132603,4.3835974269371186e-07,1.0,COLLAPSED,docvqa,VCPS-17D (Our Method),Target Adapted (Saerens-EM)
0.3269266402227433,32.69266402227433,0.3269266402227433,32.69266402227433,0.33054838768844264,0.3254648428098616,-0.06617613475220563,0.22211099999999998,0.004485235474006116,0.10860434330338369,0.6803101827464646,3.172676778289319,0.22726374873864374,0.0426508203676441,1.0,COLLAPSED,gqa,Naive Confidence (NC),Zero-Shot Base
0.33299989993093215,33.29998999309321,0.3329998999309323,33.299989993093234,0.33299989993093215,0.33299993326187405,-0.07371122520421808,0.22211099999999998,0.0,0.11088893335401083,0.5015015015015015,5.3668556838950945,0.3312553462206567,2.7816859313233475e-09,1.0,COLLAPSED,gqa,Naive Confidence (NC),Target Adapted (Saerens-EM)
0.07983258689916067,7.983258689916068,0.10214676283930414,10.214676283930414,0.09626760027932119,0.21183458329277238,0.04745412476488359,0.22211099999999998,0.017030678677475552,0.00883344226618794,0.6803101827464646,0.614128193482283,0.22726374873864374,0.04530655007053538,1.0,VALID,gqa,Temperature Scaling (TS),Zero-Shot Base
0.33299961429478897,33.2999614294789,0.3329996142947891,33.299961429478905,0.33299961429478897,0.33299972009099704,-0.07371101203334107,0.22211099999999998,0.0,0.11088874312047822,0.6803101827464646,4.895686851918401,0.2272680094115861,7.776029714089135e-08,1.0,COLLAPSED,gqa,Temperature Scaling (TS),Target Adapted (Saerens-EM)
0.09932615898236723,9.932615898236723,0.10235433173820302,10.235433173820303,0.09894358811816843,0.2136013879255198,0.04568732013213617,0.22211099999999998,0.02200022329717841,0.014312051749158394,0.6803101827464646,0.6185295140449467,0.22742163029301515,0.07514022920697593,1.0,VALID,gqa,Platt Scaling (1D),Zero-Shot Base
0.3329987158575406,33.29987158575406,0.3329987158575407,33.29987158575407,0.3329987158575406,0.3329990199651928,-0.07371031190753685,0.22211099999999998,0.0,0.11088814476277106,0.6803101827464646,4.488282402363157,0.2272680094115861,4.21532903379829e-07,1.0,COLLAPSED,gqa,Platt Scaling (1D),Target Adapted (Saerens-EM)
0.11282115710684117,11.282115710684117,0.11416984372548686,11.416984372548686,0.11001314859104466,0.21024349009831803,0.049045217959337944,0.22211099999999998,0.027882320405074146,0.01665092096057755,0.7036673104888996,0.6101992953914908,0.23105197938240804,0.15245660417065957,0.5727866041380124,VALID,gqa,Trajectory LR,Zero-Shot Base
0.3326376953634175,33.26376953634175,0.3326376953634176,33.263769536341755,0.3298497310539767,0.33265613613135336,-0.0733674280736974,0.22211099999999998,0.0,0.11064783637668572,0.7036673104888996,2.6291822090275137,0.20454944042040557,0.0004111379727763747,0.5727866041380124,COLLAPSED,gqa,Trajectory LR,Target Adapted (Saerens-EM)
0.10851593654002971,10.85159365400297,0.10851593654002971,10.85159365400297,0.10848883119733176,0.20980186876639653,0.04948683929125944,0.22211099999999998,0.026016392594993273,0.014256433009524602,0.7005855180517848,0.6100843125966475,0.23953039727357206,0.14945542309463858,0.552913218715555,VALID,gqa,Trajectory LR (No Bias),Zero-Shot Base
0.3321238523948461,33.21238523948461,0.33212385239484626,33.212385239484625,0.33292298962397116,0.3321613126242712,-0.0728726045666152,0.22211099999999998,0.0,0.11030625332959351,0.7005855180517848,2.3415410111615067,0.2073013160755333,0.0010889725001055456,0.552913218715555,COLLAPSED,gqa,Trajectory LR (No Bias),Target Adapted (Saerens-EM)
0.11283614870533347,11.283614870533347,0.11418397484347227,11.418397484347228,0.1100278490176114,0.21024821886955464,0.04904048918810133,0.22211099999999998,0.02803209122098414,0.016749468509723912,0.7036386086236162,0.6102096491242774,0.23107809406491325,0.15245509640469757,0.5726954319550437,VALID,gqa,Trajectory Platt (5D),Zero-Shot Base
0.3326362984843044,33.26362984843044,0.3326362984843046,33.26362984843046,0.3298587538615642,0.3326548184685453,-0.07336611041088931,0.22211099999999998,0.0,0.11064690706933927,0.7036386086236162,2.6278999275112,0.20455898316714258,0.0004126805683137926,0.5726954319550437,COLLAPSED,gqa,Trajectory Platt (5D),Target Adapted (Saerens-EM)
0.12385914040356878,12.385914040356878,0.12385914040356877,12.385914040356877,0.12388343288512142,0.21263807708278673,0.04665063097486924,0.22211099999999998,0.02665658720126377,0.01771067700139284,0.7017611689650671,0.6149305688019951,0.24935475689275893,0.17337850003534708,0.6055316115897572,VALID,gqa,Trajectory Platt (17D),Zero-Shot Base
0.2588411077128106,25.884110771281062,0.2582707587564499,25.82707587564499,0.25973385241775243,0.2736305625348066,-0.01434185447715064,0.22211099999999998,0.02082540282617921,0.07396075774034865,0.7017611689650671,0.8865494698781242,0.2077666091746371,0.07002389365264867,0.6055316115897572,COLLAPSED,gqa,Trajectory Platt (17D),Target Adapted (Saerens-EM)
0.10432449040328469,10.43244904032847,0.1052397833785338,10.52397833785338,0.1007737144860363,0.2056597117569831,0.05362899630067286,0.22211099999999998,0.030114689666118185,0.014272214217440769,0.7215232473853163,0.6014886515934925,0.18498905124834417,0.0875418735470419,0.9075966354553735,VALID,gqa,Best 5D Trajectory,Zero-Shot Base
0.3329989636436952,33.299896364369516,0.3329989636436953,33.29989636436953,0.3329989636436952,0.3329991632547647,-0.07371045519710873,0.22211099999999998,0.0,0.11088830978777503,0.7215232473853163,4.548590651661958,0.19392786717519112,4.347950027896149e-07,1.0,COLLAPSED,gqa,Best 5D Trajectory,Target Adapted (Saerens-EM)
0.10432449040328469,10.43244904032847,0.1052397833785338,10.52397833785338,0.1007737144860363,0.2056597117569831,0.05362899630067286,0.22211099999999998,0.030114689666118185,0.014272214217440769,0.7215232473853163,0.6014886515934925,0.18498905124834417,0.0875418735470419,0.9075966354553735,VALID,gqa,Two-Stage Residual,Zero-Shot Base
0.3329989636436952,33.299896364369516,0.3329989636436953,33.29989636436953,0.3329989636436952,0.3329991632547647,-0.07371045519710873,0.22211099999999998,0.0,0.11088830978777503,0.7215232473853163,4.548590651661958,0.19392786717519112,4.347950027896149e-07,1.0,COLLAPSED,gqa,Two-Stage Residual,Target Adapted (Saerens-EM)
0.1082787054949516,10.82787054949516,0.11170696878575184,11.170696878575184,0.1073745780291693,0.20663738031466314,0.05265132774299283,0.22211099999999998,0.03016030804151948,0.01569530360261421,0.7234986110548329,0.6036676970867753,0.1848274699349048,0.0877261768749281,0.8664918309810684,VALID,gqa,VCPS-5D (Our Method),Zero-Shot Base
0.33299884642997024,33.29988464299702,0.33299884642997024,33.29988464299702,0.33299884642997024,0.3329990687298448,-0.07371036067218883,0.22211099999999998,0.0,0.1108882317236909,0.7234986110548329,4.5118365816402415,0.19449261182467792,4.7324553255598133e-07,1.0,COLLAPSED,gqa,VCPS-5D (Our Method),Target Adapted (Saerens-EM)
0.1089636495805136,10.896364958051361,0.11472531362867848,11.472531362867848,0.10933804925147113,0.2071301236987107,0.05215858435894527,0.22211099999999998,0.030548317262635974,0.0164914423987668,0.7222165944054999,0.6047430414988414,0.19184785509460736,0.08779938489112799,0.871690376169774,VALID,gqa,VCPS-17D (Our Method),Zero-Shot Base
0.33299845544321505,33.29984554432151,0.3329984554432151,33.299845544321514,0.33299845544321505,0.33299875150789715,-0.07371004345024118,0.22211099999999998,0.0,0.11088797132756688,0.7222177199688444,4.415691248702324,0.19759387535492398,6.674155371820514e-07,1.0,COLLAPSED,gqa,VCPS-17D (Our Method),Target Adapted (Saerens-EM)
0.8436141177117824,84.36141177117824,0.8436141177117825,84.36141177117825,0.7886453498294795,0.7616351092380217,-0.4809880713208827,0.00744375,0.0001242527466815477,0.7540341578166909,0.3128463476070529,3.890545063712807,0.9847821445272567,0.20094403589420623,1.0,COLLAPSED,infographicvqa,Naive Confidence (NC),Zero-Shot Base
0.9924998256720774,99.24998256720774,0.9924998256720772,99.24998256720772,0.9924998256720774,0.9924996548340934,-0.7118526169169545,0.00744375,0.0,0.985055903959104,0.3197649034424852,15.695957716823015,0.9961768661820112,2.013077055508074e-07,1.0,COLLAPSED,infographicvqa,Naive Confidence (NC),Target Adapted (Saerens-EM)
0.5384330345349663,53.843303453496624,0.5384330345349662,53.84330345349662,0.5384330345216062,0.2989441084745339,-0.018297070557394934,0.00744375,3.325920384219398e-05,0.29132572804076473,0.3128463476070529,0.791866196110688,0.9847821445272567,0.03535119853542366,1.0,COLLAPSED,infographicvqa,Temperature Scaling (TS),Zero-Shot Base
0.9896398315288476,98.96398315288477,0.9896398315288477,98.96398315288477,0.9853471137527348,0.9868349079963432,-0.7061878700792042,0.00744375,0.0,0.9793869961484458,0.3128463476070529,5.8236962517538355,0.9957627402208814,0.00040445625703239437,1.0,COLLAPSED,infographicvqa,Temperature Scaling (TS),Target Adapted (Saerens-EM)
0.4709452050651652,47.09452050651652,0.47094520506516524,47.094520506516524,0.4709452050651698,0.23276742330915026,0.0478796146079887,0.00744375,3.343563943796143e-05,0.22495391751192081,0.3128463476070529,0.658276505767169,0.21747840770020013,0.05484829233322084,1.0,VALID,infographicvqa,Platt Scaling (1D),Zero-Shot Base
0.007496431987901036,0.7496431987901035,0.007500203040120449,0.7500203040120449,0.007496431987901036,0.0074999536684492146,0.2731470842486898,0.00744375,0.0,5.6196492549225875e-05,0.3128463476070529,0.09532522081977832,0.011750491010389033,7.916879920927259e-07,1.0,COLLAPSED,infographicvqa,Platt Scaling (1D),Target Adapted (Saerens-EM)
0.44182951842904983,44.182951842904984,0.44182951842904983,44.182951842904984,0.4432573653219155,0.2433410387452502,0.03730599917188876,0.00744375,3.566154279865281e-05,0.23558920675515618,0.4252560873215785,0.6682530781844059,0.2709203483133245,0.1997924773529168,0.48188499527831763,VALID,infographicvqa,Trajectory LR,Zero-Shot Base
0.006434456834763456,0.6434456834763456,0.0068727569555372256,0.6872756955537226,0.006221614469184504,0.007488438707187731,0.2731585992099512,0.00744375,0.0,4.1402234758434156e-05,0.4252560873215785,0.057026539000275864,0.00947365690132742,0.0007632824429707821,0.48188499527831763,COLLAPSED,infographicvqa,Trajectory LR,Target Adapted (Saerens-EM)
0.4437883911006718,44.37883911006718,0.44378839110067186,44.37883911006718,0.44537896543193245,0.24499767415492796,0.035649363762211006,0.00744375,3.562151796315407e-05,0.23723954865593633,0.4232745591939546,0.67136579984932,0.27727710908941183,0.19962950255482603,0.4734853291469024,VALID,infographicvqa,Trajectory LR (No Bias),Zero-Shot Base
0.005940108346331437,0.5940108346331437,0.0066870400955528885,0.6687040095552889,0.006307352989996666,0.007484321776637133,0.2731627161405018,0.00744375,0.0,3.52848871661564e-05,0.4232745591939546,0.05462933949686809,0.009436701492225556,0.0011103425760658622,0.4734853291469024,COLLAPSED,infographicvqa,Trajectory LR (No Bias),Target Adapted (Saerens-EM)
0.4418372647054493,44.18372647054493,0.4418372647054493,44.18372647054493,0.4432648508126155,0.24334789776709487,0.0372991401500441,0.00744375,3.566154279865281e-05,0.23559613965186127,0.4252560873215785,0.6682682820719529,0.2709357891608211,0.1997926493804848,0.48184974826937377,VALID,infographicvqa,Trajectory Platt (5D),Zero-Shot Base
0.006431708523357487,0.6431708523357487,0.006871124717072952,0.6871124717072953,0.006222026973777884,0.007488413060687198,0.27315862485645176,0.00744375,0.0,4.1366874529429345e-05,0.4252560873215785,0.05700972948742706,0.00947365690132742,0.0007652343094294479,0.48184974826937377,COLLAPSED,infographicvqa,Trajectory Platt (5D),Target Adapted (Saerens-EM)
0.4101112989398679,41.01112989398679,0.41011129893986803,41.011129893986805,0.4171297713568087,0.21804904678836057,0.0625979911287784,0.00744375,1.2391015382944598e-05,0.21020024368353693,0.42723761544920236,0.6097826207518922,0.2079195677905426,0.2042858685147808,0.42901231436187476,VALID,infographicvqa,Trajectory Platt (17D),Zero-Shot Base
0.0074957721890050654,0.7495772189005065,0.007498871625944318,0.7498871625944318,0.006088170528288982,0.007499947511349536,0.27314709040578944,0.00744375,0.0,5.618660070946179e-05,0.42723761544920236,0.09819382928299847,0.009095654227087724,3.2302477865869925e-06,0.4290746879459171,COLLAPSED,infographicvqa,Trajectory Platt (17D),Target Adapted (Saerens-EM)
0.4585862049808167,45.85862049808167,0.45858620498081665,45.85862049808166,0.45858620498081715,0.2256491120137677,0.05499792590337127,0.00744375,2.3939968479096208e-05,0.2178985305296017,0.35885810243492866,0.6426872173768007,0.23943758495455164,0.08526256397870652,0.8054906366432492,VALID,infographicvqa,Best 5D Trajectory,Zero-Shot Base
0.0074965361917589506,0.749653619175895,0.007500075526841508,0.7500075526841508,0.006088068553128107,0.0074999558824778,0.27314708203466115,0.00744375,0.0,5.6198054874351787e-05,0.35885810243492866,0.09606090527858689,0.011171469828348513,1.1629413747035545e-06,0.8054906366432492,COLLAPSED,infographicvqa,Best 5D Trajectory,Target Adapted (Saerens-EM)
0.4585862049808167,45.85862049808167,0.45858620498081665,45.85862049808166,0.45858620498081715,0.2256491120137677,0.05499792590337127,0.00744375,2.3939968479096208e-05,0.2178985305296017,0.35885810243492866,0.6426872173768007,0.23943758495455164,0.08526256397870652,0.8054906366432492,VALID,infographicvqa,Two-Stage Residual,Zero-Shot Base
0.0074965361917589506,0.749653619175895,0.007500075526841508,0.7500075526841508,0.006088068553128107,0.0074999558824778,0.27314708203466115,0.00744375,0.0,5.6198054874351787e-05,0.35885810243492866,0.09606090527858689,0.011171469828348513,1.1629413747035545e-06,0.8054906366432492,COLLAPSED,infographicvqa,Two-Stage Residual,Target Adapted (Saerens-EM)
0.4609071867895465,46.09071867895465,0.4609071867895465,46.09071867895465,0.4609071867895469,0.22741163399117545,0.053235403925963515,0.00744375,2.4416227756990606e-05,0.21960752705757894,0.3685306465155332,0.6464677248133684,0.24685892384897828,0.08337680483686803,0.762061217873034,VALID,infographicvqa,VCPS-5D (Our Method),Zero-Shot Base
0.007496281921654727,0.7496281921654727,0.007499686247605495,0.7499686247605495,0.0060880771870284725,0.007499951983646994,0.27314708593349196,0.00744375,0.0,5.6194242648927485e-05,0.3685306465155332,0.0953966114242642,0.01095326964790983,1.2307865298693392e-06,0.762061217873034,COLLAPSED,infographicvqa,VCPS-5D (Our Method),Target Adapted (Saerens-EM)
0.4559603707241518,45.59603707241518,0.4559603707241518,45.59603707241518,0.4559603707241665,0.2254761230809927,0.05517091483614625,0.00744375,2.1779659766611047e-05,0.2176175757975705,0.3847187237615449,0.6410502218764814,0.25451684863669116,0.09769202124432588,0.7424363236432172,VALID,infographicvqa,VCPS-17D (Our Method),Zero-Shot Base
0.007496972379681379,0.7496972379681379,0.0074987995750041446,0.7498799575004145,0.006088016105032653,0.007499960915504982,0.273147077001634,0.00744375,0.0,5.6204594861705487e-05,0.3847187237615449,0.09713067872270016,0.01034531271334233,1.0990750953039984e-06,0.7424363236432172,COLLAPSED,infographicvqa,VCPS-17D (Our Method),Target Adapted (Saerens-EM)
0.7297803955186497,72.97803955186497,0.7297803955186497,72.97803955186497,0.7256334158528948,0.7296247019273474,-0.48001902405500435,0.1971,0.0,0.5325794256833568,0.45557065046479744,6.869793659715031,0.756147423475722,0.000457544047040392,1.0,COLLAPSED,lego-puzzles,Naive Confidence (NC),Zero-Shot Base
0.7299999,72.99999,0.7299999000000001,72.99999000000001,0.7299999,0.7299998540000101,-0.48039417612766705,0.1971,0.0,0.53289985400001,0.5,11.766209852583815,0.8044325395662354,0.0,1.0,COLLAPSED,lego-puzzles,Naive Confidence (NC),Target Adapted (Saerens-EM)
0.3456574275272236,34.565742752722365,0.34565742752722367,34.565742752722365,0.34565742749675266,0.31640144407668397,-0.06679576620434091,0.1971,0.005142554834723509,0.12311553565863048,0.45557065046479744,0.8288087240175783,0.756147423475722,0.014034137666165162,1.0,COLLAPSED,lego-puzzles,Temperature Scaling (TS),Zero-Shot Base
0.7299993171205514,72.99993171205514,0.7299993171205515,72.99993171205516,0.7299993171205514,0.7299990016572654,-0.48039332378492233,0.1971,0.0,0.5328990029964714,0.45557065046479744,10.364325237036672,0.756147423475722,4.179900993572958e-08,1.0,COLLAPSED,lego-puzzles,Temperature Scaling (TS),Target Adapted (Saerens-EM)
0.30587510133335755,30.587510133335755,0.30587510133335755,30.587510133335755,0.3058751012197925,0.29066413150009246,-0.0410584536277494,0.1971,0.006238572760936629,0.09768993467970588,0.45557065046479744,0.7754605511934555,0.7561416225117149,0.026820946910090696,1.0,COLLAPSED,lego-puzzles,Platt Scaling (1D),Zero-Shot Base
0.7299979295567685,72.99979295567684,0.7299979295567683,72.99979295567684,0.7299979295567685,0.7299969679636994,-0.48039129009135634,0.1971,0.0,0.5328969771571687,0.45557065046479744,9.557233299488663,0.756147423475722,2.4311085946429857e-07,1.0,COLLAPSED,lego-puzzles,Platt Scaling (1D),Target Adapted (Saerens-EM)
0.364280839710184,36.428083971018395,0.3635729838319513,36.35729838319513,0.36381246287892355,0.3341324435063784,-0.08452676563403533,0.1971,0.0017478703023805222,0.1384245771067988,0.4984401927116746,0.8707541965697633,0.705136873134187,0.09221949149998612,0.47559237588162623,COLLAPSED,lego-puzzles,Trajectory LR,Zero-Shot Base
0.7299990639032311,72.9999063903231,0.7299990639032312,72.99990639032312,0.7299990639032311,0.7299986159280626,-0.48039293805571953,0.1971,0.0,0.5328986332995936,0.4984401927116746,10.19444026364434,0.7392290507819314,5.249363900246152e-07,1.0,COLLAPSED,lego-puzzles,Trajectory LR,Target Adapted (Saerens-EM)
0.3658369247736032,36.583692477360316,0.36206969014476104,36.2069690144761,0.3632630049747686,0.3322480147894895,-0.08264233691714645,0.1971,0.0016307840621176827,0.13703795296967378,0.5220721117358726,0.8656633589493667,0.6888673820738485,0.08300215180109821,0.27444400852591977,COLLAPSED,lego-puzzles,Trajectory LR (No Bias),Zero-Shot Base
0.7299990319524357,72.99990319524356,0.7299990319524359,72.99990319524359,0.7299990319524357,0.7299985725233961,-0.480392894651053,0.1971,0.0,0.5328985866514931,0.5220721117358726,10.165129105003329,0.7217536300511653,5.935578435777918e-07,1.0,COLLAPSED,lego-puzzles,Trajectory LR (No Bias),Target Adapted (Saerens-EM)
0.36424449804154313,36.424449804154314,0.3635373068668626,36.35373068668626,0.36377607823799674,0.33410560863993705,-0.08449993076759399,0.1971,0.0018022814237562824,0.13844441490533532,0.4985135707427115,0.8706920247373989,0.7051269996841508,0.09220076791054276,0.47494121154633395,COLLAPSED,lego-puzzles,Trajectory Platt (5D),Zero-Shot Base
0.7299990606468265,72.99990606468265,0.7299990606468266,72.99990606468266,0.7299990606468265,0.7299986111253663,-0.4803929332530233,0.1971,0.0,0.532898628545249,0.4985135707427115,10.191877020409857,0.7392337116281078,5.266055940159311e-07,1.0,COLLAPSED,lego-puzzles,Trajectory Platt (5D),Target Adapted (Saerens-EM)
0.3365075505050746,33.650755050507456,0.33571336158297277,33.57133615829728,0.33650387798837733,0.3165809830282775,-0.06697530515593442,0.1971,0.0012831287550997851,0.12036220554870174,0.5234159779614325,0.8321671853097871,0.6712008916667103,0.10055804197207938,0.20956509282864394,COLLAPSED,lego-puzzles,Trajectory Platt (17D),Zero-Shot Base
0.7299984688884705,72.99984688884706,0.7299984688884705,72.99984688884706,0.7299984688884705,0.7299977386443186,-0.48039206077197555,0.1971,0.0,0.5328977645795113,0.5234159779614325,9.847600159938407,0.7172588571805347,9.226191407987023e-07,1.0,COLLAPSED,lego-puzzles,Trajectory Platt (17D),Target Adapted (Saerens-EM)
0.3331113708586108,33.311137085861084,0.3331113708586108,33.311137085861084,0.3331113708485648,0.30734180912449427,-0.05773613125215121,0.1971,0.00025806327224047533,0.11122425322943624,0.5118914340583083,0.8104067928191924,0.7432084173560206,0.03413811652346598,0.6119038109427244,COLLAPSED,lego-puzzles,Best 5D Trajectory,Zero-Shot Base
0.7299988457732347,72.99988457732347,0.7299988457732346,72.99988457732346,0.7299988457732347,0.7299983040036565,-0.48039262613131345,0.1971,0.0,0.532898314830255,0.5118914340583083,9.984386544572697,0.7432100710005809,1.7074902370940303e-07,1.0,COLLAPSED,lego-puzzles,Best 5D Trajectory,Target Adapted (Saerens-EM)
0.3331113708586108,33.311137085861084,0.3331113708586108,33.311137085861084,0.3331113708485648,0.30734180912449427,-0.05773613125215121,0.1971,0.00025806327224047533,0.11122425322943624,0.5118914340583083,0.8104067928191924,0.7432084173560206,0.03413811652346598,0.6119038109427244,COLLAPSED,lego-puzzles,Two-Stage Residual,Zero-Shot Base
0.7299988457732347,72.99988457732347,0.7299988457732346,72.99988457732346,0.7299988457732347,0.7299983040036565,-0.48039262613131345,0.1971,0.0,0.532898314830255,0.5118914340583083,9.984386544572697,0.7432100710005809,1.7074902370940303e-07,1.0,COLLAPSED,lego-puzzles,Two-Stage Residual,Target Adapted (Saerens-EM)
0.3324516612408471,33.245166124084705,0.33245166124084713,33.24516612408471,0.33245166122349823,0.30697941034576554,-0.05737373247342248,0.1971,0.00040695802306594414,0.11090985561545501,0.5089646988775258,0.8098228275474435,0.7437914312526426,0.038896422555093874,0.5965713220265952,COLLAPSED,lego-puzzles,VCPS-5D (Our Method),Zero-Shot Base
0.7299990931823124,72.99990931823123,0.7299990931823124,72.99990931823123,0.7299990931823124,0.7299986665193395,-0.4803929886469965,0.1971,0.0,0.5328986760469984,0.5089646988775258,10.162217947501805,0.7438314040435354,1.539275631368633e-07,1.0,COLLAPSED,lego-puzzles,VCPS-5D (Our Method),Target Adapted (Saerens-EM)
0.33144406823417516,33.14440682341752,0.33144406823417516,33.14440682341752,0.3314440681480416,0.30632521169702925,-0.0567195338246862,0.1971,0.0006213093411315164,0.11018410717059679,0.5065075830953789,0.808379213839251,0.7445139094117964,0.037572766404693064,0.6030314479432283,COLLAPSED,lego-puzzles,VCPS-17D (Our Method),Zero-Shot Base
0.7299989771115567,72.99989771115567,0.7299989771115566,72.99989771115565,0.7299989771115567,0.7299984964676758,-0.4803928185953327,0.1971,0.0,0.5328985065839191,0.5065075830953789,10.073849897092382,0.7445497096166906,1.675350049295638e-07,1.0,COLLAPSED,lego-puzzles,VCPS-17D (Our Method),Target Adapted (Saerens-EM)
0.2705369194184365,27.05369194184365,0.27043976158247607,27.043976158247606,0.2647050379302899,0.27050169115048717,-0.005247789905023836,0.19732974999999997,3.660342671335668e-05,0.07320526244054402,0.6155534074309627,3.8126876880550076,0.2068481567698452,0.0021945715261717136,0.9999999999999998,COLLAPSED,mmbench,Naive Confidence (NC),Zero-Shot Base
0.27049990000000024,27.049990000000022,0.2704999000000002,27.04999000000002,0.27049990000000024,0.2704999459000101,-0.005246044654546755,0.19732974999999997,0.0,0.07317019590001013,0.5,4.35994494667661,0.27711238711615954,2.220446049250313e-16,1.0,COLLAPSED,mmbench,Naive Confidence (NC),Target Adapted (Saerens-EM)
0.06734832318717111,6.734832318717111,0.07423824380192108,7.423824380192108,0.060330498408498495,0.19804827035116251,0.06720563089430082,0.19732974999999997,0.004254219786611,0.005734181662108725,0.6155534074309627,0.5855665081776514,0.2068481567698452,0.01927600875461895,0.9999999999999998,COLLAPSED,mmbench,Temperature Scaling (TS),Zero-Shot Base
0.27049973715976783,27.049973715976783,0.27049973715976794,27.049973715976794,0.27049973715976783,0.2704998545044348,-0.005245953258971481,0.19732974999999997,0.0,0.07317010780350348,0.6155534074309627,4.093398760913815,0.2068481567698452,2.4114594024984978e-08,1.0,COLLAPSED,mmbench,Temperature Scaling (TS),Target Adapted (Saerens-EM)
0.08906391519996541,8.906391519996541,0.09254349742843955,9.254349742843955,0.08968066505685476,0.20176055507755888,0.06349334616790445,0.19732974999999997,0.003550495544843173,0.009700785074302137,0.6155534074309627,0.593945068091944,0.20688691489172137,0.03185949812235659,0.9999999999999998,VALID,mmbench,Platt Scaling (1D),Zero-Shot Base
0.2704997420877032,27.049974208770323,0.2704997420877033,27.049974208770326,0.2704997420877032,0.27049985533826826,-0.0052459540928049275,0.19732974999999997,0.0,0.07317011046951397,0.6155534074309627,4.096566432088931,0.2068481567698452,3.8869095314957677e-08,1.0,COLLAPSED,mmbench,Platt Scaling (1D),Target Adapted (Saerens-EM)
0.09222586661210407,9.222586661210407,0.09164524509020294,9.164524509020294,0.09119786152895337,0.1892651584206486,0.07598874282481474,0.19732974999999997,0.015257383069260451,0.008645115831547152,0.6858165076477318,0.5658636031653111,0.18249815833836983,0.114358095334645,0.6841461985953556,VALID,mmbench,Trajectory LR,Zero-Shot Base
0.2704993953420769,27.049939534207688,0.27049939534207695,27.049939534207695,0.2704993953420769,0.27049956558653365,-0.005245664341070322,0.19732974999999997,0.0,0.07316992288042921,0.6858165076477318,3.8513487541169544,0.17619505587607448,4.40343732330446e-07,1.0,COLLAPSED,mmbench,Trajectory LR,Target Adapted (Saerens-EM)
0.0943507991276302,9.435079912763019,0.09703676412772572,9.703676412772571,0.09383176163580956,0.18976919136778142,0.07548470987768191,0.19732974999999997,0.0169660983476153,0.01004921985141433,0.6845457920055136,0.5672341167234831,0.18533908613187824,0.11199804848508424,0.6571073515433095,VALID,mmbench,Trajectory LR (No Bias),Zero-Shot Base
0.270499441604908,27.049944160490803,0.270499441604908,27.049944160490803,0.270499441604908,0.2704995935327446,-0.005245692287281278,0.19732974999999997,0.0,0.07316994790856704,0.6845457920055136,3.87511065585616,0.17776996214992663,4.542759706656882e-07,1.0,COLLAPSED,mmbench,Trajectory LR (No Bias),Target Adapted (Saerens-EM)
0.09224813994765287,9.224813994765286,0.09166225245594975,9.166225245594974,0.0912199188419395,0.18926939666953968,0.07598450457592365,0.19732974999999997,0.015257383069260451,0.008649223618992261,0.6858063723285517,0.565873526569261,0.18250444599606389,0.11435642107476499,0.6841436024298836,VALID,mmbench,Trajectory Platt (5D),Zero-Shot Base
0.2704993940072937,27.04993940072937,0.2704993940072938,27.04993940072938,0.2704993940072937,0.27049956463472974,-0.005245663389266408,0.19732974999999997,0.0,0.07316992215831314,0.6858063723285517,3.850751116847186,0.17617741829331607,4.412794814098128e-07,1.0,COLLAPSED,mmbench,Trajectory Platt (5D),Target Adapted (Saerens-EM)
0.07439452946931124,7.439452946931125,0.07833927787095306,7.8339277870953055,0.07429216348279728,0.18571922682755745,0.07953467441790588,0.19732974999999997,0.01788889523763687,0.006540156331835346,0.6844495064733018,0.5566929377360181,0.18214248915411468,0.12742780277638388,0.6596548684371909,VALID,mmbench,Trajectory Platt (17D),Zero-Shot Base
0.2704996378208834,27.049963782088337,0.27049963782088354,27.049963782088355,0.2704996378208834,0.27049973101233227,-0.005245829766868937,0.19732974999999997,0.0,0.07317005406122908,0.6844495064733018,3.9911483730536723,0.17408984637989164,2.968275873701799e-07,1.0,COLLAPSED,mmbench,Trajectory Platt (17D),Target Adapted (Saerens-EM)
0.084250665954879,8.4250665954879,0.09643875301311232,9.643875301311231,0.09221706709816029,0.19345526399181084,0.07179863725365249,0.19732974999999997,0.014428548852689451,0.011469952197076706,0.6792766929467047,0.5755163750488983,0.1759203709985888,0.04392384726184979,0.7499942135662399,VALID,mmbench,Best 5D Trajectory,Zero-Shot Base
0.27049976304366374,27.049976304366375,0.2704997630436638,27.04997630436638,0.27049976304366374,0.2704998595845814,-0.005245958339118062,0.19732974999999997,0.0,0.07317012180667823,0.6792766929467047,4.108244522238349,0.17592320668603623,5.105258400978048e-08,1.0,COLLAPSED,mmbench,Best 5D Trajectory,Target Adapted (Saerens-EM)
0.084250665954879,8.4250665954879,0.09643875301311232,9.643875301311231,0.09221706709816029,0.19345526399181084,0.07179863725365249,0.19732974999999997,0.014428548852689451,0.011469952197076706,0.6792766929467047,0.5755163750488983,0.1759203709985888,0.04392384726184979,0.7499942135662399,VALID,mmbench,Two-Stage Residual,Zero-Shot Base
0.27049976304366374,27.049976304366375,0.2704997630436638,27.04997630436638,0.27049976304366374,0.2704998595845814,-0.005245958339118062,0.19732974999999997,0.0,0.07317012180667823,0.6792766929467047,4.108244522238349,0.17592320668603623,5.105258400978048e-08,1.0,COLLAPSED,mmbench,Two-Stage Residual,Target Adapted (Saerens-EM)
0.0970412381499969,9.70412381499969,0.10241016371755673,10.241016371755673,0.09995623017479846,0.19348468112448575,0.07176922012097758,0.19732974999999997,0.01649217266674298,0.013322283293969481,0.6830736368945889,0.5758051391445504,0.17482358396162762,0.049386966472576954,0.71224783754215,VALID,mmbench,VCPS-5D (Our Method),Zero-Shot Base
0.2704997291633895,27.049972916338948,0.2704997291633894,27.049972916338938,0.2704997291633895,0.2704998371122999,-0.005245935866836582,0.19732974999999997,0.0,0.07317010347746707,0.6830736368945889,4.069754911679446,0.17487638307562128,6.518351862876491e-08,1.0,COLLAPSED,mmbench,VCPS-5D (Our Method),Target Adapted (Saerens-EM)
0.1013923961970683,10.13923961970683,0.10147190830821393,10.147190830821392,0.10079275553378489,0.19396523241985023,0.0712886688256131,0.19732974999999997,0.017341165167133465,0.014388738328466592,0.6845052507287928,0.5769111342470062,0.17011110201106827,0.04862798680539452,0.7409825506390366,VALID,mmbench,VCPS-17D (Our Method),Zero-Shot Base
0.2704996651156002,27.04996651156002,0.27049966511560025,27.049966511560026,0.2704996651156002,0.2704997989801218,-0.0052458977346584446,0.19732974999999997,0.0,0.07317006882765185,0.6844799124308423,4.012490708689595,0.17019913896920696,7.883073709786481e-08,1.0,COLLAPSED,mmbench,VCPS-17D (Our Method),Target Adapted (Saerens-EM)
0.7927004503725484,79.27004503725485,0.7927004503725483,79.27004503725483,0.7329708171936853,0.6985274640513861,-0.4430970029068696,0.018321217674746645,0.00020164986666167359,0.680224643569038,0.7210909631391201,3.3328351996226133,0.9226458000521875,0.2351483926947049,1.0,COLLAPSED,mmmu,Naive Confidence (NC),Zero-Shot Base
0.9813299453658271,98.13299453658271,0.9813299453658269,98.13299453658269,0.9813299453658271,0.9813296756153543,-0.7258992144708378,0.018321217674746645,0.0,0.9630084616716972,0.5890309155766944,15.289993142377137,0.9795537805976412,3.8567676385251665e-07,1.0,COLLAPSED,mmmu,Naive Confidence (NC),Target Adapted (Saerens-EM)
0.5208775892341849,52.08775892341849,0.5208775892341848,52.087758923418484,0.5210742857709334,0.28931933091833034,-0.033888869773813834,0.018321217674746645,0.0018202029425178124,0.27269294545002376,0.7210909631391201,0.772411876140005,0.9226458000521875,0.03667799011413523,1.0,COLLAPSED,mmmu,Temperature Scaling (TS),Zero-Shot Base
0.981324095053607,98.1324095053607,0.981324095053607,98.1324095053607,0.981324095053607,0.9813181621752854,-0.7258877010307689,0.018321217674746645,0.0,0.9629969795327806,0.7210909631391201,11.785875812525491,0.9509656649519939,8.749406953475299e-07,1.0,COLLAPSED,mmmu,Temperature Scaling (TS),Target Adapted (Saerens-EM)
0.42326888427348386,42.326888427348386,0.42326888427348397,42.32688842734839,0.42353762071984236,0.19829927611196857,0.05713118503254794,0.018321217674746645,0.002318246183688967,0.18225631940129042,0.7210909631391201,0.5881640287811093,0.06778554010049993,0.05985997911792386,1.0,VALID,mmmu,Platt Scaling (1D),Zero-Shot Base
0.018667214059990164,1.8667214059990163,0.018669501615420258,1.8669501615420259,0.018667214059990164,0.018669641695108076,0.23676081944940844,0.018321217674746645,0.0,0.00034846488076149443,0.7210909631391201,0.2352730011297723,0.009565604905630565,6.852069297040924e-07,1.0,COLLAPSED,mmmu,Platt Scaling (1D),Target Adapted (Saerens-EM)
0.39040187960888734,39.04018796088874,0.39040187960888734,39.04018796088874,0.39270933653501133,0.20417634107210608,0.051254120072410425,0.018321217674746645,0.0009951570192434436,0.1866045464338744,0.7285969084423306,0.5804877117316447,0.17406172490421257,0.19663251570004006,0.5692068348885763,VALID,mmmu,Trajectory LR,Zero-Shot Base
0.018663799582880607,1.8663799582880607,0.018668267470591027,1.8668267470591027,0.013361463527864131,0.01866941900108391,0.2367610421434326,0.018321217674746645,0.0,0.0003483374148699343,0.7285969084423306,0.21907628239112253,0.007834181606098181,4.369191987079676e-06,0.5692068348885763,COLLAPSED,mmmu,Trajectory LR,Target Adapted (Saerens-EM)
0.3932889032986848,39.328890329868486,0.3932889032986849,39.328890329868486,0.3958771822937842,0.2063955133651916,0.049034947779324906,0.018321217674746645,0.0005774583046472979,0.1882904016897068,0.7222800237812128,0.5851602159749849,0.18614634544489295,0.19593549565300264,0.5581094523531192,VALID,mmmu,Trajectory LR (No Bias),Zero-Shot Base
0.018663371046706664,1.8663371046706665,0.018667024110660416,1.8667024110660415,0.013361297731089872,0.01866940469724202,0.2367610564472745,0.018321217674746645,0.0,0.00034832141882704863,0.7222800237812128,0.2183006950370563,0.008273019464583925,4.624901820014301e-06,0.5581094523531192,COLLAPSED,mmmu,Trajectory LR (No Bias),Target Adapted (Saerens-EM)
0.39038677712687253,39.03867771268725,0.39038677712687253,39.03867771268725,0.3926870009251335,0.2041427667682151,0.0512876943763014,0.018321217674746645,0.0010082658884423825,0.18657605038532069,0.7287455410225921,0.5804250195914953,0.17399300243918342,0.1965739295362091,0.5691806775542695,VALID,mmmu,Trajectory Platt (5D),Zero-Shot Base
0.018663129988263492,1.8663129988263492,0.01866809882286086,1.8668098822860861,0.013361446384646144,0.01866937878538088,0.23676108235913562,0.018321217674746645,0.0,0.0003483124209588201,0.7287455410225921,0.21709473134640453,0.007830293037019303,4.8569767428566594e-06,0.5691806775542695,COLLAPSED,mmmu,Trajectory Platt (5D),Target Adapted (Saerens-EM)
0.35190725900046554,35.19072590004655,0.35190725900046554,35.19072590004655,0.36392333837523916,0.17838759631367002,0.07704286483084649,0.018321217674746645,0.0006061660086829632,0.16069115527080433,0.7588436385255648,0.5172792651471954,0.137535710075971,0.20582924983672762,0.47879732618661075,VALID,mmmu,Trajectory Platt (17D),Zero-Shot Base
0.018667616745711626,1.8667616745711626,0.018668696605175464,1.8668696605175463,0.013361784450235645,0.0186696316493475,0.23676082949516902,0.018321217674746645,0.0,0.0003484799149647731,0.7588436385255648,0.23706969214712062,0.0073975188902088715,1.7106604935183657e-06,0.4787469793499828,COLLAPSED,mmmu,Trajectory Platt (17D),Target Adapted (Saerens-EM)
0.41001910070636727,41.001910070636725,0.41001910070636727,41.001910070636725,0.41006598638961206,0.19085501127926585,0.06457544986525066,0.018321217674746645,0.0014541132044809321,0.173898556397669,0.7546819262782402,0.5706073281658048,0.09273694116810949,0.09071000014337857,0.8455075197760507,VALID,mmmu,Best 5D Trajectory,Zero-Shot Base
0.018667345595440938,1.8667345595440938,0.018669139516681872,1.8669139516681872,0.018667345595440938,0.01866963452391623,0.23676082662060027,0.018321217674746645,0.0,0.0003484697915796282,0.7546819262782402,0.2347354803309994,0.007848516261287686,9.487086953887247e-07,1.0,COLLAPSED,mmmu,Best 5D Trajectory,Target Adapted (Saerens-EM)
0.41001910070636727,41.001910070636725,0.41001910070636727,41.001910070636725,0.41006598638961206,0.19085501127926585,0.06457544986525066,0.018321217674746645,0.0014541132044809321,0.173898556397669,0.7546819262782402,0.5706073281658048,0.09273694116810949,0.09071000014337857,0.8455075197760507,VALID,mmmu,Two-Stage Residual,Zero-Shot Base
0.018667345595440938,1.8667345595440938,0.018669139516681872,1.8669139516681872,0.018667345595440938,0.01866963452391623,0.23676082662060027,0.018321217674746645,0.0,0.0003484697915796282,0.7546819262782402,0.2347354803309994,0.007848516261287686,9.487086953887247e-07,1.0,COLLAPSED,mmmu,Two-Stage Residual,Target Adapted (Saerens-EM)
0.41210124100460027,41.21012410046003,0.41210124100460016,41.210124100460014,0.4121384047675512,0.19229669078995343,0.06313377035456308,0.018321217674746645,0.0011049450596249115,0.1751514380494901,0.7558709869203328,0.5738633174070337,0.09459528269000707,0.08858183107374884,0.8174421299482643,VALID,mmmu,VCPS-5D (Our Method),Zero-Shot Base
0.018667152137782052,1.8667152137782053,0.018669074158912197,1.8669074158912196,0.01336147705457975,0.018669625526579,0.2367608356179375,0.018321217674746645,0.0,0.00034846256893510103,0.7558709869203328,0.23349239535559568,0.0077460277680700415,1.0055589154771577e-06,0.8174421299482643,COLLAPSED,mmmu,VCPS-5D (Our Method),Target Adapted (Saerens-EM)
0.4052314289740053,40.52314289740053,0.4052314289740053,40.52314289740053,0.40523728279244164,0.18963101456029258,0.06579944658422393,0.018321217674746645,0.0010860737618463947,0.1723170908165602,0.7566884661117718,0.5658111735057272,0.10256112935377634,0.10506309445782137,0.7928500032448822,VALID,mmmu,VCPS-17D (Our Method),Zero-Shot Base
0.01866743621296657,1.866743621296657,0.018669173076454944,1.8669173076454944,0.01866743621296657,0.018669641180645964,0.23676081996387055,0.018321217674746645,0.0,0.0003484731747651757,0.7566884661117718,0.23547917058161977,0.0072008669157909095,9.82023021318443e-07,1.0,COLLAPSED,mmmu,VCPS-17D (Our Method),Target Adapted (Saerens-EM)
0.019231540824178585,1.9231540824178586,0.01798767548369762,1.7987675483697623,0.012599763466789359,0.08122982037842137,0.1994628715199689,0.09719008264462813,0.016440351794778086,0.000639572880121811,0.8217723474645506,0.2769864860120378,0.03467420380073879,0.13034250565999722,1.0,VALID,pope,Naive Confidence (NC),Zero-Shot Base
0.10909080909090929,10.909080909090928,0.10909080909090939,10.909080909090939,0.10909080909090929,0.10909088727273729,0.17160180462565294,0.09719008264462813,0.0,0.011900804628109217,0.5,1.7583377965256057,0.11995230520695689,1.1102230246251565e-16,1.0,COLLAPSED,pope,Naive Confidence (NC),Target Adapted (Saerens-EM)
0.3513828340301772,35.138283403017724,0.35138283403017717,35.13828340301772,0.3513828340547083,0.21644836777345197,0.06424432412493827,0.09719008264462813,0.010263140409599027,0.13049217205451752,0.8217723474645506,0.6257918073742558,0.03467420380073879,0.020371467909621507,1.0,VALID,pope,Temperature Scaling (TS),Zero-Shot Base
0.10908924219278604,10.908924219278603,0.10908924219278605,10.908924219278605,0.10908924219278604,0.10909051353718405,0.1716021783612062,0.09719008264462813,0.0,0.01190046276219633,0.8217723474645506,1.442473665572136,0.03469392334297457,1.3800170638196092e-07,1.0,COLLAPSED,pope,Temperature Scaling (TS),Target Adapted (Saerens-EM)
0.5093230877699721,50.93230877699722,0.5093230877699721,50.93230877699722,0.509323087717253,0.3495241099814872,-0.06883141808309695,0.09719008264462813,0.012340467502585531,0.2659195997681434,0.8217723474645506,0.897074519240881,0.7641355120613088,0.037886330515522905,1.0,COLLAPSED,pope,Platt Scaling (1D),Zero-Shot Base
0.8909076248926899,89.090762489269,0.8909076248926902,89.09076248926901,0.8909076248926899,0.8909064280853511,-0.6102137361869608,0.09719008264462813,0.0,0.7937163960919339,0.8217723474645506,11.960690285186455,0.7641355120613088,2.3253576533290275e-07,1.0,COLLAPSED,pope,Platt Scaling (1D),Target Adapted (Saerens-EM)
0.34524098877465664,34.52409887746566,0.3452409887746567,34.52409887746567,0.3452425109522553,0.20705168993332196,0.07364100196506829,0.09719008264462813,0.015099245205833226,0.12455561990158574,0.76418177259013,0.6073877075057535,0.2656613560223577,0.15040688840418714,0.6679392720788739,VALID,pope,Trajectory LR,Zero-Shot Base
0.1090070131852281,10.90070131852281,0.10900701318522812,10.900701318522813,0.10380245989239086,0.10905508204160158,0.17163760985678866,0.09719008264462813,0.0,0.011882528923564492,0.76418177259013,0.9823612271278693,0.05482665934418831,7.921033731532232e-05,0.6679392720788739,COLLAPSED,pope,Trajectory LR,Target Adapted (Saerens-EM)
0.34367062311744523,34.367062311744526,0.3436706231174453,34.367062311744526,0.3436735021382587,0.2054969306083416,0.07519576129004865,0.09719008264462813,0.015197790423360218,0.12297987304710266,0.7642747943410421,0.6049187988500239,0.2542178781195925,0.14358226525289522,0.6578842916403217,VALID,pope,Trajectory LR (No Bias),Zero-Shot Base
0.10905768637807067,10.905768637807068,0.1090576863780706,10.90576863780706,0.1035269868123063,0.10907663447450468,0.17161605742388558,0.09719008264462813,0.0,0.011893578958137621,0.7642747943410421,1.0859148488224335,0.0551651060965014,3.406844596419338e-05,0.6578842916403217,COLLAPSED,pope,Trajectory LR (No Bias),Target Adapted (Saerens-EM)
0.34520915184275114,34.52091518427511,0.345209151842751,34.520915184275104,0.3452106816876941,0.20703171858949895,0.07366097330889129,0.09719008264462813,0.01510331042391794,0.12453032994020417,0.7641655948943191,0.6073442846660122,0.26559891199463964,0.1504195435069023,0.6678898093030854,VALID,pope,Trajectory Platt (5D),Zero-Shot Base
0.10900765926175116,10.900765926175115,0.10900765926175114,10.900765926175113,0.10379900626739655,0.1090553558708333,0.17163733602755693,0.09719008264462813,0.0,0.011882669777726042,0.7641655948943191,0.9832056736928267,0.054829595494246236,7.86119690642002e-05,0.6678898093030854,COLLAPSED,pope,Trajectory Platt (5D),Target Adapted (Saerens-EM)
0.3258227733515647,32.58227733515647,0.32535259494774016,32.53525949477402,0.32572565868772146,0.2053755187597093,0.07531717313868094,0.09719008264462813,0.012243446902146763,0.12079092419565059,0.7006924053807015,0.6006273833462134,0.2358851913161247,0.17190212516477404,0.43554026614773556,VALID,pope,Trajectory Platt (17D),Zero-Shot Base
0.10908306394067913,10.908306394067912,0.1090840895472754,10.90840895472754,0.10338100299655013,0.10908765212483898,0.17160503977355127,0.09719008264462813,0.0,0.011899114838686291,0.7006924053807015,1.257941264521078,0.07222651329482356,8.154651394295186e-06,0.43554026614773556,COLLAPSED,pope,Trajectory Platt (17D),Target Adapted (Saerens-EM)
0.47626122115663744,47.62612211566374,0.47626122115663744,47.62612211566374,0.47626122115843994,0.31332776458431777,-0.032635072685927524,0.09719008264462813,0.014364900198433717,0.23116234819404397,0.8110606906258341,0.8230676615096293,0.7688725466657234,0.06213721296305896,0.9317176693917237,COLLAPSED,pope,Best 5D Trajectory,Zero-Shot Base
0.8909046984120454,89.09046984120454,0.8909046984120457,89.09046984120457,0.8851630207903186,0.8909010282716388,-0.6102083363732485,0.09719008264462813,0.0,0.7937111816526576,0.8110606906258341,10.987707226143286,0.7702445358954314,1.0557530698183844e-06,0.9317176693917237,COLLAPSED,pope,Best 5D Trajectory,Target Adapted (Saerens-EM)
0.47626122115663744,47.62612211566374,0.47626122115663744,47.62612211566374,0.47626122115843994,0.31332776458431777,-0.032635072685927524,0.09719008264462813,0.014364900198433717,0.23116234819404397,0.8110606906258341,0.8230676615096293,0.7688725466657234,0.06213721296305896,0.9317176693917237,COLLAPSED,pope,Two-Stage Residual,Zero-Shot Base
0.8909046984120454,89.09046984120454,0.8909046984120457,89.09046984120457,0.8851630207903186,0.8909010282716388,-0.6102083363732485,0.09719008264462813,0.0,0.7937111816526576,0.8110606906258341,10.987707226143286,0.7702445358954314,1.0557530698183844e-06,0.9317176693917237,COLLAPSED,pope,Two-Stage Residual,Target Adapted (Saerens-EM)
0.4717120934119121,47.171209341191215,0.4717120934119122,47.17120934119122,0.4717120934119613,0.3090887320751856,-0.028396040176795367,0.09719008264462813,0.013810299470712457,0.22647436772328453,0.8107897142210034,0.8142487830712394,0.7666026693027456,0.062146506738142336,0.9236355795844042,COLLAPSED,pope,VCPS-5D (Our Method),Zero-Shot Base
0.8909041441744195,89.09041441744195,0.8909041441744197,89.09041441744196,0.8851635915243629,0.8909000128703244,-0.6102073209719341,0.09719008264462813,0.0,0.7937101941071549,0.8107897142210034,10.881963102433563,0.7700652036060716,1.1881027091726567e-06,0.9236355795844042,COLLAPSED,pope,VCPS-5D (Our Method),Target Adapted (Saerens-EM)
0.4624112078253029,46.24112078253029,0.4624112078253028,46.24112078253028,0.46241120782529627,0.2998034506740417,-0.019110758775651437,0.09719008264462813,0.015785916979112607,0.21880811281116136,0.7983692882622728,0.795509667627464,0.7498840012714659,0.06850105511217298,0.8656998337041695,COLLAPSED,pope,VCPS-17D (Our Method),Zero-Shot Base
0.8908976020350149,89.08976020350148,0.890897602035015,89.0897602035015,0.8851718091711692,0.8908879754724977,-0.6101952835741073,0.09719008264462813,0.0,0.7936985373117398,0.7983692882622728,10.133606890511883,0.7702285448736629,2.9593843041387853e-06,0.8656998337041695,COLLAPSED,pope,VCPS-17D (Our Method),Target Adapted (Saerens-EM)
0.11015155228375847,11.015155228375848,0.10816844233273923,10.816844233273923,0.11009230463771819,0.16271554668829186,0.11138950619480598,0.15788775,0.009685136187329552,0.015680372416833465,0.6860213981135332,0.5292614452267976,0.10310863636449852,0.19212867180138887,1.0,VALID,scienceqa,Naive Confidence (NC),Zero-Shot Base
0.19649985002805204,19.649985002805202,0.19649985002805204,19.649985002805202,0.19649985002805204,0.1964999294779235,0.07760512340517434,0.15788775,0.0,0.03861219106104694,0.6087370616149764,3.08487255614426,0.1637475736458908,9.69459123712983e-08,1.0,COLLAPSED,scienceqa,Naive Confidence (NC),Target Adapted (Saerens-EM)
0.26838589982132716,26.838589982132717,0.2683858998213272,26.83858998213272,0.2683858998537118,0.22453444775848208,0.04957060512461575,0.15788775,0.008444667447856862,0.07636330580467254,0.6860213981135332,0.6418900217711789,0.10310863636449852,0.029812298124950107,1.0,VALID,scienceqa,Temperature Scaling (TS),Zero-Shot Base
0.19649821469153017,19.649821469153018,0.1964983985102566,19.64983985102566,0.19649821469153017,0.19649925478943464,0.07760579809366319,0.15788775,0.0,0.03861154837695868,0.6860213981135332,2.5895801507942013,0.09969768610826353,2.0788719879239458e-07,1.0,COLLAPSED,scienceqa,Temperature Scaling (TS),Target Adapted (Saerens-EM)
0.43310776446092364,43.31077644609236,0.4331077644609237,43.31077644609237,0.43310776446092036,0.3367036274004781,-0.06259857451738027,0.15788775,0.010822615134865135,0.19022122239014544,0.6860213981135332,0.8733621381924729,0.7187662964577823,0.05710036240838627,1.0,COLLAPSED,scienceqa,Platt Scaling (1D),Zero-Shot Base
0.8034985592598421,80.34985592598422,0.8034985592598421,80.34985592598422,0.8034985592598421,0.8034976065309808,-0.529392553647883,0.15788775,0.0,0.645609934732642,0.6860213981135332,10.806519474964764,0.7193090853957232,3.7424040474175144e-07,1.0,COLLAPSED,scienceqa,Platt Scaling (1D),Target Adapted (Saerens-EM)
0.3454520883877849,34.54520883877849,0.34545208838778474,34.54520883877847,0.34542967892168797,0.2778456749521409,-0.003740622069043076,0.15788775,0.009311635712550002,0.12896268817091278,0.6322062667939723,0.7651063890783655,0.5157986813534555,0.15131885038360196,0.7818612713881099,COLLAPSED,scienceqa,Trajectory LR,Zero-Shot Base
0.39091288282994296,39.0912882829943,0.39091288282994296,39.0912882829943,0.3908683037784831,0.3107245970796354,-0.03661954419653757,0.15788775,0.009066066011856324,0.16123891702926127,0.6322062667939723,0.8399984199852191,0.6237126480872587,0.14567939730700205,0.7818612713881099,COLLAPSED,scienceqa,Trajectory LR,Target Adapted (Saerens-EM)
0.34355903041555536,34.355903041555536,0.3435590304155553,34.35590304155553,0.3435151512421703,0.2763842900936971,-0.0022792372105992498,0.15788775,0.00993753823502064,0.1284381395762514,0.6290758782742802,0.76191667601225,0.5154190093978255,0.14718569570918416,0.7770410996758367,COLLAPSED,scienceqa,Trajectory LR (No Bias),Zero-Shot Base
0.3716045203433007,37.16045203433007,0.3716045203433007,37.16045203433007,0.37154749312771257,0.296108030589166,-0.022002977706068183,0.15788775,0.00859861429467987,0.1466633044023132,0.6290758782742802,0.8063352440287124,0.5864865831148502,0.14404015857790528,0.7770410996758367,COLLAPSED,scienceqa,Trajectory LR (No Bias),Target Adapted (Saerens-EM)
0.34543326857313517,34.54332685731352,0.3454332685731351,34.54332685731351,0.34541085572871383,0.277833843293637,-0.00372879041053914,0.15788775,0.009221870892820462,0.12891741582522384,0.6321967663735787,0.7650811331227892,0.5157470262070665,0.15132086519816784,0.781837868382224,COLLAPSED,scienceqa,Trajectory Platt (5D),Zero-Shot Base
0.39070127887143413,39.070127887143414,0.39070127887143413,39.070127887143414,0.39065679967853206,0.31056331081540545,-0.036458257932307614,0.15788775,0.008974909502369847,0.16115884878158343,0.6321967663735787,0.8396280675720871,0.6232468149465419,0.1457096796451129,0.781837868382224,COLLAPSED,scienceqa,Trajectory Platt (5D),Target Adapted (Saerens-EM)
0.35730747012142094,35.730747012142096,0.35730747012142094,35.730747012142096,0.356819707019879,0.2943033308782885,-0.020198277995190694,0.15788775,0.008179318224019965,0.14434049641487953,0.5983990208233381,0.8057368349696606,0.5656710666742394,0.16050717713705115,0.5581329203704296,COLLAPSED,scienceqa,Trajectory Platt (17D),Zero-Shot Base
0.49760867178512036,49.760867178512036,0.4976086717851204,49.76086717851204,0.4968750921924679,0.41209346228188215,-0.13798840939878432,0.15788775,0.007336038407381744,0.261677107398742,0.5983990208233381,1.0929980439229732,0.7177051924973464,0.1403016253228099,0.5581329203704296,COLLAPSED,scienceqa,Trajectory Platt (17D),Target Adapted (Saerens-EM)
0.4118974650864708,41.189746508647076,0.4118974650864709,41.18974650864709,0.4118974650864655,0.31784933228287404,-0.04374427939977621,0.15788775,0.010435054728491419,0.17092842759472354,0.6847435915705937,0.8351723712192592,0.7007200321442847,0.07703641702997499,0.949729935357079,COLLAPSED,scienceqa,Best 5D Trajectory,Zero-Shot Base
0.8034972420217077,80.34972420217076,0.8034972420217077,80.34972420217076,0.8034972420217077,0.803495385010062,-0.5293903321269642,0.15788775,0.0,0.6456078179364907,0.6847435915705937,10.29542746300725,0.7123873625258638,9.068241148709459e-07,1.0,COLLAPSED,scienceqa,Best 5D Trajectory,Target Adapted (Saerens-EM)
0.4118974650864708,41.189746508647076,0.4118974650864709,41.18974650864709,0.4118974650864655,0.31784933228287404,-0.04374427939977621,0.15788775,0.010435054728491419,0.17092842759472354,0.6847435915705937,0.8351723712192592,0.7007200321442847,0.07703641702997499,0.949729935357079,COLLAPSED,scienceqa,Two-Stage Residual,Zero-Shot Base
0.8034972420217077,80.34972420217076,0.8034972420217077,80.34972420217076,0.8034972420217077,0.803495385010062,-0.5293903321269642,0.15788775,0.0,0.6456078179364907,0.6847435915705937,10.29542746300725,0.7123873625258638,9.068241148709459e-07,1.0,COLLAPSED,scienceqa,Two-Stage Residual,Target Adapted (Saerens-EM)
0.4090414145213973,40.90414145213973,0.4090414145213973,40.90414145213973,0.4090414145214064,0.315542805109087,-0.041437752225989166,0.15788775,0.010229528490566776,0.16834253440504826,0.6843018220222912,0.8301891125617367,0.6988727420653054,0.07719206148802955,0.9477738321151189,COLLAPSED,scienceqa,VCPS-5D (Our Method),Zero-Shot Base
0.8034975059470566,80.34975059470565,0.8034975059470568,80.34975059470568,0.8034975059470566,0.8034958269007167,-0.5293907740176189,0.15788775,0.0,0.6456082420631403,0.6843018220222912,10.376401016173629,0.7128275587050268,8.232577838947997e-07,1.0,COLLAPSED,scienceqa,VCPS-5D (Our Method),Target Adapted (Saerens-EM)
0.4110950590798529,41.10950590798529,0.41109505907985305,41.10950590798531,0.41109967898926525,0.3180861751061901,-0.04398112222309225,0.15788775,0.009378013555319776,0.16945685078870584,0.6718721053406613,0.837147599235031,0.7033724629290875,0.08514947795885917,0.9224412527439753,COLLAPSED,scienceqa,VCPS-17D (Our Method),Zero-Shot Base
0.803497058517679,80.34970585176791,0.803497058517679,80.34970585176791,0.7977533867773291,0.8034950768427034,-0.5293900239596055,0.15788775,0.0,0.6456075230465625,0.6718721053406613,10.252034529061296,0.7195933682908919,1.0495044744392014e-06,0.9224412527439753,COLLAPSED,scienceqa,VCPS-17D (Our Method),Target Adapted (Saerens-EM)
0.32349381918927267,32.349381918927264,0.3234938191892727,32.34938191892727,0.3176827972550033,0.32349859646245,-0.06339232276084883,0.21884775,0.0,0.10464825105366184,0.5096414059545963,4.995713885099009,0.33068367226590717,0.00014980322258568852,1.0,COLLAPSED,seedbench,Naive Confidence (NC),Zero-Shot Base
0.3234999000000003,32.34999000000003,0.3234999000000003,32.34999000000003,0.3234999000000003,0.3234999353000101,-0.06339366159840892,0.21884775,0.0,0.10465218530001018,0.5,5.214204010905298,0.3395391128916975,2.220446049250313e-16,1.0,COLLAPSED,seedbench,Naive Confidence (NC),Target Adapted (Saerens-EM)
0.008531018002696964,0.8531018002696964,0.02582016367286343,2.582016367286343,0.009534432670671026,0.21875745045666758,0.04134882324493358,0.21884775,0.00015480854979270706,0.00012745012523390916,0.5096414059545963,0.6292743631656051,0.33068367226590717,0.01342600335941007,1.0,COLLAPSED,seedbench,Temperature Scaling (TS),Zero-Shot Base
0.32349985111278057,32.34998511127806,0.3234998511127805,32.34998511127805,0.32349985111278057,0.32349990343415386,-0.06339362973255269,0.21884775,0.0,0.1046521536699912,0.5096414059545963,5.08531691633466,0.33068367226590717,9.850991254384787e-09,1.0,COLLAPSED,seedbench,Temperature Scaling (TS),Target Adapted (Saerens-EM)
0.01272019938595749,1.272019938595749,0.027777056708939867,2.7777056708939867,0.013310131322738158,0.21886459302347192,0.04124168067812925,0.21884775,0.0002207261904761906,0.0002901791716234475,0.5096414059545963,0.6295014698712165,0.33068492301678326,0.023972081007308257,1.0,VALID,seedbench,Platt Scaling (1D),Zero-Shot Base
0.323499815707201,32.3499815707201,0.3234998157072008,32.34998157072008,0.323499815707201,0.32349988023520787,-0.0633936065336067,0.21884775,0.0,0.104652130762593,0.5096414059545963,5.0171234326314025,0.33068367226590717,2.3079333379477392e-08,1.0,COLLAPSED,seedbench,Platt Scaling (1D),Target Adapted (Saerens-EM)
0.058155332725282526,5.815533272528253,0.0684255797337082,6.842557973370821,0.0647113582629766,0.21704452345056052,0.04306175025104064,0.21884775,0.007881806804293628,0.0059421808391691726,0.5924009956693638,0.6247984637866819,0.28891482811892205,0.1378028626533191,0.40054114001424973,VALID,seedbench,Trajectory LR,Zero-Shot Base
0.3234990205844206,32.34990205844206,0.3234990205844207,32.34990205844207,0.3234990205844206,0.32349924291531457,-0.0633929692137134,0.21884775,0.0,0.10465161631907938,0.5924009956693638,4.490376773120838,0.277435878585324,7.384826924494867e-07,1.0,COLLAPSED,seedbench,Trajectory LR,Target Adapted (Saerens-EM)
0.05596675509020786,5.596675509020786,0.06279784823436188,6.279784823436188,0.06111332736459021,0.21690462490663595,0.043201648794965214,0.21884775,0.008208623249915815,0.0058954085832985175,0.5897941605522561,0.6249996340094219,0.30212634915693865,0.13597276158523228,0.37957613038863375,VALID,seedbench,Trajectory LR (No Bias),Zero-Shot Base
0.32349915289351483,32.349915289351486,0.32349915289351505,32.34991528935151,0.32349915289351483,0.32349933829492683,-0.06339306459332567,0.21884775,0.0,0.10465170192282168,0.5897941605522561,4.543531502448625,0.27655593566986897,7.409620556605993e-07,1.0,COLLAPSED,seedbench,Trajectory LR (No Bias),Target Adapted (Saerens-EM)
0.05815898082405326,5.815898082405326,0.06842943646758792,6.842943646758792,0.0647195554445844,0.21704727367809273,0.04305900002350843,0.21884775,0.007881806804293628,0.005940543060089334,0.5923724370024366,0.6248053810039805,0.2889230694193003,0.13781438195685938,0.400361153522572,VALID,seedbench,Trajectory Platt (5D),Zero-Shot Base
0.3234990238102555,32.34990238102555,0.32349902381025547,32.349902381025544,0.3234990238102555,0.32349924540955133,-0.06339297170795016,0.21884775,0.0,0.10465161840618827,0.5923724370024366,4.491469261818838,0.27743545582128254,7.362287576209736e-07,1.0,COLLAPSED,seedbench,Trajectory Platt (5D),Target Adapted (Saerens-EM)
0.05944092401117084,5.944092401117084,0.06745959215611222,6.745959215611222,0.06423150060409363,0.21705921061352576,0.043047063088075405,0.21884775,0.00757899935516838,0.005262578634958649,0.5888203100100412,0.6257167672075463,0.287721967403363,0.14705888299405181,0.3903202292174638,VALID,seedbench,Trajectory Platt (17D),Zero-Shot Base
0.3234994960665092,32.34994960665092,0.3234994960665094,32.34994960665094,0.3234994960665092,0.3234996090177427,-0.06339333531614155,0.21884775,0.0,0.10465192395528539,0.5888203100100412,4.717724139666692,0.2767982039611686,4.1813438651186807e-07,1.0,COLLAPSED,seedbench,Trajectory Platt (17D),Target Adapted (Saerens-EM)
0.03167535443545649,3.167535443545649,0.05744339918712109,5.744339918712109,0.04201714285801494,0.2141088055150015,0.045997468186599666,0.21884775,0.005405390884512462,0.002172770666875643,0.6081950808267391,0.6186436442470657,0.2573680895139082,0.04121614082178999,0.42283829681723495,VALID,seedbench,Best 5D Trajectory,Zero-Shot Base
0.32349985152195637,32.349985152195636,0.3234998515219563,32.34998515219563,0.32349985152195637,0.32349989924977124,-0.06339362554817007,0.21884775,0.0,0.10465215393472782,0.6081950808267391,5.0773838760220755,0.2573685896389707,3.066613903392066e-08,1.0,COLLAPSED,seedbench,Best 5D Trajectory,Target Adapted (Saerens-EM)
0.03167535443545649,3.167535443545649,0.05744339918712109,5.744339918712109,0.04201714285801494,0.2141088055150015,0.045997468186599666,0.21884775,0.005405390884512462,0.002172770666875643,0.6081950808267391,0.6186436442470657,0.2573680895139082,0.04121614082178999,0.42283829681723495,VALID,seedbench,Two-Stage Residual,Zero-Shot Base
0.32349985152195637,32.349985152195636,0.3234998515219563,32.34998515219563,0.32349985152195637,0.32349989924977124,-0.06339362554817007,0.21884775,0.0,0.10465215393472782,0.6081950808267391,5.0773838760220755,0.2573685896389707,3.066613903392066e-08,1.0,COLLAPSED,seedbench,Two-Stage Residual,Target Adapted (Saerens-EM)
0.036328646582263965,3.6328646582263966,0.0445326765742871,4.45326765742871,0.03621037688689106,0.21281171436910587,0.047294559332495295,0.21884775,0.007489533760340293,0.001509202836540296,0.6025438918152003,0.6159539153856319,0.2660177750732495,0.05254248767021224,0.48341270535505504,VALID,seedbench,VCPS-5D (Our Method),Zero-Shot Base
0.3234997310884471,32.34997310884471,0.32349973108844726,32.34997310884473,0.3234997310884471,0.32349981470444344,-0.06339354100284228,0.21884775,0.0,0.10465207601429759,0.6025438918152003,4.883859615316176,0.26601803199636925,6.852400647732679e-08,1.0,COLLAPSED,seedbench,VCPS-5D (Our Method),Target Adapted (Saerens-EM)
0.03622996131971162,3.6229961319711625,0.044527109128671284,4.452710912867128,0.036798277412678604,0.21300830353641095,0.04709797016519021,0.21884775,0.007014939764016216,0.001380916673053525,0.5944263763278352,0.6164066115310275,0.282313614888449,0.05173002826152736,0.5062275556317982,VALID,seedbench,VCPS-17D (Our Method),Zero-Shot Base
0.32349970830490293,32.34997083049029,0.3234997083049029,32.349970830490285,0.32349970830490293,0.32349979940894047,-0.0633935257073393,0.21884775,0.0,0.10465206127335729,0.594375541900705,4.857858263559936,0.28211947535829224,7.296939760164668e-08,1.0,COLLAPSED,seedbench,VCPS-17D (Our Method),Target Adapted (Saerens-EM)
0.08511946489910803,8.511946489910803,0.08669619956029519,8.66961995602952,0.08615295114513279,0.1716529939182646,0.08204668445588331,0.24234375,0.08193229094866208,0.011903453082826454,0.8366751773049645,0.5068687778352353,0.1282810077231914,0.2544495146103487,1.0,VALID,textvqa,Naive Confidence (NC),Zero-Shot Base
0.41142992502534925,41.14299250253492,0.41142992502534925,41.14299250253492,0.42018920214315714,0.41100006043979953,-0.1573003820656516,0.24234375,0.0,0.16927458320636452,0.8366751773049645,2.822699727579715,0.17295085840884694,0.0019781322155201656,1.0,COLLAPSED,textvqa,Naive Confidence (NC),Target Adapted (Saerens-EM)
0.08740032187958963,8.740032187958963,0.24881777156538387,24.881777156538387,0.2050341123928658,0.23663900392052625,0.017060674453621666,0.24234375,0.03562782528737314,0.03488692075033342,0.8366751773049645,0.6663567030270702,0.1282810077231914,0.021900873369019132,1.0,VALID,textvqa,Temperature Scaling (TS),Zero-Shot Base
0.41249379060668157,41.249379060668154,0.41249379060668157,41.249379060668154,0.41249379060668157,0.412494591657576,-0.1587949132834281,0.24234375,0.0,0.17015112728906887,0.8366751773049645,4.923828942505057,0.17295085840884694,5.323811408572434e-07,1.0,COLLAPSED,textvqa,Temperature Scaling (TS),Target Adapted (Saerens-EM)
0.26560884013206315,26.560884013206316,0.2792375122933038,27.923751229330378,0.258749655589976,0.27911901643125386,-0.025419338057105945,0.24234375,0.0637978600765144,0.10400979068363594,0.8366751773049645,0.7524688670628761,0.3574229799170552,0.038482398703318564,1.0,COLLAPSED,textvqa,Platt Scaling (1D),Zero-Shot Base
0.5874993792585739,58.74993792585739,0.5874993792585738,58.749937925857374,0.5874993792585739,0.5874992138856331,-0.33379953551148517,0.24234375,0.0,0.3451555206292096,0.8366751773049645,8.360732742640186,0.3574229799170552,1.0980928655284699e-07,1.0,COLLAPSED,textvqa,Platt Scaling (1D),Target Adapted (Saerens-EM)
0.25640591621851977,25.64059162185198,0.25640591621851977,25.64059162185198,0.25593061587223986,0.2546260826288029,-0.0009264042546549556,0.24234375,0.058891211792893104,0.07171342400528566,0.7801150225660863,0.7316535771949713,0.3332603338410384,0.2102440397244425,0.6840914175228544,COLLAPSED,textvqa,Trajectory LR,Zero-Shot Base
0.5874975391561013,58.74975391561013,0.5874975391561013,58.74975391561013,0.5817793787682972,0.5874960150340668,-0.33379633665991887,0.24234375,0.0,0.3451533585144747,0.7801150225660863,7.663849341135462,0.39610538831223613,2.7011071007517877e-06,0.68409150327941,COLLAPSED,textvqa,Trajectory LR,Target Adapted (Saerens-EM)
0.24891633762853677,24.891633762853676,0.2489163376285367,24.891633762853672,0.24809825363872665,0.2498261431445697,0.003873535229578229,0.24234375,0.05786175425621468,0.0657185913435462,0.7801397807865893,0.7267951345396836,0.327319922725681,0.21359143820322482,0.6787266766816691,VALID,textvqa,Trajectory LR (No Bias),Zero-Shot Base
0.5874972510314669,58.74972510314669,0.5874972510314669,58.74972510314669,0.581782662723523,0.5874955580643209,-0.33379587969017294,0.24234375,0.0,0.3451530199695304,0.7801418439716312,7.59728971835053,0.39545613231515325,2.897811739720328e-06,0.6787264659348723,COLLAPSED,textvqa,Trajectory LR (No Bias),Target Adapted (Saerens-EM)
0.2563929166896269,25.639291668962688,0.2563929166896269,25.639291668962688,0.255917474511532,0.2546195253596788,-0.0009198469855308811,0.24234375,0.05892549614905434,0.07171631524175226,0.7801129593810444,0.7316359753328849,0.3332533812982455,0.2102471634147104,0.684083112020778,COLLAPSED,textvqa,Trajectory Platt (5D),Zero-Shot Base
0.5874975315132726,58.749753151327255,0.5874975315132727,58.74975315132727,0.5817794730821968,0.587496002661657,-0.3337963242875091,0.24234375,0.0,0.3451533495341887,0.7801129593810444,7.6620318642560346,0.39610621067952456,2.7095160077581985e-06,0.6840831977773307,COLLAPSED,textvqa,Trajectory Platt (5D),Target Adapted (Saerens-EM)
0.22608455861658153,22.608455861658154,0.22588526166528752,22.58852616652875,0.22224947618685406,0.2465984798936997,0.007101198480448212,0.24234375,0.04992354706426953,0.05432623721159208,0.7569433913604126,0.7333904539332732,0.3494111322709756,0.2215623973803448,0.6257725924431481,VALID,textvqa,Trajectory Platt (17D),Zero-Shot Base
0.58691151610609,58.691151610609005,0.58691151610609,58.691151610609005,0.5882071452956182,0.5865537352267283,-0.33285405685258035,0.24234375,0.0,0.3444651277379492,0.7569433913604126,4.507681481153928,0.4326092764052046,0.0007172336741725883,0.6257725924431481,COLLAPSED,textvqa,Trajectory Platt (17D),Target Adapted (Saerens-EM)
0.2528935480322392,25.28935480322392,0.25795710508670977,25.79571050867098,0.25289354803223657,0.27134404194213635,-0.01764436356798843,0.24234375,0.06607315976979436,0.0966574095183526,0.8139863313990972,0.7372192548047806,0.3673387016536688,0.07975083278523205,0.8262689335672334,COLLAPSED,textvqa,Best 5D Trajectory,Zero-Shot Base
0.5874993985036685,58.74993985036685,0.5874993985036685,58.74993985036685,0.5874993985036685,0.5874991787480647,-0.33379950037391676,0.24234375,0.0,0.3451555432421723,0.8139863313990972,8.360737967276815,0.3683457578206169,2.283658266628791e-07,1.0,COLLAPSED,textvqa,Best 5D Trajectory,Target Adapted (Saerens-EM)
0.2528935480322392,25.28935480322392,0.25795710508670977,25.79571050867098,0.25289354803223657,0.27134404194213635,-0.01764436356798843,0.24234375,0.06607315976979436,0.0966574095183526,0.8139863313990972,0.7372192548047806,0.3673387016536688,0.07975083278523205,0.8262689335672334,COLLAPSED,textvqa,Two-Stage Residual,Zero-Shot Base
0.5874993985036685,58.74993985036685,0.5874993985036685,58.74993985036685,0.5874993985036685,0.5874991787480647,-0.33379950037391676,0.24234375,0.0,0.3451555432421723,0.8139863313990972,8.360737967276815,0.3683457578206169,2.283658266628791e-07,1.0,COLLAPSED,textvqa,Two-Stage Residual,Target Adapted (Saerens-EM)
0.2529285272749169,25.292852727491688,0.25325452803810483,25.32545280381048,0.2482313509452821,0.269799736822425,-0.016100058448277055,0.24234375,0.0651363351400362,0.09422504927891953,0.8120995486782722,0.7339466430519235,0.3692170645347279,0.07838110518706108,0.8164347076086769,COLLAPSED,textvqa,VCPS-5D (Our Method),Zero-Shot Base
0.5874994228495519,58.74994228495519,0.5874994228495519,58.74994228495519,0.5874994228495519,0.5874992149191838,-0.33379953654503586,0.24234375,0.0,0.3451555718485566,0.8120995486782722,8.386510262113369,0.3707333542218565,2.158317125370999e-07,1.0,COLLAPSED,textvqa,VCPS-5D (Our Method),Target Adapted (Saerens-EM)
0.24115239851468284,24.115239851468285,0.2443473512001713,24.43473512001713,0.23964687165236054,0.26327115192648987,-0.009571473552341947,0.24234375,0.06815237183871939,0.09025564519472298,0.8130682140554482,0.720128504487433,0.36492343456882614,0.0834780030025933,0.8460175305043826,COLLAPSED,textvqa,VCPS-17D (Our Method),Zero-Shot Base
0.5874993450990603,58.74993450990603,0.5874993450990604,58.74993450990604,0.5874993450990603,0.5874991027637156,-0.3337994243895677,0.24234375,0.0,0.34515548049182476,0.8130682140554482,8.309911921600335,0.36821613529620956,2.53692775286684e-07,1.0,COLLAPSED,textvqa,VCPS-17D (Our Method),Target Adapted (Saerens-EM)
0.17025630069669112,17.025630069669113,0.1702563006966912,17.02563006966912,0.17146198328326254,0.21184841978901842,0.03753305553339481,0.24,0.06065076105255628,0.03310931155818222,0.7890927083333334,0.6140270678690894,0.22423216578296967,0.2397794106743584,1.0,VALID,vizwiz-vqa,Naive Confidence (NC),Zero-Shot Base
0.402093873752497,40.2093873752497,0.402093873752497,40.2093873752497,0.412487241477069,0.3597734191456888,-0.11039194382327555,0.24,0.058019853848971535,0.17892938682161927,0.7890927083333334,1.027869647662664,0.3612111972777275,0.16835977361805746,1.0,COLLAPSED,vizwiz-vqa,Naive Confidence (NC),Target Adapted (Saerens-EM)
0.1532865206285997,15.328652062859971,0.22479695178589146,22.479695178589147,0.18857909250845373,0.24312814773988464,0.006253327582528584,0.24,0.018846529814271748,0.027005972789821277,0.7890927083333334,0.6793813425059884,0.22423216578296967,0.017394169157007568,1.0,COLLAPSED,vizwiz-vqa,Temperature Scaling (TS),Zero-Shot Base
0.5659600811145649,56.596008111456484,0.5659600811145649,56.596008111456484,0.5659733043978497,0.5592455323277105,-0.30986405700529723,0.24,0.0,0.32031081341520484,0.7890927083333334,2.0267125202068157,0.36981109384475963,0.002245092985461054,1.0,COLLAPSED,vizwiz-vqa,Temperature Scaling (TS),Target Adapted (Saerens-EM)
0.0856948264717634,8.56948264717634,0.1801406736280006,18.01406736280006,0.16116053051381812,0.22869758687117522,0.020683888451238003,0.24,0.03239875774087514,0.025863626440415968,0.7890927083333334,0.6488222183453322,0.2058479472720713,0.027986457474874354,1.0,VALID,vizwiz-vqa,Platt Scaling (1D),Zero-Shot Base
0.39999950905030857,39.99995090503086,0.39999950905030857,39.99995090503086,0.39999950905030857,0.39999957807359593,-0.1506181027511827,0.24,0.0,0.1599996072404879,0.7890927083333334,5.785143578819065,0.2058479472720713,6.182701840124815e-08,1.0,COLLAPSED,vizwiz-vqa,Platt Scaling (1D),Target Adapted (Saerens-EM)
0.0892428752638101,8.92428752638101,0.09196626054950027,9.196626054950027,0.07454756043057609,0.22252311585129494,0.02685835947111828,0.24,0.027298065123046163,0.010269469128958479,0.6674156250000001,0.6413571954320426,0.27391937112540177,0.1813686786167287,0.5305808732931541,VALID,vizwiz-vqa,Trajectory LR,Zero-Shot Base
0.3999975570308096,39.99975570308096,0.3999975570308095,39.99975570308095,0.3942653105616701,0.399997441806152,-0.15061596648373876,0.24,0.0,0.15999804563061576,0.6674156250000001,5.188781123350195,0.28762272579103193,2.039297067501727e-06,0.5305808732931541,COLLAPSED,vizwiz-vqa,Trajectory LR,Target Adapted (Saerens-EM)
0.08280828510466869,8.280828510466868,0.08052101212791922,8.052101212791921,0.06745024391732182,0.22286169143996248,0.026519783882450743,0.24,0.025598657096390004,0.008958456282578254,0.6664041666666667,0.6438847065599923,0.27538909849488,0.18120492941774718,0.5256913610671089,VALID,vizwiz-vqa,Trajectory LR (No Bias),Zero-Shot Base
0.3999972535556383,39.99972535556383,0.39999725355563825,39.999725355563825,0.39426672454850314,0.3999971454450747,-0.15061567012266147,0.24,0.0,0.15999780285205362,0.6664041666666667,5.142369993855576,0.29038639007800254,2.212850159746479e-06,0.5256913610671089,COLLAPSED,vizwiz-vqa,Trajectory LR (No Bias),Target Adapted (Saerens-EM)
0.08891554282791911,8.89155428279191,0.09196626223810017,9.196626223810018,0.07454905407782007,0.2225267137151846,0.026854761607228633,0.24,0.027264845580533766,0.010250577947709965,0.66740625,0.6413618819429905,0.27392944365989996,0.18137936996892218,0.5305547897866136,VALID,vizwiz-vqa,Trajectory Platt (5D),Zero-Shot Base
0.39999754062538656,39.999754062538656,0.39999754062538656,39.999754062538656,0.3942654185722423,0.3999974246868876,-0.15061594936447437,0.24,0.0,0.15999803250635777,0.66740625,5.186112754885875,0.2876254464863986,2.05292539533947e-06,0.5305547897866136,COLLAPSED,vizwiz-vqa,Trajectory Platt (5D),Target Adapted (Saerens-EM)
0.06144699507486076,6.144699507486076,0.06342765885125846,6.342765885125846,0.066348774215269,0.22819776169711867,0.02118371362529456,0.24,0.01805374008631936,0.0057117834141837106,0.655653125,0.6539180174113878,0.29748857928329653,0.19115876376291208,0.5082053931825025,VALID,vizwiz-vqa,Trajectory Platt (17D),Zero-Shot Base
0.36105540870031944,36.105540870031945,0.36105540870031944,36.105540870031945,0.36388506828822553,0.36330681459871145,-0.11392533927629822,0.24,0.008411447424923238,0.13432931053950772,0.655653125,1.3530679937487577,0.2991087971674983,0.0351926014787726,0.5082053931825025,COLLAPSED,vizwiz-vqa,Trajectory Platt (17D),Target Adapted (Saerens-EM)
0.09818939028278564,9.818939028278564,0.09903939564468572,9.903939564468573,0.08921826480542933,0.22169795556965732,0.027683519752755903,0.24,0.03686637997371184,0.019385846365496916,0.7186145833333333,0.6336923972731058,0.25060703863075523,0.06430614132707867,0.7320144718026289,VALID,vizwiz-vqa,Best 5D Trajectory,Zero-Shot Base
0.39999941180032544,39.99994118003254,0.39999941180032544,39.99994118003254,0.39999941180032544,0.399999463754603,-0.15061798843218976,0.24,0.0,0.15999952944060633,0.7186145833333333,5.701647915941129,0.2510071004777706,1.706920139096138e-07,1.0,COLLAPSED,vizwiz-vqa,Best 5D Trajectory,Target Adapted (Saerens-EM)
0.09818939028278564,9.818939028278564,0.09903939564468572,9.903939564468573,0.08921826480542933,0.22169795556965732,0.027683519752755903,0.24,0.03686637997371184,0.019385846365496916,0.7186145833333333,0.6336923972731058,0.25060703863075523,0.06430614132707867,0.7320144718026289,VALID,vizwiz-vqa,Two-Stage Residual,Zero-Shot Base
0.39999941180032544,39.99994118003254,0.39999941180032544,39.99994118003254,0.39999941180032544,0.399999463754603,-0.15061798843218976,0.24,0.0,0.15999952944060633,0.7186145833333333,5.701647915941129,0.2510071004777706,1.706920139096138e-07,1.0,COLLAPSED,vizwiz-vqa,Two-Stage Residual,Target Adapted (Saerens-EM)
0.09507940696235921,9.507940696235922,0.09864462034892325,9.864462034892325,0.08780835598143413,0.22176535066851075,0.02761612465390248,0.24,0.036089657859341207,0.01874961128690635,0.7157833333333333,0.6341055947415902,0.2530463400661638,0.06283225208364197,0.7211598855808414,VALID,vizwiz-vqa,VCPS-5D (Our Method),Zero-Shot Base
0.3999992884802081,39.99992884802081,0.3999992884802081,39.99992884802081,0.3999992884802081,0.3999993541443972,-0.15061787882198396,0.24,0.0,0.15999943078467274,0.7157833333333333,5.626730874199404,0.2536404653366849,2.0106307662630097e-07,1.0,COLLAPSED,vizwiz-vqa,VCPS-5D (Our Method),Target Adapted (Saerens-EM)
0.09154557935968993,9.154557935968993,0.09785395213933717,9.785395213933718,0.08997186384530859,0.21913666001475576,0.030244815307657463,0.24,0.03678933053068185,0.01752262482956904,0.7246510416666667,0.6285574365107321,0.25400793457468296,0.07053422110542423,0.773014958583501,VALID,vizwiz-vqa,VCPS-17D (Our Method),Zero-Shot Base
0.39999918780248184,39.99991878024819,0.3999991878024818,39.99991878024818,0.39999918780248184,0.39999925129157204,-0.15061777596915882,0.24,0.0,0.15999935024264514,0.7246510416666667,5.570272116492041,0.2555119508927822,2.532926629176404e-07,1.0,COLLAPSED,vizwiz-vqa,VCPS-17D (Our Method),Target Adapted (Saerens-EM)
0.0791043341383338,7.91043341383338,0.07694375851005317,7.694375851005317,0.07459267694167451,0.13703950364680173,0.13530620807388666,0.1659,0.03636130063570209,0.007815675542577597,0.7643505123568415,0.5079465405170804,0.1100730355228424,0.24028386061097884,1.0,VALID,vqav2,Naive Confidence (NC),Zero-Shot Base
0.20999958375568561,20.99995837556856,0.20999958375568561,20.99995837556856,0.20999958375568561,0.2099995848215719,0.06234612689911648,0.1659,0.0,0.04409982517756122,0.7668618143459915,3.0398515754129347,0.11026606660071613,7.089302519422853e-07,1.0,COLLAPSED,vqav2,Naive Confidence (NC),Target Adapted (Saerens-EM)
0.2600330395043669,26.003303950436692,0.2921745697989844,29.217456979898436,0.27702927205788036,0.2262985500081386,0.0460471617125498,0.1659,0.008787869057399584,0.07227868913972127,0.7643505123568415,0.645476402428666,0.1100730355228424,0.0324093261974615,1.0,VALID,vqav2,Temperature Scaling (TS),Zero-Shot Base
0.2099978267465633,20.99978267465633,0.20999782674656334,20.999782674656334,0.2099978267465633,0.20999901349797614,0.062346698222712243,0.1659,0.0,0.04409908723827962,0.7643505123568415,2.7233665326076353,0.11137368910534229,2.70440267721797e-07,1.0,COLLAPSED,vqav2,Temperature Scaling (TS),Target Adapted (Saerens-EM)
0.43142258380783916,43.142258380783915,0.4336939468590028,43.36939468590028,0.4304884463436993,0.33914435807446286,-0.06679864635377447,0.1659,0.02027843177870333,0.19585023169476048,0.7643505123568415,0.8783479583972533,0.6056776052436224,0.06256419773656714,1.0,COLLAPSED,vqav2,Platt Scaling (1D),Zero-Shot Base
0.7899989954925234,78.99989954925233,0.7899989954925234,78.99989954925233,0.7899989954925234,0.7899983485590792,-0.5176526368383909,0.1659,0.0,0.624098412879196,0.7643505123568415,10.907241225912296,0.6073222369756991,3.043101909702795e-07,1.0,COLLAPSED,vqav2,Platt Scaling (1D),Target Adapted (Saerens-EM)
0.3337066513832367,33.370665138323666,0.33370665138323663,33.370665138323666,0.33365532514415847,0.2507616299517011,0.021584081768987295,0.1659,0.029710253839666054,0.11438939728901978,0.7829445449065703,0.7053531518868503,0.39098473166866515,0.17762146403874018,0.675214183075983,VALID,vqav2,Trajectory LR,Zero-Shot Base
0.38543671103133553,38.543671103133555,0.38543671103133553,38.543671103133555,0.3853901867954448,0.2883642322554266,-0.016018520534738234,0.1659,0.029275096660418033,0.15167008487218073,0.7829445449065703,0.7921008667749054,0.4939874280632656,0.17082964555131516,0.675214183075983,COLLAPSED,vqav2,Trajectory LR,Target Adapted (Saerens-EM)
0.3294351412468014,32.94351412468014,0.3294351412468014,32.94351412468014,0.32932997682222936,0.2480394906240831,0.024306221096605296,0.1659,0.028713002101986986,0.11072522936429874,0.781800783604581,0.7008252176115495,0.38493467577269463,0.17266903846772955,0.6757926514721186,VALID,vqav2,Trajectory LR (No Bias),Zero-Shot Base
0.35288744172015335,35.288744172015335,0.3528874417201534,35.28874417201534,0.3527827492896353,0.2641700085037992,0.008175703216889207,0.1659,0.027545312090342104,0.12634296474758228,0.781800783604581,0.737532102459656,0.43502565209941174,0.16990921008103543,0.6757926514721186,VALID,vqav2,Trajectory LR (No Bias),Target Adapted (Saerens-EM)
0.33368968646973374,33.36896864697337,0.3336896864697337,33.36896864697337,0.33363832224856355,0.25075002844191674,0.02159568327877165,0.1659,0.029759016829300294,0.11440250611960906,0.782946051838457,0.7053248199929711,0.3909355066200425,0.17761010881043507,0.6751848468185719,VALID,vqav2,Trajectory Platt (5D),Zero-Shot Base
0.385308439861812,38.5308439861812,0.38530843986181196,38.530843986181196,0.3852618019935526,0.28826423716543514,-0.015918525444746756,0.1659,0.029310834251052457,0.15157409503188288,0.782946051838457,0.7918634239580201,0.4937453537214285,0.17083817707087984,0.6751848468185719,COLLAPSED,vqav2,Trajectory Platt (5D),Target Adapted (Saerens-EM)
0.3460164635636284,34.60164635636284,0.34601646356362836,34.601646356362835,0.33856037605575545,0.27584373633408066,-0.00349802461339227,0.1659,0.019950836200372805,0.13018990840927033,0.7317397528631705,1.1041228974326176,0.45164167348017703,0.21228617918224557,0.5044387321229994,COLLAPSED,vqav2,Trajectory Platt (17D),Zero-Shot Base
0.43681453834408374,43.68145383440837,0.4368145383440837,43.681453834408366,0.43079066572983243,0.3447789906134709,-0.0724332788927825,0.1659,0.020427191797414306,0.1990517345637805,0.7315860458107293,1.2141686551895576,0.589099524662072,0.1935006024393361,0.5041883019787744,COLLAPSED,vqav2,Trajectory Platt (17D),Target Adapted (Saerens-EM)
0.41132895579807294,41.1328955798073,0.41132895579807294,41.1328955798073,0.41132895579806794,0.3155324948855835,-0.043186783164895104,0.1659,0.03228943059886793,0.18225224695977862,0.7850663050030139,0.829744519112254,0.6035344621425707,0.08266558878783177,0.9288442086492684,COLLAPSED,vqav2,Best 5D Trajectory,Zero-Shot Base
0.789998323491359,78.9998323491359,0.7899983234913589,78.99983234913589,0.789998323491359,0.7899971741024838,-0.5176514623817954,0.1659,0.0,0.6240973511191579,0.7850663050030139,10.498245496738905,0.6140446095694433,6.120034098279097e-07,1.0,COLLAPSED,vqav2,Best 5D Trajectory,Target Adapted (Saerens-EM)
0.41132895579807294,41.1328955798073,0.41132895579807294,41.1328955798073,0.41132895579806794,0.3155324948855835,-0.043186783164895104,0.1659,0.03228943059886793,0.18225224695977862,0.7850663050030139,0.829744519112254,0.6035344621425707,0.08266558878783177,0.9288442086492684,COLLAPSED,vqav2,Two-Stage Residual,Zero-Shot Base
0.789998323491359,78.9998323491359,0.7899983234913589,78.99983234913589,0.789998323491359,0.7899971741024838,-0.5176514623817954,0.1659,0.0,0.6240973511191579,0.7850663050030139,10.498245496738905,0.6140446095694433,6.120034098279097e-07,1.0,COLLAPSED,vqav2,Two-Stage Residual,Target Adapted (Saerens-EM)
0.40799359523692597,40.799359523692594,0.4079935952369259,40.799359523692594,0.4079935952369209,0.31270721137289365,-0.04036149965220526,0.1659,0.0315540283633309,0.17903144000602594,0.7893911995177818,0.8236503888675888,0.6010222057928896,0.08196250606075657,0.9179310391423287,COLLAPSED,vqav2,VCPS-5D (Our Method),Zero-Shot Base
0.7899977460752624,78.99977460752623,0.7899977460752623,78.99977460752623,0.7899977460752624,0.7899961998390506,-0.5176504881183621,0.1659,0.0,0.6240964388039948,0.7893911995177818,10.263832811797103,0.6133307672853673,8.183992543574559e-07,1.0,COLLAPSED,vqav2,VCPS-5D (Our Method),Target Adapted (Saerens-EM)
0.4038768443836326,40.38768443836326,0.4038768443836325,40.38768443836325,0.4039098717450733,0.30833718499892326,-0.035991473278234876,0.1659,0.02806520186544196,0.17149993340496997,0.7836482820976491,0.8153791978353009,0.6074010400339201,0.08842106540819042,0.8984183029629239,COLLAPSED,vqav2,VCPS-17D (Our Method),Zero-Shot Base
0.7899978093090079,78.99978093090078,0.7899978093090079,78.99978093090078,0.7899978093090079,0.7899962907771401,-0.5176505790564516,0.1659,0.0,0.6240965387130316,0.7836482820976491,10.289041866498508,0.6258458125194664,8.341293083030921e-07,1.0,COLLAPSED,vqav2,VCPS-17D (Our Method),Target Adapted (Saerens-EM)
