dataset,arch,budget,method,adaptive_ece_percent_mean,adaptive_ece_percent_std,ece_percent_mean,ece_percent_std,auroc_mean,auroc_std,brier_mean,brier_std,effective_n_mean,effective_n_std,is_capped
ai2d,mqt,100,Adaptive TS (ATS),14.26624369714745,0.9590358112014145,13.114273182152942,0.699986779936461,0.7465488151897459,0.00033092939489808,0.2195864536109992,0.0010939698489720378,100.0,0.0,False
ai2d,mqt,100,Naive Confidence (NC),26.92474775016308,0.0,27.15036953985691,0.0,0.7457631386769408,0.0,0.2887215547447141,0.0,100.0,0.0,False
ai2d,mqt,100,Platt Scaling (1D),8.329801488740582,0.6249748011457689,5.924027682403514,1.18384007584915,0.7457631386769408,0.0,0.2019851116917307,0.0020044672435900273,100.0,0.0,False
ai2d,mqt,100,Temperature Scaling (TS),12.973684140258555,0.4353226511092039,12.262987283890984,0.5869446756923591,0.7457631386769408,0.0,0.21981826470586832,0.000977542721844871,100.0,0.0,False
ai2d,mqt,100,Trajectory Platt (5D),8.365182147920132,1.221979429661281,7.393299624323845,1.8315038352309478,0.7364760393845534,0.010290226067233794,0.20721335198812646,0.0055040291264815645,100.0,0.0,False
ai2d,mqt,100,VCPS-5D (Our Method),6.906006947177812,1.9634430626523118,5.9302448536347665,1.8155756892511954,0.7452292815592656,0.0008848504997209683,0.20240757401384987,0.002642027508662965,100.0,0.0,False
ai2d,mqt,1000,Adaptive TS (ATS),14.035662693002191,0.1973644255314174,13.21517133255767,0.3316062830319527,0.7464883785349148,0.00018539107370052954,0.21943058017590245,0.00016440067649510121,1000.0,0.0,False
ai2d,mqt,1000,Naive Confidence (NC),26.92474775016308,0.0,27.15036953985691,0.0,0.7457631386769408,0.0,0.2887215547447141,0.0,1000.0,0.0,False
ai2d,mqt,1000,Platt Scaling (1D),8.20734054845376,0.10048064000496654,5.408337672953171,0.7287714602405603,0.7457631386769408,0.0,0.20145747432077696,0.0002264244038867965,1000.0,0.0,False
ai2d,mqt,1000,Temperature Scaling (TS),13.054921487945615,0.07411066147103952,13.551511796527326,0.3204742978852224,0.7457631386769408,0.0,0.21964003646316063,0.00015237022272746034,1000.0,0.0,False
ai2d,mqt,1000,Trajectory Platt (5D),6.996827117353679,0.4300380909424174,7.510193065553904,1.1463133662338911,0.7402029664324746,0.0028765006655662034,0.20289881970869467,0.000497170892901466,1000.0,0.0,False
ai2d,mqt,1000,VCPS-5D (Our Method),7.369620918141176,0.30242297025449166,6.509075431541677,0.7109059459297163,0.7455516103850319,0.00046042337576788757,0.20114405308668362,0.0002556530053411434,1000.0,0.0,False
ai2d,mqt,1500,Adaptive TS (ATS),14.099017259880071,0.0822039440918225,13.381628899698583,0.06153537305239184,0.7465337060260382,9.522636247487341e-05,0.21949912486920212,3.526923586114194e-05,1500.0,0.0,False
ai2d,mqt,1500,Naive Confidence (NC),26.92474775016308,0.0,27.15036953985691,0.0,0.7457631386769408,0.0,0.2887215547447141,0.0,1500.0,0.0,False
ai2d,mqt,1500,Platt Scaling (1D),8.233521248518885,0.017158518008622944,5.447615128919287,0.2192468414435987,0.7457631386769408,0.0,0.20143565605831676,4.0898145038705696e-05,1500.0,0.0,False
ai2d,mqt,1500,Temperature Scaling (TS),13.091655761612618,0.0144949598074695,13.454855645227806,0.2508788198980212,0.7457631386769408,0.0,0.21970633187040706,3.061400923511862e-05,1500.0,0.0,False
ai2d,mqt,1500,Trajectory Platt (5D),6.8863943792879585,0.634640829622694,6.634750912338495,0.1924860658966981,0.7384251215028581,0.0009652602359310569,0.20354713277664555,0.00020444575742853795,1500.0,0.0,False
ai2d,mqt,1500,VCPS-5D (Our Method),6.870884027602844,0.4130840166814974,6.980204820406259,0.5321458090676853,0.745400518747954,0.00011621949343212935,0.2012259978101525,5.6284412507114084e-05,1500.0,0.0,False
ai2d,mqt,200,Adaptive TS (ATS),14.079895778329028,0.781267617706858,12.742728690238007,0.42418904356566534,0.7463977235526681,0.00029763731594956096,0.21918815901690766,0.0004794392477644318,200.0,0.0,False
ai2d,mqt,200,Naive Confidence (NC),26.92474775016308,0.0,27.15036953985691,0.0,0.7457631386769408,0.0,0.2887215547447141,0.0,200.0,0.0,False
ai2d,mqt,200,Platt Scaling (1D),8.176088067275842,0.11800781679139337,6.106851643234428,0.2516681190656786,0.7457631386769408,0.0,0.20157487577580327,0.0004286296377421501,200.0,0.0,False
ai2d,mqt,200,Temperature Scaling (TS),12.837221473355788,0.2768306287510832,12.814850272500593,0.9236121336821193,0.7457631386769408,0.0,0.21947178641193651,0.0003281046770528996,200.0,0.0,False
ai2d,mqt,200,Trajectory Platt (5D),6.630903729796411,1.6526364737907946,7.239224609732628,0.469144859373414,0.7351061418750472,0.007595150153778038,0.20523461311898164,0.002438779730858286,200.0,0.0,False
ai2d,mqt,200,VCPS-5D (Our Method),6.205519767001253,0.882246671835805,5.357283777570197,1.4581519017234472,0.7456019742640578,0.0011427440959701385,0.20123903783155556,0.00041733289814567775,200.0,0.0,False
ai2d,mqt,50,Adaptive TS (ATS),14.043087518066063,1.0171125225183466,12.936588212389907,1.1040700837742086,0.7465941426808692,0.0005983029573930344,0.22038559013266057,0.0021158856316278694,50.0,0.0,False
ai2d,mqt,50,Naive Confidence (NC),26.92474775016308,0.0,27.15036953985691,0.0,0.7457631386769408,0.0,0.2887215547447141,0.0,50.0,0.0,False
ai2d,mqt,50,Platt Scaling (1D),9.428526928804885,1.6169954360977639,7.3879800268844065,3.808665511998559,0.7457631386769408,0.0,0.20594041524094436,0.005905155464604503,50.0,0.0,False
ai2d,mqt,50,Temperature Scaling (TS),13.466476194602302,0.6929319612402831,12.8599237271177,1.3690553152683271,0.7457631386769408,0.0,0.2210298306653334,0.001892790901610081,50.0,0.0,False
ai2d,mqt,50,Trajectory Platt (5D),10.047356184571983,0.974337243082948,8.295764540880917,2.140674041178987,0.7143713328800584,0.02133543893428176,0.21562958636047652,0.006676622308557253,50.0,0.0,False
ai2d,mqt,50,VCPS-5D (Our Method),8.72444078662009,2.7495886384707924,8.08666859244146,2.6654814136355496,0.7424290498854222,0.0031468156072988205,0.20561595160525634,0.006866596370890797,50.0,0.0,False
ai2d,mqt,500,Adaptive TS (ATS),14.016056311771518,0.4479699764055156,12.942993276130167,0.34140468295701165,0.7464329782679863,0.0002918281505037636,0.21926356752872955,0.0003011420769180058,500.0,0.0,False
ai2d,mqt,500,Naive Confidence (NC),26.92474775016308,0.0,27.15036953985691,0.0,0.7457631386769408,0.0,0.2887215547447141,0.0,500.0,0.0,False
ai2d,mqt,500,Platt Scaling (1D),8.15942521486479,0.11886707201126626,5.133454053632171,0.6569543872055962,0.7457631386769408,0.0,0.20140034229678908,0.0002357693808455294,500.0,0.0,False
ai2d,mqt,500,Temperature Scaling (TS),12.952102655361632,0.16246968932372635,12.929830726418336,0.8644381949362111,0.7457631386769408,0.0,0.2195016999123979,0.00023847360363939574,500.0,0.0,False
ai2d,mqt,500,Trajectory Platt (5D),7.105807052552701,1.119047312707359,6.434350824356079,1.1164856980270859,0.7377502455239102,0.00374870196354093,0.2041366751694223,0.001009244686999956,500.0,0.0,False
ai2d,mqt,500,VCPS-5D (Our Method),6.981492531837214,0.4736666819777773,5.760091058770625,0.8653438875754464,0.7456775200825968,0.0005057120329894315,0.20114877172777285,0.0003620356297335173,500.0,0.0,False
ai2d,mqt,Full,Adaptive TS (ATS),14.07571593668178,0.0,13.377700333074694,0.0,0.7465941426808693,0.0,0.21951813387796754,0.0,1600.0,0.0,True
ai2d,mqt,Full,Naive Confidence (NC),26.92474775016308,0.0,27.15036953985691,0.0,0.7457631386769408,0.0,0.2887215547447141,0.0,1600.0,0.0,True
ai2d,mqt,Full,Platt Scaling (1D),8.253448921872183,0.0,5.916362760959007,0.0,0.7457631386769408,0.0,0.2014754714656139,0.0,1600.0,0.0,True
ai2d,mqt,Full,Temperature Scaling (TS),13.100700927720998,0.0,13.31315973165658,0.0,0.7457631386769408,0.0,0.21972540218434497,0.0,1600.0,0.0,True
ai2d,mqt,Full,Trajectory Platt (5D),6.530578933656214,0.0,6.269907556474208,0.0,0.7390647427664879,0.0,0.20352115570972834,0.0,1600.0,0.0,True
ai2d,mqt,Full,VCPS-5D (Our Method),6.987195914630126,0.0,6.801665952638681,0.0,0.7456120470398631,0.0,0.2012714675003036,0.0,1600.0,0.0,True
chartqa,mqt,100,Adaptive TS (ATS),44.86740421889384,0.0006682109413888087,44.86740421889383,0.0006682109413862096,0.4915861613409297,0.0001252229451581553,0.2777366936746358,4.929527814021161e-06,100.0,0.0,False
chartqa,mqt,100,Naive Confidence (NC),71.29543035104871,0.0,71.29543035104871,0.0,0.49145405003715614,0.0,0.6483113241601524,0.0,100.0,0.0,False
chartqa,mqt,100,Platt Scaling (1D),4.989892088619719,1.0186437445821812,3.0484246382459097,1.0972947183686965,0.5085459499628436,0.0,0.07738293483089857,0.0016008592407121551,100.0,0.0,False
chartqa,mqt,100,Temperature Scaling (TS),44.88018805567559,0.0,44.88018805567558,0.0,0.49145405003715614,0.0,0.277858301717007,0.0,100.0,0.0,False
chartqa,mqt,100,Trajectory Platt (5D),5.858659097796772,0.6575144835898462,3.867634788772557,1.4637606271120394,0.5547188506316572,0.04796266239631541,0.07913471283371358,0.002284213257947216,100.0,0.0,False
chartqa,mqt,100,VCPS-5D (Our Method),3.9248684133819025,0.7868244689938158,0.28449705193511476,0.21796208620417748,0.5408471637354471,0.04001794249904966,0.07552774641286505,0.00017904927701090846,100.0,0.0,False
chartqa,mqt,1000,Adaptive TS (ATS),44.86703690839107,5.63631084886731e-05,44.86703690839106,5.636310848590683e-05,0.4914870778630996,4.52252132362971e-05,0.2777335004179465,2.4645021937482265e-07,1000.0,0.0,False
chartqa,mqt,1000,Naive Confidence (NC),71.29543035104871,0.0,71.29543035104871,0.0,0.49145405003715614,0.0,0.6483113241601524,0.0,1000.0,0.0,False
chartqa,mqt,1000,Platt Scaling (1D),4.260730998230374,0.22391405607196724,2.513747638581981,0.2695377948640373,0.5085459499628436,0.0,0.07622897959769057,0.00021679511117887165,1000.0,0.0,False
chartqa,mqt,1000,Temperature Scaling (TS),44.88018805567559,0.0,44.88018805567558,0.0,0.49145405003715614,0.0,0.277858301717007,0.0,1000.0,0.0,False
chartqa,mqt,1000,Trajectory Platt (5D),4.090841757645831,0.6162055707181971,2.1930324499960987,0.3492256420863582,0.6034018660721657,0.016206725079854056,0.07632869819421398,0.0005205532319592443,1000.0,0.0,False
chartqa,mqt,1000,VCPS-5D (Our Method),4.529420165209598,0.7646439151073035,0.28822375959410723,0.23572652692170662,0.5579720914870778,0.005744848309956521,0.07545520198613614,2.2632283382641222e-05,1000.0,0.0,False
chartqa,mqt,1500,Adaptive TS (ATS),44.86702001453116,1.1217148980728014e-05,44.86702001453115,1.1217148981622028e-05,0.4915035917760712,4.522521323630617e-05,0.2777334276397253,4.704970502826856e-08,1500.0,0.0,False
chartqa,mqt,1500,Naive Confidence (NC),71.29543035104871,0.0,71.29543035104871,0.0,0.49145405003715614,0.0,0.6483113241601524,0.0,1500.0,0.0,False
chartqa,mqt,1500,Platt Scaling (1D),4.27173089908375,0.07315271216113767,2.5072543776576013,0.4502764966696709,0.5085459499628436,0.0,0.0762410110193895,6.972870091047467e-05,1500.0,0.0,False
chartqa,mqt,1500,Temperature Scaling (TS),44.88018805567559,0.0,44.88018805567558,0.0,0.49145405003715614,0.0,0.277858301717007,0.0,1500.0,0.0,False
chartqa,mqt,1500,Trajectory Platt (5D),4.288478059275077,0.36808257911415126,2.151025831652805,0.17303737127372726,0.6002972504334902,0.004147590144747867,0.07642655022273726,0.00029092422705226563,1500.0,0.0,False
chartqa,mqt,1500,VCPS-5D (Our Method),3.6864683587820615,0.22701209580149215,0.3441263382286346,0.155712704704452,0.5593427462637272,0.0024448121721229884,0.07545155678584224,1.3099264255189763e-05,1500.0,0.0,False
chartqa,mqt,200,Adaptive TS (ATS),44.867139765292386,0.00026369958484034287,44.86713976529238,0.00026369958484049016,0.491520105689043,6.908265432531465e-05,0.2777342519802562,2.0641640416630823e-06,200.0,0.0,False
chartqa,mqt,200,Naive Confidence (NC),71.29543035104871,0.0,71.29543035104871,0.0,0.49145405003715614,0.0,0.6483113241601524,0.0,200.0,0.0,False
chartqa,mqt,200,Platt Scaling (1D),4.876888030161185,0.3822203358887641,2.5374597017296328,0.22919396523713723,0.5085459499628436,0.0,0.07693814916654837,0.00044935344100460907,200.0,0.0,False
chartqa,mqt,200,Temperature Scaling (TS),44.88018805567559,0.0,44.88018805567558,0.0,0.49145405003715614,0.0,0.277858301717007,0.0,200.0,0.0,False
chartqa,mqt,200,Trajectory Platt (5D),5.491145480400883,1.686079012185788,3.909160036104731,1.6297716714872832,0.5509041367351994,0.024892703986413346,0.07905273756448286,0.0024000123875317545,200.0,0.0,False
chartqa,mqt,200,VCPS-5D (Our Method),4.144954836593707,0.39004333813071684,0.2903700273586057,0.2303458165026556,0.5514656097762365,0.025740748978874402,0.07550171160685272,0.0001060193657624637,200.0,0.0,False
chartqa,mqt,50,Adaptive TS (ATS),44.86742447076462,0.0002959049205869857,44.86742447076462,0.00029590492058828767,0.49156964742795795,7.385246395837633e-05,0.2777366507936728,2.335372692097712e-06,50.0,0.0,False
chartqa,mqt,50,Naive Confidence (NC),71.29543035104871,0.0,71.29543035104871,0.0,0.49145405003715614,0.0,0.6483113241601524,0.0,50.0,0.0,False
chartqa,mqt,50,Platt Scaling (1D),5.079756289899332,1.3176867885278363,2.835436990647622,1.7889919762713913,0.5085459499628436,0.0,0.07769399928325704,0.0019782471924143495,50.0,0.0,False
chartqa,mqt,50,Temperature Scaling (TS),44.88018805567559,0.0,44.88018805567558,0.0,0.49145405003715614,0.0,0.277858301717007,0.0,50.0,0.0,False
chartqa,mqt,50,Trajectory Platt (5D),5.665300532244146,1.6179915941482115,3.779346425458789,2.395575188906033,0.5460160184955825,0.037911903597202166,0.07899642642285934,0.004080105182025752,50.0,0.0,False
chartqa,mqt,50,VCPS-5D (Our Method),3.905239026373539,0.6838140631765244,0.4608056534343975,0.337946821489365,0.524201139459995,0.006170825257075707,0.07559698588651904,5.980388693868503e-05,50.0,0.0,False
chartqa,mqt,500,Adaptive TS (ATS),44.86704284123103,5.483273818896382e-05,44.86704284123103,5.483273819158442e-05,0.491520105689043,3.692623197917452e-05,0.2777334393999933,3.1635285131011694e-07,500.0,0.0,False
chartqa,mqt,500,Naive Confidence (NC),71.29543035104871,0.0,71.29543035104871,0.0,0.49145405003715614,0.0,0.6483113241601524,0.0,500.0,0.0,False
chartqa,mqt,500,Platt Scaling (1D),4.648943385194952,0.4829392406504535,2.5710470227481443,0.19548119406086936,0.5085459499628436,0.0,0.07665919132887822,0.0005641964858173579,500.0,0.0,False
chartqa,mqt,500,Temperature Scaling (TS),44.88018805567559,0.0,44.88018805567558,0.0,0.49145405003715614,0.0,0.277858301717007,0.0,500.0,0.0,False
chartqa,mqt,500,Trajectory Platt (5D),4.407772505073809,1.3539900779673189,2.689165819971822,0.5896513566646708,0.5810585418214845,0.013284131763531106,0.07715579563768768,0.0009664577192853704,500.0,0.0,False
chartqa,mqt,500,VCPS-5D (Our Method),3.914071470584834,0.5834634645813823,0.1726572716003405,0.09285653101866104,0.5550656428040625,0.010044274488119726,0.07546568704973694,4.2909501956770324e-05,500.0,0.0,False
chartqa,mqt,Full,Adaptive TS (ATS),44.8670134091793,0.0,44.8670134091793,0.0,0.49145405003715625,0.0,0.2777334423068572,0.0,1600.0,0.0,True
chartqa,mqt,Full,Naive Confidence (NC),71.29543035104871,0.0,71.29543035104871,0.0,0.49145405003715614,0.0,0.6483113241601524,0.0,1600.0,0.0,True
chartqa,mqt,Full,Platt Scaling (1D),4.266765259595795,0.0,3.055728192132261,0.0,0.5085459499628436,0.0,0.0762469089941342,0.0,1600.0,0.0,True
chartqa,mqt,Full,Temperature Scaling (TS),44.88018805567559,0.0,44.88018805567558,0.0,0.49145405003715614,0.0,0.277858301717007,0.0,1600.0,0.0,True
chartqa,mqt,Full,Trajectory Platt (5D),3.9206717377528557,0.0,2.435783005319536,0.0,0.6031706712905622,0.0,0.0764569994520691,0.0,1600.0,0.0,True
chartqa,mqt,Full,VCPS-5D (Our Method),3.6098523556379214,0.0,0.44535099621715873,0.0,0.5585831062670299,0.0,0.0754539812480615,0.0,1600.0,0.0,True
docvqa,mqt,100,Adaptive TS (ATS),47.062750113785015,0.000324343732940464,47.06275011378501,0.0003243437329484595,0.516813852813853,9.484373290134641e-05,0.2583346082957133,3.2219295572999657e-06,100.0,0.0,False
docvqa,mqt,100,Naive Confidence (NC),53.30467198230328,0.0,53.30467198230326,0.0,0.5170562770562771,0.0,0.41620474107978456,0.0,100.0,0.0,False
docvqa,mqt,100,Platt Scaling (1D),3.447644876706888,0.3457545884709617,0.2705383286079409,0.07798249411157607,0.5034112554112554,0.018684215381561505,0.036156783373351,8.579777058901277e-05,100.0,0.0,False
docvqa,mqt,100,Temperature Scaling (TS),47.0664684453561,0.0,47.0664684453561,0.0,0.5170562770562771,0.0,0.2583715820431527,0.0,100.0,0.0,False
docvqa,mqt,100,Trajectory Platt (5D),3.973426913505682,0.6812362078785212,2.5167303555303078,1.1387424103216714,0.5506493506493506,0.04899362004965149,0.03848593748967414,0.0016725605262135185,100.0,0.0,False
docvqa,mqt,100,VCPS-5D (Our Method),2.8480695576418955,0.5426706141519091,0.26733252604369395,0.07882298700952602,0.518926406926407,0.03488810095274143,0.036161960150646,6.872151231401564e-05,100.0,0.0,False
docvqa,mqt,1000,Adaptive TS (ATS),47.06261744024549,0.0001080089375137625,47.06261744024549,0.00010800893751909645,0.5168831168831169,0.0,0.25833308031768415,1.3569899138620835e-06,1000.0,0.0,False
docvqa,mqt,1000,Naive Confidence (NC),53.30467198230328,0.0,53.30467198230326,0.0,0.5170562770562771,0.0,0.41620474107978456,0.0,1000.0,0.0,False
docvqa,mqt,1000,Platt Scaling (1D),3.7071369287871314,0.0545832685354718,0.18434453592632166,0.08765526021273158,0.5170562770562771,0.0,0.03627097763653984,6.89893317515759e-05,1000.0,0.0,False
docvqa,mqt,1000,Temperature Scaling (TS),47.0664684453561,0.0,47.0664684453561,0.0,0.5170562770562771,0.0,0.2583715820431527,0.0,1000.0,0.0,False
docvqa,mqt,1000,Trajectory Platt (5D),3.0004062256775796,0.6817077444863364,1.2703749541193248,0.3788562929272138,0.5876363636363637,0.005820345917872853,0.03649543384961778,0.0003140821775585603,1000.0,0.0,False
docvqa,mqt,1000,VCPS-5D (Our Method),2.8845008124347156,0.26322076373473036,0.1901046668008547,0.10190338307265943,0.5293852813852814,0.0038142434361235315,0.03624169187661512,6.483100039832858e-05,1000.0,0.0,False
docvqa,mqt,1500,Adaptive TS (ATS),47.06254289766331,2.3700562958261588e-05,47.062542897663306,2.3700562959565632e-05,0.5168831168831169,0.0,0.25833218412847153,2.564518155314896e-07,1500.0,0.0,False
docvqa,mqt,1500,Naive Confidence (NC),53.30467198230328,0.0,53.30467198230326,0.0,0.5170562770562771,0.0,0.41620474107978456,0.0,1500.0,0.0,False
docvqa,mqt,1500,Platt Scaling (1D),3.665178183625032,0.011619441542919474,0.07934461697820926,0.0034924064121822757,0.5170562770562771,0.0,0.0362297323192021,1.3048347723648414e-05,1500.0,0.0,False
docvqa,mqt,1500,Temperature Scaling (TS),47.0664684453561,0.0,47.0664684453561,0.0,0.5170562770562771,0.0,0.2583715820431527,0.0,1500.0,0.0,False
docvqa,mqt,1500,Trajectory Platt (5D),2.5309782390715556,0.5020040712874488,0.9229614394018428,0.32924561338754027,0.59591341991342,0.0030206401286158708,0.03631059111741504,5.9648526237027596e-05,1500.0,0.0,False
docvqa,mqt,1500,VCPS-5D (Our Method),2.740403806889101,0.01894347029793302,0.067943819714966,0.003268355695984315,0.5300779220779221,0.001360161862279144,0.0361994224327369,1.2847815650553298e-05,1500.0,0.0,False
docvqa,mqt,200,Adaptive TS (ATS),47.0627924776673,0.00023281516085590554,47.06279247766729,0.00023281516086570518,0.5168484848484849,7.743958363639941e-05,0.25833490703115747,2.83575053940739e-06,200.0,0.0,False
docvqa,mqt,200,Naive Confidence (NC),53.30467198230328,0.0,53.30467198230326,0.0,0.5170562770562771,0.0,0.41620474107978456,0.0,200.0,0.0,False
docvqa,mqt,200,Platt Scaling (1D),3.532534940872472,0.24613144854481497,0.25949452199470685,0.011567348652375829,0.5102337662337663,0.01525559797636218,0.0361287609335217,2.890916800164861e-05,200.0,0.0,False
docvqa,mqt,200,Temperature Scaling (TS),47.0664684453561,0.0,47.0664684453561,0.0,0.5170562770562771,0.0,0.2583715820431527,0.0,200.0,0.0,False
docvqa,mqt,200,Trajectory Platt (5D),3.7763417583104455,0.8600466909162945,2.0372841737029375,0.7968980174859894,0.5168138528138528,0.08984498643178024,0.037397662366518744,0.001307884638594896,200.0,0.0,False
docvqa,mqt,200,VCPS-5D (Our Method),3.505164641080944,0.6622064583354663,0.2506222527393353,0.02869032383483208,0.5138701298701298,0.0341588013577809,0.0361415199851005,4.719598575839093e-05,200.0,0.0,False
docvqa,mqt,50,Adaptive TS (ATS),47.06305186898874,0.0005526521636571434,47.06305186898874,0.0005526521636595755,0.5168138528138528,9.484373290136754e-05,0.25833754368078815,5.289756424572834e-06,50.0,0.0,False
docvqa,mqt,50,Naive Confidence (NC),53.30467198230328,0.0,53.30467198230326,0.0,0.5170562770562771,0.0,0.41620474107978456,0.0,50.0,0.0,False
docvqa,mqt,50,Platt Scaling (1D),3.5500668884640043,0.3365975029833187,0.3537214145812206,0.11615519810998275,0.5034112554112554,0.01868421538156152,0.036233349712495644,9.492786329775238e-05,50.0,0.0,False
docvqa,mqt,50,Temperature Scaling (TS),47.0664684453561,0.0,47.0664684453561,0.0,0.5170562770562771,0.0,0.2583715820431527,0.0,50.0,0.0,False
docvqa,mqt,50,Trajectory Platt (5D),4.698849065329705,0.5955839875323432,3.7751469969472966,0.4807371956266474,0.5283809523809524,0.04556442707089419,0.04132820209043236,0.0013136354313743874,50.0,0.0,False
docvqa,mqt,50,VCPS-5D (Our Method),3.0301862515871196,0.5990004953435678,0.3586592218796477,0.2550692524809911,0.4992207792207791,0.050280299757389686,0.03626112272229798,0.000187701500869706,50.0,0.0,False
docvqa,mqt,500,Adaptive TS (ATS),47.062760578202116,0.0001481773706360776,47.06276057820211,0.00014817737063320044,0.5168831168831169,0.0,0.25833468583361524,1.9119590878363413e-06,500.0,0.0,False
docvqa,mqt,500,Naive Confidence (NC),53.30467198230328,0.0,53.30467198230326,0.0,0.5170562770562771,0.0,0.41620474107978456,0.0,500.0,0.0,False
docvqa,mqt,500,Platt Scaling (1D),3.652471325677373,0.12417369762336916,0.23330281264696776,0.27985507972153734,0.5170562770562771,0.0,0.03624264257785204,0.00013686095258877483,500.0,0.0,False
docvqa,mqt,500,Temperature Scaling (TS),47.0664684453561,0.0,47.0664684453561,0.0,0.5170562770562771,0.0,0.2583715820431527,0.0,500.0,0.0,False
docvqa,mqt,500,Trajectory Platt (5D),3.048084319278132,0.3096541199245464,1.0094375677988865,0.8009013875998144,0.5702164502164502,0.028419113878164103,0.03646129629535806,0.000447315362352689,500.0,0.0,False
docvqa,mqt,500,VCPS-5D (Our Method),3.1216919794673386,0.30008632795518186,0.25417488750112993,0.3056403595582453,0.5285887445887446,0.008543484994326271,0.03622857169758546,0.00012077544169900563,500.0,0.0,False
docvqa,mqt,Full,Adaptive TS (ATS),47.06253611815792,0.0,47.06253611815792,0.0,0.5168831168831169,0.0,0.2583321131782267,0.0,1600.0,0.0,True
docvqa,mqt,Full,Naive Confidence (NC),53.30467198230328,0.0,53.30467198230326,0.0,0.5170562770562771,0.0,0.41620474107978456,0.0,1600.0,0.0,True
docvqa,mqt,Full,Platt Scaling (1D),3.665231161515744,0.0,0.0893645127403107,0.0,0.5170562770562771,0.0,0.0362277179357046,0.0,1600.0,0.0,True
docvqa,mqt,Full,Temperature Scaling (TS),47.0664684453561,0.0,47.0664684453561,0.0,0.5170562770562771,0.0,0.2583715820431527,0.0,1600.0,0.0,True
docvqa,mqt,Full,Trajectory Platt (5D),2.058169003343209,0.0,1.0760254852939397,0.0,0.5942857142857143,0.0,0.036350637207212,0.0,1600.0,0.0,True
docvqa,mqt,Full,VCPS-5D (Our Method),2.733844612713931,0.0,0.0786491220323285,0.0,0.5290043290043289,0.0,0.0361983136366054,0.0,1600.0,0.0,True
gqa,mqt,100,Adaptive TS (ATS),11.207983665289838,1.326424259787095,10.932169805613748,1.221155037729815,0.7561234649850648,0.0021202646750152617,0.18712647783027825,0.001164349021526057,100.0,0.0,False
gqa,mqt,100,Naive Confidence (NC),10.191071607172493,0.0,13.639716334640976,0.0,0.7571634030313088,0.0,0.1864972549998442,0.0,100.0,0.0,False
gqa,mqt,100,Platt Scaling (1D),10.734006728396249,0.7046760938233986,10.863243471997809,1.1031934774019676,0.7571634030313088,0.0,0.18723269896388445,0.0013060269926700807,100.0,0.0,False
gqa,mqt,100,Temperature Scaling (TS),10.598717438968894,0.7151466612837504,11.70392635304459,2.0338473730942686,0.7571634030313088,0.0,0.18702096913948024,0.001173479993268746,100.0,0.0,False
gqa,mqt,100,Trajectory Platt (5D),11.101113024353982,2.240182182557706,11.485714623332026,2.419748784897798,0.7423387542869786,0.008495261758979782,0.19146737218884194,0.005342975024197642,100.0,0.0,False
gqa,mqt,100,VCPS-5D (Our Method),10.630313708215558,1.6809779196324366,11.619600914182985,1.3451624132098359,0.7551720323044584,0.0023585579826670877,0.1874931832480479,0.0019819593324804713,100.0,0.0,False
gqa,mqt,1000,Adaptive TS (ATS),11.987288352025795,0.0,7.5836176640645805,0.0,0.7587122469299702,0.0,0.18565653988706607,0.0,800.0,0.0,True
gqa,mqt,1000,Naive Confidence (NC),10.191071607172493,0.0,13.639716334640976,0.0,0.7571634030313088,0.0,0.1864972549998442,0.0,800.0,0.0,True
gqa,mqt,1000,Platt Scaling (1D),10.601581100796617,0.0,9.555654636998192,0.0,0.7571634030313088,0.0,0.1860505257898033,0.0,800.0,0.0,True
gqa,mqt,1000,Temperature Scaling (TS),10.614569825244882,0.0,9.210576206484882,0.0,0.7571634030313088,0.0,0.1859529495787119,0.0,800.0,0.0,True
gqa,mqt,1000,Trajectory Platt (5D),14.655788213014599,0.0,13.814213275909424,0.0,0.7630268835048125,0.0,0.1853842954815631,0.0,800.0,0.0,True
gqa,mqt,1000,VCPS-5D (Our Method),11.88266534710806,0.0,9.272131145607064,0.0,0.7590441420511119,0.0,0.1854369118929612,0.0,800.0,0.0,True
gqa,mqt,1500,Adaptive TS (ATS),11.987288352025795,0.0,7.5836176640645805,0.0,0.7587122469299702,0.0,0.18565653988706607,0.0,800.0,0.0,True
gqa,mqt,1500,Naive Confidence (NC),10.191071607172493,0.0,13.639716334640976,0.0,0.7571634030313088,0.0,0.1864972549998442,0.0,800.0,0.0,True
gqa,mqt,1500,Platt Scaling (1D),10.601581100796617,0.0,9.555654636998192,0.0,0.7571634030313088,0.0,0.1860505257898033,0.0,800.0,0.0,True
gqa,mqt,1500,Temperature Scaling (TS),10.614569825244882,0.0,9.210576206484882,0.0,0.7571634030313088,0.0,0.1859529495787119,0.0,800.0,0.0,True
gqa,mqt,1500,Trajectory Platt (5D),14.655788213014599,0.0,13.814213275909424,0.0,0.7630268835048125,0.0,0.1853842954815631,0.0,800.0,0.0,True
gqa,mqt,1500,VCPS-5D (Our Method),11.88266534710806,0.0,9.272131145607064,0.0,0.7590441420511119,0.0,0.1854369118929612,0.0,800.0,0.0,True
gqa,mqt,200,Adaptive TS (ATS),11.291181586107681,0.9245127108162644,11.08773956071435,2.0983244822482616,0.7570527713242616,0.0017334262214838431,0.1861592788624599,0.0007130114126752278,200.0,0.0,False
gqa,mqt,200,Naive Confidence (NC),10.191071607172493,0.0,13.639716334640976,0.0,0.7571634030313088,0.0,0.1864972549998442,0.0,200.0,0.0,False
gqa,mqt,200,Platt Scaling (1D),10.571620637002216,0.3418167888523933,10.400432352362559,1.389712929070384,0.7571634030313088,0.0,0.1862403498598159,0.0004434903805694007,200.0,0.0,False
gqa,mqt,200,Temperature Scaling (TS),10.522947460400001,0.2823273215077463,10.594940885801794,1.5383685578123332,0.7571634030313088,0.0,0.1861248949828024,0.00026633457217930856,200.0,0.0,False
gqa,mqt,200,Trajectory Platt (5D),11.069830970466139,1.2484232412294192,11.076273362338544,1.8212745678901736,0.7556588118154663,0.008068002600237826,0.18680339323768302,0.005157952263698348,200.0,0.0,False
gqa,mqt,200,VCPS-5D (Our Method),11.141966590015873,0.9638021623958052,11.008851332182331,1.6012260495299144,0.7570527713242615,0.002145228391377923,0.1859058997531891,0.0011779852583583767,200.0,0.0,False
gqa,mqt,50,Adaptive TS (ATS),11.110491010391794,0.6595723538936064,11.714558204557832,1.8854111545164085,0.7565881181546631,0.0012816099530987934,0.18918840779835533,0.0032402705446807917,50.0,0.0,False
gqa,mqt,50,Naive Confidence (NC),10.191071607172493,0.0,13.639716334640976,0.0,0.7571634030313088,0.0,0.1864972549998442,0.0,50.0,0.0,False
gqa,mqt,50,Platt Scaling (1D),10.930307734953828,1.2430245103709505,10.905362253554301,2.642973498330559,0.7571634030313088,0.0,0.18942486693910993,0.0030849078146956174,50.0,0.0,False
gqa,mqt,50,Temperature Scaling (TS),10.816689021922905,1.0988325653473543,12.190688375546413,2.0597642137499754,0.7571634030313088,0.0,0.1895196391010606,0.003033904051633769,50.0,0.0,False
gqa,mqt,50,Trajectory Platt (5D),11.996362116746605,3.650411034201704,11.070328000001608,3.8685088705668145,0.7352361986945459,0.022038408077843127,0.19794018398230215,0.013615188106588716,50.0,0.0,False
gqa,mqt,50,VCPS-5D (Our Method),12.326238291923477,0.9385362832999679,11.391902155629298,2.7318885082196993,0.7539329571855294,0.006329932119835523,0.19100058140333123,0.0039972416248135545,50.0,0.0,False
gqa,mqt,500,Adaptive TS (ATS),11.546165597737534,0.2530274923656441,8.648192277152827,0.8609084590096141,0.75751742449386,0.001389298159172508,0.1858347121537254,0.0002951971217423969,500.0,0.0,False
gqa,mqt,500,Naive Confidence (NC),10.191071607172493,0.0,13.639716334640976,0.0,0.7571634030313088,0.0,0.1864972549998442,0.0,500.0,0.0,False
gqa,mqt,500,Platt Scaling (1D),10.56224886195864,0.08980795807092719,9.38339984927006,0.6714996477484384,0.7571634030313088,0.0,0.18606208454837087,0.0001425759260897181,500.0,0.0,False
gqa,mqt,500,Temperature Scaling (TS),10.571462897060632,0.08706519479142745,9.401498446431962,0.3990380929085426,0.7571634030313088,0.0,0.18593658656518236,4.819576588249611e-05,500.0,0.0,False
gqa,mqt,500,Trajectory Platt (5D),12.51733893454075,1.5611072988084838,12.239453932642938,1.7230279116349587,0.7593317844894346,0.0035519497944080628,0.1858600711367226,0.0021108915006562254,500.0,0.0,False
gqa,mqt,500,VCPS-5D (Our Method),11.820088579655089,0.7153051921034357,9.51574880206322,0.6342771395717868,0.7582918464431907,0.002225595404001821,0.18555606602201652,0.0006933236824707065,500.0,0.0,False
gqa,mqt,Full,Adaptive TS (ATS),11.987288352025795,0.0,7.5836176640645805,0.0,0.7587122469299702,0.0,0.18565653988706607,0.0,800.0,0.0,True
gqa,mqt,Full,Naive Confidence (NC),10.191071607172493,0.0,13.639716334640976,0.0,0.7571634030313088,0.0,0.1864972549998442,0.0,800.0,0.0,True
gqa,mqt,Full,Platt Scaling (1D),10.601581100796617,0.0,9.555654636998192,0.0,0.7571634030313088,0.0,0.1860505257898033,0.0,800.0,0.0,True
gqa,mqt,Full,Temperature Scaling (TS),10.614569825244882,0.0,9.210576206484882,0.0,0.7571634030313088,0.0,0.1859529495787119,0.0,800.0,0.0,True
gqa,mqt,Full,Trajectory Platt (5D),14.655788213014599,0.0,13.814213275909424,0.0,0.7630268835048125,0.0,0.1853842954815631,0.0,800.0,0.0,True
gqa,mqt,Full,VCPS-5D (Our Method),11.88266534710806,0.0,9.272131145607064,0.0,0.7590441420511119,0.0,0.1854369118929612,0.0,800.0,0.0,True
infographicvqa,mqt,100,Adaptive TS (ATS),52.61490126844749,0.0021620951696869335,52.61490126844749,0.002162095169683921,0.7668341708542713,0.002752374660830014,0.28249962743008045,2.4390361527495337e-05,100.0,0.0,False
infographicvqa,mqt,100,Naive Confidence (NC),75.50847510620953,0.0,75.50847510620952,0.0,0.7688442211055276,0.0,0.6535007745943673,0.0,100.0,0.0,False
infographicvqa,mqt,100,Platt Scaling (1D),1.309998740941212,0.059493920387093155,0.56100839966966,0.08146741079136292,0.7688442211055276,0.0,0.00512171808978664,9.064058481566509e-05,100.0,0.0,False
infographicvqa,mqt,100,Temperature Scaling (TS),52.62594038961066,0.0,52.62594038961065,0.0,0.7688442211055276,0.0,0.2826214488671088,0.0,100.0,0.0,False
infographicvqa,mqt,100,Trajectory Platt (5D),1.0957605345014598,0.31970933580950206,0.5927004730168847,0.1954092278802201,0.907537688442211,0.09160350562269774,0.004968095797697679,0.0001345765005708718,100.0,0.0,False
infographicvqa,mqt,100,VCPS-5D (Our Method),1.2311251526435907,0.2931130685447755,0.7213589293419145,0.333213160509886,0.8020100502512563,0.04627483189234708,0.0065401292789611,0.0020680401331011774,100.0,0.0,False
infographicvqa,mqt,1000,Adaptive TS (ATS),52.613049202779926,0.0,52.61304920277994,0.0,0.7688442211055276,0.0,0.2824787008116114,0.0,800.0,0.0,True
infographicvqa,mqt,1000,Naive Confidence (NC),75.50847510620953,0.0,75.50847510620952,0.0,0.7688442211055276,0.0,0.6535007745943673,0.0,800.0,0.0,True
infographicvqa,mqt,1000,Platt Scaling (1D),1.1062767992217892,0.0,0.2848813627116738,0.0,0.7688442211055276,0.0,0.0049631737000122,0.0,800.0,0.0,True
infographicvqa,mqt,1000,Temperature Scaling (TS),52.62594038961066,0.0,52.62594038961065,0.0,0.7688442211055276,0.0,0.2826214488671088,0.0,800.0,0.0,True
infographicvqa,mqt,1000,Trajectory Platt (5D),1.0796625194343508,0.0,0.297522024178761,0.0,0.9296482412060302,0.0,0.0049189314396497,0.0,800.0,0.0,True
infographicvqa,mqt,1000,VCPS-5D (Our Method),1.1037922303925458,0.0,0.2850295459565407,0.0,0.7688442211055276,0.0,0.004963368581226,0.0,800.0,0.0,True
infographicvqa,mqt,1500,Adaptive TS (ATS),52.613049202779926,0.0,52.61304920277994,0.0,0.7688442211055276,0.0,0.2824787008116114,0.0,800.0,0.0,True
infographicvqa,mqt,1500,Naive Confidence (NC),75.50847510620953,0.0,75.50847510620952,0.0,0.7688442211055276,0.0,0.6535007745943673,0.0,800.0,0.0,True
infographicvqa,mqt,1500,Platt Scaling (1D),1.1062767992217892,0.0,0.2848813627116738,0.0,0.7688442211055276,0.0,0.0049631737000122,0.0,800.0,0.0,True
infographicvqa,mqt,1500,Temperature Scaling (TS),52.62594038961066,0.0,52.62594038961065,0.0,0.7688442211055276,0.0,0.2826214488671088,0.0,800.0,0.0,True
infographicvqa,mqt,1500,Trajectory Platt (5D),1.0796625194343508,0.0,0.297522024178761,0.0,0.9296482412060302,0.0,0.0049189314396497,0.0,800.0,0.0,True
infographicvqa,mqt,1500,VCPS-5D (Our Method),1.1037922303925458,0.0,0.2850295459565407,0.0,0.7688442211055276,0.0,0.004963368581226,0.0,800.0,0.0,True
infographicvqa,mqt,200,Adaptive TS (ATS),52.61423883665653,0.0013382972697342176,52.61423883665655,0.0013382972697286999,0.7668341708542713,0.002752374660830014,0.2824921313137998,1.5103370018872727e-05,200.0,0.0,False
infographicvqa,mqt,200,Naive Confidence (NC),75.50847510620953,0.0,75.50847510620952,0.0,0.7688442211055276,0.0,0.6535007745943673,0.0,200.0,0.0,False
infographicvqa,mqt,200,Platt Scaling (1D),1.121184159811698,0.20280527065711243,0.31700215313519664,0.2679385333509672,0.7688442211055276,0.0,0.005000913766846899,4.2698173703772866e-05,200.0,0.0,False
infographicvqa,mqt,200,Temperature Scaling (TS),52.62594038961066,0.0,52.62594038961065,0.0,0.7688442211055276,0.0,0.2826214488671088,0.0,200.0,0.0,False
infographicvqa,mqt,200,Trajectory Platt (5D),1.1293238933300018,0.24972385531120556,0.3714735500150709,0.28764340009751926,0.8663316582914573,0.08937097985985203,0.0049780461249641,6.011170383392211e-05,200.0,0.0,False
infographicvqa,mqt,200,VCPS-5D (Our Method),1.1265694114210956,0.19402958786592805,0.31551425967483515,0.2719712349886621,0.7678391959798996,0.028515097405248466,0.0050315909947573,5.928837325588193e-05,200.0,0.0,False
infographicvqa,mqt,50,Adaptive TS (ATS),52.61546105415276,0.00219689292214004,52.615461054152775,0.00219689292214231,0.7648241206030151,0.004204321741377217,0.28250584590962435,2.4770234589126257e-05,50.0,0.0,False
infographicvqa,mqt,50,Naive Confidence (NC),75.50847510620953,0.0,75.50847510620952,0.0,0.7688442211055276,0.0,0.6535007745943673,0.0,50.0,0.0,False
infographicvqa,mqt,50,Platt Scaling (1D),2.1784674718277524,0.11593200056508625,1.6518097178393305,0.2284570946573934,0.7688442211055276,0.0,0.005529111549064681,0.0004149673890578774,50.0,0.0,False
infographicvqa,mqt,50,Temperature Scaling (TS),52.62594038961066,0.0,52.62594038961065,0.0,0.7688442211055276,0.0,0.2826214488671088,0.0,50.0,0.0,False
infographicvqa,mqt,50,Trajectory Platt (5D),2.514198698895052,0.7494036975811252,1.869455163832754,0.4789381299481678,0.5738693467336683,0.3352817142846267,0.00606945129932284,0.0011207501585697125,50.0,0.0,False
infographicvqa,mqt,50,VCPS-5D (Our Method),4.274224440147831,2.920630606174521,3.9122810245574025,3.1959652726763537,0.7045226130653266,0.09302592043718258,0.03222085428069542,0.03617851490513814,50.0,0.0,False
infographicvqa,mqt,500,Adaptive TS (ATS),52.61333271677323,0.0002938798678129875,52.61333271677323,0.0002938798678071136,0.7688442211055276,0.0,0.2824819402958803,3.3577959745580468e-06,500.0,0.0,False
infographicvqa,mqt,500,Naive Confidence (NC),75.50847510620953,0.0,75.50847510620952,0.0,0.7688442211055276,0.0,0.6535007745943673,0.0,500.0,0.0,False
infographicvqa,mqt,500,Platt Scaling (1D),1.1496643283122316,0.019959048052122615,0.3477138235276434,0.022695905018381007,0.7688442211055276,0.0,0.00498000431105654,1.553814616320267e-05,500.0,0.0,False
infographicvqa,mqt,500,Temperature Scaling (TS),52.62594038961066,0.0,52.62594038961065,0.0,0.7688442211055276,0.0,0.2826214488671088,0.0,500.0,0.0,False
infographicvqa,mqt,500,Trajectory Platt (5D),1.1433569477951095,0.056973005197444075,0.37528718915637,0.054178132592298124,0.8402010050251256,0.11904351855144563,0.00497292443772308,4.047618099109309e-05,500.0,0.0,False
infographicvqa,mqt,500,VCPS-5D (Our Method),1.1487420972256128,0.02117288877402164,0.3514038133504732,0.026353557431430103,0.7658291457286432,0.011568707973086803,0.00498488674540948,1.898649077661728e-05,500.0,0.0,False
infographicvqa,mqt,Full,Adaptive TS (ATS),52.613049202779926,0.0,52.61304920277994,0.0,0.7688442211055276,0.0,0.2824787008116114,0.0,800.0,0.0,True
infographicvqa,mqt,Full,Naive Confidence (NC),75.50847510620953,0.0,75.50847510620952,0.0,0.7688442211055276,0.0,0.6535007745943673,0.0,800.0,0.0,True
infographicvqa,mqt,Full,Platt Scaling (1D),1.1062767992217892,0.0,0.2848813627116738,0.0,0.7688442211055276,0.0,0.0049631737000122,0.0,800.0,0.0,True
infographicvqa,mqt,Full,Temperature Scaling (TS),52.62594038961066,0.0,52.62594038961065,0.0,0.7688442211055276,0.0,0.2826214488671088,0.0,800.0,0.0,True
infographicvqa,mqt,Full,Trajectory Platt (5D),1.0796625194343508,0.0,0.297522024178761,0.0,0.9296482412060302,0.0,0.0049189314396497,0.0,800.0,0.0,True
infographicvqa,mqt,Full,VCPS-5D (Our Method),1.1037922303925458,0.0,0.2850295459565407,0.0,0.7688442211055276,0.0,0.004963368581226,0.0,800.0,0.0,True
lego-puzzles,mqt,100,Adaptive TS (ATS),23.679679670448678,0.00021371700299401878,23.679679670448685,0.00021371700299675428,0.5106671740233384,0.00019236112237572367,0.2538581954581014,6.389231292815331e-07,100.0,0.0,False
lego-puzzles,mqt,100,Naive Confidence (NC),33.79690906405449,0.0,34.59967818856239,0.0,0.5097031963470319,0.0,0.3474465793224569,0.0,100.0,0.0,False
lego-puzzles,mqt,100,Platt Scaling (1D),12.627688218848,1.009747896057096,6.157650475948371,5.923967353095158,0.5019406392694064,0.010629319038342234,0.19961741841244035,0.005236622713648028,100.0,0.0,False
lego-puzzles,mqt,100,Temperature Scaling (TS),23.68164501928984,0.0,23.68164501928984,0.0,0.5097031963470319,0.0,0.2538740331744304,0.0,100.0,0.0,False
lego-puzzles,mqt,100,Trajectory Platt (5D),11.017276016133838,3.757569603263759,9.457095843809658,4.922743537768993,0.57916032470827,0.027580534697920815,0.20075066444162024,0.010128000651271998,100.0,0.0,False
lego-puzzles,mqt,100,VCPS-5D (Our Method),9.15729299143652,0.9842430509122401,5.836789119582843,4.796117576914433,0.5773084728564181,0.036490793150979015,0.19864406312055605,0.005542547373063135,100.0,0.0,False
lego-puzzles,mqt,1000,Adaptive TS (ATS),23.679516604290146,0.0,23.679516604290143,0.0,0.5105910705225774,0.0,0.25385775664691484,0.0,800.0,0.0,True
lego-puzzles,mqt,1000,Naive Confidence (NC),33.79690906405449,0.0,34.59967818856239,0.0,0.5097031963470319,0.0,0.3474465793224569,0.0,800.0,0.0,True
lego-puzzles,mqt,1000,Platt Scaling (1D),12.431595962461136,0.0,0.5988555592890434,0.0,0.490296803652968,0.0,0.1967936613206653,0.0,800.0,0.0,True
lego-puzzles,mqt,1000,Temperature Scaling (TS),23.68164501928984,0.0,23.68164501928984,0.0,0.5097031963470319,0.0,0.2538740331744304,0.0,800.0,0.0,True
lego-puzzles,mqt,1000,Trajectory Platt (5D),8.66693675145507,0.0,7.808009248226879,0.0,0.5932902080162354,0.0,0.1924128234332847,0.0,800.0,0.0,True
lego-puzzles,mqt,1000,VCPS-5D (Our Method),9.48483300103456,0.0,5.389126346819497,0.0,0.6130771182141045,0.0,0.1951584357844475,0.0,800.0,0.0,True
lego-puzzles,mqt,1500,Adaptive TS (ATS),23.679516604290146,0.0,23.679516604290143,0.0,0.5105910705225774,0.0,0.25385775664691484,0.0,800.0,0.0,True
lego-puzzles,mqt,1500,Naive Confidence (NC),33.79690906405449,0.0,34.59967818856239,0.0,0.5097031963470319,0.0,0.3474465793224569,0.0,800.0,0.0,True
lego-puzzles,mqt,1500,Platt Scaling (1D),12.431595962461136,0.0,0.5988555592890434,0.0,0.490296803652968,0.0,0.1967936613206653,0.0,800.0,0.0,True
lego-puzzles,mqt,1500,Temperature Scaling (TS),23.68164501928984,0.0,23.68164501928984,0.0,0.5097031963470319,0.0,0.2538740331744304,0.0,800.0,0.0,True
lego-puzzles,mqt,1500,Trajectory Platt (5D),8.66693675145507,0.0,7.808009248226879,0.0,0.5932902080162354,0.0,0.1924128234332847,0.0,800.0,0.0,True
lego-puzzles,mqt,1500,VCPS-5D (Our Method),9.48483300103456,0.0,5.389126346819497,0.0,0.6130771182141045,0.0,0.1951584357844475,0.0,800.0,0.0,True
lego-puzzles,mqt,200,Adaptive TS (ATS),23.679620182781264,7.966674188336277e-05,23.679620182781264,7.966674188469733e-05,0.5106164383561644,0.00013894534690640293,0.2538580582744231,2.5791722854040265e-07,200.0,0.0,False
lego-puzzles,mqt,200,Naive Confidence (NC),33.79690906405449,0.0,34.59967818856239,0.0,0.5097031963470319,0.0,0.3474465793224569,0.0,200.0,0.0,False
lego-puzzles,mqt,200,Platt Scaling (1D),12.538964620286716,0.4239371388672195,4.38678003320108,2.3021626777555837,0.5019406392694064,0.010629319038342234,0.1981331426613888,0.001728736596869943,200.0,0.0,False
lego-puzzles,mqt,200,Temperature Scaling (TS),23.68164501928984,0.0,23.68164501928984,0.0,0.5097031963470319,0.0,0.2538740331744304,0.0,200.0,0.0,False
lego-puzzles,mqt,200,Trajectory Platt (5D),8.831226835027337,0.7854742245999685,7.282228887453675,1.3336108835457399,0.5834728564180619,0.016523351600037674,0.19594769669536832,0.0013851995391781428,200.0,0.0,False
lego-puzzles,mqt,200,VCPS-5D (Our Method),8.92105328965874,1.4626060513384227,5.1450235574001875,0.9906220635541462,0.5744926433282598,0.039448143563182186,0.1967109398485753,0.001466276490997432,200.0,0.0,False
lego-puzzles,mqt,50,Adaptive TS (ATS),23.67967901197351,0.0002515245476690022,23.679679011973512,0.000251524547670934,0.5107179096905125,0.000253678335870108,0.25385816509596854,6.480088259559724e-07,50.0,0.0,False
lego-puzzles,mqt,50,Naive Confidence (NC),33.79690906405449,0.0,34.59967818856239,0.0,0.5097031963470319,0.0,0.3474465793224569,0.0,50.0,0.0,False
lego-puzzles,mqt,50,Platt Scaling (1D),13.101477686402493,0.8024539949294845,7.3990023359933685,4.513095730930387,0.5019406392694064,0.010629319038342234,0.20173041342538353,0.005012154490665755,50.0,0.0,False
lego-puzzles,mqt,50,Temperature Scaling (TS),23.68164501928984,0.0,23.68164501928984,0.0,0.5097031963470319,0.0,0.2538740331744304,0.0,50.0,0.0,False
lego-puzzles,mqt,50,Trajectory Platt (5D),13.13155033569783,2.314129041060146,9.615448340587317,2.688774538019925,0.5753297818366312,0.03435311893224159,0.2046990243102317,0.009492996338019338,50.0,0.0,False
lego-puzzles,mqt,50,VCPS-5D (Our Method),11.997849919541306,3.3237300025318737,8.318722254683303,5.233682632331439,0.5761161846778285,0.04284823467519677,0.20282794733845905,0.009259619006784653,50.0,0.0,False
lego-puzzles,mqt,500,Adaptive TS (ATS),23.679528697462864,3.827884207982823e-05,23.679528697462864,3.827884208239567e-05,0.5106164383561643,5.6724200342491445e-05,0.2538577885097847,1.3167826328375246e-07,500.0,0.0,False
lego-puzzles,mqt,500,Naive Confidence (NC),33.79690906405449,0.0,34.59967818856239,0.0,0.5097031963470319,0.0,0.3474465793224569,0.0,500.0,0.0,False
lego-puzzles,mqt,500,Platt Scaling (1D),12.358875775002861,0.13835598746173394,1.79286889020261,1.434164541087488,0.49417808219178083,0.008678802652396416,0.19685014307068424,0.00016924489244881223,500.0,0.0,False
lego-puzzles,mqt,500,Temperature Scaling (TS),23.68164501928984,0.0,23.68164501928984,0.0,0.5097031963470319,0.0,0.2538740331744304,0.0,500.0,0.0,False
lego-puzzles,mqt,500,Trajectory Platt (5D),8.334028767421842,1.2144786385453379,5.699598181620241,0.8471155048907785,0.5906265854895991,0.015514613211993187,0.1927060141913261,0.0014666866403461396,500.0,0.0,False
lego-puzzles,mqt,500,VCPS-5D (Our Method),8.991734868632678,1.5086486072247374,4.57759571435098,2.717681761340793,0.6088660578386607,0.010089256555291647,0.19535414234355902,0.00020376840400881426,500.0,0.0,False
lego-puzzles,mqt,Full,Adaptive TS (ATS),23.679516604290146,0.0,23.679516604290143,0.0,0.5105910705225774,0.0,0.25385775664691484,0.0,800.0,0.0,True
lego-puzzles,mqt,Full,Naive Confidence (NC),33.79690906405449,0.0,34.59967818856239,0.0,0.5097031963470319,0.0,0.3474465793224569,0.0,800.0,0.0,True
lego-puzzles,mqt,Full,Platt Scaling (1D),12.431595962461136,0.0,0.5988555592890434,0.0,0.490296803652968,0.0,0.1967936613206653,0.0,800.0,0.0,True
lego-puzzles,mqt,Full,Temperature Scaling (TS),23.68164501928984,0.0,23.68164501928984,0.0,0.5097031963470319,0.0,0.2538740331744304,0.0,800.0,0.0,True
lego-puzzles,mqt,Full,Trajectory Platt (5D),8.66693675145507,0.0,7.808009248226879,0.0,0.5932902080162354,0.0,0.1924128234332847,0.0,800.0,0.0,True
lego-puzzles,mqt,Full,VCPS-5D (Our Method),9.48483300103456,0.0,5.389126346819497,0.0,0.6130771182141045,0.0,0.1951584357844475,0.0,800.0,0.0,True
mmbench,mqt,100,Adaptive TS (ATS),10.085404967945829,0.4741837126029087,8.647122605630205,0.5644907963994538,0.8287326708379339,0.0009221749710693906,0.15751810735751612,0.001646763850729996,100.0,0.0,False
mmbench,mqt,100,Naive Confidence (NC),15.265591666102406,0.0,15.377306565642357,0.0,0.8284873021715127,0.0,0.1865580150582358,0.0,100.0,0.0,False
mmbench,mqt,100,Platt Scaling (1D),9.066790318081505,0.5714935975338553,7.736738385051433,1.1788923162500669,0.8284873021715127,0.0,0.15235104975743624,0.0019139476010817814,100.0,0.0,False
mmbench,mqt,100,Temperature Scaling (TS),10.46048037814142,0.24215322446955387,8.814457068883097,0.5698313260711891,0.8284873021715127,0.0,0.15736103072329247,0.0016055083865199053,100.0,0.0,False
mmbench,mqt,100,Trajectory Platt (5D),9.906327222287654,1.1190960476809595,9.391944563388824,1.1627008832802537,0.8115568641884432,0.011565235469316324,0.16121085658167497,0.004393978536743342,100.0,0.0,False
mmbench,mqt,100,VCPS-5D (Our Method),8.74386542016352,1.0119615481142434,7.809533592191061,0.7680117354002833,0.827972027972028,0.000963677432788931,0.15318992798251327,0.0029078150886525937,100.0,0.0,False
mmbench,mqt,1000,Adaptive TS (ATS),10.144839830842535,0.0,9.046170026790186,0.0,0.8294687768371979,0.0,0.15576108247923165,0.0,800.0,0.0,True
mmbench,mqt,1000,Naive Confidence (NC),15.265591666102406,0.0,15.377306565642357,0.0,0.8284873021715127,0.0,0.1865580150582358,0.0,800.0,0.0,True
mmbench,mqt,1000,Platt Scaling (1D),8.383029989595075,0.0,8.110271335057416,0.0,0.8284873021715127,0.0,0.1502745575444748,0.0,800.0,0.0,True
mmbench,mqt,1000,Temperature Scaling (TS),10.24177716644628,0.0,9.81222010648625,0.0,0.8284873021715127,0.0,0.1560235433043403,0.0,800.0,0.0,True
mmbench,mqt,1000,Trajectory Platt (5D),7.51429508626461,0.0,10.421996250748633,0.0,0.8185498711814502,0.0,0.1542637131407176,0.0,800.0,0.0,True
mmbench,mqt,1000,VCPS-5D (Our Method),7.6282873666601745,0.0,6.7826541643616824,0.0,0.8292234081707767,0.0,0.1499839762851669,0.0,800.0,0.0,True
mmbench,mqt,1500,Adaptive TS (ATS),10.144839830842535,0.0,9.046170026790186,0.0,0.8294687768371979,0.0,0.15576108247923165,0.0,800.0,0.0,True
mmbench,mqt,1500,Naive Confidence (NC),15.265591666102406,0.0,15.377306565642357,0.0,0.8284873021715127,0.0,0.1865580150582358,0.0,800.0,0.0,True
mmbench,mqt,1500,Platt Scaling (1D),8.383029989595075,0.0,8.110271335057416,0.0,0.8284873021715127,0.0,0.1502745575444748,0.0,800.0,0.0,True
mmbench,mqt,1500,Temperature Scaling (TS),10.24177716644628,0.0,9.81222010648625,0.0,0.8284873021715127,0.0,0.1560235433043403,0.0,800.0,0.0,True
mmbench,mqt,1500,Trajectory Platt (5D),7.51429508626461,0.0,10.421996250748633,0.0,0.8185498711814502,0.0,0.1542637131407176,0.0,800.0,0.0,True
mmbench,mqt,1500,VCPS-5D (Our Method),7.6282873666601745,0.0,6.7826541643616824,0.0,0.8292234081707767,0.0,0.1499839762851669,0.0,800.0,0.0,True
mmbench,mqt,200,Adaptive TS (ATS),10.270607149566695,0.2012192224457738,9.294897984455924,0.4618548544244298,0.8292724819040609,0.00042143452428700383,0.1560961362820025,0.0005970229643025306,200.0,0.0,False
mmbench,mqt,200,Naive Confidence (NC),15.265591666102406,0.0,15.377306565642357,0.0,0.8284873021715127,0.0,0.1865580150582358,0.0,200.0,0.0,False
mmbench,mqt,200,Platt Scaling (1D),8.676732279675381,0.4303964040413271,7.772718818899212,1.210515469350712,0.8284873021715127,0.0,0.15092413329936047,0.0009322455860021103,200.0,0.0,False
mmbench,mqt,200,Temperature Scaling (TS),10.27300525718892,0.03600967692592598,9.396650755229498,0.6305987808724061,0.8284873021715127,0.0,0.15630294004365752,0.0006499949453576948,200.0,0.0,False
mmbench,mqt,200,Trajectory Platt (5D),9.573395916074515,1.471333573515629,8.346680846065283,0.5264536761329186,0.8172494172494172,0.002450003369670791,0.15610774982521097,0.002933429696377473,200.0,0.0,False
mmbench,mqt,200,VCPS-5D (Our Method),8.313569692634807,1.360885233712579,8.21790551543431,0.35235420532503103,0.8290516501042816,0.0004798824000884684,0.15087170138114922,0.0011794243940198448,200.0,0.0,False
mmbench,mqt,50,Adaptive TS (ATS),10.158752641745156,0.8241306759792352,9.40976894639048,0.5654704027950591,0.8274812906391855,0.001680820139693598,0.15813062814055726,0.0026456834384173704,50.0,0.0,False
mmbench,mqt,50,Naive Confidence (NC),15.265591666102406,0.0,15.377306565642357,0.0,0.8284873021715127,0.0,0.1865580150582358,0.0,50.0,0.0,False
mmbench,mqt,50,Platt Scaling (1D),9.763616409508916,1.7396915950609135,8.664978922865012,2.0351381625639746,0.8284873021715127,0.0,0.1547600362156913,0.006254035327814962,50.0,0.0,False
mmbench,mqt,50,Temperature Scaling (TS),10.616100958066582,0.43329101977031775,9.197093994812573,0.41977608300013247,0.8284873021715127,0.0,0.15778286784843595,0.0027080548299728284,50.0,0.0,False
mmbench,mqt,50,Trajectory Platt (5D),9.373992920294404,0.7617673609993426,9.078232705965636,1.0425588279704798,0.8068703226597963,0.018488614494773178,0.16143645188624187,0.005116331502309962,50.0,0.0,False
mmbench,mqt,50,VCPS-5D (Our Method),8.741528844469327,1.8403849635385008,8.318214642424596,2.125912906350923,0.8264262053735738,0.002225968530004516,0.15613077038185913,0.007455661870647923,50.0,0.0,False
mmbench,mqt,500,Adaptive TS (ATS),10.407367317641402,0.48252708595581206,9.086842077687601,0.5312630428578343,0.829689608636977,0.00015996080002952408,0.15582972181942595,0.00036782867782649475,500.0,0.0,False
mmbench,mqt,500,Naive Confidence (NC),15.265591666102406,0.0,15.377306565642357,0.0,0.8284873021715127,0.0,0.1865580150582358,0.0,500.0,0.0,False
mmbench,mqt,500,Platt Scaling (1D),8.440494372371173,0.14810748874784926,7.137881870133633,0.8209657998544868,0.8284873021715127,0.0,0.15061168399843966,0.00036561661914178984,500.0,0.0,False
mmbench,mqt,500,Temperature Scaling (TS),10.25294323138487,0.020936979072299217,9.813703897786784,0.3580825983614742,0.8284873021715127,0.0,0.15616431847481044,0.0003524207056647275,500.0,0.0,False
mmbench,mqt,500,Trajectory Platt (5D),8.340977963805198,0.9348071346637139,8.17614362835884,1.364543265445467,0.8201447675131887,0.004657159341455593,0.1543872139901399,0.0019268153988452493,500.0,0.0,False
mmbench,mqt,500,VCPS-5D (Our Method),8.159874597952399,0.2636749729619348,7.374158035907103,0.7128780585919094,0.8291743344374923,0.00022286715893242938,0.15031805061587616,0.0005734286504396465,500.0,0.0,False
mmbench,mqt,Full,Adaptive TS (ATS),10.144839830842535,0.0,9.046170026790186,0.0,0.8294687768371979,0.0,0.15576108247923165,0.0,800.0,0.0,True
mmbench,mqt,Full,Naive Confidence (NC),15.265591666102406,0.0,15.377306565642357,0.0,0.8284873021715127,0.0,0.1865580150582358,0.0,800.0,0.0,True
mmbench,mqt,Full,Platt Scaling (1D),8.383029989595075,0.0,8.110271335057416,0.0,0.8284873021715127,0.0,0.1502745575444748,0.0,800.0,0.0,True
mmbench,mqt,Full,Temperature Scaling (TS),10.24177716644628,0.0,9.81222010648625,0.0,0.8284873021715127,0.0,0.1560235433043403,0.0,800.0,0.0,True
mmbench,mqt,Full,Trajectory Platt (5D),7.51429508626461,0.0,10.421996250748633,0.0,0.8185498711814502,0.0,0.1542637131407176,0.0,800.0,0.0,True
mmbench,mqt,Full,VCPS-5D (Our Method),7.6282873666601745,0.0,6.7826541643616824,0.0,0.8292234081707767,0.0,0.1499839762851669,0.0,800.0,0.0,True
mmmu,mqt,100,Adaptive TS (ATS),49.31495942823416,0.000989786762920507,49.31495942823416,0.0009897867629208473,0.31470588235294117,0.0,0.2555265865511983,8.787090592116251e-06,100.0,0.0,False
mmmu,mqt,100,Naive Confidence (NC),52.24052442800861,0.0,52.24052442800861,0.0,0.3147058823529411,0.0,0.3669483455024958,0.0,100.0,0.0,False
mmmu,mqt,100,Platt Scaling (1D),2.079555585435091,0.17302498706503924,0.4668265261201102,0.2758589481457527,0.3888235294117647,0.1657320971558668,0.011924618527281019,0.0004125400428544399,100.0,0.0,False
mmmu,mqt,100,Temperature Scaling (TS),49.31810870233828,0.0,49.31810870233828,0.0,0.3147058823529411,0.0,0.2555613820167829,0.0,100.0,0.0,False
mmmu,mqt,100,Trajectory Platt (5D),2.1474805118936446,0.37577925022042397,0.8751620359856155,0.5768349421526426,0.4447058823529412,0.2281109424734477,0.012806415341505461,0.0011033338290293996,100.0,0.0,False
mmmu,mqt,100,VCPS-5D (Our Method),2.908648639165284,1.512977342223014,1.71650085732302,2.177310691306992,0.28764705882352937,0.03438787506603299,0.02164061271872284,0.017900551416772187,100.0,0.0,False
mmmu,mqt,1000,Adaptive TS (ATS),49.314236522850535,0.0,49.314236522850535,0.0,0.31470588235294117,0.0,0.255519389045191,0.0,685.0,0.0,True
mmmu,mqt,1000,Naive Confidence (NC),52.24052442800861,0.0,52.24052442800861,0.0,0.3147058823529411,0.0,0.3669483455024958,0.0,685.0,0.0,True
mmmu,mqt,1000,Platt Scaling (1D),2.135884137008377,0.0,0.1558368972162596,0.0,0.3147058823529411,0.0,0.0115161847660067,0.0,685.0,0.0,True
mmmu,mqt,1000,Temperature Scaling (TS),49.31810870233828,0.0,49.31810870233828,0.0,0.3147058823529411,0.0,0.2555613820167829,0.0,685.0,0.0,True
mmmu,mqt,1000,Trajectory Platt (5D),2.041928707161745,0.0,0.22968390948399034,0.0,0.7235294117647059,0.0,0.0116117260449792,0.0,685.0,0.0,True
mmmu,mqt,1000,VCPS-5D (Our Method),2.1452032032600266,0.0,0.1494842912307026,0.0,0.3647058823529412,0.0,0.0115146569729876,0.0,685.0,0.0,True
mmmu,mqt,1500,Adaptive TS (ATS),49.314236522850535,0.0,49.314236522850535,0.0,0.31470588235294117,0.0,0.255519389045191,0.0,685.0,0.0,True
mmmu,mqt,1500,Naive Confidence (NC),52.24052442800861,0.0,52.24052442800861,0.0,0.3147058823529411,0.0,0.3669483455024958,0.0,685.0,0.0,True
mmmu,mqt,1500,Platt Scaling (1D),2.135884137008377,0.0,0.1558368972162596,0.0,0.3147058823529411,0.0,0.0115161847660067,0.0,685.0,0.0,True
mmmu,mqt,1500,Temperature Scaling (TS),49.31810870233828,0.0,49.31810870233828,0.0,0.3147058823529411,0.0,0.2555613820167829,0.0,685.0,0.0,True
mmmu,mqt,1500,Trajectory Platt (5D),2.041928707161745,0.0,0.22968390948399034,0.0,0.7235294117647059,0.0,0.0116117260449792,0.0,685.0,0.0,True
mmmu,mqt,1500,VCPS-5D (Our Method),2.1452032032600266,0.0,0.1494842912307026,0.0,0.3647058823529412,0.0,0.0115146569729876,0.0,685.0,0.0,True
mmmu,mqt,200,Adaptive TS (ATS),49.31444364011293,0.0002932170172103488,49.314443640112934,0.00029321701721069475,0.31470588235294117,0.0,0.2555215054783258,2.9858792879164964e-06,200.0,0.0,False
mmmu,mqt,200,Naive Confidence (NC),52.24052442800861,0.0,52.24052442800861,0.0,0.3147058823529411,0.0,0.3669483455024958,0.0,200.0,0.0,False
mmmu,mqt,200,Platt Scaling (1D),2.3546114497726207,0.04177450516711385,0.35553150535211964,0.008593579060353355,0.3888235294117647,0.1657320971558668,0.01164555657861068,8.690888235701257e-05,200.0,0.0,False
mmmu,mqt,200,Temperature Scaling (TS),49.31810870233828,0.0,49.31810870233828,0.0,0.3147058823529411,0.0,0.2555613820167829,0.0,200.0,0.0,False
mmmu,mqt,200,Trajectory Platt (5D),2.4508123498027237,0.12204353153458705,0.5025596719201001,0.20789295094358187,0.48117647058823526,0.1505267567519805,0.01217763659845802,0.0003862758726714286,200.0,0.0,False
mmmu,mqt,200,VCPS-5D (Our Method),2.3715805844255664,0.05929067931069033,0.35951031679625683,0.01668236358712194,0.30235294117647055,0.05031905126704223,0.011690529984719039,0.00010194297890419182,200.0,0.0,False
mmmu,mqt,50,Adaptive TS (ATS),49.31558550789868,0.001699752893500432,49.315585507898675,0.0016997528934982013,0.31470588235294117,0.0,0.2555331773503958,1.7012279862049417e-05,50.0,0.0,False
mmmu,mqt,50,Naive Confidence (NC),52.24052442800861,0.0,52.24052442800861,0.0,0.3147058823529411,0.0,0.3669483455024958,0.0,50.0,0.0,False
mmmu,mqt,50,Platt Scaling (1D),2.9770641872089896,0.30447506442917427,0.9939637900939052,0.18802911636741584,0.3888235294117647,0.1657320971558668,0.01299234761028122,0.0014290656340258325,50.0,0.0,False
mmmu,mqt,50,Temperature Scaling (TS),49.31810870233828,0.0,49.31810870233828,0.0,0.3147058823529411,0.0,0.2555613820167829,0.0,50.0,0.0,False
mmmu,mqt,50,Trajectory Platt (5D),2.8456742782577225,0.37417924882407894,1.2621109876458516,0.33430167003711003,0.4211764705882353,0.21586512192814267,0.014234409052425198,0.002011268844673248,50.0,0.0,False
mmmu,mqt,50,VCPS-5D (Our Method),4.163995946267641,1.6400767162562366,3.1180507267483764,2.538169639108351,0.2770588235294117,0.0485249552320949,0.03250907893541506,0.023973137971933713,50.0,0.0,False
mmmu,mqt,500,Adaptive TS (ATS),49.31430420637625,0.00018519571927720063,49.314304206376256,0.00018519571927128688,0.31470588235294117,0.0,0.255520383522237,2.1098105730041316e-06,500.0,0.0,False
mmmu,mqt,500,Naive Confidence (NC),52.24052442800861,0.0,52.24052442800861,0.0,0.3147058823529411,0.0,0.3669483455024958,0.0,500.0,0.0,False
mmmu,mqt,500,Platt Scaling (1D),2.2314656162600874,0.026500828366755574,0.24569466723709993,0.003188515427584859,0.3888235294117647,0.16573209715586681,0.01155432373271124,4.3566138388552316e-05,500.0,0.0,False
mmmu,mqt,500,Temperature Scaling (TS),49.31810870233828,0.0,49.31810870233828,0.0,0.3147058823529411,0.0,0.2555613820167829,0.0,500.0,0.0,False
mmmu,mqt,500,Trajectory Platt (5D),2.1890753998893566,0.11818778663726957,0.22195179789356864,0.05897548703617139,0.6276470588235294,0.0814445700650423,0.01177006468675238,0.00027130109878435927,500.0,0.0,False
mmmu,mqt,500,VCPS-5D (Our Method),2.2320559642547493,0.02700142773727195,0.2405077692611433,0.0050907912782181975,0.3364705882352941,0.02684377460965795,0.01156213896036128,4.0055071189164e-05,500.0,0.0,False
mmmu,mqt,Full,Adaptive TS (ATS),49.314236522850535,0.0,49.314236522850535,0.0,0.31470588235294117,0.0,0.255519389045191,0.0,685.0,0.0,True
mmmu,mqt,Full,Naive Confidence (NC),52.24052442800861,0.0,52.24052442800861,0.0,0.3147058823529411,0.0,0.3669483455024958,0.0,685.0,0.0,True
mmmu,mqt,Full,Platt Scaling (1D),2.135884137008377,0.0,0.1558368972162596,0.0,0.3147058823529411,0.0,0.0115161847660067,0.0,685.0,0.0,True
mmmu,mqt,Full,Temperature Scaling (TS),49.31810870233828,0.0,49.31810870233828,0.0,0.3147058823529411,0.0,0.2555613820167829,0.0,685.0,0.0,True
mmmu,mqt,Full,Trajectory Platt (5D),2.041928707161745,0.0,0.22968390948399034,0.0,0.7235294117647059,0.0,0.0116117260449792,0.0,685.0,0.0,True
mmmu,mqt,Full,VCPS-5D (Our Method),2.1452032032600266,0.0,0.1494842912307026,0.0,0.3647058823529412,0.0,0.0115146569729876,0.0,685.0,0.0,True
pope,mqt,100,Adaptive TS (ATS),4.840411257427773,0.8318144700060178,3.6956795888415286,0.8905386640351478,0.8716515368689282,0.003867371342937616,0.09036649745745806,0.0007285926722647209,100.0,0.0,False
pope,mqt,100,Naive Confidence (NC),4.300558529677436,0.0,4.0114217043670335,0.0,0.8756171364867017,0.0,0.090344299043824,0.0,100.0,0.0,False
pope,mqt,100,Platt Scaling (1D),5.2224096733515175,1.0160592834551518,4.469908776750811,0.9076810677170479,0.8756171364867017,0.0,0.09111684085160501,0.0020873957020615397,100.0,0.0,False
pope,mqt,100,Temperature Scaling (TS),4.882005634607426,0.6590642023960427,3.4532513931753726,1.3949673224316925,0.8756171364867017,0.0,0.0902191170285761,0.0006995885705247023,100.0,0.0,False
pope,mqt,100,Trajectory Platt (5D),4.768240090261058,0.36700381416731287,4.7214506982262225,0.980419224220164,0.8465679248287945,0.016283846364971714,0.09677619881616269,0.004481233544047929,100.0,0.0,False
pope,mqt,100,VCPS-5D (Our Method),5.145762057465737,1.149149231329403,4.579045497067879,0.5963598141280066,0.8736582258321389,0.004526558751577143,0.09127161961640125,0.0025360108088540115,100.0,0.0,False
pope,mqt,1000,Adaptive TS (ATS),4.822529492353107,0.11144117931892285,3.5137521215952754,0.31750138110975684,0.8737219302436694,0.0005969633640385498,0.09014506446221648,7.736226752626054e-05,1000.0,0.0,False
pope,mqt,1000,Naive Confidence (NC),4.300558529677436,0.0,4.0114217043670335,0.0,0.8756171364867017,0.0,0.090344299043824,0.0,1000.0,0.0,False
pope,mqt,1000,Platt Scaling (1D),4.440705247109192,0.18986556063226576,3.511260776054828,0.5690965896418131,0.8756171364867017,0.0,0.0890069677554176,0.0002792700808856728,1000.0,0.0,False
pope,mqt,1000,Temperature Scaling (TS),4.846193059215244,0.10727415096468342,3.309792738588274,0.3167070459621337,0.8756171364867017,0.0,0.09011626157971284,0.00011504875631100596,1000.0,0.0,False
pope,mqt,1000,Trajectory Platt (5D),3.9732613253369222,0.5143741406669095,3.5325487186916176,0.46312562970630555,0.8715400541487497,0.0018998178637931672,0.08986639673627125,0.00046659151665597693,1000.0,0.0,False
pope,mqt,1000,VCPS-5D (Our Method),4.369371625558245,0.15932849101412133,3.2738705045196994,0.26439442154274884,0.8740563784042046,0.00104979477609023,0.08874704676053438,0.0001670656801662183,1000.0,0.0,False
pope,mqt,1500,Adaptive TS (ATS),4.900874788718734,0.0,3.745827629423907,0.0,0.874422678770505,0.0,0.09021071606945415,0.0,1276.0,0.0,True
pope,mqt,1500,Naive Confidence (NC),4.300558529677436,0.0,4.0114217043670335,0.0,0.8756171364867017,0.0,0.090344299043824,0.0,1276.0,0.0,True
pope,mqt,1500,Platt Scaling (1D),4.63768515706549,0.0,3.967154517239522,0.0,0.8756171364867017,0.0,0.0893379467191928,0.0,1276.0,0.0,True
pope,mqt,1500,Temperature Scaling (TS),4.931693565415635,0.0,3.519447890528543,0.0,0.8756171364867017,0.0,0.0902043179242278,0.0,1276.0,0.0,True
pope,mqt,1500,Trajectory Platt (5D),4.480128415325966,0.0,3.550534375408975,0.0,0.8727504379678293,0.0,0.0902563845627215,0.0,1276.0,0.0,True
pope,mqt,1500,VCPS-5D (Our Method),4.492011746229293,0.0,3.8365010254368754,0.0,0.8741837872272654,0.0,0.089040473378203,0.0,1276.0,0.0,True
pope,mqt,200,Adaptive TS (ATS),5.136302944658348,0.12167505251038782,3.6002216769116915,0.7843014424380564,0.8723363592928811,0.001118234730469272,0.0903688279949866,0.0004927939238249244,200.0,0.0,False
pope,mqt,200,Naive Confidence (NC),4.300558529677436,0.0,4.0114217043670335,0.0,0.8756171364867017,0.0,0.090344299043824,0.0,200.0,0.0,False
pope,mqt,200,Platt Scaling (1D),4.552632942098851,0.5572508332471203,3.7110360396934654,0.8685850244394779,0.8756171364867017,0.0,0.08938168545199976,0.0005828566862377962,200.0,0.0,False
pope,mqt,200,Temperature Scaling (TS),4.9350896826559865,0.42095296826789164,3.8428062995322825,1.2634692201731905,0.8756171364867017,0.0,0.09026260074377854,0.0004422396224068073,200.0,0.0,False
pope,mqt,200,Trajectory Platt (5D),4.368855940137164,0.6234078015734495,4.629330801365894,0.6136587180014221,0.8654722089504698,0.0071549246876198725,0.09112059055992364,0.001300521979875556,200.0,0.0,False
pope,mqt,200,VCPS-5D (Our Method),4.297038207398551,0.45277192700544494,3.729279468750806,0.5833641259541362,0.8735308170090779,0.0016564295475146916,0.08921196101998641,0.0006112390395400413,200.0,0.0,False
pope,mqt,50,Adaptive TS (ATS),4.970226092100444,1.3912841965664895,4.121790286131818,1.858841579128111,0.869071508201943,0.0033318495851629762,0.09084514397907476,0.0017953281188376983,50.0,0.0,False
pope,mqt,50,Naive Confidence (NC),4.300558529677436,0.0,4.0114217043670335,0.0,0.8756171364867017,0.0,0.090344299043824,0.0,50.0,0.0,False
pope,mqt,50,Platt Scaling (1D),5.79933487856845,1.9641294081575158,5.044149394426899,2.4582257784155312,0.8756171364867017,0.0,0.09317998278885302,0.005227533967687742,50.0,0.0,False
pope,mqt,50,Temperature Scaling (TS),4.946807421746687,1.3691823663365987,3.7464128922061555,1.9840394589133379,0.8756171364867017,0.0,0.09057179628721712,0.0015987522891325956,50.0,0.0,False
pope,mqt,50,Trajectory Platt (5D),5.520508583623412,1.638512252967377,5.177030769821992,1.7581666131523086,0.8346870520783565,0.029974093403731007,0.09964365697425992,0.006705840382984713,50.0,0.0,False
pope,mqt,50,VCPS-5D (Our Method),6.050380352149705,2.629476156461983,5.831430544156268,3.1943876171816363,0.8710144927536232,0.004829444631081764,0.09663043896531184,0.010925828573809465,50.0,0.0,False
pope,mqt,500,Adaptive TS (ATS),4.839453797451271,0.18075062081465698,3.1448529589534706,0.3423351726484215,0.8730848861283643,0.0008528275671597192,0.09014395655730106,0.00023829883158374667,500.0,0.0,False
pope,mqt,500,Naive Confidence (NC),4.300558529677436,0.0,4.0114217043670335,0.0,0.8756171364867017,0.0,0.090344299043824,0.0,500.0,0.0,False
pope,mqt,500,Platt Scaling (1D),4.243921446972394,0.3853312545413024,3.444820197721607,0.37537592097826805,0.8756171364867017,0.0,0.08880348387101726,0.00036206441629779175,500.0,0.0,False
pope,mqt,500,Temperature Scaling (TS),4.774112349736274,0.20090781175103098,3.124133312557882,0.42546633000341266,0.8756171364867017,0.0,0.09006218076927652,0.00018211791109456435,500.0,0.0,False
pope,mqt,500,Trajectory Platt (5D),4.670228698410584,0.9160471713571217,3.5406522149202586,0.628635042224258,0.8696767001114827,0.0009228211247535308,0.08913450090074357,0.0003554355206143612,500.0,0.0,False
pope,mqt,500,VCPS-5D (Our Method),4.1833745154814705,0.4227253130018374,3.8058127937222856,0.6843082803643044,0.8733397037744863,0.0009713617252414228,0.08867073527852119,0.0004378755167406378,500.0,0.0,False
pope,mqt,Full,Adaptive TS (ATS),4.900874788718734,0.0,3.745827629423907,0.0,0.874422678770505,0.0,0.09021071606945415,0.0,1276.0,0.0,True
pope,mqt,Full,Naive Confidence (NC),4.300558529677436,0.0,4.0114217043670335,0.0,0.8756171364867017,0.0,0.090344299043824,0.0,1276.0,0.0,True
pope,mqt,Full,Platt Scaling (1D),4.63768515706549,0.0,3.967154517239522,0.0,0.8756171364867017,0.0,0.0893379467191928,0.0,1276.0,0.0,True
pope,mqt,Full,Temperature Scaling (TS),4.931693565415635,0.0,3.519447890528543,0.0,0.8756171364867017,0.0,0.0902043179242278,0.0,1276.0,0.0,True
pope,mqt,Full,Trajectory Platt (5D),4.480128415325966,0.0,3.550534375408975,0.0,0.8727504379678293,0.0,0.0902563845627215,0.0,1276.0,0.0,True
pope,mqt,Full,VCPS-5D (Our Method),4.492011746229293,0.0,3.8365010254368754,0.0,0.8741837872272654,0.0,0.089040473378203,0.0,1276.0,0.0,True
scienceqa,mqt,100,Adaptive TS (ATS),9.787934987679549,0.7843981141179067,9.165204040891837,0.4318301200458212,0.7614703989703989,0.0013038444103891575,0.19679513697849943,0.0010190309793957151,100.0,0.0,False
scienceqa,mqt,100,Naive Confidence (NC),23.170433156192303,0.0,23.654432334005836,0.0,0.7596793221793222,0.0,0.2579069462818134,0.0,100.0,0.0,False
scienceqa,mqt,100,Platt Scaling (1D),7.075970262482501,1.4036390878748768,6.185215088617287,2.886383653877975,0.7596793221793222,0.0,0.1916608823081412,0.0035630136875837363,100.0,0.0,False
scienceqa,mqt,100,Temperature Scaling (TS),10.219503605478067,0.20029122433056729,9.68575901255608,0.34017662275228266,0.7596793221793222,0.0,0.19754847303180348,0.0005552342042744022,100.0,0.0,False
scienceqa,mqt,100,Trajectory Platt (5D),8.046913097053766,1.3425094017935826,7.179479199647903,1.6212506513049447,0.7657496782496782,0.010370671529361377,0.18937132542132712,0.005854941017476151,100.0,0.0,False
scienceqa,mqt,100,VCPS-5D (Our Method),6.662915758321914,2.428654143465678,5.823331376382846,2.8846210566495047,0.7632400257400258,0.003069033077706952,0.19025143879958356,0.005278696014840647,100.0,0.0,False
scienceqa,mqt,1000,Adaptive TS (ATS),9.395122344439898,0.1319757937488134,8.791597659432373,0.5569079220233629,0.7612505362505362,0.00048023623288803865,0.1964042230849525,0.00013678545665455477,1000.0,0.0,False
scienceqa,mqt,1000,Naive Confidence (NC),23.170433156192303,0.0,23.654432334005836,0.0,0.7596793221793222,0.0,0.2579069462818134,0.0,1000.0,0.0,False
scienceqa,mqt,1000,Platt Scaling (1D),6.571685349840796,0.11349263461967399,7.289424470129862,0.5407452291495423,0.7596793221793222,0.0,0.1907668713262593,0.00033482141682162833,1000.0,0.0,False
scienceqa,mqt,1000,Temperature Scaling (TS),10.185351249834747,0.034610318526407724,9.931234552551517,0.13965578011525373,0.7596793221793222,0.0,0.19735128650429723,8.743784403744646e-05,1000.0,0.0,False
scienceqa,mqt,1000,Trajectory Platt (5D),5.582292096316815,1.203321787795641,5.11502264291048,0.8399279536616482,0.7701308451308451,0.0039196943068614265,0.1849970543875821,0.0009522927851189501,1000.0,0.0,False
scienceqa,mqt,1000,VCPS-5D (Our Method),5.633811204475085,0.6129828846715408,5.156047496421001,0.2398972044723851,0.7629021879021878,0.0014565891309586652,0.18871832221243387,0.0003159819518458971,1000.0,0.0,False
scienceqa,mqt,1500,Adaptive TS (ATS),9.350423427479162,0.012827607630547086,8.613540499189487,0.10692713084804198,0.7612022737022738,9.555196096741489e-05,0.19648774114625497,4.96634999311656e-05,1500.0,0.0,False
scienceqa,mqt,1500,Naive Confidence (NC),23.170433156192303,0.0,23.654432334005836,0.0,0.7596793221793222,0.0,0.2579069462818134,0.0,1500.0,0.0,False
scienceqa,mqt,1500,Platt Scaling (1D),6.887406274893668,0.09223630091978012,7.946234366636391,0.22762893431041237,0.7596793221793222,0.0,0.19154689688576454,0.0001951556785700569,1500.0,0.0,False
scienceqa,mqt,1500,Temperature Scaling (TS),10.217877447432969,0.014132605501184682,9.738338557134824,0.3812545788567733,0.7596793221793222,0.0,0.1974383975560291,4.0771427006364586e-05,1500.0,0.0,False
scienceqa,mqt,1500,Trajectory Platt (5D),5.7412014484405525,0.7920816149214687,5.414576512575149,0.3384812305483793,0.7688921063921064,0.001211410020174952,0.18585521467551863,0.00028283108951139503,1500.0,0.0,False
scienceqa,mqt,1500,VCPS-5D (Our Method),5.541884042125544,0.34536240230849685,5.425818075569926,0.17360110981096963,0.7626876876876876,0.0003157737134370815,0.18944488486706346,0.00017688875803438889,1500.0,0.0,False
scienceqa,mqt,200,Adaptive TS (ATS),9.510332332627195,0.2828891156054463,9.409720758261603,0.6056363556248859,0.760971685971686,0.001298734146010249,0.1966410012929558,0.001044738751604551,200.0,0.0,False
scienceqa,mqt,200,Naive Confidence (NC),23.170433156192303,0.0,23.654432334005836,0.0,0.7596793221793222,0.0,0.2579069462818134,0.0,200.0,0.0,False
scienceqa,mqt,200,Platt Scaling (1D),7.075325214086466,0.9273571234446889,7.027497932008899,1.9854960605009406,0.7596793221793222,0.0,0.19165682108955245,0.00259398006885911,200.0,0.0,False
scienceqa,mqt,200,Temperature Scaling (TS),10.189755498531193,0.23533817974060542,9.786099069193764,0.434885919075526,0.7596793221793222,0.0,0.19751076009049567,0.0006589358833352994,200.0,0.0,False
scienceqa,mqt,200,Trajectory Platt (5D),6.282389635592699,1.4372567419726534,6.0440674982965,1.731335605553797,0.7625321750321751,0.0056081333874080635,0.18879283246111833,0.002106983863943305,200.0,0.0,False
scienceqa,mqt,200,VCPS-5D (Our Method),6.777923196022772,1.604947969107475,5.535385799106407,1.8030389000397646,0.7626018876018875,0.0031685895706164728,0.18989478480413768,0.003656742876679938,200.0,0.0,False
scienceqa,mqt,50,Adaptive TS (ATS),9.994641014648012,0.948282612486607,9.52865353497983,0.8270288026803507,0.762001287001287,0.0030277742427884916,0.1976268318142291,0.002542434713786751,50.0,0.0,False
scienceqa,mqt,50,Naive Confidence (NC),23.170433156192303,0.0,23.654432334005836,0.0,0.7596793221793222,0.0,0.2579069462818134,0.0,50.0,0.0,False
scienceqa,mqt,50,Platt Scaling (1D),8.392547822805223,2.9300690609909603,7.795509275354965,3.858683586874311,0.7596793221793222,0.0,0.19536246066867569,0.007909059208901606,50.0,0.0,False
scienceqa,mqt,50,Temperature Scaling (TS),10.439627963713288,0.47791540353052897,10.005815494478659,0.4393870006489786,0.7596793221793222,0.0,0.19849594499464512,0.0018819420801453528,50.0,0.0,False
scienceqa,mqt,50,Trajectory Platt (5D),9.24545726031065,2.1784118970923543,8.959582018852233,2.3779609742596657,0.766489703989704,0.016633040306429755,0.19375771949014345,0.012343309204444352,50.0,0.0,False
scienceqa,mqt,50,VCPS-5D (Our Method),9.145233923685645,3.31348792861458,8.09799836750139,4.327881667566751,0.7649399399399399,0.004350343836557775,0.19473746971974962,0.011597230047432645,50.0,0.0,False
scienceqa,mqt,500,Adaptive TS (ATS),9.576741179052286,0.3435431838881588,8.995346826677219,0.6264303385059766,0.7613256113256114,0.0009795933828726483,0.1965014418404265,0.0005748639184886206,500.0,0.0,False
scienceqa,mqt,500,Naive Confidence (NC),23.170433156192303,0.0,23.654432334005836,0.0,0.7596793221793222,0.0,0.2579069462818134,0.0,500.0,0.0,False
scienceqa,mqt,500,Platt Scaling (1D),6.756128761674326,0.4228518687926339,6.495388209509744,0.5435567307855902,0.7596793221793222,0.0,0.19104352080474152,0.0011213943525778948,500.0,0.0,False
scienceqa,mqt,500,Temperature Scaling (TS),10.191716792352995,0.13374634234765617,9.88728554916906,0.1265468434161657,0.7596793221793222,0.0,0.19740776336513055,0.00041653563606776535,500.0,0.0,False
scienceqa,mqt,500,Trajectory Platt (5D),7.042099767178297,1.2803154943554365,6.280232015997173,0.8120661129052172,0.7681735306735307,0.007290675610494378,0.18676903781913498,0.001665315961291423,500.0,0.0,False
scienceqa,mqt,500,VCPS-5D (Our Method),5.970975659735181,1.1898502458731681,5.368222620959459,1.0498233528200662,0.7632078507078507,0.002212366562286575,0.18910021777619143,0.001001165532087101,500.0,0.0,False
scienceqa,mqt,Full,Adaptive TS (ATS),9.376639777347433,0.0,8.734512381000103,0.0,0.7610735735735735,0.0,0.19656013984370133,0.0,1600.0,0.0,True
scienceqa,mqt,Full,Naive Confidence (NC),23.170433156192303,0.0,23.654432334005836,0.0,0.7596793221793222,0.0,0.2579069462818134,0.0,1600.0,0.0,True
scienceqa,mqt,Full,Platt Scaling (1D),6.908146219993769,0.0,7.992412771560095,0.0,0.7596793221793222,0.0,0.1916085558467454,0.0,1600.0,0.0,True
scienceqa,mqt,Full,Temperature Scaling (TS),10.232820222060903,0.0,9.32068987808021,0.0,0.7596793221793222,0.0,0.1974815715918657,0.0,1600.0,0.0,True
scienceqa,mqt,Full,Trajectory Platt (5D),5.717354357242583,0.0,6.462255418300626,0.0,0.7689564564564565,0.0,0.1859748736475636,0.0,1600.0,0.0,True
scienceqa,mqt,Full,VCPS-5D (Our Method),5.391711401544794,0.0,4.870391736911732,0.0,0.762575075075075,0.0,0.1895829414797983,0.0,1600.0,0.0,True
seedbench,mqt,100,Adaptive TS (ATS),9.984319183728667,0.37738864114536513,8.186052048509529,1.731226355560881,0.7361665408262323,0.004465589805734979,0.2026905762657636,0.001776605475102426,100.0,0.0,False
seedbench,mqt,100,Naive Confidence (NC),17.736980348825455,0.0,18.56255531311035,0.0,0.7331463704023299,0.0,0.22965536534345424,0.0,100.0,0.0,False
seedbench,mqt,100,Platt Scaling (1D),9.975166030257679,1.6382489973783732,9.22328751222011,2.635509200166412,0.7331463704023299,0.0,0.20145061539176962,0.00468856014456406,100.0,0.0,False
seedbench,mqt,100,Temperature Scaling (TS),11.057591616501227,0.7101202546063411,8.11877304802285,1.7680973799775306,0.7331463704023299,0.0,0.20305527071057536,0.0015930286373204055,100.0,0.0,False
seedbench,mqt,100,Trajectory Platt (5D),9.797943913936615,1.5128848745745078,9.042071923613548,3.0098570333366435,0.7300830546866574,0.013295997138461628,0.20191032413126164,0.0026088639860357963,100.0,0.0,False
seedbench,mqt,100,VCPS-5D (Our Method),10.202255882435132,2.678045030657617,10.13910615562273,2.717045573906945,0.7362744040556575,0.006615367144728129,0.20170603975379015,0.00456980021330121,100.0,0.0,False
seedbench,mqt,1000,Adaptive TS (ATS),9.648291729250657,0.0,6.038706728234616,0.0,0.7356272246791068,0.0,0.20092178037432767,0.0,800.0,0.0,True
seedbench,mqt,1000,Naive Confidence (NC),17.736980348825455,0.0,18.56255531311035,0.0,0.7331463704023299,0.0,0.22965536534345424,0.0,800.0,0.0,True
seedbench,mqt,1000,Platt Scaling (1D),8.621797050752836,0.0,9.513718731654771,0.0,0.7331463704023299,0.0,0.1985951442686745,0.0,800.0,0.0,True
seedbench,mqt,1000,Temperature Scaling (TS),10.437609193403786,0.0,6.677611900822805,0.0,0.7331463704023299,0.0,0.2014874022821668,0.0,800.0,0.0,True
seedbench,mqt,1000,Trajectory Platt (5D),9.672234721481802,0.0,6.663723491132259,0.0,0.7409125229209363,0.0,0.1957119666719599,0.0,800.0,0.0,True
seedbench,mqt,1000,VCPS-5D (Our Method),8.688098384169324,0.0,7.664321773716695,0.0,0.736921583432208,0.0,0.1976621887281123,0.0,800.0,0.0,True
seedbench,mqt,1500,Adaptive TS (ATS),9.648291729250657,0.0,6.038706728234616,0.0,0.7356272246791068,0.0,0.20092178037432767,0.0,800.0,0.0,True
seedbench,mqt,1500,Naive Confidence (NC),17.736980348825455,0.0,18.56255531311035,0.0,0.7331463704023299,0.0,0.22965536534345424,0.0,800.0,0.0,True
seedbench,mqt,1500,Platt Scaling (1D),8.621797050752836,0.0,9.513718731654771,0.0,0.7331463704023299,0.0,0.1985951442686745,0.0,800.0,0.0,True
seedbench,mqt,1500,Temperature Scaling (TS),10.437609193403786,0.0,6.677611900822805,0.0,0.7331463704023299,0.0,0.2014874022821668,0.0,800.0,0.0,True
seedbench,mqt,1500,Trajectory Platt (5D),9.672234721481802,0.0,6.663723491132259,0.0,0.7409125229209363,0.0,0.1957119666719599,0.0,800.0,0.0,True
seedbench,mqt,1500,VCPS-5D (Our Method),8.688098384169324,0.0,7.664321773716695,0.0,0.736921583432208,0.0,0.1976621887281123,0.0,800.0,0.0,True
seedbench,mqt,200,Adaptive TS (ATS),9.290675915971836,1.27822065396598,6.773551365824327,0.39709099398305175,0.7355840793873368,0.0016755295049693778,0.20124764346704654,0.00040721449378239803,200.0,0.0,False
seedbench,mqt,200,Naive Confidence (NC),17.736980348825455,0.0,18.56255531311035,0.0,0.7331463704023299,0.0,0.22965536534345424,0.0,200.0,0.0,False
seedbench,mqt,200,Platt Scaling (1D),9.077196966533643,0.3979832251666902,7.396860190034696,2.732651813309277,0.7331463704023299,0.0,0.19869807844117432,0.0011248255410394217,200.0,0.0,False
seedbench,mqt,200,Temperature Scaling (TS),10.65410100951622,0.483438179960397,6.337748792640303,0.2686954612919853,0.7331463704023299,0.0,0.2016869931193494,0.00027737283653861693,200.0,0.0,False
seedbench,mqt,200,Trajectory Platt (5D),9.109047770500185,1.8907410985626723,8.901517161726952,2.303799440545261,0.7361233955344623,0.007991566213518394,0.19772364339610188,0.0028007055748693163,200.0,0.0,False
seedbench,mqt,200,VCPS-5D (Our Method),7.608081276988214,0.4608318006515173,7.476610134373527,1.9240799279016791,0.7361449681803474,0.002599257656591419,0.19803287995958163,0.0018262897075110513,200.0,0.0,False
seedbench,mqt,50,Adaptive TS (ATS),11.175066680265639,1.4263181602502326,9.098620660479236,2.531411582990607,0.7358429511379571,0.005473992474675623,0.20393055920460643,0.004881619655709798,50.0,0.0,False
seedbench,mqt,50,Naive Confidence (NC),17.736980348825455,0.0,18.56255531311035,0.0,0.7331463704023299,0.0,0.22965536534345424,0.0,50.0,0.0,False
seedbench,mqt,50,Platt Scaling (1D),10.960823826142473,2.293010617884828,9.399291844853858,2.822681504079047,0.7331463704023299,0.0,0.20438310257933834,0.006906729637535082,50.0,0.0,False
seedbench,mqt,50,Temperature Scaling (TS),11.529178726229514,1.0787400889273184,8.904279816187756,2.113132269846958,0.7331463704023299,0.0,0.20388510236137156,0.003192640018964122,50.0,0.0,False
seedbench,mqt,50,Trajectory Platt (5D),12.834606588631868,2.1182318422815163,13.864332137256861,1.8403431260008591,0.723632833567037,0.012011722067232047,0.21066740513390117,0.007622205627853818,50.0,0.0,False
seedbench,mqt,50,VCPS-5D (Our Method),12.11725381522497,3.6026172301226143,12.112016152331524,4.067217781886827,0.7364254125768526,0.00845939339387682,0.20778582614096203,0.009462062009430653,50.0,0.0,False
seedbench,mqt,500,Adaptive TS (ATS),9.715201957609985,0.9945549894634866,6.293854679615345,0.4749402989904184,0.7364254125768526,0.00037829097005178097,0.2008685538907017,0.00017973573366362357,500.0,0.0,False
seedbench,mqt,500,Naive Confidence (NC),17.736980348825455,0.0,18.56255531311035,0.0,0.7331463704023299,0.0,0.22965536534345424,0.0,500.0,0.0,False
seedbench,mqt,500,Platt Scaling (1D),8.622379987910515,0.06419097503682722,8.538200875763534,1.889870709679535,0.7331463704023299,0.0,0.19851991735646674,0.00020875286593999417,500.0,0.0,False
seedbench,mqt,500,Temperature Scaling (TS),10.439542751010283,0.1254678574308156,6.174026013237042,0.25959236330247243,0.7331463704023299,0.0,0.20152577864949456,0.0001804336241658198,500.0,0.0,False
seedbench,mqt,500,Trajectory Platt (5D),8.084787051379681,1.1090348858249477,7.850670965015889,1.2983351269976062,0.7411066767339014,0.0031873538667657347,0.19558359893292296,0.000786010456638946,500.0,0.0,False
seedbench,mqt,500,VCPS-5D (Our Method),6.635607068734254,0.7467353949213742,7.095202402105167,0.8285108319195483,0.7374608995793335,0.0007195374859306633,0.19741293854457956,0.0003887888632698554,500.0,0.0,False
seedbench,mqt,Full,Adaptive TS (ATS),9.648291729250657,0.0,6.038706728234616,0.0,0.7356272246791068,0.0,0.20092178037432767,0.0,800.0,0.0,True
seedbench,mqt,Full,Naive Confidence (NC),17.736980348825455,0.0,18.56255531311035,0.0,0.7331463704023299,0.0,0.22965536534345424,0.0,800.0,0.0,True
seedbench,mqt,Full,Platt Scaling (1D),8.621797050752836,0.0,9.513718731654771,0.0,0.7331463704023299,0.0,0.1985951442686745,0.0,800.0,0.0,True
seedbench,mqt,Full,Temperature Scaling (TS),10.437609193403786,0.0,6.677611900822805,0.0,0.7331463704023299,0.0,0.2014874022821668,0.0,800.0,0.0,True
seedbench,mqt,Full,Trajectory Platt (5D),9.672234721481802,0.0,6.663723491132259,0.0,0.7409125229209363,0.0,0.1957119666719599,0.0,800.0,0.0,True
seedbench,mqt,Full,VCPS-5D (Our Method),8.688098384169324,0.0,7.664321773716695,0.0,0.736921583432208,0.0,0.1976621887281123,0.0,800.0,0.0,True
textvqa,mqt,100,Adaptive TS (ATS),19.853136454204815,1.751378506092999,19.85313645420481,1.7513785060930012,0.686864371970755,0.0032481832187841292,0.25353707473292947,0.003970294228141613,100.0,0.0,False
textvqa,mqt,100,Naive Confidence (NC),31.908288703300066,0.0,32.2661077445373,0.0,0.684438237629727,0.0,0.3286103131043988,0.0,100.0,0.0,False
textvqa,mqt,100,Platt Scaling (1D),10.81583591941656,0.5342830406443835,10.335752524970788,1.9708451073728315,0.684438237629727,0.0,0.2184239083984208,0.004302878278969826,100.0,0.0,False
textvqa,mqt,100,Temperature Scaling (TS),19.680830795150733,1.6337288367416134,19.632878752423334,1.7061189122708411,0.684438237629727,0.0,0.2533582920806663,0.0037642496441627747,100.0,0.0,False
textvqa,mqt,100,Trajectory Platt (5D),7.896039002295585,0.7079766377442727,6.9564229502342645,0.9393771008486675,0.7047290451545771,0.011125978559410415,0.2018397216946124,0.00404062307365712,100.0,0.0,False
textvqa,mqt,100,VCPS-5D (Our Method),11.226766551093217,1.4479832457662127,10.216090404422905,2.267427581075385,0.7002601385580108,0.008327392316659762,0.21291359734402993,0.00715233225474951,100.0,0.0,False
textvqa,mqt,1000,Adaptive TS (ATS),18.752019646472014,0.8217582776986713,18.752019646472014,0.821758277698669,0.6890331060543827,0.0011558418451647397,0.25067162209933486,0.0009705294918961427,1000.0,0.0,False
textvqa,mqt,1000,Naive Confidence (NC),31.908288703300066,0.0,32.2661077445373,0.0,0.684438237629727,0.0,0.3286103131043988,0.0,1000.0,0.0,False
textvqa,mqt,1000,Platt Scaling (1D),10.578239982856422,0.1973911643745789,9.745490138733308,1.0753151875312492,0.684438237629727,0.0,0.2157969211028698,0.0014304883587681137,1000.0,0.0,False
textvqa,mqt,1000,Temperature Scaling (TS),18.66216373685746,0.6625180509519222,18.58749417250102,0.7742176256118912,0.684438237629727,0.0,0.2509213054569611,0.001017993007910326,1000.0,0.0,False
textvqa,mqt,1000,Trajectory Platt (5D),6.967483988218009,1.2532836992033851,5.904546657763421,0.4991246109757432,0.717735973055122,0.0016614739088335077,0.19561876418070234,0.001108619402980317,1000.0,0.0,False
textvqa,mqt,1000,VCPS-5D (Our Method),11.225325222456258,0.9115420629012134,9.801870043628753,1.7730594690543071,0.7061858210794381,0.000983198645746533,0.20740108858138298,0.001447309438979821,1000.0,0.0,False
textvqa,mqt,1500,Adaptive TS (ATS),18.402667199223,0.22830740125552232,18.402667199223004,0.22830740125552115,0.6886606971713356,0.0003265358894989961,0.2500926387518672,0.0002486036717941148,1500.0,0.0,False
textvqa,mqt,1500,Naive Confidence (NC),31.908288703300066,0.0,32.2661077445373,0.0,0.684438237629727,0.0,0.3286103131043988,0.0,1500.0,0.0,False
textvqa,mqt,1500,Platt Scaling (1D),10.450696204460993,0.03427501032094717,8.81107235733501,0.17026893954041272,0.684438237629727,0.0,0.21483067848137938,0.0002909393831238064,1500.0,0.0,False
textvqa,mqt,1500,Temperature Scaling (TS),18.349404330125026,0.17057058575749778,18.247026916493933,0.21071298325747734,0.684438237629727,0.0,0.2503197075193236,0.0002624194195681693,1500.0,0.0,False
textvqa,mqt,1500,Trajectory Platt (5D),7.386709136143327,0.5811636697240241,5.505547380819918,0.5259476274343606,0.7187929570908295,0.0005139696148140895,0.19466997621418333,0.00039537438263629026,1500.0,0.0,False
textvqa,mqt,1500,VCPS-5D (Our Method),10.670292936643863,0.14155296626261216,9.166826687745418,0.38574316164473316,0.7068703962320984,0.00039081987164346735,0.20639259680787186,0.00030787160967392043,1500.0,0.0,False
textvqa,mqt,200,Adaptive TS (ATS),18.72842071365575,0.632170633621017,18.72842071365575,0.6321706336210184,0.6878884963991346,0.001409493525193073,0.25073013596506666,0.0009197634145755487,200.0,0.0,False
textvqa,mqt,200,Naive Confidence (NC),31.908288703300066,0.0,32.2661077445373,0.0,0.684438237629727,0.0,0.3286103131043988,0.0,200.0,0.0,False
textvqa,mqt,200,Platt Scaling (1D),10.578727196403408,0.21275935551429578,10.005657119673034,1.1051354715908357,0.684438237629727,0.0,0.2162475438423746,0.0008234910558702242,200.0,0.0,False
textvqa,mqt,200,Temperature Scaling (TS),18.665175879727087,0.5928302873383469,18.601228213143006,0.6939601605241515,0.684438237629727,0.0,0.25091123988021163,0.0009144107687589595,200.0,0.0,False
textvqa,mqt,200,Trajectory Platt (5D),7.205642283894122,1.1587243477519458,6.838327367044985,1.4651448929568602,0.7108190257126428,0.007782571178266271,0.19976582196695128,0.0037190522402916135,200.0,0.0,False
textvqa,mqt,200,VCPS-5D (Our Method),11.145934803355463,0.5584484818995996,9.61213781924738,2.025573041273786,0.7031846436101755,0.0019038181461015426,0.20893603829668997,0.0014657045637206693,200.0,0.0,False
textvqa,mqt,50,Adaptive TS (ATS),20.772045578376783,1.7740011308040826,20.59219791559827,1.828738019158869,0.6886771269749993,0.006770400498584329,0.254926170682109,0.004088663684209528,50.0,0.0,False
textvqa,mqt,50,Naive Confidence (NC),31.908288703300066,0.0,32.2661077445373,0.0,0.684438237629727,0.0,0.3286103131043988,0.0,50.0,0.0,False
textvqa,mqt,50,Platt Scaling (1D),12.068884435206625,2.0196211951031047,11.844635729823446,1.7567172538169427,0.684438237629727,0.0,0.22320868384993492,0.008919681449153167,50.0,0.0,False
textvqa,mqt,50,Temperature Scaling (TS),19.957068810775517,1.5517383536993514,19.93424900377364,1.5827293054910365,0.684438237629727,0.0,0.25391608270629334,0.004000591080788724,50.0,0.0,False
textvqa,mqt,50,Trajectory Platt (5D),10.707630317192526,1.2648793996453682,10.258136893343181,1.7267960848865367,0.6937703661107916,0.02318647371163057,0.20969935439608073,0.010737973669428144,50.0,0.0,False
textvqa,mqt,50,VCPS-5D (Our Method),12.530895454917646,2.204942460918328,12.761740667739549,2.4929123797960924,0.6977628084011063,0.010055541702383316,0.22241536346897747,0.009721607339570698,50.0,0.0,False
textvqa,mqt,500,Adaptive TS (ATS),19.143981240881214,0.287006538004617,19.14398124088121,0.2870065380046154,0.6895752895752896,0.0006619101890638277,0.251071911380324,0.0004806662538258694,500.0,0.0,False
textvqa,mqt,500,Naive Confidence (NC),31.908288703300066,0.0,32.2661077445373,0.0,0.684438237629727,0.0,0.3286103131043988,0.0,500.0,0.0,False
textvqa,mqt,500,Platt Scaling (1D),10.778606409264635,0.16406141683033335,10.576047947848345,0.7397864804753017,0.684438237629727,0.0,0.21699892020404077,0.0008872201469446687,500.0,0.0,False
textvqa,mqt,500,Temperature Scaling (TS),18.95244453509808,0.29819099143086114,18.94459466603852,0.30660077847986017,0.684438237629727,0.0,0.25135314092551087,0.0005301718431124801,500.0,0.0,False
textvqa,mqt,500,Trajectory Platt (5D),8.46420345623046,1.0403823905981477,6.60780737567693,2.0236444485030782,0.716689942221857,0.002840411122237836,0.1962369247438946,0.0016671178556319744,500.0,0.0,False
textvqa,mqt,500,VCPS-5D (Our Method),11.525837361961138,0.7450640659385602,10.698736270462717,0.5451897582622643,0.7064651277417233,0.0010990107328551684,0.2084184498370174,0.0006793551459591957,500.0,0.0,False
textvqa,mqt,Full,Adaptive TS (ATS),18.357879441480314,0.0,18.35787944148031,0.0,0.6886004545579013,0.0,0.25002427346470063,0.0,1600.0,0.0,True
textvqa,mqt,Full,Naive Confidence (NC),31.908288703300066,0.0,32.2661077445373,0.0,0.684438237629727,0.0,0.3286103131043988,0.0,1600.0,0.0,True
textvqa,mqt,Full,Platt Scaling (1D),10.462815853262564,0.0,8.94562090648144,0.0,0.684438237629727,0.0,0.2148123931690385,0.0,1600.0,0.0,True
textvqa,mqt,Full,Temperature Scaling (TS),18.31630076175477,0.0,18.20603702978145,0.0,0.684438237629727,0.0,0.2502579678415856,0.0,1600.0,0.0,True
textvqa,mqt,Full,Trajectory Platt (5D),7.7625864632427675,0.0,5.25258805975318,0.0,0.7189682083299105,0.0,0.1947801103707775,0.0,1600.0,0.0,True
textvqa,mqt,Full,VCPS-5D (Our Method),10.63475778045276,0.0,9.044106024017632,0.0,0.7070566006736221,0.0,0.206301103685557,0.0,1600.0,0.0,True
vizwiz-vqa,mqt,100,Adaptive TS (ATS),29.17499468546423,0.2272815862736139,29.19255152734268,0.21098608648853687,0.7949675324675325,0.0011866841787139116,0.23059034251672655,0.0019247249279574648,100.0,0.0,False
vizwiz-vqa,mqt,100,Naive Confidence (NC),30.662736285477884,0.0,30.662736285477884,0.0,0.7969014680971203,0.0,0.2434844711384708,0.0,100.0,0.0,False
vizwiz-vqa,mqt,100,Platt Scaling (1D),8.302923375951845,0.9394601351397562,7.017909175431474,1.5094797771833868,0.7969014680971203,0.0,0.14540288722239259,0.0030504058980888576,100.0,0.0,False
vizwiz-vqa,mqt,100,Temperature Scaling (TS),29.873623429331097,0.59291493198046,29.96128126013257,0.4705275800698892,0.7969014680971203,0.0,0.23340201443024622,0.0010860944440833666,100.0,0.0,False
vizwiz-vqa,mqt,100,Trajectory Platt (5D),7.497271107207053,1.8548124796862304,6.8526927241357045,1.7885657151722483,0.7731931112365895,0.019505108423818328,0.14818613604901898,0.004401158619260998,100.0,0.0,False
vizwiz-vqa,mqt,100,VCPS-5D (Our Method),7.920208269208151,1.548161458343213,7.190746979687759,1.843231388834478,0.7965273856578204,0.0015761993204342674,0.1459918427463975,0.00463836253937491,100.0,0.0,False
vizwiz-vqa,mqt,1000,Adaptive TS (ATS),29.076629448821684,0.10457872761880675,29.087905589340163,0.08419967835740592,0.7961462450592884,0.00022679656991897893,0.231610120151982,0.000598219051641731,1000.0,0.0,False
vizwiz-vqa,mqt,1000,Naive Confidence (NC),30.662736285477884,0.0,30.662736285477884,0.0,0.7969014680971203,0.0,0.2434844711384708,0.0,1000.0,0.0,False
vizwiz-vqa,mqt,1000,Platt Scaling (1D),7.569743278385561,0.10557730259737008,6.171295757078194,0.4700322603329252,0.7969014680971203,0.0,0.14321825217730463,0.00020667615828707056,1000.0,0.0,False
vizwiz-vqa,mqt,1000,Temperature Scaling (TS),29.334253315023595,0.14261983807088896,29.377658221166882,0.17737352615071675,0.7969014680971203,0.0,0.23300558286117806,0.000434968459012756,1000.0,0.0,False
vizwiz-vqa,mqt,1000,Trajectory Platt (5D),7.079901066422463,0.6449223574876174,6.158421374857427,0.3996142211153821,0.7929488989271598,0.003046987802548765,0.14224638102403014,0.0008495741838426593,1000.0,0.0,False
vizwiz-vqa,mqt,1000,VCPS-5D (Our Method),7.30748386980444,0.6832865390204036,5.888762694565888,0.5262872893845281,0.7973178994918125,0.00046578503534435665,0.14237043199806448,0.0002357318428579138,1000.0,0.0,False
vizwiz-vqa,mqt,1500,Adaptive TS (ATS),29.11776559249567,0.01920485217183619,29.117765592495658,0.019204852171837945,0.7958498023715415,7.650862291320055e-05,0.2311115890188638,0.0002221641268982488,1500.0,0.0,False
vizwiz-vqa,mqt,1500,Naive Confidence (NC),30.662736285477884,0.0,30.662736285477884,0.0,0.7969014680971203,0.0,0.2434844711384708,0.0,1500.0,0.0,False
vizwiz-vqa,mqt,1500,Platt Scaling (1D),7.637270733644549,0.016801201909534335,6.2066590384665545,0.17267484112433434,0.7969014680971203,0.0,0.14326656103269142,5.0039993504456085e-05,1500.0,0.0,False
vizwiz-vqa,mqt,1500,Temperature Scaling (TS),29.422746956124207,0.033186828220975066,29.45594902265923,0.10708798042225182,0.7969014680971203,0.0,0.2327418091013449,7.632457953148753e-05,1500.0,0.0,False
vizwiz-vqa,mqt,1500,Trajectory Platt (5D),7.980642229737714,0.7508563593641128,6.126402194099501,0.5807008573206983,0.7949392998306042,0.0012244431491393324,0.14188251240841762,0.00016678526836266466,1500.0,0.0,False
vizwiz-vqa,mqt,1500,VCPS-5D (Our Method),7.389623881663221,0.25543912551951714,6.218959685195059,0.23483867169361822,0.7973320158102766,0.00012071309554269204,0.14245844938489122,7.31787494868536e-05,1500.0,0.0,False
vizwiz-vqa,mqt,200,Adaptive TS (ATS),29.22710824858628,0.3234406966495305,29.233291791846245,0.32494039450994333,0.7955815923207228,0.0006105409731411473,0.23035970509699144,0.0007243898986657539,200.0,0.0,False
vizwiz-vqa,mqt,200,Naive Confidence (NC),30.662736285477884,0.0,30.662736285477884,0.0,0.7969014680971203,0.0,0.2434844711384708,0.0,200.0,0.0,False
vizwiz-vqa,mqt,200,Platt Scaling (1D),7.9519967940001965,0.5879910283206071,6.232491277137965,0.6966025994851349,0.7969014680971203,0.0,0.14413347637278726,0.0015916445305153531,200.0,0.0,False
vizwiz-vqa,mqt,200,Temperature Scaling (TS),29.70409614442849,0.364801227936784,29.742872424412035,0.3433898218173152,0.7969014680971203,0.0,0.23262352889982846,0.0002773006935316101,200.0,0.0,False
vizwiz-vqa,mqt,200,Trajectory Platt (5D),7.284737170184963,0.3731450889932332,5.888638250133954,1.094771479080396,0.7838297571993225,0.0134394608067363,0.14579438300744066,0.0032296550804123457,200.0,0.0,False
vizwiz-vqa,mqt,200,VCPS-5D (Our Method),7.681111146974165,0.8614889801501031,6.841599042958977,1.367513258502729,0.7966191417278374,0.0005782739133318276,0.14396236963742584,0.002139474252239163,200.0,0.0,False
vizwiz-vqa,mqt,50,Adaptive TS (ATS),28.98218667046761,0.5976769832110772,29.15325852302796,0.49002868281185935,0.7953063241106719,0.000746298130315458,0.23264910729259514,0.0035774145282379275,50.0,0.0,False
vizwiz-vqa,mqt,50,Naive Confidence (NC),30.662736285477884,0.0,30.662736285477884,0.0,0.7969014680971203,0.0,0.2434844711384708,0.0,50.0,0.0,False
vizwiz-vqa,mqt,50,Platt Scaling (1D),7.966766354530368,0.3233343037490177,7.357029857213911,0.9321232526482781,0.7969014680971203,0.0,0.1449257395276371,0.0015943807502367623,50.0,0.0,False
vizwiz-vqa,mqt,50,Temperature Scaling (TS),29.213425452694356,0.6757148524135401,29.38049491270084,0.5580152018737957,0.7969014680971203,0.0,0.23443556363633858,0.0024793543686415526,50.0,0.0,False
vizwiz-vqa,mqt,50,Trajectory Platt (5D),8.047845422767569,1.8423472684801618,8.374748733046,1.9562746883086641,0.7393280632411068,0.03357397270073808,0.1530424966532551,0.009116770485272605,50.0,0.0,False
vizwiz-vqa,mqt,50,VCPS-5D (Our Method),7.799387282008269,1.1509565355266407,7.510410116420078,1.2367027429928283,0.7953910220214568,0.0012276937090958432,0.14474577803966687,0.003175512393672208,50.0,0.0,False
vizwiz-vqa,mqt,500,Adaptive TS (ATS),29.141814871657594,0.21405617090557955,29.29114661891606,0.24341289784854384,0.7959768492377188,0.00031800904364958656,0.23130672149573756,0.0011831529037074039,500.0,0.0,False
vizwiz-vqa,mqt,500,Naive Confidence (NC),30.662736285477884,0.0,30.662736285477884,0.0,0.7969014680971203,0.0,0.2434844711384708,0.0,500.0,0.0,False
vizwiz-vqa,mqt,500,Platt Scaling (1D),7.661564324818755,0.26036288377922095,6.414361394240487,0.6084155566891444,0.7969014680971203,0.0,0.1436350592595622,0.00045191047738011534,500.0,0.0,False
vizwiz-vqa,mqt,500,Temperature Scaling (TS),29.437860417023778,0.3010858742979266,29.55129634224116,0.20066025382457864,0.7969014680971203,0.0,0.2328768925276991,0.0007486081536108148,500.0,0.0,False
vizwiz-vqa,mqt,500,Trajectory Platt (5D),6.753120163502172,1.5296578778341814,6.685620701545849,1.4042079009861497,0.791501976284585,0.00593824669020707,0.14295528310638106,0.0008365467347016869,500.0,0.0,False
vizwiz-vqa,mqt,500,VCPS-5D (Our Method),7.472110347547016,0.5800611075717123,6.961708308365848,1.1672803063557526,0.7972543760587238,0.00018840129609038072,0.14293628858858565,0.0006434037848412764,500.0,0.0,False
vizwiz-vqa,mqt,Full,Adaptive TS (ATS),29.114719364059432,0.0,29.114719364059425,0.0,0.7958780350084698,0.0,0.23119681844611453,0.0,1600.0,0.0,True
vizwiz-vqa,mqt,Full,Naive Confidence (NC),30.662736285477884,0.0,30.662736285477884,0.0,0.7969014680971203,0.0,0.2434844711384708,0.0,1600.0,0.0,True
vizwiz-vqa,mqt,Full,Platt Scaling (1D),7.621812935863327,0.0,6.269793439981427,0.0,0.7969014680971203,0.0,0.1432586722441879,0.0,1600.0,0.0,True
vizwiz-vqa,mqt,Full,Temperature Scaling (TS),29.408389698433616,0.0,29.408389698433616,0.0,0.7969014680971203,0.0,0.23277463184702357,0.0,1600.0,0.0,True
vizwiz-vqa,mqt,Full,Trajectory Platt (5D),8.171469628345221,0.0,6.029946542810649,0.0,0.7947487295313382,0.0,0.1417702345873833,0.0,1600.0,0.0,True
vizwiz-vqa,mqt,Full,VCPS-5D (Our Method),7.585726092716517,0.0,6.116942848326518,0.0,0.7973955392433654,0.0,0.1424047246635258,0.0,1600.0,0.0,True
vqav2,mqt,100,Adaptive TS (ATS),11.472974008607547,0.882297971412735,11.771106552147067,1.2550990293347788,0.6650064796329376,0.010098686261951777,0.17355974006587555,0.0029006889780329496,100.0,0.0,False
vqav2,mqt,100,Naive Confidence (NC),10.311240037903188,0.0,10.485453115776185,0.0,0.6414136107316731,0.0,0.1713240263854615,0.0,100.0,0.0,False
vqav2,mqt,100,Platt Scaling (1D),11.059956930100348,1.0748503928059072,10.21904679638333,0.8162426304463419,0.6414136107316731,0.0,0.17119484154782788,0.0015671967023000333,100.0,0.0,False
vqav2,mqt,100,Temperature Scaling (TS),13.669990654189537,1.245718952670612,13.855487417893304,1.5454981659855584,0.6414136107316731,0.0,0.1785146623457871,0.003555270600140729,100.0,0.0,False
vqav2,mqt,100,Trajectory Platt (5D),8.488901493977757,1.7700509558149422,8.274139309953897,2.650408393704759,0.72979580399986,0.012948981470872327,0.16828104114924583,0.006689761957640972,100.0,0.0,False
vqav2,mqt,100,VCPS-5D (Our Method),8.962301299876623,1.29586583009557,8.09646610793659,0.7868841903270948,0.6632692375048159,0.007929750159648953,0.16764234657273752,0.0010256026051737176,100.0,0.0,False
vqav2,mqt,1000,Adaptive TS (ATS),12.231965194435638,0.1562751218402822,12.478552770131234,0.20521073508538124,0.6579734510174775,0.0005746669273088132,0.17583969367078928,0.00027171782625752403,1000.0,0.0,False
vqav2,mqt,1000,Naive Confidence (NC),10.311240037903188,0.0,10.485453115776185,0.0,0.6414136107316731,0.0,0.1713240263854615,0.0,1000.0,0.0,False
vqav2,mqt,1000,Platt Scaling (1D),11.223819347109686,0.14460060151271742,10.734923106978748,0.5420803899615181,0.6414136107316731,0.0,0.17153576064676623,0.00016233098945007195,1000.0,0.0,False
vqav2,mqt,1000,Temperature Scaling (TS),13.919217091665661,0.14643867633295504,14.343554085185762,0.21105574422256693,0.6414136107316731,0.0,0.17964597243653163,0.000384981471536715,1000.0,0.0,False
vqav2,mqt,1000,Trajectory Platt (5D),7.087168372236192,1.5123834133116163,6.088994434289636,0.6232275589747729,0.7407656474379181,0.0020447846827930174,0.16251769412668432,0.0005572339352940505,1000.0,0.0,False
vqav2,mqt,1000,VCPS-5D (Our Method),9.08827048316817,0.14275642813739559,8.418674904328729,0.6534678410741795,0.6575671605197716,0.000705039411023797,0.16766644497565858,0.00013661961349950187,1000.0,0.0,False
vqav2,mqt,1500,Adaptive TS (ATS),11.998075459394249,0.05728888843304512,12.179457166090755,0.17598779732166014,0.6583937515323456,0.0005600722304580332,0.17535875781752214,0.000152412687080882,1500.0,0.0,False
vqav2,mqt,1500,Naive Confidence (NC),10.311240037903188,0.0,10.485453115776185,0.0,0.6414136107316731,0.0,0.1713240263854615,0.0,1500.0,0.0,False
vqav2,mqt,1500,Platt Scaling (1D),11.020155671898806,0.07177570324029023,10.9639366981124,0.28694468102947723,0.6414136107316731,0.0,0.17131245312284946,8.682470583127675e-05,1500.0,0.0,False
vqav2,mqt,1500,Temperature Scaling (TS),13.72540191167279,0.08894843503980054,14.013082267409587,0.1497536061959796,0.6414136107316731,0.0,0.17913756863155764,0.00023041329182104853,1500.0,0.0,False
vqav2,mqt,1500,Trajectory Platt (5D),7.778003295138478,0.2822798778493953,6.914279513433575,0.2614569385913872,0.739932051416763,0.001601874080260433,0.16272074441366105,0.0002987874509147598,1500.0,0.0,False
vqav2,mqt,1500,VCPS-5D (Our Method),9.1761639719564,0.2654235280594733,8.277519635532716,0.5071531469876034,0.6575041154425414,0.00046768597619141624,0.1675479473018156,5.9182336310742896e-05,1500.0,0.0,False
vqav2,mqt,200,Adaptive TS (ATS),11.590835468875628,0.7350559940080942,11.763317712737354,0.7026211136969901,0.6626738117754194,0.007717321337905573,0.17459557262650827,0.0020947724269200813,200.0,0.0,False
vqav2,mqt,200,Naive Confidence (NC),10.311240037903188,0.0,10.485453115776185,0.0,0.6414136107316731,0.0,0.1713240263854615,0.0,200.0,0.0,False
vqav2,mqt,200,Platt Scaling (1D),11.339426675331836,1.004220049124559,10.957122405499984,1.384447751835607,0.6414136107316731,0.0,0.17156307479295313,0.0014225318359670858,200.0,0.0,False
vqav2,mqt,200,Temperature Scaling (TS),14.02977715303667,1.5314233749921307,14.285553598133802,1.7210462098745178,0.6414136107316731,0.0,0.17959581864849355,0.004201079776096912,200.0,0.0,False
vqav2,mqt,200,Trajectory Platt (5D),8.001422933954746,0.5862477567921746,6.792023490089923,1.2877321294707587,0.7394627158418269,0.02028796095035707,0.1647042451181254,0.0036716762587821897,200.0,0.0,False
vqav2,mqt,200,VCPS-5D (Our Method),8.485310530393077,0.6479251969371846,8.019070515146943,1.4138837707254557,0.6614759553080451,0.006005257848572754,0.16753885464402707,0.0010754824473351854,200.0,0.0,False
vqav2,mqt,50,Adaptive TS (ATS),11.33046441267896,0.892519086724435,12.133583581963935,0.6474930740079671,0.6655878953451718,0.011082628703123296,0.17350476466661596,0.0027298636633461036,50.0,0.0,False
vqav2,mqt,50,Naive Confidence (NC),10.311240037903188,0.0,10.485453115776185,0.0,0.6414136107316731,0.0,0.1713240263854615,0.0,50.0,0.0,False
vqav2,mqt,50,Platt Scaling (1D),11.6141907570315,0.7212227733842468,10.758978490041216,1.1111658157459805,0.6414136107316731,0.0,0.1723071406862661,0.0009178940110972146,50.0,0.0,False
vqav2,mqt,50,Temperature Scaling (TS),13.9404655812051,0.5271965198814441,14.252561839285807,0.3364433527949175,0.6414136107316731,0.0,0.17961974534549613,0.0012520969505977553,50.0,0.0,False
vqav2,mqt,50,Trajectory Platt (5D),9.394490936771035,3.111140101921046,8.396478712931277,3.137541069166264,0.7058386746523764,0.029877928035071354,0.1722244929976642,0.010041319693844447,50.0,0.0,False
vqav2,mqt,50,VCPS-5D (Our Method),9.334990758905494,1.460502919591904,7.938224206220747,1.3840683827008486,0.6613918952050717,0.008476733358315303,0.16862095593550572,0.0013614880116169987,50.0,0.0,False
vqav2,mqt,500,Adaptive TS (ATS),12.781060515734207,0.8693623123999932,13.216328475010354,0.7148105907578757,0.6592273475535009,0.002238672956656108,0.17653490087207652,0.0017458337236063055,500.0,0.0,False
vqav2,mqt,500,Naive Confidence (NC),10.311240037903188,0.0,10.485453115776185,0.0,0.6414136107316731,0.0,0.1713240263854615,0.0,500.0,0.0,False
vqav2,mqt,500,Platt Scaling (1D),11.786946111481443,0.8954121834668085,10.85849214461535,0.8551233130692321,0.6414136107316731,0.0,0.17214340802325703,0.0012106855989222837,500.0,0.0,False
vqav2,mqt,500,Temperature Scaling (TS),14.698321602076174,1.1104653814366663,15.083470253856365,1.424822451112481,0.6414136107316731,0.0,0.18123260752800405,0.002999603853032863,500.0,0.0,False
vqav2,mqt,500,Trajectory Platt (5D),7.434143795259298,0.4507709286346117,6.425589308328926,1.1772737735384526,0.748254001611152,0.011234541170188735,0.16158075884445874,0.0024620074356701293,500.0,0.0,False
vqav2,mqt,500,VCPS-5D (Our Method),9.203679842689576,0.6004418931832659,7.060692820378738,1.160242278448411,0.6591082624076214,0.0026968600722709723,0.16753613861665104,0.0004321114237712529,500.0,0.0,False
vqav2,mqt,Full,Adaptive TS (ATS),12.027171463245622,0.0,12.361784411797776,0.0,0.6578753808973415,0.0,0.17530112126695066,0.0,1600.0,0.0,True
vqav2,mqt,Full,Naive Confidence (NC),10.311240037903188,0.0,10.485453115776185,0.0,0.6414136107316731,0.0,0.1713240263854615,0.0,1600.0,0.0,True
vqav2,mqt,Full,Platt Scaling (1D),10.943124061104209,0.0,10.537972478113074,0.0,0.6414136107316731,0.0,0.1712264339130979,0.0,1600.0,0.0,True
vqav2,mqt,Full,Temperature Scaling (TS),13.650877606452983,0.0,13.872632204612676,0.0,0.6414136107316731,0.0,0.178944229752847,0.0,1600.0,0.0,True
vqav2,mqt,Full,Trajectory Platt (5D),7.641119655221699,0.0,7.160565193742515,0.0,0.7393436306959477,0.0,0.1629355183132627,0.0,1600.0,0.0,True
vqav2,mqt,Full,VCPS-5D (Our Method),8.827186721775842,0.0,8.583338405814935,0.0,0.6571748800392282,0.0,0.1675656500262207,0.0,1600.0,0.0,True
