dataset,arch,budget,effective_n,is_capped,seed,method,adaptive_ece_percent,ece_percent,auroc,brier,adaptive_ece,ece
ai2d,mqt,50,50,False,42,Naive Confidence (NC),26.92474775016308,27.15036953985691,0.7457631386769408,0.2887215547447141,0.2692474775016308,0.2715036953985691
ai2d,mqt,50,50,False,42,Temperature Scaling (TS),13.947056769712669,13.863103440596324,0.7457631386769408,0.2218665357899964,0.1394705676971266,0.1386310344059632
ai2d,mqt,50,50,False,42,Platt Scaling (1D),11.180177786362549,9.778736786640671,0.7457631386769408,0.210895642627406,0.1118017778636255,0.0977873678664067
ai2d,mqt,50,50,False,42,Trajectory Platt (5D),10.839000124484304,9.083562601357698,0.6978167258442245,0.218165976086616,0.108390001244843,0.0908356260135769
ai2d,mqt,50,50,False,42,VCPS-5D (Our Method),7.251814688476102,6.171723473992905,0.7372264611820403,0.2053802334885651,0.072518146884761,0.061717234739929
ai2d,mqt,50,50,False,43,Naive Confidence (NC),26.92474775016308,27.15036953985691,0.7457631386769408,0.2887215547447141,0.2692474775016308,0.2715036953985691
ai2d,mqt,50,50,False,43,Temperature Scaling (TS),13.26244036280798,12.141615533545972,0.7457631386769408,0.2201277477620784,0.1326244036280797,0.1214161553354597
ai2d,mqt,50,50,False,43,Platt Scaling (1D),7.989484335997552,4.00846944524618,0.7457631386769408,0.2008855481682458,0.0798948433599755,0.0400846944524618
ai2d,mqt,50,50,False,43,Trajectory Platt (5D),10.913521111011503,8.632024139165875,0.7299992445418146,0.2085344192625472,0.109135211110115,0.0863202413916587
ai2d,mqt,50,50,False,43,VCPS-5D (Our Method),10.405462437157018,7.574223107559861,0.7441011306690841,0.2008311940095275,0.1040546243715701,0.0757422310755986
ai2d,mqt,50,50,False,44,Naive Confidence (NC),26.92474775016308,27.15036953985691,0.7457631386769408,0.2887215547447141,0.2692474775016308,0.2715036953985691
ai2d,mqt,50,50,False,44,Temperature Scaling (TS),12.674213277868244,11.438567796380626,0.7457631386769408,0.2193573045130002,0.1267421327786824,0.1143856779638062
ai2d,mqt,50,50,False,44,Platt Scaling (1D),8.17108247539158,4.71007568515043,0.7457631386769408,0.2013356513609951,0.0817108247539158,0.0471007568515043
ai2d,mqt,50,50,False,44,Trajectory Platt (5D),8.88570393994451,7.070910219103096,0.7139583490720454,0.2133547054533169,0.0888570393994451,0.0707091021910309
ai2d,mqt,50,50,False,44,VCPS-5D (Our Method),5.652351185279027,6.26978242958014,0.7426153962378184,0.2018621608919383,0.0565235118527902,0.0626978242958014
ai2d,mqt,50,50,False,45,Naive Confidence (NC),26.92474775016308,27.15036953985691,0.7457631386769408,0.2887215547447141,0.2692474775016308,0.2715036953985691
ai2d,mqt,50,50,False,45,Temperature Scaling (TS),13.05823943408846,12.14191896233246,0.7457631386769408,0.2198361021184422,0.1305823943408846,0.1214191896233246
ai2d,mqt,50,50,False,45,Platt Scaling (1D),8.617970279498687,5.547512736712799,0.7457631386769408,0.202949026104836,0.0861797027949868,0.0554751273671279
ai2d,mqt,50,50,False,45,Trajectory Platt (5D),9.11084893345833,5.509712889790537,0.6895318677444536,0.2258658710110462,0.0911084893345832,0.0550971288979053
ai2d,mqt,50,50,False,45,VCPS-5D (Our Method),7.73674415711065,7.740859293627447,0.742665760116844,0.2024842320390043,0.0773674415711065,0.0774085929362744
ai2d,mqt,50,50,False,46,Naive Confidence (NC),26.92474775016308,27.15036953985691,0.7457631386769408,0.2887215547447141,0.2692474775016308,0.2715036953985691
ai2d,mqt,50,50,False,46,Temperature Scaling (TS),14.390431128534155,14.714412902733114,0.7457631386769408,0.2239614631431498,0.1439043112853415,0.1471441290273311
ai2d,mqt,50,50,False,46,Platt Scaling (1D),11.183919766774055,12.895105480671951,0.7457631386769408,0.2136362079432389,0.1118391976677405,0.1289510548067195
ai2d,mqt,50,50,False,46,Trajectory Platt (5D),10.487706813961267,11.18261285498738,0.7405504771977538,0.2122269599888563,0.1048770681396126,0.1118261285498738
ai2d,mqt,50,50,False,46,VCPS-5D (Our Method),12.57583146507765,12.676754657446953,0.7455365012213241,0.2175219375972464,0.1257583146507765,0.1267675465744695
ai2d,mqt,100,100,False,42,Naive Confidence (NC),26.92474775016308,27.15036953985691,0.7457631386769408,0.2887215547447141,0.2692474775016308,0.2715036953985691
ai2d,mqt,100,100,False,42,Temperature Scaling (TS),12.625778270044972,11.771990987154496,0.7457631386769408,0.2192569996992177,0.1262577827004497,0.1177199098715449
ai2d,mqt,100,100,False,42,Platt Scaling (1D),8.011872986623368,5.936272599819996,0.7457631386769408,0.2009506415137622,0.0801187298662336,0.0593627259981999
ai2d,mqt,100,100,False,42,Trajectory Platt (5D),6.914121311157942,6.02632425352931,0.7413814812016821,0.2035213610940081,0.0691412131115794,0.0602632425352931
ai2d,mqt,100,100,False,42,VCPS-5D (Our Method),7.756674118788251,4.047338062922426,0.7454609554027852,0.2003467955617129,0.0775667411878825,0.0404733806292242
ai2d,mqt,100,100,False,43,Naive Confidence (NC),26.92474775016308,27.15036953985691,0.7457631386769408,0.2887215547447141,0.2692474775016308,0.2715036953985691
ai2d,mqt,100,100,False,43,Temperature Scaling (TS),13.105032113322256,13.180272538836672,0.7457631386769408,0.2197348232476239,0.1310503211332225,0.1318027253883667
ai2d,mqt,100,100,False,43,Platt Scaling (1D),8.107360095146984,4.796100699441848,0.7457631386769408,0.2011241910556886,0.0810736009514698,0.0479610069944184
ai2d,mqt,100,100,False,43,Trajectory Platt (5D),7.26769609376788,5.204249773174523,0.745763138676941,0.2012842022237507,0.0726769609376788,0.0520424977317452
ai2d,mqt,100,100,False,43,VCPS-5D (Our Method),6.5786077289022,6.465779808881369,0.7455365012213242,0.2011443462721925,0.065786077289022,0.0646577980888137
ai2d,mqt,100,100,False,44,Naive Confidence (NC),26.92474775016308,27.15036953985691,0.7457631386769408,0.2887215547447141,0.2692474775016308,0.2715036953985691
ai2d,mqt,100,100,False,44,Temperature Scaling (TS),12.843999758932323,12.161945332024764,0.7457631386769408,0.2193168413942984,0.1284399975893232,0.1216194533202476
ai2d,mqt,100,100,False,44,Platt Scaling (1D),8.082589502420323,5.038784559614648,0.7457631386769408,0.2011485073113866,0.0808258950242032,0.0503878455961464
ai2d,mqt,100,100,False,44,Trajectory Platt (5D),9.43599810451269,9.702835969626902,0.7206819269220115,0.2154181453757299,0.0943599810451269,0.097028359696269
ai2d,mqt,100,100,False,44,VCPS-5D (Our Method),6.9196690012224655,5.693510174787992,0.7437234015763894,0.2025326782950573,0.0691966900122246,0.0569351017478799
ai2d,mqt,100,100,False,45,Naive Confidence (NC),26.92474775016308,27.15036953985691,0.7457631386769408,0.2887215547447141,0.2692474775016308,0.2715036953985691
ai2d,mqt,100,100,False,45,Temperature Scaling (TS),12.625761825811688,11.75946473163,0.7457631386769408,0.2192528775446391,0.1262576182581168,0.1175946473163
ai2d,mqt,100,100,False,45,Platt Scaling (1D),8.002288428105564,6.044707947596286,0.7457631386769408,0.2011343056133842,0.0800228842810556,0.0604470794759628
ai2d,mqt,100,100,False,45,Trajectory Platt (5D),8.643401034176351,7.448108099400998,0.7316864344891844,0.2093480736390341,0.0864340103417635,0.0744810809940099
ai2d,mqt,100,100,False,45,VCPS-5D (Our Method),3.950045321351237,4.717007030886932,0.7453602276447331,0.2010961361483494,0.0395004532135123,0.0471700703088693
ai2d,mqt,100,100,False,46,Naive Confidence (NC),26.92474775016308,27.15036953985691,0.7457631386769408,0.2887215547447141,0.2692474775016308,0.2715036953985691
ai2d,mqt,100,100,False,46,Temperature Scaling (TS),13.667848733181543,12.441262829808991,0.7457631386769408,0.2215297816435626,0.1366784873318154,0.1244126282980899
ai2d,mqt,100,100,False,46,Platt Scaling (1D),9.444896431406672,7.804272605544795,0.7457631386769408,0.205567912964432,0.0944489643140667,0.0780427260554479
ai2d,mqt,100,100,False,46,Trajectory Platt (5D),9.564694195985796,8.584980025887488,0.7428672156329481,0.2064949776081096,0.0956469419598579,0.0858498002588748
ai2d,mqt,100,100,False,46,VCPS-5D (Our Method),9.325038565624906,8.727589190695115,0.7460653219510965,0.2069179137919373,0.093250385656249,0.0872758919069511
ai2d,mqt,200,200,False,42,Naive Confidence (NC),26.92474775016308,27.15036953985691,0.7457631386769408,0.2887215547447141,0.2692474775016308,0.2715036953985691
ai2d,mqt,200,200,False,42,Temperature Scaling (TS),12.625866666741045,12.13139233229614,0.7457631386769408,0.2192668480290939,0.1262586666674104,0.1213139233229614
ai2d,mqt,200,200,False,42,Platt Scaling (1D),8.02757207609915,5.885239472848926,0.7457631386769408,0.2010640661729703,0.0802757207609914,0.0588523947284892
ai2d,mqt,200,200,False,42,Trajectory Platt (5D),5.779753297567368,6.614142760634421,0.7305280652715873,0.2055683462112524,0.0577975329756736,0.0661414276063442
ai2d,mqt,200,200,False,42,VCPS-5D (Our Method),6.868337640525208,4.536484851388376,0.744428495882753,0.2007833085958778,0.068683376405252,0.0453648485138837
ai2d,mqt,200,200,False,43,Naive Confidence (NC),26.92474775016308,27.15036953985691,0.7457631386769408,0.2887215547447141,0.2692474775016308,0.2715036953985691
ai2d,mqt,200,200,False,43,Temperature Scaling (TS),13.19832478658602,14.032424894570685,0.7457631386769408,0.2199561469672286,0.1319832478658602,0.1403242489457068
ai2d,mqt,200,200,False,43,Platt Scaling (1D),8.29616838650937,6.184004801458527,0.7457631386769408,0.2014607624371106,0.0829616838650937,0.0618400480145852
ai2d,mqt,200,200,False,43,Trajectory Platt (5D),8.77444037422538,7.913726519793274,0.741557754778273,0.2022370022996907,0.0877444037422538,0.0791372651979327
ai2d,mqt,200,200,False,43,VCPS-5D (Our Method),6.900489772716368,7.399518359275746,0.7454861373422981,0.2013115292549096,0.0690048977271636,0.0739951835927574
ai2d,mqt,200,200,False,44,Naive Confidence (NC),26.92474775016308,27.15036953985691,0.7457631386769408,0.2887215547447141,0.2692474775016308,0.2715036953985691
ai2d,mqt,200,200,False,44,Temperature Scaling (TS),13.07482016892755,13.591635746949065,0.7457631386769408,0.2196707417698974,0.1307482016892755,0.1359163574694906
ai2d,mqt,200,200,False,44,Platt Scaling (1D),8.276863269085926,6.316615567560947,0.7457631386769408,0.2014267063059061,0.0827686326908592,0.0631661556756094
ai2d,mqt,200,200,False,44,Trajectory Platt (5D),5.449854355305435,7.147314485162497,0.7397698370728514,0.2060300070618779,0.0544985435530543,0.0714731448516249
ai2d,mqt,200,200,False,44,VCPS-5D (Our Method),6.0134387862727,5.45432671370628,0.7468207801364861,0.2017511151793899,0.060134387862727,0.0545432671370628
ai2d,mqt,200,200,False,45,Naive Confidence (NC),26.92474775016308,27.15036953985691,0.7457631386769408,0.2887215547447141,0.2692474775016308,0.2715036953985691
ai2d,mqt,200,200,False,45,Temperature Scaling (TS),12.642484082967265,12.161252916689804,0.7457631386769408,0.2192327749443131,0.1264248408296726,0.121612529166898
ai2d,mqt,200,200,False,45,Platt Scaling (1D),8.083107425291784,6.350015733976017,0.7457631386769408,0.2016967004005275,0.0808310742529178,0.0635001573397601
ai2d,mqt,200,200,False,45,Trajectory Platt (5D),5.125313367694618,7.147870179265736,0.7397446551333384,0.2036873967148385,0.0512531336769461,0.0714787017926573
ai2d,mqt,200,200,False,45,VCPS-5D (Our Method),6.48138470225275,3.5186834936884943,0.7467200523784341,0.2008481216429416,0.0648138470225275,0.0351868349368849
ai2d,mqt,200,200,False,46,Naive Confidence (NC),26.92474775016308,27.15036953985691,0.7457631386769408,0.2887215547447141,0.2692474775016308,0.2715036953985691
ai2d,mqt,200,200,False,46,Temperature Scaling (TS),12.644611661557068,12.157545471997269,0.7457631386769408,0.2192324203491496,0.1264461166155706,0.1215754547199726
ai2d,mqt,200,200,False,46,Platt Scaling (1D),8.196729179392978,5.798382640327725,0.7457631386769408,0.2022261435625017,0.0819672917939297,0.0579838264032772
ai2d,mqt,200,200,False,46,Trajectory Platt (5D),8.025157254189255,7.373069103807212,0.7239303971191862,0.2086503133072488,0.0802515725418925,0.0737306910380721
ai2d,mqt,200,200,False,46,VCPS-5D (Our Method),4.763947933239238,5.877405469792089,0.7445544055803178,0.2015011144846589,0.0476394793323923,0.0587740546979208
ai2d,mqt,500,500,False,42,Naive Confidence (NC),26.92474775016308,27.15036953985691,0.7457631386769408,0.2887215547447141,0.2692474775016308,0.2715036953985691
ai2d,mqt,500,500,False,42,Temperature Scaling (TS),12.72504721421885,11.76648702431398,0.7457631386769408,0.2192391581254563,0.1272504721421885,0.1176648702431397
ai2d,mqt,500,500,False,42,Platt Scaling (1D),8.040915466788443,4.81869105535252,0.7457631386769408,0.2012229194539071,0.0804091546678844,0.0481869105535252
ai2d,mqt,500,500,False,42,Trajectory Platt (5D),8.746933188289404,6.437782045453785,0.7326181662511646,0.2050582280098423,0.087469331882894,0.0643778204545378
ai2d,mqt,500,500,False,42,VCPS-5D (Our Method),7.228831537227055,4.688503827146188,0.7450328624310645,0.2009825014377605,0.0722883153722705,0.0468850382714618
ai2d,mqt,500,500,False,43,Naive Confidence (NC),26.92474775016308,27.15036953985691,0.7457631386769408,0.2887215547447141,0.2692474775016308,0.2715036953985691
ai2d,mqt,500,500,False,43,Temperature Scaling (TS),13.045270372023548,13.614531163432297,0.7457631386769408,0.2196118148576802,0.1304527037202354,0.1361453116343229
ai2d,mqt,500,500,False,43,Platt Scaling (1D),8.161618975934726,4.947391072470017,0.7457631386769408,0.2014003822707418,0.0816161897593472,0.0494739107247001
ai2d,mqt,500,500,False,43,Trajectory Platt (5D),6.584245957434179,8.132829718291758,0.7425146684797662,0.2027151128859264,0.0658424595743417,0.0813282971829175
ai2d,mqt,500,500,False,43,VCPS-5D (Our Method),7.408329942043011,6.070095220078919,0.7463171413462264,0.2010501834988666,0.0740832994204301,0.0607009522007891
ai2d,mqt,500,500,False,44,Naive Confidence (NC),26.92474775016308,27.15036953985691,0.7457631386769408,0.2887215547447141,0.2692474775016308,0.2715036953985691
ai2d,mqt,500,500,False,44,Temperature Scaling (TS),13.157738021549994,13.923294485594823,0.7457631386769408,0.2198556080314327,0.1315773802154999,0.1392329448559482
ai2d,mqt,500,500,False,44,Platt Scaling (1D),8.344956815701373,6.142532345565294,0.7457631386769408,0.201673723616154,0.0834495681570137,0.0614253234556529
ai2d,mqt,500,500,False,44,Trajectory Platt (5D),7.67661535739899,6.591308794915678,0.7369242779078845,0.2051675995050774,0.0767661535739899,0.0659130879491567
ai2d,mqt,500,500,False,44,VCPS-5D (Our Method),7.033405749732865,6.783803601961008,0.745687592858402,0.2017754341713614,0.0703340574973286,0.06783803601961
ai2d,mqt,500,500,False,45,Naive Confidence (NC),26.92474775016308,27.15036953985691,0.7457631386769408,0.2887215547447141,0.2692474775016308,0.2715036953985691
ai2d,mqt,500,500,False,45,Temperature Scaling (TS),12.931904247461596,12.826271060171608,0.7457631386769408,0.2194218977333104,0.1293190424746159,0.128262710601716
ai2d,mqt,500,500,False,45,Platt Scaling (1D),8.17797178100332,4.407490063166574,0.7457631386769408,0.2015884836440934,0.0817797178100332,0.0440749006316657
ai2d,mqt,500,500,False,45,Trajectory Platt (5D),5.880328755825758,5.087192084640265,0.7400468384074941,0.2038560504560893,0.0588032875582575,0.0508719208464026
ai2d,mqt,500,500,False,45,VCPS-5D (Our Method),6.178120743398441,6.20718508023992,0.7459897761325577,0.2010877799034765,0.0617812074339844,0.0620718508023992
ai2d,mqt,500,500,False,46,Naive Confidence (NC),26.92474775016308,27.15036953985691,0.7457631386769408,0.2887215547447141,0.2692474775016308,0.2715036953985691
ai2d,mqt,500,500,False,46,Temperature Scaling (TS),12.900553421554168,12.51856989857898,0.7457631386769408,0.21938002081411,0.1290055342155416,0.1251856989857898
ai2d,mqt,500,500,False,46,Platt Scaling (1D),8.071663034896085,5.351165731606452,0.7457631386769408,0.2011162024990491,0.0807166303489608,0.0535116573160645
ai2d,mqt,500,500,False,46,Trajectory Platt (5D),6.640912003815175,5.92264147847891,0.7366472765732416,0.203886384990176,0.0664091200381517,0.0592264147847891
ai2d,mqt,500,500,False,46,VCPS-5D (Our Method),7.058774686784694,5.050867564427088,0.7453602276447333,0.2008479596273993,0.0705877468678469,0.0505086756442708
ai2d,mqt,1000,1000,False,42,Naive Confidence (NC),26.92474775016308,27.15036953985691,0.7457631386769408,0.2887215547447141,0.2692474775016308,0.2715036953985691
ai2d,mqt,1000,1000,False,42,Temperature Scaling (TS),12.995129406389696,13.270891194862331,0.7457631386769408,0.2195205801241208,0.1299512940638969,0.1327089119486233
ai2d,mqt,1000,1000,False,42,Platt Scaling (1D),8.099334159921225,4.9487501518601285,0.7457631386769408,0.2011668438935056,0.0809933415992122,0.0494875015186012
ai2d,mqt,1000,1000,False,42,Trajectory Platt (5D),6.7782983258366585,8.41471103578806,0.7404497494397019,0.2025360271384143,0.0677829832583665,0.0841471103578805
ai2d,mqt,1000,1000,False,42,VCPS-5D (Our Method),6.92789767535757,6.477386356388121,0.7452594998866813,0.2008431182146991,0.0692789767535757,0.0647738635638812
ai2d,mqt,1000,1000,False,43,Naive Confidence (NC),26.92474775016308,27.15036953985691,0.7457631386769408,0.2887215547447141,0.2692474775016308,0.2715036953985691
ai2d,mqt,1000,1000,False,43,Temperature Scaling (TS),13.035993515414196,13.744708378222354,0.7457631386769408,0.2195940953041864,0.1303599351541419,0.1374470837822235
ai2d,mqt,1000,1000,False,43,Platt Scaling (1D),8.195450654697376,4.698325542326391,0.7457631386769408,0.2015318213750561,0.0819545065469737,0.0469832554232639
ai2d,mqt,1000,1000,False,43,Trajectory Platt (5D),6.594525672495366,6.4517733231186885,0.740298657802624,0.2031534351900019,0.0659452567249536,0.0645177332311868
ai2d,mqt,1000,1000,False,43,VCPS-5D (Our Method),7.22512379800224,6.161020597534406,0.7460401400115837,0.2012197090092338,0.0722512379800224,0.061610205975344
ai2d,mqt,1000,1000,False,44,Naive Confidence (NC),26.92474775016308,27.15036953985691,0.7457631386769408,0.2887215547447141,0.2692474775016308,0.2715036953985691
ai2d,mqt,1000,1000,False,44,Temperature Scaling (TS),13.09021318209102,13.645523141282878,0.7457631386769408,0.2197029130598954,0.1309021318209102,0.1364552314128287
ai2d,mqt,1000,1000,False,44,Platt Scaling (1D),8.262279897194983,6.014327171573101,0.7457631386769408,0.2015763369508562,0.0826227989719498,0.060143271715731
ai2d,mqt,1000,1000,False,44,Trajectory Platt (5D),7.2008920162916175,7.632112711668014,0.7421117574475586,0.2023226072495627,0.0720089201629161,0.0763211271166801
ai2d,mqt,1000,1000,False,44,VCPS-5D (Our Method),7.661561922742351,7.126184917335126,0.7452594998866813,0.2012963192146631,0.0766156192274235,0.0712618491733512
ai2d,mqt,1000,1000,False,45,Naive Confidence (NC),26.92474775016308,27.15036953985691,0.7457631386769408,0.2887215547447141,0.2692474775016308,0.2715036953985691
ai2d,mqt,1000,1000,False,45,Temperature Scaling (TS),13.165651634221746,13.926293808964306,0.7457631386769408,0.2198747057440878,0.1316565163422174,0.139262938089643
ai2d,mqt,1000,1000,False,45,Platt Scaling (1D),8.348102561710398,6.354613205989606,0.7457631386769408,0.2017255072715109,0.0834810256171039,0.063546132059896
ai2d,mqt,1000,1000,False,45,Trajectory Platt (5D),7.653339564800266,6.241202339529992,0.742741305935383,0.2029048205135976,0.0765333956480026,0.0624120233952999
ai2d,mqt,1000,1000,False,45,VCPS-5D (Our Method),7.619983778496603,7.253644450327923,0.7460653219510966,0.2014444702881987,0.076199837784966,0.0725364445032792
ai2d,mqt,1000,1000,False,46,Naive Confidence (NC),26.92474775016308,27.15036953985691,0.7457631386769408,0.2887215547447141,0.2692474775016308,0.2715036953985691
ai2d,mqt,1000,1000,False,46,Temperature Scaling (TS),12.987619701611417,13.170142459304762,0.7457631386769408,0.2195078880835128,0.1298761970161141,0.1317014245930476
ai2d,mqt,1000,1000,False,46,Platt Scaling (1D),8.13153546874481,5.025672293016624,0.7457631386769408,0.201286862112956,0.081315354687448,0.0502567229301662
ai2d,mqt,1000,1000,False,46,Trajectory Platt (5D),6.757080007344486,8.811165917664766,0.7354133615371056,0.2035772084518968,0.0675708000734448,0.0881116591766476
ai2d,mqt,1000,1000,False,46,VCPS-5D (Our Method),7.413537416107116,5.52714083612281,0.7451335901891165,0.2009166487066234,0.0741353741610711,0.0552714083612281
ai2d,mqt,1500,1500,False,42,Naive Confidence (NC),26.92474775016308,27.15036953985691,0.7457631386769408,0.2887215547447141,0.2692474775016308,0.2715036953985691
ai2d,mqt,1500,1500,False,42,Temperature Scaling (TS),13.090605317343876,13.645560383314056,0.7457631386769408,0.2197037456511102,0.1309060531734387,0.1364556038331405
ai2d,mqt,1500,1500,False,42,Platt Scaling (1D),8.235446217565627,5.388784025221215,0.7457631386769408,0.2014083807307987,0.0823544621756562,0.0538878402522121
ai2d,mqt,1500,1500,False,42,Trajectory Platt (5D),6.961257547140121,6.770934209227562,0.7386618317342803,0.2033938298210394,0.0696125754714012,0.0677093420922756
ai2d,mqt,1500,1500,False,42,VCPS-5D (Our Method),6.573144260401505,7.267986650955464,0.7453854095842462,0.201164305901292,0.065731442604015,0.0726798665095546
ai2d,mqt,1500,1500,False,43,Naive Confidence (NC),26.92474775016308,27.15036953985691,0.7457631386769408,0.2887215547447141,0.2692474775016308,0.2715036953985691
ai2d,mqt,1500,1500,False,43,Temperature Scaling (TS),13.08926726842912,13.645433440764023,0.7457631386769408,0.2197009073264691,0.1308926726842912,0.1364543344076402
ai2d,mqt,1500,1500,False,43,Platt Scaling (1D),8.217581620563012,5.310828657524596,0.7457631386769408,0.2013957852043421,0.0821758162056301,0.0531082865752459
ai2d,mqt,1500,1500,False,43,Trajectory Platt (5D),7.83940926939249,6.310441650450231,0.7394172899196695,0.2035123366480437,0.0783940926939249,0.0631044165045023
ai2d,mqt,1500,1500,False,43,VCPS-5D (Our Method),6.33691351618626,6.780937952984875,0.745460955402785,0.2011956383058169,0.0633691351618626,0.0678093795298487
ai2d,mqt,1500,1500,False,44,Naive Confidence (NC),26.92474775016308,27.15036953985691,0.7457631386769408,0.2887215547447141,0.2692474775016308,0.2715036953985691
ai2d,mqt,1500,1500,False,44,Temperature Scaling (TS),13.102667484699577,13.180025014447745,0.7457631386769408,0.2197296701337968,0.1310266748469957,0.1318002501444774
ai2d,mqt,1500,1500,False,44,Platt Scaling (1D),8.251070880648165,5.570866197644352,0.7457631386769408,0.2014542697679648,0.0825107088064816,0.0557086619764435
ai2d,mqt,1500,1500,False,44,Trajectory Platt (5D),6.8366495557129365,6.753996942192318,0.7370753695449623,0.2037900999088199,0.0683664955571293,0.0675399694219231
ai2d,mqt,1500,1500,False,44,VCPS-5D (Our Method),7.09987428338629,7.750572594294391,0.7452091360076554,0.2012447298267854,0.0709987428338629,0.0775057259429439
ai2d,mqt,1500,1500,False,45,Naive Confidence (NC),26.92474775016308,27.15036953985691,0.7457631386769408,0.2887215547447141,0.2692474775016308,0.2715036953985691
ai2d,mqt,1500,1500,False,45,Temperature Scaling (TS),13.06938051377456,13.62284752354616,0.7457631386769408,0.2196596129326457,0.1306938051377456,0.1362284752354616
ai2d,mqt,1500,1500,False,45,Platt Scaling (1D),8.214351978809086,5.207849300885936,0.7457631386769408,0.2014222869784838,0.0821435197880908,0.0520784930088593
ai2d,mqt,1500,1500,False,45,Trajectory Platt (5D),6.068399809300902,6.73199739307165,0.7391402885850268,0.2033172865179803,0.060683998093009,0.0673199739307165
ai2d,mqt,1500,1500,False,45,VCPS-5D (Our Method),7.365515730052058,6.705496604405522,0.745511319281811,0.2012131327982411,0.0736551573005205,0.0670549660440552
ai2d,mqt,1500,1500,False,46,Naive Confidence (NC),26.92474775016308,27.15036953985691,0.7457631386769408,0.2887215547447141,0.2692474775016308,0.2715036953985691
ai2d,mqt,1500,1500,False,46,Temperature Scaling (TS),13.106358223815953,13.180411864067054,0.7457631386769408,0.2197377233080136,0.1310635822381595,0.1318041186406705
ai2d,mqt,1500,1500,False,46,Platt Scaling (1D),8.249155545008536,5.759747463320331,0.7457631386769408,0.2014975576099944,0.0824915554500853,0.0575974746332033
ai2d,mqt,1500,1500,False,46,Trajectory Platt (5D),6.726255714893342,6.606384366750719,0.7378308277303518,0.2037221109873445,0.0672625571489334,0.0660638436675071
ai2d,mqt,1500,1500,False,46,VCPS-5D (Our Method),6.978972347988107,6.3960302993910405,0.7454357734632722,0.2013121822186271,0.069789723479881,0.0639603029939104
ai2d,mqt,Full,1600,True,42,Naive Confidence (NC),26.92474775016308,27.15036953985691,0.7457631386769408,0.2887215547447141,0.2692474775016308,0.2715036953985691
ai2d,mqt,Full,1600,True,42,Temperature Scaling (TS),13.100700927720998,13.31315973165658,0.7457631386769408,0.219725402184345,0.1310070092772099,0.1331315973165658
ai2d,mqt,Full,1600,True,42,Platt Scaling (1D),8.253448921872183,5.916362760959007,0.7457631386769408,0.2014754714656139,0.0825344892187218,0.05916362760959
ai2d,mqt,Full,1600,True,42,Trajectory Platt (5D),6.530578933656214,6.269907556474208,0.7390647427664879,0.2035211557097283,0.0653057893365621,0.062699075564742
ai2d,mqt,Full,1600,True,42,VCPS-5D (Our Method),6.987195914630126,6.801665952638681,0.7456120470398631,0.2012714675003036,0.0698719591463012,0.0680166595263868
ai2d,mqt,Full,1600,True,43,Naive Confidence (NC),26.92474775016308,27.15036953985691,0.7457631386769408,0.2887215547447141,0.2692474775016308,0.2715036953985691
ai2d,mqt,Full,1600,True,43,Temperature Scaling (TS),13.100700927720998,13.31315973165658,0.7457631386769408,0.219725402184345,0.1310070092772099,0.1331315973165658
ai2d,mqt,Full,1600,True,43,Platt Scaling (1D),8.253448921872183,5.916362760959007,0.7457631386769408,0.2014754714656139,0.0825344892187218,0.05916362760959
ai2d,mqt,Full,1600,True,43,Trajectory Platt (5D),6.530578933656214,6.269907556474208,0.7390647427664879,0.2035211557097283,0.0653057893365621,0.062699075564742
ai2d,mqt,Full,1600,True,43,VCPS-5D (Our Method),6.987195914630126,6.801665952638681,0.7456120470398631,0.2012714675003036,0.0698719591463012,0.0680166595263868
ai2d,mqt,Full,1600,True,44,Naive Confidence (NC),26.92474775016308,27.15036953985691,0.7457631386769408,0.2887215547447141,0.2692474775016308,0.2715036953985691
ai2d,mqt,Full,1600,True,44,Temperature Scaling (TS),13.100700927720998,13.31315973165658,0.7457631386769408,0.219725402184345,0.1310070092772099,0.1331315973165658
ai2d,mqt,Full,1600,True,44,Platt Scaling (1D),8.253448921872183,5.916362760959007,0.7457631386769408,0.2014754714656139,0.0825344892187218,0.05916362760959
ai2d,mqt,Full,1600,True,44,Trajectory Platt (5D),6.530578933656214,6.269907556474208,0.7390647427664879,0.2035211557097283,0.0653057893365621,0.062699075564742
ai2d,mqt,Full,1600,True,44,VCPS-5D (Our Method),6.987195914630126,6.801665952638681,0.7456120470398631,0.2012714675003036,0.0698719591463012,0.0680166595263868
ai2d,mqt,Full,1600,True,45,Naive Confidence (NC),26.92474775016308,27.15036953985691,0.7457631386769408,0.2887215547447141,0.2692474775016308,0.2715036953985691
ai2d,mqt,Full,1600,True,45,Temperature Scaling (TS),13.100700927720998,13.31315973165658,0.7457631386769408,0.219725402184345,0.1310070092772099,0.1331315973165658
ai2d,mqt,Full,1600,True,45,Platt Scaling (1D),8.253448921872183,5.916362760959007,0.7457631386769408,0.2014754714656139,0.0825344892187218,0.05916362760959
ai2d,mqt,Full,1600,True,45,Trajectory Platt (5D),6.530578933656214,6.269907556474208,0.7390647427664879,0.2035211557097283,0.0653057893365621,0.062699075564742
ai2d,mqt,Full,1600,True,45,VCPS-5D (Our Method),6.987195914630126,6.801665952638681,0.7456120470398631,0.2012714675003036,0.0698719591463012,0.0680166595263868
ai2d,mqt,Full,1600,True,46,Naive Confidence (NC),26.92474775016308,27.15036953985691,0.7457631386769408,0.2887215547447141,0.2692474775016308,0.2715036953985691
ai2d,mqt,Full,1600,True,46,Temperature Scaling (TS),13.100700927720998,13.31315973165658,0.7457631386769408,0.219725402184345,0.1310070092772099,0.1331315973165658
ai2d,mqt,Full,1600,True,46,Platt Scaling (1D),8.253448921872183,5.916362760959007,0.7457631386769408,0.2014754714656139,0.0825344892187218,0.05916362760959
ai2d,mqt,Full,1600,True,46,Trajectory Platt (5D),6.530578933656214,6.269907556474208,0.7390647427664879,0.2035211557097283,0.0653057893365621,0.062699075564742
ai2d,mqt,Full,1600,True,46,VCPS-5D (Our Method),6.987195914630126,6.801665952638681,0.7456120470398631,0.2012714675003036,0.0698719591463012,0.0680166595263868
chartqa,mqt,50,50,False,42,Naive Confidence (NC),71.29543035104871,71.29543035104871,0.4914540500371562,0.6483113241601524,0.712954303510487,0.712954303510487
chartqa,mqt,50,50,False,42,Temperature Scaling (TS),44.88018805567559,44.88018805567558,0.4914540500371562,0.277858301717007,0.4488018805567559,0.4488018805567558
chartqa,mqt,50,50,False,42,Platt Scaling (1D),3.4957489659156966,0.2542236016609148,0.5085459499628436,0.0757132832562483,0.0349574896591569,0.0025422360166091
chartqa,mqt,50,50,False,42,Trajectory Platt (5D),3.3801272809505463,1.1764691397547726,0.5617207497316489,0.0754358131384606,0.0338012728095054,0.0117646913975477
chartqa,mqt,50,50,False,42,VCPS-5D (Our Method),3.564259099977342,0.243231521932097,0.5255552803236727,0.075592276989633,0.0356425909997734,0.0024323152193209
chartqa,mqt,50,50,False,43,Naive Confidence (NC),71.29543035104871,71.29543035104871,0.4914540500371562,0.6483113241601524,0.712954303510487,0.712954303510487
chartqa,mqt,50,50,False,43,Temperature Scaling (TS),44.88018805567559,44.88018805567558,0.4914540500371562,0.277858301717007,0.4488018805567559,0.4488018805567558
chartqa,mqt,50,50,False,43,Platt Scaling (1D),6.1320950895468425,3.78264911828105,0.5085459499628436,0.0792232449797699,0.0613209508954684,0.0378264911828105
chartqa,mqt,50,50,False,43,Trajectory Platt (5D),5.920655436464585,4.558142209076323,0.5755098670630006,0.0779167848806794,0.0592065543646458,0.0455814220907632
chartqa,mqt,50,50,False,43,VCPS-5D (Our Method),4.094656326921146,0.2626033785973459,0.5177111716621253,0.0755627526625602,0.0409465632692114,0.0026260337859734
chartqa,mqt,50,50,False,44,Naive Confidence (NC),71.29543035104871,71.29543035104871,0.4914540500371562,0.6483113241601524,0.712954303510487,0.712954303510487
chartqa,mqt,50,50,False,44,Temperature Scaling (TS),44.88018805567559,44.88018805567558,0.4914540500371562,0.277858301717007,0.4488018805567559,0.4488018805567558
chartqa,mqt,50,50,False,44,Platt Scaling (1D),5.108121659987506,3.06514067096389,0.5085459499628436,0.0772741849418816,0.051081216599875,0.0306514067096389
chartqa,mqt,50,50,False,44,Trajectory Platt (5D),7.342402324196884,7.48296124872286,0.5211790933861778,0.0860547198644069,0.0734240232419688,0.0748296124872286
chartqa,mqt,50,50,False,44,VCPS-5D (Our Method),4.566459575196394,1.051702347669732,0.5314177194286186,0.0756063620548734,0.0456645957519639,0.0105170234766973
chartqa,mqt,50,50,False,45,Naive Confidence (NC),71.29543035104871,71.29543035104871,0.4914540500371562,0.6483113241601524,0.712954303510487,0.712954303510487
chartqa,mqt,50,50,False,45,Temperature Scaling (TS),44.88018805567559,44.88018805567558,0.4914540500371562,0.277858301717007,0.4488018805567559,0.4488018805567558
chartqa,mqt,50,50,False,45,Platt Scaling (1D),6.596563215628301,4.987293710652192,0.5085459499628436,0.0802315701225302,0.065965632156283,0.0498729371065219
chartqa,mqt,50,50,False,45,Trajectory Platt (5D),4.767068335553632,3.05235123145394,0.5794732061762035,0.0777522028102235,0.0476706833555363,0.0305235123145393
chartqa,mqt,50,50,False,45,VCPS-5D (Our Method),2.8917361380149096,0.4267109716786666,0.5283626455288581,0.0755324374473822,0.028917361380149,0.0042671097167866
chartqa,mqt,50,50,False,46,Naive Confidence (NC),71.29543035104871,71.29543035104871,0.4914540500371562,0.6483113241601524,0.712954303510487,0.712954303510487
chartqa,mqt,50,50,False,46,Temperature Scaling (TS),44.88018805567559,44.88018805567558,0.4914540500371562,0.277858301717007,0.4488018805567559,0.4488018805567558
chartqa,mqt,50,50,False,46,Platt Scaling (1D),4.066252518418315,2.0878778516800622,0.5085459499628436,0.0760277131158552,0.0406625251841831,0.0208787785168006
chartqa,mqt,50,50,False,46,Trajectory Platt (5D),6.916249284055083,2.62680829828605,0.4921971761208819,0.0778226114205263,0.0691624928405508,0.0262680829828605
chartqa,mqt,50,50,False,46,VCPS-5D (Our Method),4.409083991757902,0.3197800472941458,0.5179588803567005,0.0756911002781464,0.044090839917579,0.0031978004729414
chartqa,mqt,100,100,False,42,Naive Confidence (NC),71.29543035104871,71.29543035104871,0.4914540500371562,0.6483113241601524,0.712954303510487,0.712954303510487
chartqa,mqt,100,100,False,42,Temperature Scaling (TS),44.88018805567559,44.88018805567558,0.4914540500371562,0.277858301717007,0.4488018805567559,0.4488018805567558
chartqa,mqt,100,100,False,42,Platt Scaling (1D),4.216714103509036,2.193565440816221,0.5085459499628436,0.0761877663370419,0.0421671410350903,0.0219356544081622
chartqa,mqt,100,100,False,42,Trajectory Platt (5D),5.974603867391124,4.484585231402889,0.5622987366856577,0.0785684468663822,0.0597460386739112,0.0448458523140288
chartqa,mqt,100,100,False,42,VCPS-5D (Our Method),3.584429828299094,0.2602554349951846,0.5811245974733713,0.0753342995598343,0.0358442982829909,0.0026025543499518
chartqa,mqt,100,100,False,43,Naive Confidence (NC),71.29543035104871,71.29543035104871,0.4914540500371562,0.6483113241601524,0.712954303510487,0.712954303510487
chartqa,mqt,100,100,False,43,Temperature Scaling (TS),44.88018805567559,44.88018805567558,0.4914540500371562,0.277858301717007,0.4488018805567559,0.4488018805567558
chartqa,mqt,100,100,False,43,Platt Scaling (1D),4.350868263357802,2.05968541390919,0.5085459499628436,0.0763996966699782,0.043508682633578,0.0205968541390919
chartqa,mqt,100,100,False,43,Trajectory Platt (5D),5.513246673042886,2.1465949368430306,0.6352076624556189,0.0775449799151246,0.0551324667304288,0.0214659493684303
chartqa,mqt,100,100,False,43,VCPS-5D (Our Method),3.1796072892882083,0.047541009464845,0.5762529931467261,0.0753420614553904,0.031796072892882,0.0004754100946484
chartqa,mqt,100,100,False,44,Naive Confidence (NC),71.29543035104871,71.29543035104871,0.4914540500371562,0.6483113241601524,0.712954303510487,0.712954303510487
chartqa,mqt,100,100,False,44,Temperature Scaling (TS),44.88018805567559,44.88018805567558,0.4914540500371562,0.277858301717007,0.4488018805567559,0.4488018805567558
chartqa,mqt,100,100,False,44,Platt Scaling (1D),5.866608123918717,4.140506507638589,0.5085459499628436,0.0785490521351275,0.0586660812391871,0.0414050650763858
chartqa,mqt,100,100,False,44,Trajectory Platt (5D),6.923843026510439,5.060812820098364,0.5203533977375939,0.0828378940507258,0.0692384302651043,0.0506081282009836
chartqa,mqt,100,100,False,44,VCPS-5D (Our Method),4.419329710130174,0.1622116984027185,0.5235736107670712,0.0756296663466117,0.0441932971013017,0.0016221169840271
chartqa,mqt,100,100,False,45,Naive Confidence (NC),71.29543035104871,71.29543035104871,0.4914540500371562,0.6483113241601524,0.712954303510487,0.712954303510487
chartqa,mqt,100,100,False,45,Temperature Scaling (TS),44.88018805567559,44.88018805567558,0.4914540500371562,0.277858301717007,0.4488018805567559,0.4488018805567558
chartqa,mqt,100,100,False,45,Platt Scaling (1D),6.314134184246606,4.327732005784534,0.5085459499628436,0.0796187647076844,0.063141341842466,0.0432773200578453
chartqa,mqt,100,100,False,45,Trajectory Platt (5D),5.203397712495643,5.201519378286319,0.5324911237717778,0.0796085540759699,0.0520339771249564,0.0520151937828631
chartqa,mqt,100,100,False,45,VCPS-5D (Our Method),3.3880859729783213,0.3265543178555691,0.4840227891999009,0.075727683830966,0.0338808597297832,0.0032655431785556
chartqa,mqt,100,100,False,46,Naive Confidence (NC),71.29543035104871,71.29543035104871,0.4914540500371562,0.6483113241601524,0.712954303510487,0.712954303510487
chartqa,mqt,100,100,False,46,Temperature Scaling (TS),44.88018805567559,44.88018805567558,0.4914540500371562,0.277858301717007,0.4488018805567559,0.4488018805567558
chartqa,mqt,100,100,False,46,Platt Scaling (1D),4.2011357680664325,2.5206338230810146,0.5085459499628436,0.0761593943046609,0.0420113576806643,0.0252063382308101
chartqa,mqt,100,100,False,46,Trajectory Platt (5D),5.678204209543765,2.4446615772321816,0.5232433325076377,0.0771136892603654,0.0567820420954376,0.0244466157723218
chartqa,mqt,100,100,False,46,VCPS-5D (Our Method),5.052889266213716,0.6259227989572567,0.539261828090166,0.0756050208715229,0.0505288926621371,0.0062592279895725
chartqa,mqt,200,200,False,42,Naive Confidence (NC),71.29543035104871,71.29543035104871,0.4914540500371562,0.6483113241601524,0.712954303510487,0.712954303510487
chartqa,mqt,200,200,False,42,Temperature Scaling (TS),44.88018805567559,44.88018805567558,0.4914540500371562,0.277858301717007,0.4488018805567559,0.4488018805567558
chartqa,mqt,200,200,False,42,Platt Scaling (1D),4.989926450749904,2.710010949030248,0.5085459499628436,0.0770663484152407,0.049899264507499,0.0271001094903024
chartqa,mqt,200,200,False,42,Trajectory Platt (5D),7.887988706934265,6.389061987749301,0.5523078193377922,0.0827667947161763,0.0788798870693426,0.063890619877493
chartqa,mqt,200,200,False,42,VCPS-5D (Our Method),4.361825223935293,0.1814049888281263,0.583353975724548,0.0753827017829448,0.0436182522393529,0.0018140498882812
chartqa,mqt,200,200,False,43,Naive Confidence (NC),71.29543035104871,71.29543035104871,0.4914540500371562,0.6483113241601524,0.712954303510487,0.712954303510487
chartqa,mqt,200,200,False,43,Temperature Scaling (TS),44.88018805567559,44.88018805567558,0.4914540500371562,0.277858301717007,0.4488018805567559,0.4488018805567558
chartqa,mqt,200,200,False,43,Platt Scaling (1D),5.261397268549961,2.4618448212372206,0.5085459499628436,0.0774081464371682,0.0526139726854996,0.0246184482123722
chartqa,mqt,200,200,False,43,Trajectory Platt (5D),5.158979585627094,2.849526483798399,0.5847576583271407,0.078008226054997,0.0515897958562709,0.0284952648379839
chartqa,mqt,200,200,False,43,VCPS-5D (Our Method),3.9614996753307983,0.124911186581261,0.5642804062422591,0.0754240085581463,0.0396149967533079,0.0012491118658126
chartqa,mqt,200,200,False,44,Naive Confidence (NC),71.29543035104871,71.29543035104871,0.4914540500371562,0.6483113241601524,0.712954303510487,0.712954303510487
chartqa,mqt,200,200,False,44,Temperature Scaling (TS),44.88018805567559,44.88018805567558,0.4914540500371562,0.277858301717007,0.4488018805567559,0.4488018805567558
chartqa,mqt,200,200,False,44,Platt Scaling (1D),4.867542258985212,2.435049099549993,0.5085459499628436,0.0768743694473327,0.0486754225898521,0.0243504909954999
chartqa,mqt,200,200,False,44,Trajectory Platt (5D),5.040242224233225,4.6802910782862455,0.5299314672611676,0.0797438307274265,0.0504024222423322,0.0468029107828624
chartqa,mqt,200,200,False,44,VCPS-5D (Our Method),3.631191974883023,0.3152763888086222,0.5262984064073982,0.0756102319973009,0.0363119197488302,0.0031527638880862
chartqa,mqt,200,200,False,45,Naive Confidence (NC),71.29543035104871,71.29543035104871,0.4914540500371562,0.6483113241601524,0.712954303510487,0.712954303510487
chartqa,mqt,200,200,False,45,Temperature Scaling (TS),44.88018805567559,44.88018805567558,0.4914540500371562,0.277858301717007,0.4488018805567559,0.4488018805567558
chartqa,mqt,200,200,False,45,Platt Scaling (1D),5.022970771636177,2.8266623816059577,0.5085459499628436,0.0771310891487202,0.0502297077163617,0.0282666238160595
chartqa,mqt,200,200,False,45,Trajectory Platt (5D),6.10038184421137,3.235436031129212,0.5239038890265049,0.0783800035608979,0.0610038184421136,0.0323543603112921
chartqa,mqt,200,200,False,45,VCPS-5D (Our Method),4.657642376797355,0.1493874172760876,0.523738749896788,0.0756132381438105,0.0465764237679735,0.0014938741727608
chartqa,mqt,200,200,False,46,Naive Confidence (NC),71.29543035104871,71.29543035104871,0.4914540500371562,0.6483113241601524,0.712954303510487,0.712954303510487
chartqa,mqt,200,200,False,46,Temperature Scaling (TS),44.88018805567559,44.88018805567558,0.4914540500371562,0.277858301717007,0.4488018805567559,0.4488018805567558
chartqa,mqt,200,200,False,46,Platt Scaling (1D),4.242603400884669,2.253731257224744,0.5085459499628436,0.0762107923842801,0.0424260340088466,0.0225373125722474
chartqa,mqt,200,200,False,46,Trajectory Platt (5D),3.2681350409984584,2.391484599560499,0.563619849723392,0.0763648327629166,0.0326813504099845,0.0239148459956049
chartqa,mqt,200,200,False,46,VCPS-5D (Our Method),4.112614932022063,0.6808701552989311,0.5596565106101891,0.0754783775520611,0.0411261493202206,0.0068087015529893
chartqa,mqt,500,500,False,42,Naive Confidence (NC),71.29543035104871,71.29543035104871,0.4914540500371562,0.6483113241601524,0.712954303510487,0.712954303510487
chartqa,mqt,500,500,False,42,Temperature Scaling (TS),44.88018805567559,44.88018805567558,0.4914540500371562,0.277858301717007,0.4488018805567559,0.4488018805567558
chartqa,mqt,500,500,False,42,Platt Scaling (1D),4.266779701785106,2.2297665639773,0.5085459499628436,0.076241469854276,0.042667797017851,0.0222976656397729
chartqa,mqt,500,500,False,42,Trajectory Platt (5D),3.96485965140164,2.6992806792259216,0.5878953017917595,0.0770280688851191,0.0396485965140163,0.0269928067922592
chartqa,mqt,500,500,False,42,VCPS-5D (Our Method),4.283061317946842,0.1284921336389674,0.5684914540500371,0.0754088857147627,0.0428306131794684,0.0012849213363896
chartqa,mqt,500,500,False,43,Naive Confidence (NC),71.29543035104871,71.29543035104871,0.4914540500371562,0.6483113241601524,0.712954303510487,0.712954303510487
chartqa,mqt,500,500,False,43,Temperature Scaling (TS),44.88018805567559,44.88018805567558,0.4914540500371562,0.277858301717007,0.4488018805567559,0.4488018805567558
chartqa,mqt,500,500,False,43,Platt Scaling (1D),5.346924878780186,2.607701949436732,0.5085459499628436,0.0775125516220209,0.0534692487878018,0.0260770194943673
chartqa,mqt,500,500,False,43,Trajectory Platt (5D),6.5582543843193,3.703551400336437,0.5679134670960284,0.0787694989338159,0.065582543843193,0.0370355140033643
chartqa,mqt,500,500,False,43,VCPS-5D (Our Method),4.641694867827601,0.2355818996353826,0.5625464453802329,0.0754376670306578,0.046416948678276,0.0023558189963538
chartqa,mqt,500,500,False,44,Naive Confidence (NC),71.29543035104871,71.29543035104871,0.4914540500371562,0.6483113241601524,0.712954303510487,0.712954303510487
chartqa,mqt,500,500,False,44,Temperature Scaling (TS),44.88018805567559,44.88018805567558,0.4914540500371562,0.277858301717007,0.4488018805567559,0.4488018805567558
chartqa,mqt,500,500,False,44,Platt Scaling (1D),4.932948397856542,2.6274014005248074,0.5085459499628436,0.0769329013267384,0.0493294839785654,0.026274014005248
chartqa,mqt,500,500,False,44,Trajectory Platt (5D),4.834738717647269,2.3519480696413666,0.575592436627859,0.0769261691737424,0.0483473871764726,0.0235194806964136
chartqa,mqt,500,500,False,44,VCPS-5D (Our Method),3.8414425299486425,0.1936068003398112,0.5499958715217571,0.0754926428399194,0.0384144252994864,0.0019360680033981
chartqa,mqt,500,500,False,45,Naive Confidence (NC),71.29543035104871,71.29543035104871,0.4914540500371562,0.6483113241601524,0.712954303510487,0.712954303510487
chartqa,mqt,500,500,False,45,Temperature Scaling (TS),44.88018805567559,44.88018805567558,0.4914540500371562,0.277858301717007,0.4488018805567559,0.4488018805567558
chartqa,mqt,500,500,False,45,Platt Scaling (1D),4.488927359190575,2.717992190118204,0.5085459499628436,0.0764529262256171,0.0448892735919057,0.027179921901182
chartqa,mqt,500,500,False,45,Trajectory Platt (5D),3.179272246779874,2.422270533861593,0.6008587234745272,0.0768976703021033,0.0317927224677987,0.0242227053386159
chartqa,mqt,500,500,False,45,VCPS-5D (Our Method),3.11347729857214,0.035858357999244,0.5499958715217571,0.0754727959692364,0.0311347729857214,0.0003585835799924
chartqa,mqt,500,500,False,46,Naive Confidence (NC),71.29543035104871,71.29543035104871,0.4914540500371562,0.6483113241601524,0.712954303510487,0.712954303510487
chartqa,mqt,500,500,False,46,Temperature Scaling (TS),44.88018805567559,44.88018805567558,0.4914540500371562,0.277858301717007,0.4488018805567559,0.4488018805567558
chartqa,mqt,500,500,False,46,Platt Scaling (1D),4.209136588362355,2.6723730096836777,0.5085459499628436,0.0761561076157387,0.0420913658836235,0.0267237300968367
chartqa,mqt,500,500,False,46,Trajectory Platt (5D),3.5017375252209604,2.268778416793794,0.5730327801172488,0.0761575708936577,0.0350173752522096,0.0226877841679379
chartqa,mqt,500,500,False,46,VCPS-5D (Our Method),3.690681338628943,0.2697471663882974,0.544298571546528,0.0755164436941084,0.0369068133862894,0.0026974716638829
chartqa,mqt,1000,1000,False,42,Naive Confidence (NC),71.29543035104871,71.29543035104871,0.4914540500371562,0.6483113241601524,0.712954303510487,0.712954303510487
chartqa,mqt,1000,1000,False,42,Temperature Scaling (TS),44.88018805567559,44.88018805567558,0.4914540500371562,0.277858301717007,0.4488018805567559,0.4488018805567558
chartqa,mqt,1000,1000,False,42,Platt Scaling (1D),4.27198981806083,2.754366678611924,0.5085459499628436,0.076265504759043,0.0427198981806083,0.0275436667861192
chartqa,mqt,1000,1000,False,42,Trajectory Platt (5D),4.704806918976829,2.285679214401171,0.5921063495995376,0.0769274596688335,0.0470480691897682,0.0228567921440117
chartqa,mqt,1000,1000,False,42,VCPS-5D (Our Method),5.056087300754586,0.5338908191747819,0.5675006192717365,0.0754242069248162,0.0505608730075458,0.0053389081917478
chartqa,mqt,1000,1000,False,43,Naive Confidence (NC),71.29543035104871,71.29543035104871,0.4914540500371562,0.6483113241601524,0.712954303510487,0.712954303510487
chartqa,mqt,1000,1000,False,43,Temperature Scaling (TS),44.88018805567559,44.88018805567558,0.4914540500371562,0.277858301717007,0.4488018805567559,0.4488018805567558
chartqa,mqt,1000,1000,False,43,Platt Scaling (1D),4.638677027107758,2.8198158593814453,0.5085459499628436,0.0765864031588012,0.0463867702710775,0.0281981585938144
chartqa,mqt,1000,1000,False,43,Trajectory Platt (5D),4.534748569596559,2.273660544771701,0.5858310626702997,0.0766548912830328,0.0453474856959655,0.022736605447717
chartqa,mqt,1000,1000,False,43,VCPS-5D (Our Method),4.62088826843517,0.1262239276134225,0.5526380975972257,0.0754767280398277,0.0462088826843517,0.0012622392761342
chartqa,mqt,1000,1000,False,44,Naive Confidence (NC),71.29543035104871,71.29543035104871,0.4914540500371562,0.6483113241601524,0.712954303510487,0.712954303510487
chartqa,mqt,1000,1000,False,44,Temperature Scaling (TS),44.88018805567559,44.88018805567558,0.4914540500371562,0.277858301717007,0.4488018805567559,0.4488018805567558
chartqa,mqt,1000,1000,False,44,Platt Scaling (1D),4.1347915925604966,2.4455529159373133,0.5085459499628436,0.0761003375966295,0.0413479159256049,0.0244555291593731
chartqa,mqt,1000,1000,False,44,Trajectory Platt (5D),4.040322361979634,2.3393163983710106,0.6257121624969036,0.0759990506543702,0.0404032236197963,0.0233931639837101
chartqa,mqt,1000,1000,False,44,VCPS-5D (Our Method),5.120099664764724,0.1135866927524922,0.5586656758318883,0.0754400106883345,0.0512009966476472,0.0011358669275249
chartqa,mqt,1000,1000,False,45,Naive Confidence (NC),71.29543035104871,71.29543035104871,0.4914540500371562,0.6483113241601524,0.712954303510487,0.712954303510487
chartqa,mqt,1000,1000,False,45,Temperature Scaling (TS),44.88018805567559,44.88018805567558,0.4914540500371562,0.277858301717007,0.4488018805567559,0.4488018805567558
chartqa,mqt,1000,1000,False,45,Platt Scaling (1D),4.1885330123832585,2.174753841984991,0.5085459499628436,0.0761562102867351,0.0418853301238325,0.0217475384198499
chartqa,mqt,1000,1000,False,45,Trajectory Platt (5D),3.1208506999537344,2.480629830621183,0.5997853191313681,0.07643916397125,0.0312085069995373,0.0248062983062118
chartqa,mqt,1000,1000,False,45,VCPS-5D (Our Method),4.622672374595008,0.1089467259036119,0.5551151845429775,0.0754608248543842,0.04622672374595,0.0010894672590361
chartqa,mqt,1000,1000,False,46,Naive Confidence (NC),71.29543035104871,71.29543035104871,0.4914540500371562,0.6483113241601524,0.712954303510487,0.712954303510487
chartqa,mqt,1000,1000,False,46,Temperature Scaling (TS),44.88018805567559,44.88018805567558,0.4914540500371562,0.277858301717007,0.4488018805567559,0.4488018805567558
chartqa,mqt,1000,1000,False,46,Platt Scaling (1D),4.069663541039521,2.3742488969942306,0.5085459499628436,0.076036442187244,0.0406966354103952,0.0237424889699423
chartqa,mqt,1000,1000,False,46,Trajectory Platt (5D),4.053480237722398,1.585876261815429,0.6135744364627198,0.0756229253935834,0.0405348023772239,0.0158587626181542
chartqa,mqt,1000,1000,False,46,VCPS-5D (Our Method),3.227353217498499,0.5584706325262279,0.5559408801915614,0.0754742394233181,0.0322735321749849,0.0055847063252622
chartqa,mqt,1500,1500,False,42,Naive Confidence (NC),71.29543035104871,71.29543035104871,0.4914540500371562,0.6483113241601524,0.712954303510487,0.712954303510487
chartqa,mqt,1500,1500,False,42,Temperature Scaling (TS),44.88018805567559,44.88018805567558,0.4914540500371562,0.277858301717007,0.4488018805567559,0.4488018805567558
chartqa,mqt,1500,1500,False,42,Platt Scaling (1D),4.251390046562826,2.1940799866124143,0.5085459499628436,0.0762271983982455,0.0425139004656282,0.0219407998661241
chartqa,mqt,1500,1500,False,42,Trajectory Platt (5D),4.209354653721675,2.278468893608079,0.5976385104450499,0.0767687100588696,0.0420935465372167,0.0227846889360807
chartqa,mqt,1500,1500,False,42,VCPS-5D (Our Method),4.085406409112665,0.0668292598915037,0.5633721410288167,0.0754304334800792,0.0408540640911266,0.000668292598915
chartqa,mqt,1500,1500,False,43,Naive Confidence (NC),71.29543035104871,71.29543035104871,0.4914540500371562,0.6483113241601524,0.712954303510487,0.712954303510487
chartqa,mqt,1500,1500,False,43,Temperature Scaling (TS),44.88018805567559,44.88018805567558,0.4914540500371562,0.277858301717007,0.4488018805567559,0.4488018805567558
chartqa,mqt,1500,1500,False,43,Platt Scaling (1D),4.23007831496101,2.1853501359266767,0.5085459499628436,0.0762031598235853,0.0423007831496101,0.0218535013592667
chartqa,mqt,1500,1500,False,43,Trajectory Platt (5D),4.907149550039322,2.39033510396257,0.6019321278176865,0.0762066636991354,0.0490714955003932,0.0239033510396257
chartqa,mqt,1500,1500,False,43,VCPS-5D (Our Method),3.610892632046546,0.4046516094729074,0.5580051193130212,0.0754597803231106,0.0361089263204654,0.004046516094729
chartqa,mqt,1500,1500,False,44,Naive Confidence (NC),71.29543035104871,71.29543035104871,0.4914540500371562,0.6483113241601524,0.712954303510487,0.712954303510487
chartqa,mqt,1500,1500,False,44,Temperature Scaling (TS),44.88018805567559,44.88018805567558,0.4914540500371562,0.277858301717007,0.4488018805567559,0.4488018805567558
chartqa,mqt,1500,1500,False,44,Platt Scaling (1D),4.186360500421458,2.1690642064054777,0.5085459499628436,0.0761547916154203,0.0418636050042145,0.0216906420640547
chartqa,mqt,1500,1500,False,44,Trajectory Platt (5D),4.2951517375186095,2.051287182606756,0.6068863017091899,0.0760861863560592,0.042951517375186,0.0205128718260675
chartqa,mqt,1500,1500,False,44,VCPS-5D (Our Method),3.611882974387344,0.3994099872520584,0.5580876888778795,0.0754584353776437,0.0361188297438734,0.0039940998725205
chartqa,mqt,1500,1500,False,45,Naive Confidence (NC),71.29543035104871,71.29543035104871,0.4914540500371562,0.6483113241601524,0.712954303510487,0.712954303510487
chartqa,mqt,1500,1500,False,45,Temperature Scaling (TS),44.88018805567559,44.88018805567558,0.4914540500371562,0.277858301717007,0.4488018805567559,0.4488018805567558
chartqa,mqt,1500,1500,False,45,Platt Scaling (1D),4.368975861902219,2.8906984715445803,0.5085459499628436,0.07633099055358,0.0436897586190221,0.0289069847154458
chartqa,mqt,1500,1500,False,45,Trajectory Platt (5D),4.058382105082274,2.035700207576156,0.5978036495747667,0.0766650074006853,0.0405838210508227,0.0203570020757615
chartqa,mqt,1500,1500,False,45,VCPS-5D (Our Method),3.5132600889810432,0.4377799692371302,0.5599042193047643,0.0754472495884927,0.0351326008898104,0.0043777996923713
chartqa,mqt,1500,1500,False,46,Naive Confidence (NC),71.29543035104871,71.29543035104871,0.4914540500371562,0.6483113241601524,0.712954303510487,0.712954303510487
chartqa,mqt,1500,1500,False,46,Temperature Scaling (TS),44.88018805567559,44.88018805567558,0.4914540500371562,0.277858301717007,0.4488018805567559,0.4488018805567558
chartqa,mqt,1500,1500,False,46,Platt Scaling (1D),4.321849771571238,3.097079087798857,0.5085459499628436,0.0762889147061164,0.0432184977157123,0.0309707908779885
chartqa,mqt,1500,1500,False,46,Trajectory Platt (5D),3.972352250013501,1.999337770510465,0.597225662620758,0.0764061835989368,0.039723522500135,0.0199933777051046
chartqa,mqt,1500,1500,False,46,VCPS-5D (Our Method),3.610899689382708,0.4119608652895733,0.5573445627941541,0.075461885159885,0.036108996893827,0.0041196086528957
chartqa,mqt,Full,1600,True,42,Naive Confidence (NC),71.29543035104871,71.29543035104871,0.4914540500371562,0.6483113241601524,0.712954303510487,0.712954303510487
chartqa,mqt,Full,1600,True,42,Temperature Scaling (TS),44.88018805567559,44.88018805567558,0.4914540500371562,0.277858301717007,0.4488018805567559,0.4488018805567558
chartqa,mqt,Full,1600,True,42,Platt Scaling (1D),4.266765259595795,3.055728192132261,0.5085459499628436,0.0762469089941342,0.0426676525959579,0.0305572819213226
chartqa,mqt,Full,1600,True,42,Trajectory Platt (5D),3.9206717377528553,2.435783005319536,0.6031706712905622,0.0764569994520691,0.0392067173775285,0.0243578300531953
chartqa,mqt,Full,1600,True,42,VCPS-5D (Our Method),3.6098523556379214,0.4453509962171587,0.5585831062670299,0.0754539812480615,0.0360985235563792,0.0044535099621715
chartqa,mqt,Full,1600,True,43,Naive Confidence (NC),71.29543035104871,71.29543035104871,0.4914540500371562,0.6483113241601524,0.712954303510487,0.712954303510487
chartqa,mqt,Full,1600,True,43,Temperature Scaling (TS),44.88018805567559,44.88018805567558,0.4914540500371562,0.277858301717007,0.4488018805567559,0.4488018805567558
chartqa,mqt,Full,1600,True,43,Platt Scaling (1D),4.266765259595795,3.055728192132261,0.5085459499628436,0.0762469089941342,0.0426676525959579,0.0305572819213226
chartqa,mqt,Full,1600,True,43,Trajectory Platt (5D),3.9206717377528553,2.435783005319536,0.6031706712905622,0.0764569994520691,0.0392067173775285,0.0243578300531953
chartqa,mqt,Full,1600,True,43,VCPS-5D (Our Method),3.6098523556379214,0.4453509962171587,0.5585831062670299,0.0754539812480615,0.0360985235563792,0.0044535099621715
chartqa,mqt,Full,1600,True,44,Naive Confidence (NC),71.29543035104871,71.29543035104871,0.4914540500371562,0.6483113241601524,0.712954303510487,0.712954303510487
chartqa,mqt,Full,1600,True,44,Temperature Scaling (TS),44.88018805567559,44.88018805567558,0.4914540500371562,0.277858301717007,0.4488018805567559,0.4488018805567558
chartqa,mqt,Full,1600,True,44,Platt Scaling (1D),4.266765259595795,3.055728192132261,0.5085459499628436,0.0762469089941342,0.0426676525959579,0.0305572819213226
chartqa,mqt,Full,1600,True,44,Trajectory Platt (5D),3.9206717377528553,2.435783005319536,0.6031706712905622,0.0764569994520691,0.0392067173775285,0.0243578300531953
chartqa,mqt,Full,1600,True,44,VCPS-5D (Our Method),3.6098523556379214,0.4453509962171587,0.5585831062670299,0.0754539812480615,0.0360985235563792,0.0044535099621715
chartqa,mqt,Full,1600,True,45,Naive Confidence (NC),71.29543035104871,71.29543035104871,0.4914540500371562,0.6483113241601524,0.712954303510487,0.712954303510487
chartqa,mqt,Full,1600,True,45,Temperature Scaling (TS),44.88018805567559,44.88018805567558,0.4914540500371562,0.277858301717007,0.4488018805567559,0.4488018805567558
chartqa,mqt,Full,1600,True,45,Platt Scaling (1D),4.266765259595795,3.055728192132261,0.5085459499628436,0.0762469089941342,0.0426676525959579,0.0305572819213226
chartqa,mqt,Full,1600,True,45,Trajectory Platt (5D),3.9206717377528553,2.435783005319536,0.6031706712905622,0.0764569994520691,0.0392067173775285,0.0243578300531953
chartqa,mqt,Full,1600,True,45,VCPS-5D (Our Method),3.6098523556379214,0.4453509962171587,0.5585831062670299,0.0754539812480615,0.0360985235563792,0.0044535099621715
chartqa,mqt,Full,1600,True,46,Naive Confidence (NC),71.29543035104871,71.29543035104871,0.4914540500371562,0.6483113241601524,0.712954303510487,0.712954303510487
chartqa,mqt,Full,1600,True,46,Temperature Scaling (TS),44.88018805567559,44.88018805567558,0.4914540500371562,0.277858301717007,0.4488018805567559,0.4488018805567558
chartqa,mqt,Full,1600,True,46,Platt Scaling (1D),4.266765259595795,3.055728192132261,0.5085459499628436,0.0762469089941342,0.0426676525959579,0.0305572819213226
chartqa,mqt,Full,1600,True,46,Trajectory Platt (5D),3.9206717377528553,2.435783005319536,0.6031706712905622,0.0764569994520691,0.0392067173775285,0.0243578300531953
chartqa,mqt,Full,1600,True,46,VCPS-5D (Our Method),3.6098523556379214,0.4453509962171587,0.5585831062670299,0.0754539812480615,0.0360985235563792,0.0044535099621715
docvqa,mqt,50,50,False,42,Naive Confidence (NC),53.30467198230328,53.30467198230326,0.5170562770562771,0.4162047410797846,0.5330467198230328,0.5330467198230326
docvqa,mqt,50,50,False,42,Temperature Scaling (TS),47.0664684453561,47.0664684453561,0.5170562770562771,0.2583715820431527,0.470664684453561,0.470664684453561
docvqa,mqt,50,50,False,42,Platt Scaling (1D),3.2762167473773336,0.3415510632234428,0.482943722943723,0.0362403031103631,0.0327621674737733,0.0034155106322344
docvqa,mqt,50,50,False,42,Trajectory Platt (5D),5.42658084553841,4.034044483138133,0.5127272727272727,0.0427245984098081,0.0542658084553841,0.0403404448313813
docvqa,mqt,50,50,False,42,VCPS-5D (Our Method),3.1733094226550524,0.1716752313949299,0.4699567099567099,0.0361634901535087,0.0317330942265505,0.0017167523139492
docvqa,mqt,50,50,False,43,Naive Confidence (NC),53.30467198230328,53.30467198230326,0.5170562770562771,0.4162047410797846,0.5330467198230328,0.5330467198230326
docvqa,mqt,50,50,False,43,Temperature Scaling (TS),47.0664684453561,47.0664684453561,0.5170562770562771,0.2583715820431527,0.470664684453561,0.470664684453561
docvqa,mqt,50,50,False,43,Platt Scaling (1D),3.750130540656577,0.3007496626768979,0.5170562770562771,0.0362671014687147,0.0375013054065657,0.0030074966267689
docvqa,mqt,50,50,False,43,Trajectory Platt (5D),4.708100919815479,3.520130242890445,0.5634632034632034,0.0403887726575073,0.0470810091981547,0.0352013024289044
docvqa,mqt,50,50,False,43,VCPS-5D (Our Method),3.176126955848877,0.2705214314930411,0.5205194805194805,0.0362775717186038,0.0317612695584887,0.0027052143149304
docvqa,mqt,50,50,False,44,Naive Confidence (NC),53.30467198230328,53.30467198230326,0.5170562770562771,0.4162047410797846,0.5330467198230328,0.5330467198230326
docvqa,mqt,50,50,False,44,Temperature Scaling (TS),47.0664684453561,47.0664684453561,0.5170562770562771,0.2583715820431527,0.470664684453561,0.470664684453561
docvqa,mqt,50,50,False,44,Platt Scaling (1D),3.70606854180912,0.347286598403419,0.5170562770562771,0.0361663154686132,0.0370606854180912,0.0034728659840341
docvqa,mqt,50,50,False,44,Trajectory Platt (5D),3.775937730482838,3.198439408421109,0.5887445887445888,0.0396682233249451,0.0377593773048283,0.031984394084211
docvqa,mqt,50,50,False,44,VCPS-5D (Our Method),2.752378315301854,0.3136794912392279,0.5579220779220779,0.0361051406320503,0.0275237831530185,0.0031367949123922
docvqa,mqt,50,50,False,45,Naive Confidence (NC),53.30467198230328,53.30467198230326,0.5170562770562771,0.4162047410797846,0.5330467198230328,0.5330467198230326
docvqa,mqt,50,50,False,45,Temperature Scaling (TS),47.0664684453561,47.0664684453561,0.5170562770562771,0.2583715820431527,0.470664684453561,0.470664684453561
docvqa,mqt,50,50,False,45,Platt Scaling (1D),3.114969478401952,0.2339287673466361,0.482943722943723,0.0361240041235399,0.0311496947840195,0.0023392876734663
docvqa,mqt,50,50,False,45,Trajectory Platt (5D),4.691433342653909,4.446082599708461,0.4893506493506493,0.0424732857859417,0.046914333426539,0.0444608259970846
docvqa,mqt,50,50,False,45,VCPS-5D (Our Method),2.213329940324607,0.2321315883172678,0.4287445887445887,0.0361813743439666,0.022133299403246,0.0023213158831726
docvqa,mqt,50,50,False,46,Naive Confidence (NC),53.30467198230328,53.30467198230326,0.5170562770562771,0.4162047410797846,0.5330467198230328,0.5330467198230326
docvqa,mqt,50,50,False,46,Temperature Scaling (TS),47.0664684453561,47.0664684453561,0.5170562770562771,0.2583715820431527,0.470664684453561,0.470664684453561
docvqa,mqt,50,50,False,46,Platt Scaling (1D),3.9029491340750377,0.5450909812557072,0.5170562770562771,0.0363690243912473,0.0390294913407503,0.005450909812557
docvqa,mqt,50,50,False,46,Trajectory Platt (5D),4.892192488157889,3.677038250578336,0.4876190476190476,0.0413861302739596,0.0489219248815788,0.0367703825057833
docvqa,mqt,50,50,False,46,VCPS-5D (Our Method),3.835786623805208,0.805288366953772,0.518961038961039,0.0365780367633605,0.038357866238052,0.0080528836695377
docvqa,mqt,100,100,False,42,Naive Confidence (NC),53.30467198230328,53.30467198230326,0.5170562770562771,0.4162047410797846,0.5330467198230328,0.5330467198230326
docvqa,mqt,100,100,False,42,Temperature Scaling (TS),47.0664684453561,47.0664684453561,0.5170562770562771,0.2583715820431527,0.470664684453561,0.470664684453561
docvqa,mqt,100,100,False,42,Platt Scaling (1D),3.62431107346465,0.2423500709634131,0.5170562770562771,0.0361224490374664,0.0362431107346465,0.0024235007096341
docvqa,mqt,100,100,False,42,Trajectory Platt (5D),4.42914377519628,2.201630389492493,0.5631168831168831,0.0378523110062442,0.0442914377519628,0.0220163038949249
docvqa,mqt,100,100,False,42,VCPS-5D (Our Method),2.604250428307004,0.222449381820397,0.531948051948052,0.036122255552357,0.02604250428307,0.0022244938182039
docvqa,mqt,100,100,False,43,Naive Confidence (NC),53.30467198230328,53.30467198230326,0.5170562770562771,0.4162047410797846,0.5330467198230328,0.5330467198230326
docvqa,mqt,100,100,False,43,Temperature Scaling (TS),47.0664684453561,47.0664684453561,0.5170562770562771,0.2583715820431527,0.470664684453561,0.470664684453561
docvqa,mqt,100,100,False,43,Platt Scaling (1D),3.072338126739592,0.2329212995284699,0.482943722943723,0.0361026355649937,0.0307233812673959,0.0023292129952846
docvqa,mqt,100,100,False,43,Trajectory Platt (5D),3.6020792342023924,2.042960870894603,0.5994805194805195,0.0373819649346142,0.0360207923420239,0.020429608708946
docvqa,mqt,100,100,False,43,VCPS-5D (Our Method),3.016396059279649,0.2699178845525669,0.5527272727272727,0.0360969206675683,0.0301639605927964,0.0026991788455256
docvqa,mqt,100,100,False,44,Naive Confidence (NC),53.30467198230328,53.30467198230326,0.5170562770562771,0.4162047410797846,0.5330467198230328,0.5330467198230326
docvqa,mqt,100,100,False,44,Temperature Scaling (TS),47.0664684453561,47.0664684453561,0.5170562770562771,0.2583715820431527,0.470664684453561,0.470664684453561
docvqa,mqt,100,100,False,44,Platt Scaling (1D),3.817342621890514,0.409867084589063,0.5170562770562771,0.0363077234819906,0.0381734262189051,0.0040986708458906
docvqa,mqt,100,100,False,44,Trajectory Platt (5D),4.055540556291817,3.1401514981698715,0.5866666666666667,0.0391769817948507,0.0405554055629181,0.0314015149816987
docvqa,mqt,100,100,False,44,VCPS-5D (Our Method),2.216306084358957,0.4004194184461012,0.5414718614718614,0.0362702680727658,0.0221630608435895,0.004004194184461
docvqa,mqt,100,100,False,45,Naive Confidence (NC),53.30467198230328,53.30467198230326,0.5170562770562771,0.4162047410797846,0.5330467198230328,0.5330467198230326
docvqa,mqt,100,100,False,45,Temperature Scaling (TS),47.0664684453561,47.0664684453561,0.5170562770562771,0.2583715820431527,0.470664684453561,0.470664684453561
docvqa,mqt,100,100,False,45,Platt Scaling (1D),3.6403357407600616,0.2340071331293075,0.5170562770562771,0.0361428861961239,0.0364033574076006,0.002340071331293
docvqa,mqt,100,100,False,45,Trajectory Platt (5D),4.753363701198396,4.092915440185607,0.4793073593073593,0.0410761469180994,0.0475336370119839,0.040929154401856
docvqa,mqt,100,100,False,45,VCPS-5D (Our Method),2.732148185540702,0.1996039120020142,0.4663203463203463,0.036186130485087,0.027321481855407,0.0019960391200201
docvqa,mqt,100,100,False,46,Naive Confidence (NC),53.30467198230328,53.30467198230326,0.5170562770562771,0.4162047410797846,0.5330467198230328,0.5330467198230326
docvqa,mqt,100,100,False,46,Temperature Scaling (TS),47.0664684453561,47.0664684453561,0.5170562770562771,0.2583715820431527,0.470664684453561,0.470664684453561
docvqa,mqt,100,100,False,46,Platt Scaling (1D),3.083896820679624,0.2335460548294511,0.482943722943723,0.0361082225861804,0.0308389682067962,0.0023354605482945
docvqa,mqt,100,100,False,46,Trajectory Platt (5D),3.027007300639525,1.1059935789089652,0.5246753246753246,0.0369422827945622,0.0302700730063952,0.0110599357890896
docvqa,mqt,100,100,False,46,VCPS-5D (Our Method),3.671247030723166,0.2442720333973906,0.5021645021645023,0.0361342259754519,0.0367124703072316,0.0024427203339739
docvqa,mqt,200,200,False,42,Naive Confidence (NC),53.30467198230328,53.30467198230326,0.5170562770562771,0.4162047410797846,0.5330467198230328,0.5330467198230326
docvqa,mqt,200,200,False,42,Temperature Scaling (TS),47.0664684453561,47.0664684453561,0.5170562770562771,0.2583715820431527,0.470664684453561,0.470664684453561
docvqa,mqt,200,200,False,42,Platt Scaling (1D),3.635993602159221,0.264728403603378,0.5170562770562771,0.0361248685365816,0.0363599360215922,0.0026472840360337
docvqa,mqt,200,200,False,42,Trajectory Platt (5D),3.70919459790457,1.3425380625994876,0.4055411255411256,0.0370217849836536,0.0370919459790457,0.0134253806259948
docvqa,mqt,200,200,False,42,VCPS-5D (Our Method),4.079351806517345,0.2682332898175938,0.4796536796536796,0.0361526028218435,0.0407935180651734,0.0026823328981759
docvqa,mqt,200,200,False,43,Naive Confidence (NC),53.30467198230328,53.30467198230326,0.5170562770562771,0.4162047410797846,0.5330467198230328,0.5330467198230326
docvqa,mqt,200,200,False,43,Temperature Scaling (TS),47.0664684453561,47.0664684453561,0.5170562770562771,0.2583715820431527,0.470664684453561,0.470664684453561
docvqa,mqt,200,200,False,43,Platt Scaling (1D),3.093864262845883,0.2546692888572406,0.482943722943723,0.0360999157610806,0.0309386426284588,0.0025466928885724
docvqa,mqt,200,200,False,43,Trajectory Platt (5D),2.6525499434210364,1.1793833374977114,0.6110822510822511,0.0357105823721892,0.0265254994342103,0.0117938333749771
docvqa,mqt,200,200,False,43,VCPS-5D (Our Method),3.1348771121995287,0.2113110861160033,0.5546320346320346,0.0360945341152633,0.0313487711219952,0.00211311086116
docvqa,mqt,200,200,False,44,Naive Confidence (NC),53.30467198230328,53.30467198230326,0.5170562770562771,0.4162047410797846,0.5330467198230328,0.5330467198230326
docvqa,mqt,200,200,False,44,Temperature Scaling (TS),47.0664684453561,47.0664684453561,0.5170562770562771,0.2583715820431527,0.470664684453561,0.470664684453561
docvqa,mqt,200,200,False,44,Platt Scaling (1D),3.6112420965439775,0.2594925325551278,0.5170562770562771,0.0361073125159513,0.0361124209654397,0.0025949253255512
docvqa,mqt,200,200,False,44,Trajectory Platt (5D),3.641289103019517,2.247728691494558,0.5806060606060606,0.0372881656777461,0.0364128910301951,0.0224772869149455
docvqa,mqt,200,200,False,44,VCPS-5D (Our Method),2.5428822738274857,0.2855060445127169,0.5395670995670996,0.0361117184873171,0.0254288227382748,0.0028550604451271
docvqa,mqt,200,200,False,45,Naive Confidence (NC),53.30467198230328,53.30467198230326,0.5170562770562771,0.4162047410797846,0.5330467198230328,0.5330467198230326
docvqa,mqt,200,200,False,45,Temperature Scaling (TS),47.0664684453561,47.0664684453561,0.5170562770562771,0.2583715820431527,0.470664684453561,0.470664684453561
docvqa,mqt,200,200,False,45,Platt Scaling (1D),3.667676248883437,0.2437275306649742,0.5170562770562771,0.0361727013310091,0.0366767624888343,0.0024372753066497
docvqa,mqt,200,200,False,45,Trajectory Platt (5D),5.069392466437421,3.142251278724871,0.4393073593073593,0.0393449812465351,0.0506939246643742,0.0314225127872487
docvqa,mqt,200,200,False,45,VCPS-5D (Our Method),3.692384287927089,0.2358683485010521,0.4796536796536796,0.036216400045468,0.0369238428792708,0.0023586834850105
docvqa,mqt,200,200,False,46,Naive Confidence (NC),53.30467198230328,53.30467198230326,0.5170562770562771,0.4162047410797846,0.5330467198230328,0.5330467198230326
docvqa,mqt,200,200,False,46,Temperature Scaling (TS),47.0664684453561,47.0664684453561,0.5170562770562771,0.2583715820431527,0.470664684453561,0.470664684453561
docvqa,mqt,200,200,False,46,Platt Scaling (1D),3.65389849392984,0.2748548542928136,0.5170562770562771,0.0361390065229859,0.0365389849392984,0.0027485485429281
docvqa,mqt,200,200,False,46,Trajectory Platt (5D),3.809282680769684,2.2745194981980608,0.5475324675324675,0.0376227975524697,0.0380928268076968,0.0227451949819806
docvqa,mqt,200,200,False,46,VCPS-5D (Our Method),4.076327724933269,0.2521924947493106,0.5158441558441558,0.0361323444556106,0.0407632772493326,0.0025219249474931
docvqa,mqt,500,500,False,42,Naive Confidence (NC),53.30467198230328,53.30467198230326,0.5170562770562771,0.4162047410797846,0.5330467198230328,0.5330467198230326
docvqa,mqt,500,500,False,42,Temperature Scaling (TS),47.0664684453561,47.0664684453561,0.5170562770562771,0.2583715820431527,0.470664684453561,0.470664684453561
docvqa,mqt,500,500,False,42,Platt Scaling (1D),3.499770622727669,0.0419344123830933,0.5170562770562771,0.0360951047522174,0.0349977062272766,0.0004193441238309
docvqa,mqt,500,500,False,42,Trajectory Platt (5D),2.846606903942302,0.2281326868105681,0.5317748917748917,0.0362624254447334,0.028466069039423,0.0022813268681056
docvqa,mqt,500,500,False,42,VCPS-5D (Our Method),3.0441531838392724,0.0511749750168502,0.5277922077922077,0.0361211509597106,0.0304415318383927,0.0005117497501685
docvqa,mqt,500,500,False,43,Naive Confidence (NC),53.30467198230328,53.30467198230326,0.5170562770562771,0.4162047410797846,0.5330467198230328,0.5330467198230326
docvqa,mqt,500,500,False,43,Temperature Scaling (TS),47.0664684453561,47.0664684453561,0.5170562770562771,0.2583715820431527,0.470664684453561,0.470664684453561
docvqa,mqt,500,500,False,43,Platt Scaling (1D),3.8190743885784526,0.6940164096670102,0.5170562770562771,0.0364373900895281,0.0381907438857845,0.0069401640966701
docvqa,mqt,500,500,False,43,Trajectory Platt (5D),2.77611761004664,0.7221068853978064,0.5911688311688311,0.0362750150722099,0.0277611761004663,0.007221068853978
docvqa,mqt,500,500,False,43,VCPS-5D (Our Method),2.957956240227463,0.7589346227620926,0.5307359307359307,0.0363997568266018,0.0295795624022746,0.0075893462276209
docvqa,mqt,500,500,False,44,Naive Confidence (NC),53.30467198230328,53.30467198230326,0.5170562770562771,0.4162047410797846,0.5330467198230328,0.5330467198230326
docvqa,mqt,500,500,False,44,Temperature Scaling (TS),47.0664684453561,47.0664684453561,0.5170562770562771,0.2583715820431527,0.470664684453561,0.470664684453561
docvqa,mqt,500,500,False,44,Platt Scaling (1D),3.597099241075948,0.0574801762199812,0.5170562770562771,0.0361655882260355,0.0359709924107594,0.0005748017621998
docvqa,mqt,500,500,False,44,Trajectory Platt (5D),2.846181291155517,0.3705408582463857,0.6034632034632035,0.0359193128088206,0.0284618129115551,0.0037054085824638
docvqa,mqt,500,500,False,44,VCPS-5D (Our Method),3.143952027348328,0.0516498785871261,0.5411255411255411,0.0361307935478449,0.0314395202734832,0.0005164987858712
docvqa,mqt,500,500,False,45,Naive Confidence (NC),53.30467198230328,53.30467198230326,0.5170562770562771,0.4162047410797846,0.5330467198230328,0.5330467198230326
docvqa,mqt,500,500,False,45,Temperature Scaling (TS),47.0664684453561,47.0664684453561,0.5170562770562771,0.2583715820431527,0.470664684453561,0.470664684453561
docvqa,mqt,500,500,False,45,Platt Scaling (1D),3.730983375075247,0.307185109517569,0.5170562770562771,0.0363240741315497,0.0373098337507524,0.0030718510951756
docvqa,mqt,500,500,False,45,Trajectory Platt (5D),3.395029762643389,1.921314183040522,0.5688311688311689,0.0369607635949104,0.0339502976264338,0.0192131418304052
docvqa,mqt,500,500,False,45,VCPS-5D (Our Method),2.8420293517709463,0.330519001236687,0.5257142857142857,0.0363062590164629,0.0284202935177094,0.0033051900123668
docvqa,mqt,500,500,False,46,Naive Confidence (NC),53.30467198230328,53.30467198230326,0.5170562770562771,0.4162047410797846,0.5330467198230328,0.5330467198230326
docvqa,mqt,500,500,False,46,Temperature Scaling (TS),47.0664684453561,47.0664684453561,0.5170562770562771,0.2583715820431527,0.470664684453561,0.470664684453561
docvqa,mqt,500,500,False,46,Platt Scaling (1D),3.6154290009295487,0.0658979554471851,0.5170562770562771,0.0361910556899295,0.0361542900092954,0.0006589795544718
docvqa,mqt,500,500,False,46,Trajectory Platt (5D),3.3764860286028124,1.8050932254991496,0.5558441558441558,0.036888964556116,0.0337648602860281,0.0180509322549914
docvqa,mqt,500,500,False,46,VCPS-5D (Our Method),3.620369094150683,0.078595959902894,0.5175757575757576,0.0361848981373071,0.0362036909415068,0.0007859595990289
docvqa,mqt,1000,1000,False,42,Naive Confidence (NC),53.30467198230328,53.30467198230326,0.5170562770562771,0.4162047410797846,0.5330467198230328,0.5330467198230326
docvqa,mqt,1000,1000,False,42,Temperature Scaling (TS),47.0664684453561,47.0664684453561,0.5170562770562771,0.2583715820431527,0.470664684453561,0.470664684453561
docvqa,mqt,1000,1000,False,42,Platt Scaling (1D),3.6414448233680425,0.1376445836892079,0.5170562770562771,0.0361893648746836,0.0364144482336804,0.001376445836892
docvqa,mqt,1000,1000,False,42,Trajectory Platt (5D),3.436820121249184,1.348019028780982,0.5871861471861473,0.036602369673306,0.0343682012124918,0.0134801902878098
docvqa,mqt,1000,1000,False,42,VCPS-5D (Our Method),2.7257047990281302,0.1315339074924336,0.5352380952380953,0.0361605617014205,0.0272570479902813,0.0013153390749243
docvqa,mqt,1000,1000,False,43,Naive Confidence (NC),53.30467198230328,53.30467198230326,0.5170562770562771,0.4162047410797846,0.5330467198230328,0.5330467198230326
docvqa,mqt,1000,1000,False,43,Temperature Scaling (TS),47.0664684453561,47.0664684453561,0.5170562770562771,0.2583715820431527,0.470664684453561,0.470664684453561
docvqa,mqt,1000,1000,False,43,Platt Scaling (1D),3.7774180230366414,0.3106898383534491,0.5170562770562771,0.0363586015471384,0.0377741802303664,0.0031068983835344
docvqa,mqt,1000,1000,False,43,Trajectory Platt (5D),2.1647004015976563,0.7146743285702543,0.5968831168831169,0.0359574494326393,0.0216470040159765,0.0071467432857025
docvqa,mqt,1000,1000,False,43,VCPS-5D (Our Method),2.84134078671592,0.3568505872307653,0.5303896103896104,0.0363151792424202,0.0284134078671592,0.0035685058723076
docvqa,mqt,1000,1000,False,44,Naive Confidence (NC),53.30467198230328,53.30467198230326,0.5170562770562771,0.4162047410797846,0.5330467198230328,0.5330467198230326
docvqa,mqt,1000,1000,False,44,Temperature Scaling (TS),47.0664684453561,47.0664684453561,0.5170562770562771,0.2583715820431527,0.470664684453561,0.470664684453561
docvqa,mqt,1000,1000,False,44,Platt Scaling (1D),3.671200576405751,0.1537091271982376,0.5170562770562771,0.0362191495807237,0.0367120057640575,0.0015370912719823
docvqa,mqt,1000,1000,False,44,Trajectory Platt (5D),2.6546287665842097,1.4384385122684762,0.5845887445887447,0.0365278869395598,0.0265462876658421,0.0143843851226847
docvqa,mqt,1000,1000,False,44,VCPS-5D (Our Method),2.7228955541372204,0.1463477863016566,0.529004329004329,0.0361948805734797,0.0272289555413722,0.0014634778630165
docvqa,mqt,1000,1000,False,45,Naive Confidence (NC),53.30467198230328,53.30467198230326,0.5170562770562771,0.4162047410797846,0.5330467198230328,0.5330467198230326
docvqa,mqt,1000,1000,False,45,Temperature Scaling (TS),47.0664684453561,47.0664684453561,0.5170562770562771,0.2583715820431527,0.470664684453561,0.470664684453561
docvqa,mqt,1000,1000,False,45,Platt Scaling (1D),3.743783186340085,0.232124564118052,0.5170562770562771,0.0363158380503439,0.0374378318634008,0.0023212456411805
docvqa,mqt,1000,1000,False,45,Trajectory Platt (5D),2.837724030949176,1.1228789812885225,0.5812987012987013,0.0366133818531403,0.0283772403094917,0.0112287898128852
docvqa,mqt,1000,1000,False,45,VCPS-5D (Our Method),3.347223672418512,0.2140779973789569,0.5251948051948052,0.0362929586178156,0.0334722367241851,0.0021407799737895
docvqa,mqt,1000,1000,False,46,Naive Confidence (NC),53.30467198230328,53.30467198230326,0.5170562770562771,0.4162047410797846,0.5330467198230328,0.5330467198230326
docvqa,mqt,1000,1000,False,46,Temperature Scaling (TS),47.0664684453561,47.0664684453561,0.5170562770562771,0.2583715820431527,0.470664684453561,0.470664684453561
docvqa,mqt,1000,1000,False,46,Platt Scaling (1D),3.7018380347851374,0.0875545662726617,0.5170562770562771,0.0362719341298096,0.0370183803478513,0.0008755456627266
docvqa,mqt,1000,1000,False,46,Trajectory Platt (5D),3.908157808007673,1.7278639196883887,0.5882251082251083,0.0367760813494435,0.0390815780800767,0.0172786391968838
docvqa,mqt,1000,1000,False,46,VCPS-5D (Our Method),2.7853392498737954,0.1017130556004611,0.5270995670995671,0.0362448792479396,0.0278533924987379,0.0010171305560046
docvqa,mqt,1500,1500,False,42,Naive Confidence (NC),53.30467198230328,53.30467198230326,0.5170562770562771,0.4162047410797846,0.5330467198230328,0.5330467198230326
docvqa,mqt,1500,1500,False,42,Temperature Scaling (TS),47.0664684453561,47.0664684453561,0.5170562770562771,0.2583715820431527,0.470664684453561,0.470664684453561
docvqa,mqt,1500,1500,False,42,Platt Scaling (1D),3.67694671875426,0.0795621114600336,0.5170562770562771,0.036242654507274,0.0367694671875426,0.0007956211146003
docvqa,mqt,1500,1500,False,42,Trajectory Platt (5D),2.208101287484169,0.8279397920705379,0.5948051948051948,0.0363910901006463,0.0220810128748416,0.0082793979207053
docvqa,mqt,1500,1500,False,42,VCPS-5D (Our Method),2.752226457528563,0.067839414753997,0.5296969696969697,0.0362114150091579,0.0275222645752856,0.0006783941475399
docvqa,mqt,1500,1500,False,43,Naive Confidence (NC),53.30467198230328,53.30467198230326,0.5170562770562771,0.4162047410797846,0.5330467198230328,0.5330467198230326
docvqa,mqt,1500,1500,False,43,Temperature Scaling (TS),47.0664684453561,47.0664684453561,0.5170562770562771,0.2583715820431527,0.470664684453561,0.470664684453561
docvqa,mqt,1500,1500,False,43,Platt Scaling (1D),3.6773541915550263,0.0766790301242665,0.5170562770562771,0.0362436877089602,0.0367735419155502,0.0007667903012426
docvqa,mqt,1500,1500,False,43,Trajectory Platt (5D),2.5161653253017,0.9767640464706348,0.597922077922078,0.0362497437561106,0.0251616532530169,0.0097676404647063
docvqa,mqt,1500,1500,False,43,VCPS-5D (Our Method),2.7637436200946714,0.0654008466541657,0.5293506493506493,0.0362127281573556,0.0276374362009467,0.0006540084665416
docvqa,mqt,1500,1500,False,44,Naive Confidence (NC),53.30467198230328,53.30467198230326,0.5170562770562771,0.4162047410797846,0.5330467198230328,0.5330467198230326
docvqa,mqt,1500,1500,False,44,Temperature Scaling (TS),47.0664684453561,47.0664684453561,0.5170562770562771,0.2583715820431527,0.470664684453561,0.470664684453561
docvqa,mqt,1500,1500,False,44,Platt Scaling (1D),3.6571831332593576,0.0851312307570403,0.5170562770562771,0.0362197984631619,0.0365718313325935,0.0008513123075704
docvqa,mqt,1500,1500,False,44,Trajectory Platt (5D),2.565659826970659,0.7712391013046728,0.5998268398268398,0.0363181167514831,0.0256565982697065,0.0077123910130467
docvqa,mqt,1500,1500,False,44,VCPS-5D (Our Method),2.7246867623777047,0.0735565336426863,0.531948051948052,0.0361879711795004,0.027246867623777,0.0007355653364268
docvqa,mqt,1500,1500,False,45,Naive Confidence (NC),53.30467198230328,53.30467198230326,0.5170562770562771,0.4162047410797846,0.5330467198230328,0.5330467198230326
docvqa,mqt,1500,1500,False,45,Temperature Scaling (TS),47.0664684453561,47.0664684453561,0.5170562770562771,0.2583715820431527,0.470664684453561,0.470664684453561
docvqa,mqt,1500,1500,False,45,Platt Scaling (1D),3.6627791932780167,0.0765401929718488,0.5170562770562771,0.0362274683289377,0.0366277919327801,0.0007654019297184
docvqa,mqt,1500,1500,False,45,Trajectory Platt (5D),2.0280919815413654,1.4553529964759946,0.592034632034632,0.0363395663371066,0.0202809198154136,0.0145535299647599
docvqa,mqt,1500,1500,False,45,VCPS-5D (Our Method),2.743227225397886,0.0668805664053179,0.5284848484848486,0.0361999955648899,0.0274322722539788,0.0006688056640531
docvqa,mqt,1500,1500,False,46,Naive Confidence (NC),53.30467198230328,53.30467198230326,0.5170562770562771,0.4162047410797846,0.5330467198230328,0.5330467198230326
docvqa,mqt,1500,1500,False,46,Temperature Scaling (TS),47.0664684453561,47.0664684453561,0.5170562770562771,0.2583715820431527,0.470664684453561,0.470664684453561
docvqa,mqt,1500,1500,False,46,Platt Scaling (1D),3.6516276812784993,0.0788105195778571,0.5170562770562771,0.0362150525876767,0.0365162768127849,0.0007881051957785
docvqa,mqt,1500,1500,False,46,Trajectory Platt (5D),3.3368727740598847,0.5835112606873737,0.594978354978355,0.0362544386417286,0.0333687277405988,0.0058351126068737
docvqa,mqt,1500,1500,False,46,VCPS-5D (Our Method),2.7181349690466803,0.0660417371186631,0.5309090909090909,0.0361850022527807,0.0271813496904668,0.0006604173711866
docvqa,mqt,Full,1600,True,42,Naive Confidence (NC),53.30467198230328,53.30467198230326,0.5170562770562771,0.4162047410797846,0.5330467198230328,0.5330467198230326
docvqa,mqt,Full,1600,True,42,Temperature Scaling (TS),47.0664684453561,47.0664684453561,0.5170562770562771,0.2583715820431527,0.470664684453561,0.470664684453561
docvqa,mqt,Full,1600,True,42,Platt Scaling (1D),3.665231161515744,0.0893645127403107,0.5170562770562771,0.0362277179357046,0.0366523116151574,0.0008936451274031
docvqa,mqt,Full,1600,True,42,Trajectory Platt (5D),2.058169003343209,1.0760254852939397,0.5942857142857143,0.036350637207212,0.020581690033432,0.0107602548529393
docvqa,mqt,Full,1600,True,42,VCPS-5D (Our Method),2.733844612713931,0.0786491220323285,0.5290043290043289,0.0361983136366054,0.0273384461271393,0.0007864912203232
docvqa,mqt,Full,1600,True,43,Naive Confidence (NC),53.30467198230328,53.30467198230326,0.5170562770562771,0.4162047410797846,0.5330467198230328,0.5330467198230326
docvqa,mqt,Full,1600,True,43,Temperature Scaling (TS),47.0664684453561,47.0664684453561,0.5170562770562771,0.2583715820431527,0.470664684453561,0.470664684453561
docvqa,mqt,Full,1600,True,43,Platt Scaling (1D),3.665231161515744,0.0893645127403107,0.5170562770562771,0.0362277179357046,0.0366523116151574,0.0008936451274031
docvqa,mqt,Full,1600,True,43,Trajectory Platt (5D),2.058169003343209,1.0760254852939397,0.5942857142857143,0.036350637207212,0.020581690033432,0.0107602548529393
docvqa,mqt,Full,1600,True,43,VCPS-5D (Our Method),2.733844612713931,0.0786491220323285,0.5290043290043289,0.0361983136366054,0.0273384461271393,0.0007864912203232
docvqa,mqt,Full,1600,True,44,Naive Confidence (NC),53.30467198230328,53.30467198230326,0.5170562770562771,0.4162047410797846,0.5330467198230328,0.5330467198230326
docvqa,mqt,Full,1600,True,44,Temperature Scaling (TS),47.0664684453561,47.0664684453561,0.5170562770562771,0.2583715820431527,0.470664684453561,0.470664684453561
docvqa,mqt,Full,1600,True,44,Platt Scaling (1D),3.665231161515744,0.0893645127403107,0.5170562770562771,0.0362277179357046,0.0366523116151574,0.0008936451274031
docvqa,mqt,Full,1600,True,44,Trajectory Platt (5D),2.058169003343209,1.0760254852939397,0.5942857142857143,0.036350637207212,0.020581690033432,0.0107602548529393
docvqa,mqt,Full,1600,True,44,VCPS-5D (Our Method),2.733844612713931,0.0786491220323285,0.5290043290043289,0.0361983136366054,0.0273384461271393,0.0007864912203232
docvqa,mqt,Full,1600,True,45,Naive Confidence (NC),53.30467198230328,53.30467198230326,0.5170562770562771,0.4162047410797846,0.5330467198230328,0.5330467198230326
docvqa,mqt,Full,1600,True,45,Temperature Scaling (TS),47.0664684453561,47.0664684453561,0.5170562770562771,0.2583715820431527,0.470664684453561,0.470664684453561
docvqa,mqt,Full,1600,True,45,Platt Scaling (1D),3.665231161515744,0.0893645127403107,0.5170562770562771,0.0362277179357046,0.0366523116151574,0.0008936451274031
docvqa,mqt,Full,1600,True,45,Trajectory Platt (5D),2.058169003343209,1.0760254852939397,0.5942857142857143,0.036350637207212,0.020581690033432,0.0107602548529393
docvqa,mqt,Full,1600,True,45,VCPS-5D (Our Method),2.733844612713931,0.0786491220323285,0.5290043290043289,0.0361983136366054,0.0273384461271393,0.0007864912203232
docvqa,mqt,Full,1600,True,46,Naive Confidence (NC),53.30467198230328,53.30467198230326,0.5170562770562771,0.4162047410797846,0.5330467198230328,0.5330467198230326
docvqa,mqt,Full,1600,True,46,Temperature Scaling (TS),47.0664684453561,47.0664684453561,0.5170562770562771,0.2583715820431527,0.470664684453561,0.470664684453561
docvqa,mqt,Full,1600,True,46,Platt Scaling (1D),3.665231161515744,0.0893645127403107,0.5170562770562771,0.0362277179357046,0.0366523116151574,0.0008936451274031
docvqa,mqt,Full,1600,True,46,Trajectory Platt (5D),2.058169003343209,1.0760254852939397,0.5942857142857143,0.036350637207212,0.020581690033432,0.0107602548529393
docvqa,mqt,Full,1600,True,46,VCPS-5D (Our Method),2.733844612713931,0.0786491220323285,0.5290043290043289,0.0361983136366054,0.0273384461271393,0.0007864912203232
gqa,mqt,50,50,False,42,Naive Confidence (NC),10.191071607172493,13.639716334640978,0.7571634030313088,0.1864972549998442,0.1019107160717249,0.1363971633464097
gqa,mqt,50,50,False,42,Temperature Scaling (TS),10.029043601865856,13.48167439050774,0.7571634030313088,0.1870902401815844,0.1002904360186585,0.1348167439050774
gqa,mqt,50,50,False,42,Platt Scaling (1D),10.718672066017016,13.304315792050025,0.7571634030313088,0.1879684433669116,0.1071867206601701,0.1330431579205002
gqa,mqt,50,50,False,42,Trajectory Platt (5D),18.241611613892022,17.931892230175432,0.7227569421396173,0.2192479345214959,0.1824161161389202,0.1793189223017543
gqa,mqt,50,50,False,42,VCPS-5D (Our Method),13.336247925942128,12.56295461137528,0.7500829737802853,0.1931725949858507,0.1333624792594212,0.1256295461137528
gqa,mqt,50,50,False,43,Naive Confidence (NC),10.191071607172493,13.639716334640978,0.7571634030313088,0.1864972549998442,0.1019107160717249,0.1363971633464097
gqa,mqt,50,50,False,43,Temperature Scaling (TS),10.80471911388767,14.372297146764184,0.7571634030313088,0.1937414826339217,0.1080471911388767,0.1437229714676418
gqa,mqt,50,50,False,43,Platt Scaling (1D),9.909560356277114,13.45074861687124,0.7571634030313088,0.1898775573701714,0.0990956035627711,0.1345074861687124
gqa,mqt,50,50,False,43,Trajectory Platt (5D),11.302966922521591,9.52022050321102,0.7280672640778847,0.1993884967760347,0.1130296692252159,0.0952022050321102
gqa,mqt,50,50,False,43,VCPS-5D (Our Method),13.107367258576945,14.07416822512343,0.7562783493749309,0.1945617901808421,0.1310736725857694,0.1407416822512343
gqa,mqt,50,50,False,44,Naive Confidence (NC),10.191071607172493,13.639716334640978,0.7571634030313088,0.1864972549998442,0.1019107160717249,0.1363971633464097
gqa,mqt,50,50,False,44,Temperature Scaling (TS),9.837366943796042,12.366579306069257,0.7571634030313088,0.1897966790393577,0.0983736694379604,0.1236657930606925
gqa,mqt,50,50,False,44,Platt Scaling (1D),10.030275157635437,10.932505606004671,0.7571634030313088,0.1882076363324473,0.1003027515763543,0.1093250560600467
gqa,mqt,50,50,False,44,Trajectory Platt (5D),8.624228872358799,9.54705200344324,0.7619205664343401,0.1842683850663642,0.086242288723588,0.0954705200344324
gqa,mqt,50,50,False,44,VCPS-5D (Our Method),11.719909137209,12.218768226197394,0.7574952981524505,0.1904318858341311,0.1171990913720899,0.1221876822619739
gqa,mqt,50,50,False,45,Naive Confidence (NC),10.191071607172493,13.639716334640978,0.7571634030313088,0.1864972549998442,0.1019107160717249,0.1363971633464097
gqa,mqt,50,50,False,45,Temperature Scaling (TS),12.619345153742106,11.75529236108626,0.7571634030313088,0.1908166578517754,0.126193451537421,0.1175529236108625
gqa,mqt,50,50,False,45,Platt Scaling (1D),12.999029394488437,7.125652659702086,0.7571634030313088,0.1945223612483009,0.1299902939448843,0.0712565265970208
gqa,mqt,50,50,False,45,Trajectory Platt (5D),11.095168136060234,8.51215172559023,0.7093705055869013,0.1987457395977865,0.1109516813606023,0.0851215172559023
gqa,mqt,50,50,False,45,VCPS-5D (Our Method),11.092118000544424,6.855088125276332,0.7449939152561124,0.1924712384569177,0.1109211800054442,0.0685508812527633
gqa,mqt,50,50,False,46,Naive Confidence (NC),10.191071607172493,13.639716334640978,0.7571634030313088,0.1864972549998442,0.1019107160717249,0.1363971633464097
gqa,mqt,50,50,False,46,Temperature Scaling (TS),10.79297029632285,8.977598673304628,0.7571634030313088,0.1861531357986638,0.1079297029632285,0.0897759867330462
gqa,mqt,50,50,False,46,Platt Scaling (1D),10.99400170035114,9.71358859314349,0.7571634030313088,0.1865483363777183,0.1099400170035114,0.0971358859314348
gqa,mqt,50,50,False,46,Trajectory Platt (5D),10.717835038900375,9.84032353758812,0.754065715233986,0.1880503639498294,0.1071783503890037,0.0984032353758811
gqa,mqt,50,50,False,46,VCPS-5D (Our Method),12.375549137344889,11.248531590174052,0.7608142493638678,0.1843653975589146,0.1237554913734488,0.1124853159017405
gqa,mqt,100,100,False,42,Naive Confidence (NC),10.191071607172493,13.639716334640978,0.7571634030313088,0.1864972549998442,0.1019107160717249,0.1363971633464097
gqa,mqt,100,100,False,42,Temperature Scaling (TS),9.877767065368651,13.810700521608446,0.7571634030313088,0.1884557921975626,0.0987776706536865,0.1381070052160844
gqa,mqt,100,100,False,42,Platt Scaling (1D),10.129590777193256,11.22461724970243,0.7571634030313088,0.1878762923978779,0.1012959077719325,0.1122461724970242
gqa,mqt,100,100,False,42,Trajectory Platt (5D),9.148190535604954,9.305256314575674,0.7394623299037503,0.191890077002295,0.0914819053560495,0.0930525631457567
gqa,mqt,100,100,False,42,VCPS-5D (Our Method),10.635110622673231,12.043796338370742,0.7537338201128444,0.1900035304148541,0.1063511062267323,0.1204379633837074
gqa,mqt,100,100,False,43,Naive Confidence (NC),10.191071607172493,13.639716334640978,0.7571634030313088,0.1864972549998442,0.1019107160717249,0.1363971633464097
gqa,mqt,100,100,False,43,Temperature Scaling (TS),10.324889036044931,12.814966336364652,0.7571634030313088,0.1860881826187016,0.1032488903604493,0.1281496633636465
gqa,mqt,100,100,False,43,Platt Scaling (1D),10.38741524218752,10.598376429528162,0.7571634030313088,0.1863907872992431,0.1038741524218752,0.1059837642952816
gqa,mqt,100,100,False,43,Trajectory Platt (5D),9.793018728494644,10.442034557461742,0.7427812811151677,0.1938111799459518,0.0979301872849464,0.1044203455746174
gqa,mqt,100,100,False,43,VCPS-5D (Our Method),11.554685102398947,12.112009413032776,0.7557251908396946,0.1872157869800728,0.1155468510239895,0.1211200941303277
gqa,mqt,100,100,False,44,Naive Confidence (NC),10.191071607172493,13.639716334640978,0.7571634030313088,0.1864972549998442,0.1019107160717249,0.1363971633464097
gqa,mqt,100,100,False,44,Temperature Scaling (TS),10.261232357561267,12.747286210530753,0.7571634030313088,0.1862696043947101,0.1026123235756126,0.1274728621053075
gqa,mqt,100,100,False,44,Platt Scaling (1D),10.32537877923598,12.23366484168982,0.7571634030313088,0.1860785447101046,0.1032537877923598,0.1223366484168981
gqa,mqt,100,100,False,44,Trajectory Platt (5D),12.630339056253437,13.534535109996796,0.7473171811041044,0.1878982442570504,0.1263033905625343,0.1353453510999679
gqa,mqt,100,100,False,44,VCPS-5D (Our Method),9.212559794244148,13.114706300696714,0.7518530810930413,0.1878776655317365,0.0921255979424414,0.1311470630069671
gqa,mqt,100,100,False,45,Naive Confidence (NC),10.191071607172493,13.639716334640978,0.7571634030313088,0.1864972549998442,0.1019107160717249,0.1363971633464097
gqa,mqt,100,100,False,45,Temperature Scaling (TS),10.79070388425361,8.979272203574148,0.7571634030313088,0.1861496959912106,0.1079070388425361,0.0897927220357414
gqa,mqt,100,100,False,45,Platt Scaling (1D),10.961304645650571,9.204197420490203,0.7571634030313088,0.1865949459917386,0.1096130464565057,0.092041974204902
gqa,mqt,100,100,False,45,Trajectory Platt (5D),9.652859956026075,9.55457238852978,0.7522956079212303,0.184960111118526,0.0965285995602607,0.0955457238852977
gqa,mqt,100,100,False,45,VCPS-5D (Our Method),8.835136301127099,9.499435379471484,0.7571634030313088,0.1844873286635625,0.0883513630112709,0.0949943537947148
gqa,mqt,100,100,False,46,Naive Confidence (NC),10.191071607172493,13.639716334640978,0.7571634030313088,0.1864972549998442,0.1019107160717249,0.1363971633464097
gqa,mqt,100,100,False,46,Temperature Scaling (TS),11.738994851616004,10.16740649314495,0.7571634030313088,0.1881415704952164,0.11738994851616,0.1016740649314495
gqa,mqt,100,100,False,46,Platt Scaling (1D),11.866344197713916,11.055361418578425,0.7571634030313088,0.1892229244204581,0.1186634419771391,0.1105536141857842
gqa,mqt,100,100,False,46,Trajectory Platt (5D),14.2811568453908,14.592174746096134,0.7298373713906406,0.1987772486203865,0.142811568453908,0.1459217474609613
gqa,mqt,100,100,False,46,VCPS-5D (Our Method),12.914076720634366,11.328057139343205,0.7573846664454034,0.1878816046500136,0.1291407672063436,0.113280571393432
gqa,mqt,200,200,False,42,Naive Confidence (NC),10.191071607172493,13.639716334640978,0.7571634030313088,0.1864972549998442,0.1019107160717249,0.1363971633464097
gqa,mqt,200,200,False,42,Temperature Scaling (TS),10.588134344864343,9.214541441354404,0.7571634030313088,0.1859348443043459,0.1058813434486434,0.092145414413544
gqa,mqt,200,200,False,42,Platt Scaling (1D),10.643549947535853,9.208201529109772,0.7571634030313088,0.1859847317430111,0.1064354994753585,0.0920820152910977
gqa,mqt,200,200,False,42,Trajectory Platt (5D),12.33537982404232,10.372349038720133,0.7644650956964266,0.1820356485902163,0.1233537982404232,0.1037234903872013
gqa,mqt,200,200,False,42,VCPS-5D (Our Method),12.37636302418132,9.02652379834904,0.7589335103440646,0.1847716758421353,0.1237636302418132,0.0902652379834904
gqa,mqt,200,200,False,43,Naive Confidence (NC),10.191071607172493,13.639716334640978,0.7571634030313088,0.1864972549998442,0.1019107160717249,0.1363971633464097
gqa,mqt,200,200,False,43,Temperature Scaling (TS),10.26415046636483,12.47936688325534,0.7571634030313088,0.1862606832635679,0.1026415046636483,0.1247936688325534
gqa,mqt,200,200,False,43,Platt Scaling (1D),10.263786968395983,12.188016677335028,0.7571634030313088,0.1863280861518164,0.1026378696839598,0.1218801667733502
gqa,mqt,200,200,False,43,Trajectory Platt (5D),11.625705666840078,13.070918686687946,0.7470959176900099,0.1923214047053861,0.1162570566684007,0.1307091868668794
gqa,mqt,200,200,False,43,VCPS-5D (Our Method),11.28161760363836,11.271717004602992,0.7541763469410333,0.1867565923160737,0.1128161760363836,0.1127171700460299
gqa,mqt,200,200,False,44,Naive Confidence (NC),10.191071607172493,13.639716334640978,0.7571634030313088,0.1864972549998442,0.1019107160717249,0.1363971633464097
gqa,mqt,200,200,False,44,Temperature Scaling (TS),10.363587420619758,11.289226333632532,0.7571634030313088,0.1859954903308057,0.1036358742061975,0.1128922633363253
gqa,mqt,200,200,False,44,Platt Scaling (1D),10.402056632657231,11.596644606034948,0.7571634030313088,0.1859496816467413,0.1040205663265723,0.1159664460603494
gqa,mqt,200,200,False,44,Trajectory Platt (5D),11.910945102572445,10.902517542243002,0.7589335103440648,0.1844330491858964,0.1191094510257244,0.10902517542243
gqa,mqt,200,200,False,44,VCPS-5D (Our Method),11.578053918144128,13.140613699798088,0.7556145591326474,0.1869266354914923,0.1157805391814412,0.1314061369979808
gqa,mqt,200,200,False,45,Naive Confidence (NC),10.191071607172493,13.639716334640978,0.7571634030313088,0.1864972549998442,0.1019107160717249,0.1363971633464097
gqa,mqt,200,200,False,45,Temperature Scaling (TS),10.416660483410304,11.18105683810318,0.7571634030313088,0.185904025498988,0.104166604834103,0.1118105683810318
gqa,mqt,200,200,False,45,Platt Scaling (1D),10.416259001917563,9.314178528958932,0.7571634030313088,0.1859577291308994,0.1041625900191756,0.0931417852895893
gqa,mqt,200,200,False,45,Trajectory Platt (5D),9.549346193671228,8.500360712409021,0.7607036176568204,0.1828016135591291,0.0954934619367122,0.0850036071240902
gqa,mqt,200,200,False,45,VCPS-5D (Our Method),9.822197285360645,9.90060020114318,0.759154773758159,0.1844821154044587,0.0982219728536064,0.0990060020114318
gqa,mqt,200,200,False,46,Naive Confidence (NC),10.191071607172493,13.639716334640978,0.7571634030313088,0.1864972549998442,0.1019107160717249,0.1363971633464097
gqa,mqt,200,200,False,46,Temperature Scaling (TS),10.982204586740766,8.810512932663519,0.7571634030313088,0.1865294315163045,0.1098220458674076,0.0881051293266351
gqa,mqt,200,200,False,46,Platt Scaling (1D),11.132450634504442,9.695120420374112,0.7571634030313088,0.1869815206266114,0.1113245063450444,0.0969512042037411
gqa,mqt,200,200,False,46,Trajectory Platt (5D),9.927778065204624,12.535220831632616,0.7470959176900099,0.1924252501477872,0.0992777806520462,0.1253522083163261
gqa,mqt,200,200,False,46,VCPS-5D (Our Method),10.651601118754916,11.704801957018358,0.7573846664454033,0.1865924797117855,0.1065160111875491,0.1170480195701835
gqa,mqt,500,500,False,42,Naive Confidence (NC),10.191071607172493,13.639716334640978,0.7571634030313088,0.1864972549998442,0.1019107160717249,0.1363971633464097
gqa,mqt,500,500,False,42,Temperature Scaling (TS),10.637739986576792,9.20687464381178,0.7571634030313088,0.1859711757672913,0.1063773998657679,0.0920687464381178
gqa,mqt,500,500,False,42,Platt Scaling (1D),10.597609988030069,10.273106701767114,0.7571634030313088,0.1863065493395176,0.1059760998803006,0.1027310670176711
gqa,mqt,500,500,False,42,Trajectory Platt (5D),10.432751685380936,12.05492115020752,0.7638013054541432,0.1839545535050594,0.1043275168538093,0.1205492115020751
gqa,mqt,500,500,False,42,VCPS-5D (Our Method),11.88665690276732,10.59308017547358,0.7590441420511118,0.1854972200109376,0.1188665690276732,0.1059308017547358
gqa,mqt,500,500,False,43,Naive Confidence (NC),10.191071607172493,13.639716334640978,0.7571634030313088,0.1864972549998442,0.1019107160717249,0.1363971633464097
gqa,mqt,500,500,False,43,Temperature Scaling (TS),10.448794420777778,10.112195930825548,0.7571634030313088,0.1858831796753533,0.1044879442077777,0.1011219593082554
gqa,mqt,500,500,False,43,Platt Scaling (1D),10.428676961888536,9.059367223466593,0.7571634030313088,0.1859936665778025,0.1042867696188853,0.0905936722346659
gqa,mqt,500,500,False,43,Trajectory Platt (5D),13.639953613281254,13.66428515315056,0.7586016152229228,0.1866627598466984,0.1363995361328125,0.1366428515315056
gqa,mqt,500,500,False,43,VCPS-5D (Our Method),12.336714158352605,8.9163136971298,0.7568315079101671,0.186116186207337,0.123367141583526,0.089163136971298
gqa,mqt,500,500,False,44,Naive Confidence (NC),10.191071607172493,13.639716334640978,0.7571634030313088,0.1864972549998442,0.1019107160717249,0.1363971633464097
gqa,mqt,500,500,False,44,Temperature Scaling (TS),10.55486605310623,9.199016883799352,0.7571634030313088,0.1859160476375615,0.1055486605310623,0.0919901688379935
gqa,mqt,500,500,False,44,Platt Scaling (1D),10.566162287664836,9.189641166065323,0.7571634030313088,0.1859480532557415,0.1056616228766483,0.0918964116606532
gqa,mqt,500,500,False,44,Trajectory Platt (5D),11.736918136477472,9.458375051617624,0.7555039274256001,0.1867413631383507,0.1173691813647747,0.0945837505161762
gqa,mqt,500,500,False,44,VCPS-5D (Our Method),11.22532702622897,9.378775568379057,0.7553932957185531,0.1862046003906928,0.1122532702622896,0.0937877556837905
gqa,mqt,500,500,False,45,Naive Confidence (NC),10.191071607172493,13.639716334640978,0.7571634030313088,0.1864972549998442,0.1019107160717249,0.1363971633464097
gqa,mqt,500,500,False,45,Temperature Scaling (TS),10.54494078924476,9.28821943925992,0.7571634030313088,0.1859112854360017,0.1054494078924475,0.0928821943925992
gqa,mqt,500,500,False,45,Platt Scaling (1D),10.543410015474668,9.830043321864544,0.7571634030313088,0.1859999205053973,0.1054341001547466,0.0983004332186454
gqa,mqt,500,500,False,45,Trajectory Platt (5D),12.384684950113298,13.676815837621689,0.7621418298484346,0.1834462673354711,0.1238468495011329,0.1367681583762169
gqa,mqt,500,500,False,45,VCPS-5D (Our Method),12.668933651897426,9.26658308719101,0.7611461444850094,0.1844693186253533,0.1266893365189742,0.0926658308719101
gqa,mqt,500,500,False,46,Naive Confidence (NC),10.191071607172493,13.639716334640978,0.7571634030313088,0.1864972549998442,0.1019107160717249,0.1363971633464097
gqa,mqt,500,500,False,46,Temperature Scaling (TS),10.670973235597607,9.2011853344632,0.7571634030313088,0.186001244309704,0.1067097323559761,0.092011853344632
gqa,mqt,500,500,False,46,Platt Scaling (1D),10.675385056735095,8.564840833186729,0.7571634030313088,0.1860622330633954,0.1067538505673509,0.0856484083318672
gqa,mqt,500,500,False,46,Trajectory Platt (5D),14.392386287450792,12.342872470617296,0.7566102444960725,0.1884954118580334,0.1439238628745079,0.1234287247061729
gqa,mqt,500,500,False,46,VCPS-5D (Our Method),10.982811159029126,9.423991482142654,0.7590441420511119,0.1854930048757619,0.1098281115902912,0.0942399148214265
gqa,mqt,1000,800,True,42,Naive Confidence (NC),10.191071607172493,13.639716334640978,0.7571634030313088,0.1864972549998442,0.1019107160717249,0.1363971633464097
gqa,mqt,1000,800,True,42,Temperature Scaling (TS),10.614569825244882,9.210576206484882,0.7571634030313088,0.1859529495787119,0.1061456982524488,0.0921057620648488
gqa,mqt,1000,800,True,42,Platt Scaling (1D),10.601581100796617,9.555654636998192,0.7571634030313088,0.1860505257898033,0.1060158110079661,0.0955565463699819
gqa,mqt,1000,800,True,42,Trajectory Platt (5D),14.6557882130146,13.814213275909424,0.7630268835048125,0.1853842954815631,0.146557882130146,0.1381421327590942
gqa,mqt,1000,800,True,42,VCPS-5D (Our Method),11.88266534710806,9.272131145607064,0.7590441420511119,0.1854369118929612,0.1188266534710805,0.0927213114560706
gqa,mqt,1000,800,True,43,Naive Confidence (NC),10.191071607172493,13.639716334640978,0.7571634030313088,0.1864972549998442,0.1019107160717249,0.1363971633464097
gqa,mqt,1000,800,True,43,Temperature Scaling (TS),10.614569825244882,9.210576206484882,0.7571634030313088,0.1859529495787119,0.1061456982524488,0.0921057620648488
gqa,mqt,1000,800,True,43,Platt Scaling (1D),10.601581100796617,9.555654636998192,0.7571634030313088,0.1860505257898033,0.1060158110079661,0.0955565463699819
gqa,mqt,1000,800,True,43,Trajectory Platt (5D),14.6557882130146,13.814213275909424,0.7630268835048125,0.1853842954815631,0.146557882130146,0.1381421327590942
gqa,mqt,1000,800,True,43,VCPS-5D (Our Method),11.88266534710806,9.272131145607064,0.7590441420511119,0.1854369118929612,0.1188266534710805,0.0927213114560706
gqa,mqt,1000,800,True,44,Naive Confidence (NC),10.191071607172493,13.639716334640978,0.7571634030313088,0.1864972549998442,0.1019107160717249,0.1363971633464097
gqa,mqt,1000,800,True,44,Temperature Scaling (TS),10.614569825244882,9.210576206484882,0.7571634030313088,0.1859529495787119,0.1061456982524488,0.0921057620648488
gqa,mqt,1000,800,True,44,Platt Scaling (1D),10.601581100796617,9.555654636998192,0.7571634030313088,0.1860505257898033,0.1060158110079661,0.0955565463699819
gqa,mqt,1000,800,True,44,Trajectory Platt (5D),14.6557882130146,13.814213275909424,0.7630268835048125,0.1853842954815631,0.146557882130146,0.1381421327590942
gqa,mqt,1000,800,True,44,VCPS-5D (Our Method),11.88266534710806,9.272131145607064,0.7590441420511119,0.1854369118929612,0.1188266534710805,0.0927213114560706
gqa,mqt,1000,800,True,45,Naive Confidence (NC),10.191071607172493,13.639716334640978,0.7571634030313088,0.1864972549998442,0.1019107160717249,0.1363971633464097
gqa,mqt,1000,800,True,45,Temperature Scaling (TS),10.614569825244882,9.210576206484882,0.7571634030313088,0.1859529495787119,0.1061456982524488,0.0921057620648488
gqa,mqt,1000,800,True,45,Platt Scaling (1D),10.601581100796617,9.555654636998192,0.7571634030313088,0.1860505257898033,0.1060158110079661,0.0955565463699819
gqa,mqt,1000,800,True,45,Trajectory Platt (5D),14.6557882130146,13.814213275909424,0.7630268835048125,0.1853842954815631,0.146557882130146,0.1381421327590942
gqa,mqt,1000,800,True,45,VCPS-5D (Our Method),11.88266534710806,9.272131145607064,0.7590441420511119,0.1854369118929612,0.1188266534710805,0.0927213114560706
gqa,mqt,1000,800,True,46,Naive Confidence (NC),10.191071607172493,13.639716334640978,0.7571634030313088,0.1864972549998442,0.1019107160717249,0.1363971633464097
gqa,mqt,1000,800,True,46,Temperature Scaling (TS),10.614569825244882,9.210576206484882,0.7571634030313088,0.1859529495787119,0.1061456982524488,0.0921057620648488
gqa,mqt,1000,800,True,46,Platt Scaling (1D),10.601581100796617,9.555654636998192,0.7571634030313088,0.1860505257898033,0.1060158110079661,0.0955565463699819
gqa,mqt,1000,800,True,46,Trajectory Platt (5D),14.6557882130146,13.814213275909424,0.7630268835048125,0.1853842954815631,0.146557882130146,0.1381421327590942
gqa,mqt,1000,800,True,46,VCPS-5D (Our Method),11.88266534710806,9.272131145607064,0.7590441420511119,0.1854369118929612,0.1188266534710805,0.0927213114560706
gqa,mqt,1500,800,True,42,Naive Confidence (NC),10.191071607172493,13.639716334640978,0.7571634030313088,0.1864972549998442,0.1019107160717249,0.1363971633464097
gqa,mqt,1500,800,True,42,Temperature Scaling (TS),10.614569825244882,9.210576206484882,0.7571634030313088,0.1859529495787119,0.1061456982524488,0.0921057620648488
gqa,mqt,1500,800,True,42,Platt Scaling (1D),10.601581100796617,9.555654636998192,0.7571634030313088,0.1860505257898033,0.1060158110079661,0.0955565463699819
gqa,mqt,1500,800,True,42,Trajectory Platt (5D),14.6557882130146,13.814213275909424,0.7630268835048125,0.1853842954815631,0.146557882130146,0.1381421327590942
gqa,mqt,1500,800,True,42,VCPS-5D (Our Method),11.88266534710806,9.272131145607064,0.7590441420511119,0.1854369118929612,0.1188266534710805,0.0927213114560706
gqa,mqt,1500,800,True,43,Naive Confidence (NC),10.191071607172493,13.639716334640978,0.7571634030313088,0.1864972549998442,0.1019107160717249,0.1363971633464097
gqa,mqt,1500,800,True,43,Temperature Scaling (TS),10.614569825244882,9.210576206484882,0.7571634030313088,0.1859529495787119,0.1061456982524488,0.0921057620648488
gqa,mqt,1500,800,True,43,Platt Scaling (1D),10.601581100796617,9.555654636998192,0.7571634030313088,0.1860505257898033,0.1060158110079661,0.0955565463699819
gqa,mqt,1500,800,True,43,Trajectory Platt (5D),14.6557882130146,13.814213275909424,0.7630268835048125,0.1853842954815631,0.146557882130146,0.1381421327590942
gqa,mqt,1500,800,True,43,VCPS-5D (Our Method),11.88266534710806,9.272131145607064,0.7590441420511119,0.1854369118929612,0.1188266534710805,0.0927213114560706
gqa,mqt,1500,800,True,44,Naive Confidence (NC),10.191071607172493,13.639716334640978,0.7571634030313088,0.1864972549998442,0.1019107160717249,0.1363971633464097
gqa,mqt,1500,800,True,44,Temperature Scaling (TS),10.614569825244882,9.210576206484882,0.7571634030313088,0.1859529495787119,0.1061456982524488,0.0921057620648488
gqa,mqt,1500,800,True,44,Platt Scaling (1D),10.601581100796617,9.555654636998192,0.7571634030313088,0.1860505257898033,0.1060158110079661,0.0955565463699819
gqa,mqt,1500,800,True,44,Trajectory Platt (5D),14.6557882130146,13.814213275909424,0.7630268835048125,0.1853842954815631,0.146557882130146,0.1381421327590942
gqa,mqt,1500,800,True,44,VCPS-5D (Our Method),11.88266534710806,9.272131145607064,0.7590441420511119,0.1854369118929612,0.1188266534710805,0.0927213114560706
gqa,mqt,1500,800,True,45,Naive Confidence (NC),10.191071607172493,13.639716334640978,0.7571634030313088,0.1864972549998442,0.1019107160717249,0.1363971633464097
gqa,mqt,1500,800,True,45,Temperature Scaling (TS),10.614569825244882,9.210576206484882,0.7571634030313088,0.1859529495787119,0.1061456982524488,0.0921057620648488
gqa,mqt,1500,800,True,45,Platt Scaling (1D),10.601581100796617,9.555654636998192,0.7571634030313088,0.1860505257898033,0.1060158110079661,0.0955565463699819
gqa,mqt,1500,800,True,45,Trajectory Platt (5D),14.6557882130146,13.814213275909424,0.7630268835048125,0.1853842954815631,0.146557882130146,0.1381421327590942
gqa,mqt,1500,800,True,45,VCPS-5D (Our Method),11.88266534710806,9.272131145607064,0.7590441420511119,0.1854369118929612,0.1188266534710805,0.0927213114560706
gqa,mqt,1500,800,True,46,Naive Confidence (NC),10.191071607172493,13.639716334640978,0.7571634030313088,0.1864972549998442,0.1019107160717249,0.1363971633464097
gqa,mqt,1500,800,True,46,Temperature Scaling (TS),10.614569825244882,9.210576206484882,0.7571634030313088,0.1859529495787119,0.1061456982524488,0.0921057620648488
gqa,mqt,1500,800,True,46,Platt Scaling (1D),10.601581100796617,9.555654636998192,0.7571634030313088,0.1860505257898033,0.1060158110079661,0.0955565463699819
gqa,mqt,1500,800,True,46,Trajectory Platt (5D),14.6557882130146,13.814213275909424,0.7630268835048125,0.1853842954815631,0.146557882130146,0.1381421327590942
gqa,mqt,1500,800,True,46,VCPS-5D (Our Method),11.88266534710806,9.272131145607064,0.7590441420511119,0.1854369118929612,0.1188266534710805,0.0927213114560706
gqa,mqt,Full,800,True,42,Naive Confidence (NC),10.191071607172493,13.639716334640978,0.7571634030313088,0.1864972549998442,0.1019107160717249,0.1363971633464097
gqa,mqt,Full,800,True,42,Temperature Scaling (TS),10.614569825244882,9.210576206484882,0.7571634030313088,0.1859529495787119,0.1061456982524488,0.0921057620648488
gqa,mqt,Full,800,True,42,Platt Scaling (1D),10.601581100796617,9.555654636998192,0.7571634030313088,0.1860505257898033,0.1060158110079661,0.0955565463699819
gqa,mqt,Full,800,True,42,Trajectory Platt (5D),14.6557882130146,13.814213275909424,0.7630268835048125,0.1853842954815631,0.146557882130146,0.1381421327590942
gqa,mqt,Full,800,True,42,VCPS-5D (Our Method),11.88266534710806,9.272131145607064,0.7590441420511119,0.1854369118929612,0.1188266534710805,0.0927213114560706
gqa,mqt,Full,800,True,43,Naive Confidence (NC),10.191071607172493,13.639716334640978,0.7571634030313088,0.1864972549998442,0.1019107160717249,0.1363971633464097
gqa,mqt,Full,800,True,43,Temperature Scaling (TS),10.614569825244882,9.210576206484882,0.7571634030313088,0.1859529495787119,0.1061456982524488,0.0921057620648488
gqa,mqt,Full,800,True,43,Platt Scaling (1D),10.601581100796617,9.555654636998192,0.7571634030313088,0.1860505257898033,0.1060158110079661,0.0955565463699819
gqa,mqt,Full,800,True,43,Trajectory Platt (5D),14.6557882130146,13.814213275909424,0.7630268835048125,0.1853842954815631,0.146557882130146,0.1381421327590942
gqa,mqt,Full,800,True,43,VCPS-5D (Our Method),11.88266534710806,9.272131145607064,0.7590441420511119,0.1854369118929612,0.1188266534710805,0.0927213114560706
gqa,mqt,Full,800,True,44,Naive Confidence (NC),10.191071607172493,13.639716334640978,0.7571634030313088,0.1864972549998442,0.1019107160717249,0.1363971633464097
gqa,mqt,Full,800,True,44,Temperature Scaling (TS),10.614569825244882,9.210576206484882,0.7571634030313088,0.1859529495787119,0.1061456982524488,0.0921057620648488
gqa,mqt,Full,800,True,44,Platt Scaling (1D),10.601581100796617,9.555654636998192,0.7571634030313088,0.1860505257898033,0.1060158110079661,0.0955565463699819
gqa,mqt,Full,800,True,44,Trajectory Platt (5D),14.6557882130146,13.814213275909424,0.7630268835048125,0.1853842954815631,0.146557882130146,0.1381421327590942
gqa,mqt,Full,800,True,44,VCPS-5D (Our Method),11.88266534710806,9.272131145607064,0.7590441420511119,0.1854369118929612,0.1188266534710805,0.0927213114560706
gqa,mqt,Full,800,True,45,Naive Confidence (NC),10.191071607172493,13.639716334640978,0.7571634030313088,0.1864972549998442,0.1019107160717249,0.1363971633464097
gqa,mqt,Full,800,True,45,Temperature Scaling (TS),10.614569825244882,9.210576206484882,0.7571634030313088,0.1859529495787119,0.1061456982524488,0.0921057620648488
gqa,mqt,Full,800,True,45,Platt Scaling (1D),10.601581100796617,9.555654636998192,0.7571634030313088,0.1860505257898033,0.1060158110079661,0.0955565463699819
gqa,mqt,Full,800,True,45,Trajectory Platt (5D),14.6557882130146,13.814213275909424,0.7630268835048125,0.1853842954815631,0.146557882130146,0.1381421327590942
gqa,mqt,Full,800,True,45,VCPS-5D (Our Method),11.88266534710806,9.272131145607064,0.7590441420511119,0.1854369118929612,0.1188266534710805,0.0927213114560706
gqa,mqt,Full,800,True,46,Naive Confidence (NC),10.191071607172493,13.639716334640978,0.7571634030313088,0.1864972549998442,0.1019107160717249,0.1363971633464097
gqa,mqt,Full,800,True,46,Temperature Scaling (TS),10.614569825244882,9.210576206484882,0.7571634030313088,0.1859529495787119,0.1061456982524488,0.0921057620648488
gqa,mqt,Full,800,True,46,Platt Scaling (1D),10.601581100796617,9.555654636998192,0.7571634030313088,0.1860505257898033,0.1060158110079661,0.0955565463699819
gqa,mqt,Full,800,True,46,Trajectory Platt (5D),14.6557882130146,13.814213275909424,0.7630268835048125,0.1853842954815631,0.146557882130146,0.1381421327590942
gqa,mqt,Full,800,True,46,VCPS-5D (Our Method),11.88266534710806,9.272131145607064,0.7590441420511119,0.1854369118929612,0.1188266534710805,0.0927213114560706
infographicvqa,mqt,50,50,False,42,Naive Confidence (NC),75.50847510620953,75.50847510620952,0.7688442211055276,0.6535007745943673,0.7550847510620953,0.7550847510620952
infographicvqa,mqt,50,50,False,42,Temperature Scaling (TS),52.62594038961066,52.62594038961065,0.7688442211055276,0.2826214488671088,0.5262594038961066,0.5262594038961065
infographicvqa,mqt,50,50,False,42,Platt Scaling (1D),2.0022427529679674,1.3712450462918686,0.7688442211055276,0.0051574842324595,0.0200224275296796,0.0137124504629186
infographicvqa,mqt,50,50,False,42,Trajectory Platt (5D),3.5436293182719973,2.5862672548100814,0.1909547738693467,0.0079758991077335,0.0354362931827199,0.0258626725481008
infographicvqa,mqt,50,50,False,42,VCPS-5D (Our Method),6.437792427124239,6.377919820788804,0.5879396984924623,0.0624776869246328,0.0643779242712423,0.063779198207888
infographicvqa,mqt,50,50,False,43,Naive Confidence (NC),75.50847510620953,75.50847510620952,0.7688442211055276,0.6535007745943673,0.7550847510620953,0.7550847510620952
infographicvqa,mqt,50,50,False,43,Temperature Scaling (TS),52.62594038961066,52.62594038961065,0.7688442211055276,0.2826214488671088,0.5262594038961066,0.5262594038961065
infographicvqa,mqt,50,50,False,43,Platt Scaling (1D),2.1494950190142994,1.464567287730244,0.7688442211055276,0.0051639289064518,0.0214949501901429,0.0146456728773024
infographicvqa,mqt,50,50,False,43,Trajectory Platt (5D),2.3714388924418017,1.6932430452434348,0.728643216080402,0.0054192280570068,0.023714388924418,0.0169324304524343
infographicvqa,mqt,50,50,False,43,VCPS-5D (Our Method),2.1211445542047564,1.4465267116423663,0.7638190954773869,0.0051582832577536,0.0212114455420475,0.0144652671164236
infographicvqa,mqt,50,50,False,44,Naive Confidence (NC),75.50847510620953,75.50847510620952,0.7688442211055276,0.6535007745943673,0.7550847510620953,0.7550847510620952
infographicvqa,mqt,50,50,False,44,Temperature Scaling (TS),52.62594038961066,52.62594038961065,0.7688442211055276,0.2826214488671088,0.5262594038961066,0.5262594038961065
infographicvqa,mqt,50,50,False,44,Platt Scaling (1D),2.224268409049734,1.732110814900643,0.7688442211055276,0.0054053038920382,0.0222426840904973,0.0173211081490064
infographicvqa,mqt,50,50,False,44,Trajectory Platt (5D),2.6745834757457487,1.7655849095317533,0.2462311557788944,0.0060615649314507,0.0267458347574574,0.0176558490953175
infographicvqa,mqt,50,50,False,44,VCPS-5D (Our Method),8.313006418399008,8.250261314489467,0.6231155778894473,0.0800306294691594,0.08313006418399,0.0825026131448946
infographicvqa,mqt,50,50,False,45,Naive Confidence (NC),75.50847510620953,75.50847510620952,0.7688442211055276,0.6535007745943673,0.7550847510620953,0.7550847510620952
infographicvqa,mqt,50,50,False,45,Temperature Scaling (TS),52.62594038961066,52.62594038961065,0.7688442211055276,0.2826214488671088,0.5262594038961066,0.5262594038961065
infographicvqa,mqt,50,50,False,45,Platt Scaling (1D),2.1987305201469547,1.7635090917724263,0.7688442211055276,0.0060852512643194,0.0219873052014695,0.0176350909177242
infographicvqa,mqt,50,50,False,45,Trajectory Platt (5D),1.4464145927631762,1.2860552436613943,0.9447236180904522,0.0051388887951541,0.0144641459276317,0.0128605524366139
infographicvqa,mqt,50,50,False,45,VCPS-5D (Our Method),1.8665103185716136,1.2581431659223563,0.7989949748743719,0.0059440449530751,0.0186651031857161,0.0125814316592235
infographicvqa,mqt,50,50,False,46,Naive Confidence (NC),75.50847510620953,75.50847510620952,0.7688442211055276,0.6535007745943673,0.7550847510620953,0.7550847510620952
infographicvqa,mqt,50,50,False,46,Temperature Scaling (TS),52.62594038961066,52.62594038961065,0.7688442211055276,0.2826214488671088,0.5262594038961066,0.5262594038961065
infographicvqa,mqt,50,50,False,46,Platt Scaling (1D),2.3176006579598054,1.92761634850147,0.7688442211055276,0.0058335894500545,0.023176006579598,0.0192761634850147
infographicvqa,mqt,50,50,False,46,Trajectory Platt (5D),2.5349272152525373,2.016125365917105,0.7587939698492463,0.0057516756052691,0.0253492721525253,0.020161253659171
infographicvqa,mqt,50,50,False,46,VCPS-5D (Our Method),2.63266848243954,2.228554109944016,0.7487437185929648,0.0074936267988562,0.0263266848243953,0.0222855410994401
infographicvqa,mqt,100,100,False,42,Naive Confidence (NC),75.50847510620953,75.50847510620952,0.7688442211055276,0.6535007745943673,0.7550847510620953,0.7550847510620952
infographicvqa,mqt,100,100,False,42,Temperature Scaling (TS),52.62594038961066,52.62594038961065,0.7688442211055276,0.2826214488671088,0.5262594038961066,0.5262594038961065
infographicvqa,mqt,100,100,False,42,Platt Scaling (1D),1.2557368765585415,0.4977547277937716,0.7688442211055276,0.0051382100404923,0.0125573687655854,0.0049775472779377
infographicvqa,mqt,100,100,False,42,Trajectory Platt (5D),0.9152827881916892,0.4111448605253827,0.949748743718593,0.0048940169018061,0.0091528278819168,0.0041114486052538
infographicvqa,mqt,100,100,False,42,VCPS-5D (Our Method),1.0719851957679976,0.1968648653121491,0.7989949748743719,0.0051559973520172,0.0107198519576799,0.0019686486531214
infographicvqa,mqt,100,100,False,43,Naive Confidence (NC),75.50847510620953,75.50847510620952,0.7688442211055276,0.6535007745943673,0.7550847510620953,0.7550847510620952
infographicvqa,mqt,100,100,False,43,Temperature Scaling (TS),52.62594038961066,52.62594038961065,0.7688442211055276,0.2826214488671088,0.5262594038961066,0.5262594038961065
infographicvqa,mqt,100,100,False,43,Platt Scaling (1D),1.248081239912822,0.4824350969744537,0.7688442211055276,0.005150640969951,0.0124808123991282,0.0048243509697445
infographicvqa,mqt,100,100,False,43,Trajectory Platt (5D),0.9292958195437678,0.5519112127949484,0.949748743718593,0.0049130101623797,0.0092929581954376,0.0055191121279494
infographicvqa,mqt,100,100,False,43,VCPS-5D (Our Method),1.0063828163099575,0.9898744037910752,0.8693467336683417,0.0099637436856514,0.0100638281630995,0.0098987440379107
infographicvqa,mqt,100,100,False,44,Naive Confidence (NC),75.50847510620953,75.50847510620952,0.7688442211055276,0.6535007745943673,0.7550847510620953,0.7550847510620952
infographicvqa,mqt,100,100,False,44,Temperature Scaling (TS),52.62594038961066,52.62594038961065,0.7688442211055276,0.2826214488671088,0.5262594038961066,0.5262594038961065
infographicvqa,mqt,100,100,False,44,Platt Scaling (1D),1.319464939841284,0.5625602763564171,0.7688442211055276,0.0052405963741588,0.0131946493984128,0.0056256027635641
infographicvqa,mqt,100,100,False,44,Trajectory Platt (5D),0.9114475781461808,0.5886513302466483,0.949748743718593,0.0049258883368872,0.0091144757814618,0.0058865133024664
infographicvqa,mqt,100,100,False,44,VCPS-5D (Our Method),1.045636527422809,0.9297034639838162,0.8040201005025126,0.0069882251904285,0.010456365274228,0.0092970346398381
infographicvqa,mqt,100,100,False,45,Naive Confidence (NC),75.50847510620953,75.50847510620952,0.7688442211055276,0.6535007745943673,0.7550847510620953,0.7550847510620952
infographicvqa,mqt,100,100,False,45,Temperature Scaling (TS),52.62594038961066,52.62594038961065,0.7688442211055276,0.2826214488671088,0.5262594038961066,0.5262594038961065
infographicvqa,mqt,100,100,False,45,Platt Scaling (1D),1.3351018242612778,0.573996997101331,0.7688442211055276,0.0049941502559034,0.0133510182426127,0.0057399699710133
infographicvqa,mqt,100,100,False,45,Trajectory Platt (5D),1.066866517357994,0.4908749929745681,0.9447236180904522,0.0048997435218137,0.0106686651735799,0.0049087499297456
infographicvqa,mqt,100,100,False,45,VCPS-5D (Our Method),1.326960421590408,0.5833311060795723,0.7989949748743719,0.0050002065834804,0.013269604215904,0.0058333110607957
infographicvqa,mqt,100,100,False,46,Naive Confidence (NC),75.50847510620953,75.50847510620952,0.7688442211055276,0.6535007745943673,0.7550847510620953,0.7550847510620952
infographicvqa,mqt,100,100,False,46,Temperature Scaling (TS),52.62594038961066,52.62594038961065,0.7688442211055276,0.2826214488671088,0.5262594038961066,0.5262594038961065
infographicvqa,mqt,100,100,False,46,Platt Scaling (1D),1.3916088241321338,0.6882949001223266,0.7688442211055276,0.0050849928084277,0.0139160882413213,0.0068829490012232
infographicvqa,mqt,100,100,False,46,Trajectory Platt (5D),1.655909969267668,0.9209199685428756,0.7437185929648241,0.0052078200656017,0.0165590996926766,0.0092091996854287
infographicvqa,mqt,100,100,False,46,VCPS-5D (Our Method),1.704660802126781,0.9070208075429598,0.7386934673366834,0.005592473583228,0.0170466080212678,0.0090702080754295
infographicvqa,mqt,200,200,False,42,Naive Confidence (NC),75.50847510620953,75.50847510620952,0.7688442211055276,0.6535007745943673,0.7550847510620953,0.7550847510620952
infographicvqa,mqt,200,200,False,42,Temperature Scaling (TS),52.62594038961066,52.62594038961065,0.7688442211055276,0.2826214488671088,0.5262594038961066,0.5262594038961065
infographicvqa,mqt,200,200,False,42,Platt Scaling (1D),1.136185191811616,0.3461659410626232,0.7688442211055276,0.0050507235914818,0.0113618519181161,0.0034616594106262
infographicvqa,mqt,200,200,False,42,Trajectory Platt (5D),1.1741283268929692,0.5057278846652479,0.9246231155778896,0.0049611234353162,0.0117412832689296,0.0050572788466524
infographicvqa,mqt,200,200,False,42,VCPS-5D (Our Method),1.1075994352384642,0.2845523036509456,0.778894472361809,0.0051078329020848,0.0110759943523846,0.0028455230365094
infographicvqa,mqt,200,200,False,43,Naive Confidence (NC),75.50847510620953,75.50847510620952,0.7688442211055276,0.6535007745943673,0.7550847510620953,0.7550847510620952
infographicvqa,mqt,200,200,False,43,Temperature Scaling (TS),52.62594038961066,52.62594038961065,0.7688442211055276,0.2826214488671088,0.5262594038961066,0.5262594038961065
infographicvqa,mqt,200,200,False,43,Platt Scaling (1D),1.3119697493698097,0.5768431538991193,0.7688442211055276,0.0050341293288687,0.013119697493698,0.0057684315389911
infographicvqa,mqt,200,200,False,43,Trajectory Platt (5D),1.273429131884768,0.6086112249686266,0.9195979899497488,0.0049638847110675,0.0127342913188476,0.0060861122496862
infographicvqa,mqt,200,200,False,43,VCPS-5D (Our Method),1.3106764427415225,0.584476019416381,0.7989949748743719,0.0050631254143244,0.0131067644274152,0.0058447601941638
infographicvqa,mqt,200,200,False,44,Naive Confidence (NC),75.50847510620953,75.50847510620952,0.7688442211055276,0.6535007745943673,0.7550847510620953,0.7550847510620952
infographicvqa,mqt,200,200,False,44,Temperature Scaling (TS),52.62594038961066,52.62594038961065,0.7688442211055276,0.2826214488671088,0.5262594038961066,0.5262594038961065
infographicvqa,mqt,200,200,False,44,Platt Scaling (1D),1.3278513912780752,0.5767279366614172,0.7688442211055276,0.0050034370979101,0.0132785139127807,0.0057672793666141
infographicvqa,mqt,200,200,False,44,Trajectory Platt (5D),1.4200760743697176,0.6164082487230189,0.7989949748743719,0.0050701380140712,0.0142007607436971,0.0061640824872301
infographicvqa,mqt,200,200,False,44,VCPS-5D (Our Method),1.3355501174576556,0.6035273129615606,0.7487437185929648,0.005032936515364,0.0133555011745765,0.0060352731296156
infographicvqa,mqt,200,200,False,45,Naive Confidence (NC),75.50847510620953,75.50847510620952,0.7688442211055276,0.6535007745943673,0.7550847510620953,0.7550847510620952
infographicvqa,mqt,200,200,False,45,Temperature Scaling (TS),52.62594038961066,52.62594038961065,0.7688442211055276,0.2826214488671088,0.5262594038961066,0.5262594038961065
infographicvqa,mqt,200,200,False,45,Platt Scaling (1D),0.907041929079087,0.0228094196191357,0.7688442211055276,0.0049535250169896,0.0090704192907908,0.0002280941961913
infographicvqa,mqt,200,200,False,45,Trajectory Platt (5D),0.773089184309356,0.005111884442158,0.9447236180904522,0.0049049696254159,0.0077308918430935,5.111884442158057e-05
infographicvqa,mqt,200,200,False,45,VCPS-5D (Our Method),0.9029067073785604,0.0272288083430371,0.7839195979899498,0.0049515585424287,0.0090290670737856,0.0002722880834303
infographicvqa,mqt,200,200,False,46,Naive Confidence (NC),75.50847510620953,75.50847510620952,0.7688442211055276,0.6535007745943673,0.7550847510620953,0.7550847510620952
infographicvqa,mqt,200,200,False,46,Temperature Scaling (TS),52.62594038961066,52.62594038961065,0.7688442211055276,0.2826214488671088,0.5262594038961066,0.5262594038961065
infographicvqa,mqt,200,200,False,46,Platt Scaling (1D),0.9228725375199028,0.0624643144336877,0.7688442211055276,0.0049627537989843,0.009228725375199,0.0006246431443368
infographicvqa,mqt,200,200,False,46,Trajectory Platt (5D),1.005896749193198,0.1215085072763031,0.7437185929648241,0.0049901148389497,0.0100589674919319,0.001215085072763
infographicvqa,mqt,200,200,False,46,VCPS-5D (Our Method),0.976114354289275,0.0777868540022513,0.728643216080402,0.0050025015995846,0.0097611435428927,0.0007778685400225
infographicvqa,mqt,500,500,False,42,Naive Confidence (NC),75.50847510620953,75.50847510620952,0.7688442211055276,0.6535007745943673,0.7550847510620953,0.7550847510620952
infographicvqa,mqt,500,500,False,42,Temperature Scaling (TS),52.62594038961066,52.62594038961065,0.7688442211055276,0.2826214488671088,0.5262594038961066,0.5262594038961065
infographicvqa,mqt,500,500,False,42,Platt Scaling (1D),1.1160984567962278,0.3138544727792679,0.7688442211055276,0.0049783755095725,0.0111609845679622,0.0031385447277926
infographicvqa,mqt,500,500,False,42,Trajectory Platt (5D),1.18468591398414,0.3470124314990244,0.7537688442211055,0.0050112501059209,0.0118468591398414,0.0034701243149902
infographicvqa,mqt,500,500,False,42,VCPS-5D (Our Method),1.1124943757532575,0.3144924850734852,0.7537688442211055,0.0049872373061829,0.0111249437575325,0.0031449248507348
infographicvqa,mqt,500,500,False,43,Naive Confidence (NC),75.50847510620953,75.50847510620952,0.7688442211055276,0.6535007745943673,0.7550847510620953,0.7550847510620952
infographicvqa,mqt,500,500,False,43,Temperature Scaling (TS),52.62594038961066,52.62594038961065,0.7688442211055276,0.2826214488671088,0.5262594038961066,0.5262594038961065
infographicvqa,mqt,500,500,False,43,Platt Scaling (1D),1.154811880788864,0.3707355703070124,0.7688442211055276,0.0049974816739456,0.0115481188078886,0.0037073557030701
infographicvqa,mqt,500,500,False,43,Trajectory Platt (5D),1.1009009867921122,0.403917494790221,0.9246231155778896,0.0049664561579974,0.0110090098679211,0.0040391749479022
infographicvqa,mqt,500,500,False,43,VCPS-5D (Our Method),1.1567145933406786,0.3788359336485911,0.778894472361809,0.005005062395619,0.0115671459334067,0.0037883593364859
infographicvqa,mqt,500,500,False,44,Naive Confidence (NC),75.50847510620953,75.50847510620952,0.7688442211055276,0.6535007745943673,0.7550847510620953,0.7550847510620952
infographicvqa,mqt,500,500,False,44,Temperature Scaling (TS),52.62594038961066,52.62594038961065,0.7688442211055276,0.2826214488671088,0.5262594038961066,0.5262594038961065
infographicvqa,mqt,500,500,False,44,Platt Scaling (1D),1.1520660022442406,0.3660281684080452,0.7688442211055276,0.0049940199201634,0.0115206600224424,0.0036602816840804
infographicvqa,mqt,500,500,False,44,Trajectory Platt (5D),1.1293352506290832,0.4562805890273013,0.9246231155778896,0.0049880246663093,0.0112933525062908,0.004562805890273
infographicvqa,mqt,500,500,False,44,VCPS-5D (Our Method),1.1537958529289765,0.3750404666808513,0.7688442211055276,0.0050012673850217,0.0115379585292897,0.0037504046668085
infographicvqa,mqt,500,500,False,45,Naive Confidence (NC),75.50847510620953,75.50847510620952,0.7688442211055276,0.6535007745943673,0.7550847510620953,0.7550847510620952
infographicvqa,mqt,500,500,False,45,Temperature Scaling (TS),52.62594038961066,52.62594038961065,0.7688442211055276,0.2826214488671088,0.5262594038961066,0.5262594038961065
infographicvqa,mqt,500,500,False,45,Platt Scaling (1D),1.155741257771364,0.3471843395464277,0.7688442211055276,0.0049678338465302,0.0115574125777136,0.0034718433954642
infographicvqa,mqt,500,500,False,45,Trajectory Platt (5D),1.0832491255714558,0.3233617729856632,0.9246231155778896,0.0049063639415423,0.0108324912557145,0.0032336177298566
infographicvqa,mqt,500,500,False,45,VCPS-5D (Our Method),1.1525891957668912,0.3457681027751211,0.7738693467336684,0.0049668770072306,0.0115258919576689,0.0034576810277512
infographicvqa,mqt,500,500,False,46,Naive Confidence (NC),75.50847510620953,75.50847510620952,0.7688442211055276,0.6535007745943673,0.7550847510620953,0.7550847510620952
infographicvqa,mqt,500,500,False,46,Temperature Scaling (TS),52.62594038961066,52.62594038961065,0.7688442211055276,0.2826214488671088,0.5262594038961066,0.5262594038961065
infographicvqa,mqt,500,500,False,46,Platt Scaling (1D),1.1696040439604611,0.3407665665974639,0.7688442211055276,0.004962310605071,0.0116960404396046,0.0034076656659746
infographicvqa,mqt,500,500,False,46,Trajectory Platt (5D),1.218613461998757,0.3458636574796401,0.6733668341708543,0.0049925273168455,0.0121861346199875,0.0034586365747964
infographicvqa,mqt,500,500,False,46,VCPS-5D (Our Method),1.1681164683382603,0.3428820785743173,0.7537688442211055,0.0049639896329932,0.0116811646833826,0.0034288207857431
infographicvqa,mqt,1000,800,True,42,Naive Confidence (NC),75.50847510620953,75.50847510620952,0.7688442211055276,0.6535007745943673,0.7550847510620953,0.7550847510620952
infographicvqa,mqt,1000,800,True,42,Temperature Scaling (TS),52.62594038961066,52.62594038961065,0.7688442211055276,0.2826214488671088,0.5262594038961066,0.5262594038961065
infographicvqa,mqt,1000,800,True,42,Platt Scaling (1D),1.1062767992217892,0.2848813627116738,0.7688442211055276,0.0049631737000122,0.0110627679922178,0.0028488136271167
infographicvqa,mqt,1000,800,True,42,Trajectory Platt (5D),1.0796625194343508,0.297522024178761,0.9296482412060302,0.0049189314396497,0.0107966251943435,0.0029752202417876
infographicvqa,mqt,1000,800,True,42,VCPS-5D (Our Method),1.1037922303925458,0.2850295459565407,0.7688442211055276,0.004963368581226,0.0110379223039254,0.0028502954595654
infographicvqa,mqt,1000,800,True,43,Naive Confidence (NC),75.50847510620953,75.50847510620952,0.7688442211055276,0.6535007745943673,0.7550847510620953,0.7550847510620952
infographicvqa,mqt,1000,800,True,43,Temperature Scaling (TS),52.62594038961066,52.62594038961065,0.7688442211055276,0.2826214488671088,0.5262594038961066,0.5262594038961065
infographicvqa,mqt,1000,800,True,43,Platt Scaling (1D),1.1062767992217892,0.2848813627116738,0.7688442211055276,0.0049631737000122,0.0110627679922178,0.0028488136271167
infographicvqa,mqt,1000,800,True,43,Trajectory Platt (5D),1.0796625194343508,0.297522024178761,0.9296482412060302,0.0049189314396497,0.0107966251943435,0.0029752202417876
infographicvqa,mqt,1000,800,True,43,VCPS-5D (Our Method),1.1037922303925458,0.2850295459565407,0.7688442211055276,0.004963368581226,0.0110379223039254,0.0028502954595654
infographicvqa,mqt,1000,800,True,44,Naive Confidence (NC),75.50847510620953,75.50847510620952,0.7688442211055276,0.6535007745943673,0.7550847510620953,0.7550847510620952
infographicvqa,mqt,1000,800,True,44,Temperature Scaling (TS),52.62594038961066,52.62594038961065,0.7688442211055276,0.2826214488671088,0.5262594038961066,0.5262594038961065
infographicvqa,mqt,1000,800,True,44,Platt Scaling (1D),1.1062767992217892,0.2848813627116738,0.7688442211055276,0.0049631737000122,0.0110627679922178,0.0028488136271167
infographicvqa,mqt,1000,800,True,44,Trajectory Platt (5D),1.0796625194343508,0.297522024178761,0.9296482412060302,0.0049189314396497,0.0107966251943435,0.0029752202417876
infographicvqa,mqt,1000,800,True,44,VCPS-5D (Our Method),1.1037922303925458,0.2850295459565407,0.7688442211055276,0.004963368581226,0.0110379223039254,0.0028502954595654
infographicvqa,mqt,1000,800,True,45,Naive Confidence (NC),75.50847510620953,75.50847510620952,0.7688442211055276,0.6535007745943673,0.7550847510620953,0.7550847510620952
infographicvqa,mqt,1000,800,True,45,Temperature Scaling (TS),52.62594038961066,52.62594038961065,0.7688442211055276,0.2826214488671088,0.5262594038961066,0.5262594038961065
infographicvqa,mqt,1000,800,True,45,Platt Scaling (1D),1.1062767992217892,0.2848813627116738,0.7688442211055276,0.0049631737000122,0.0110627679922178,0.0028488136271167
infographicvqa,mqt,1000,800,True,45,Trajectory Platt (5D),1.0796625194343508,0.297522024178761,0.9296482412060302,0.0049189314396497,0.0107966251943435,0.0029752202417876
infographicvqa,mqt,1000,800,True,45,VCPS-5D (Our Method),1.1037922303925458,0.2850295459565407,0.7688442211055276,0.004963368581226,0.0110379223039254,0.0028502954595654
infographicvqa,mqt,1000,800,True,46,Naive Confidence (NC),75.50847510620953,75.50847510620952,0.7688442211055276,0.6535007745943673,0.7550847510620953,0.7550847510620952
infographicvqa,mqt,1000,800,True,46,Temperature Scaling (TS),52.62594038961066,52.62594038961065,0.7688442211055276,0.2826214488671088,0.5262594038961066,0.5262594038961065
infographicvqa,mqt,1000,800,True,46,Platt Scaling (1D),1.1062767992217892,0.2848813627116738,0.7688442211055276,0.0049631737000122,0.0110627679922178,0.0028488136271167
infographicvqa,mqt,1000,800,True,46,Trajectory Platt (5D),1.0796625194343508,0.297522024178761,0.9296482412060302,0.0049189314396497,0.0107966251943435,0.0029752202417876
infographicvqa,mqt,1000,800,True,46,VCPS-5D (Our Method),1.1037922303925458,0.2850295459565407,0.7688442211055276,0.004963368581226,0.0110379223039254,0.0028502954595654
infographicvqa,mqt,1500,800,True,42,Naive Confidence (NC),75.50847510620953,75.50847510620952,0.7688442211055276,0.6535007745943673,0.7550847510620953,0.7550847510620952
infographicvqa,mqt,1500,800,True,42,Temperature Scaling (TS),52.62594038961066,52.62594038961065,0.7688442211055276,0.2826214488671088,0.5262594038961066,0.5262594038961065
infographicvqa,mqt,1500,800,True,42,Platt Scaling (1D),1.1062767992217892,0.2848813627116738,0.7688442211055276,0.0049631737000122,0.0110627679922178,0.0028488136271167
infographicvqa,mqt,1500,800,True,42,Trajectory Platt (5D),1.0796625194343508,0.297522024178761,0.9296482412060302,0.0049189314396497,0.0107966251943435,0.0029752202417876
infographicvqa,mqt,1500,800,True,42,VCPS-5D (Our Method),1.1037922303925458,0.2850295459565407,0.7688442211055276,0.004963368581226,0.0110379223039254,0.0028502954595654
infographicvqa,mqt,1500,800,True,43,Naive Confidence (NC),75.50847510620953,75.50847510620952,0.7688442211055276,0.6535007745943673,0.7550847510620953,0.7550847510620952
infographicvqa,mqt,1500,800,True,43,Temperature Scaling (TS),52.62594038961066,52.62594038961065,0.7688442211055276,0.2826214488671088,0.5262594038961066,0.5262594038961065
infographicvqa,mqt,1500,800,True,43,Platt Scaling (1D),1.1062767992217892,0.2848813627116738,0.7688442211055276,0.0049631737000122,0.0110627679922178,0.0028488136271167
infographicvqa,mqt,1500,800,True,43,Trajectory Platt (5D),1.0796625194343508,0.297522024178761,0.9296482412060302,0.0049189314396497,0.0107966251943435,0.0029752202417876
infographicvqa,mqt,1500,800,True,43,VCPS-5D (Our Method),1.1037922303925458,0.2850295459565407,0.7688442211055276,0.004963368581226,0.0110379223039254,0.0028502954595654
infographicvqa,mqt,1500,800,True,44,Naive Confidence (NC),75.50847510620953,75.50847510620952,0.7688442211055276,0.6535007745943673,0.7550847510620953,0.7550847510620952
infographicvqa,mqt,1500,800,True,44,Temperature Scaling (TS),52.62594038961066,52.62594038961065,0.7688442211055276,0.2826214488671088,0.5262594038961066,0.5262594038961065
infographicvqa,mqt,1500,800,True,44,Platt Scaling (1D),1.1062767992217892,0.2848813627116738,0.7688442211055276,0.0049631737000122,0.0110627679922178,0.0028488136271167
infographicvqa,mqt,1500,800,True,44,Trajectory Platt (5D),1.0796625194343508,0.297522024178761,0.9296482412060302,0.0049189314396497,0.0107966251943435,0.0029752202417876
infographicvqa,mqt,1500,800,True,44,VCPS-5D (Our Method),1.1037922303925458,0.2850295459565407,0.7688442211055276,0.004963368581226,0.0110379223039254,0.0028502954595654
infographicvqa,mqt,1500,800,True,45,Naive Confidence (NC),75.50847510620953,75.50847510620952,0.7688442211055276,0.6535007745943673,0.7550847510620953,0.7550847510620952
infographicvqa,mqt,1500,800,True,45,Temperature Scaling (TS),52.62594038961066,52.62594038961065,0.7688442211055276,0.2826214488671088,0.5262594038961066,0.5262594038961065
infographicvqa,mqt,1500,800,True,45,Platt Scaling (1D),1.1062767992217892,0.2848813627116738,0.7688442211055276,0.0049631737000122,0.0110627679922178,0.0028488136271167
infographicvqa,mqt,1500,800,True,45,Trajectory Platt (5D),1.0796625194343508,0.297522024178761,0.9296482412060302,0.0049189314396497,0.0107966251943435,0.0029752202417876
infographicvqa,mqt,1500,800,True,45,VCPS-5D (Our Method),1.1037922303925458,0.2850295459565407,0.7688442211055276,0.004963368581226,0.0110379223039254,0.0028502954595654
infographicvqa,mqt,1500,800,True,46,Naive Confidence (NC),75.50847510620953,75.50847510620952,0.7688442211055276,0.6535007745943673,0.7550847510620953,0.7550847510620952
infographicvqa,mqt,1500,800,True,46,Temperature Scaling (TS),52.62594038961066,52.62594038961065,0.7688442211055276,0.2826214488671088,0.5262594038961066,0.5262594038961065
infographicvqa,mqt,1500,800,True,46,Platt Scaling (1D),1.1062767992217892,0.2848813627116738,0.7688442211055276,0.0049631737000122,0.0110627679922178,0.0028488136271167
infographicvqa,mqt,1500,800,True,46,Trajectory Platt (5D),1.0796625194343508,0.297522024178761,0.9296482412060302,0.0049189314396497,0.0107966251943435,0.0029752202417876
infographicvqa,mqt,1500,800,True,46,VCPS-5D (Our Method),1.1037922303925458,0.2850295459565407,0.7688442211055276,0.004963368581226,0.0110379223039254,0.0028502954595654
infographicvqa,mqt,Full,800,True,42,Naive Confidence (NC),75.50847510620953,75.50847510620952,0.7688442211055276,0.6535007745943673,0.7550847510620953,0.7550847510620952
infographicvqa,mqt,Full,800,True,42,Temperature Scaling (TS),52.62594038961066,52.62594038961065,0.7688442211055276,0.2826214488671088,0.5262594038961066,0.5262594038961065
infographicvqa,mqt,Full,800,True,42,Platt Scaling (1D),1.1062767992217892,0.2848813627116738,0.7688442211055276,0.0049631737000122,0.0110627679922178,0.0028488136271167
infographicvqa,mqt,Full,800,True,42,Trajectory Platt (5D),1.0796625194343508,0.297522024178761,0.9296482412060302,0.0049189314396497,0.0107966251943435,0.0029752202417876
infographicvqa,mqt,Full,800,True,42,VCPS-5D (Our Method),1.1037922303925458,0.2850295459565407,0.7688442211055276,0.004963368581226,0.0110379223039254,0.0028502954595654
infographicvqa,mqt,Full,800,True,43,Naive Confidence (NC),75.50847510620953,75.50847510620952,0.7688442211055276,0.6535007745943673,0.7550847510620953,0.7550847510620952
infographicvqa,mqt,Full,800,True,43,Temperature Scaling (TS),52.62594038961066,52.62594038961065,0.7688442211055276,0.2826214488671088,0.5262594038961066,0.5262594038961065
infographicvqa,mqt,Full,800,True,43,Platt Scaling (1D),1.1062767992217892,0.2848813627116738,0.7688442211055276,0.0049631737000122,0.0110627679922178,0.0028488136271167
infographicvqa,mqt,Full,800,True,43,Trajectory Platt (5D),1.0796625194343508,0.297522024178761,0.9296482412060302,0.0049189314396497,0.0107966251943435,0.0029752202417876
infographicvqa,mqt,Full,800,True,43,VCPS-5D (Our Method),1.1037922303925458,0.2850295459565407,0.7688442211055276,0.004963368581226,0.0110379223039254,0.0028502954595654
infographicvqa,mqt,Full,800,True,44,Naive Confidence (NC),75.50847510620953,75.50847510620952,0.7688442211055276,0.6535007745943673,0.7550847510620953,0.7550847510620952
infographicvqa,mqt,Full,800,True,44,Temperature Scaling (TS),52.62594038961066,52.62594038961065,0.7688442211055276,0.2826214488671088,0.5262594038961066,0.5262594038961065
infographicvqa,mqt,Full,800,True,44,Platt Scaling (1D),1.1062767992217892,0.2848813627116738,0.7688442211055276,0.0049631737000122,0.0110627679922178,0.0028488136271167
infographicvqa,mqt,Full,800,True,44,Trajectory Platt (5D),1.0796625194343508,0.297522024178761,0.9296482412060302,0.0049189314396497,0.0107966251943435,0.0029752202417876
infographicvqa,mqt,Full,800,True,44,VCPS-5D (Our Method),1.1037922303925458,0.2850295459565407,0.7688442211055276,0.004963368581226,0.0110379223039254,0.0028502954595654
infographicvqa,mqt,Full,800,True,45,Naive Confidence (NC),75.50847510620953,75.50847510620952,0.7688442211055276,0.6535007745943673,0.7550847510620953,0.7550847510620952
infographicvqa,mqt,Full,800,True,45,Temperature Scaling (TS),52.62594038961066,52.62594038961065,0.7688442211055276,0.2826214488671088,0.5262594038961066,0.5262594038961065
infographicvqa,mqt,Full,800,True,45,Platt Scaling (1D),1.1062767992217892,0.2848813627116738,0.7688442211055276,0.0049631737000122,0.0110627679922178,0.0028488136271167
infographicvqa,mqt,Full,800,True,45,Trajectory Platt (5D),1.0796625194343508,0.297522024178761,0.9296482412060302,0.0049189314396497,0.0107966251943435,0.0029752202417876
infographicvqa,mqt,Full,800,True,45,VCPS-5D (Our Method),1.1037922303925458,0.2850295459565407,0.7688442211055276,0.004963368581226,0.0110379223039254,0.0028502954595654
infographicvqa,mqt,Full,800,True,46,Naive Confidence (NC),75.50847510620953,75.50847510620952,0.7688442211055276,0.6535007745943673,0.7550847510620953,0.7550847510620952
infographicvqa,mqt,Full,800,True,46,Temperature Scaling (TS),52.62594038961066,52.62594038961065,0.7688442211055276,0.2826214488671088,0.5262594038961066,0.5262594038961065
infographicvqa,mqt,Full,800,True,46,Platt Scaling (1D),1.1062767992217892,0.2848813627116738,0.7688442211055276,0.0049631737000122,0.0110627679922178,0.0028488136271167
infographicvqa,mqt,Full,800,True,46,Trajectory Platt (5D),1.0796625194343508,0.297522024178761,0.9296482412060302,0.0049189314396497,0.0107966251943435,0.0029752202417876
infographicvqa,mqt,Full,800,True,46,VCPS-5D (Our Method),1.1037922303925458,0.2850295459565407,0.7688442211055276,0.004963368581226,0.0110379223039254,0.0028502954595654
lego-puzzles,mqt,50,50,False,42,Naive Confidence (NC),33.79690906405449,34.59967818856239,0.5097031963470319,0.3474465793224569,0.3379690906405448,0.3459967818856239
lego-puzzles,mqt,50,50,False,42,Temperature Scaling (TS),23.68164501928984,23.68164501928984,0.5097031963470319,0.2538740331744304,0.2368164501928984,0.2368164501928984
lego-puzzles,mqt,50,50,False,42,Platt Scaling (1D),12.209240028980712,12.790246263743253,0.490296803652968,0.1982383578230315,0.1220924002898071,0.1279024626374325
lego-puzzles,mqt,50,50,False,42,Trajectory Platt (5D),14.43222428113222,7.7713771387934685,0.5247970573313039,0.2082709424223292,0.1443222428113222,0.0777137713879346
lego-puzzles,mqt,50,50,False,42,VCPS-5D (Our Method),8.626288476988238,4.816724559125141,0.6148528665651953,0.1966588703145604,0.0862628847698823,0.0481672455912514
lego-puzzles,mqt,50,50,False,43,Naive Confidence (NC),33.79690906405449,34.59967818856239,0.5097031963470319,0.3474465793224569,0.3379690906405448,0.3459967818856239
lego-puzzles,mqt,50,50,False,43,Temperature Scaling (TS),23.68164501928984,23.68164501928984,0.5097031963470319,0.2538740331744304,0.2368164501928984,0.2368164501928984
lego-puzzles,mqt,50,50,False,43,Platt Scaling (1D),13.116569559265145,7.426259469008056,0.5097031963470319,0.2008293685538733,0.1311656955926514,0.0742625946900805
lego-puzzles,mqt,50,50,False,43,Trajectory Platt (5D),13.0663488432765,8.002839647233486,0.5664003044140031,0.201146763626916,0.130663488432765,0.0800283964723348
lego-puzzles,mqt,50,50,False,43,VCPS-5D (Our Method),14.413442011689565,7.864697003372428,0.5187087772704211,0.2021473861876588,0.1441344201168956,0.0786469700337242
lego-puzzles,mqt,50,50,False,44,Naive Confidence (NC),33.79690906405449,34.59967818856239,0.5097031963470319,0.3474465793224569,0.3379690906405448,0.3459967818856239
lego-puzzles,mqt,50,50,False,44,Temperature Scaling (TS),23.68164501928984,23.68164501928984,0.5097031963470319,0.2538740331744304,0.2368164501928984,0.2368164501928984
lego-puzzles,mqt,50,50,False,44,Platt Scaling (1D),14.279397051836495,10.204932714678485,0.5097031963470319,0.2096787905039574,0.1427939705183649,0.1020493271467848
lego-puzzles,mqt,50,50,False,44,Trajectory Platt (5D),16.202673379331824,13.746995847672224,0.5865677321156775,0.2185381118193317,0.1620267337933182,0.1374699584767222
lego-puzzles,mqt,50,50,False,44,VCPS-5D (Our Method),16.421055187555062,16.553933702722492,0.5733764586504313,0.2184475522506849,0.1642105518755506,0.1655393370272249
lego-puzzles,mqt,50,50,False,45,Naive Confidence (NC),33.79690906405449,34.59967818856239,0.5097031963470319,0.3474465793224569,0.3379690906405448,0.3459967818856239
lego-puzzles,mqt,50,50,False,45,Temperature Scaling (TS),23.68164501928984,23.68164501928984,0.5097031963470319,0.2538740331744304,0.2368164501928984,0.2368164501928984
lego-puzzles,mqt,50,50,False,45,Platt Scaling (1D),13.36743657507351,5.601089613418631,0.5097031963470319,0.2029514200096062,0.1336743657507351,0.0560108961341863
lego-puzzles,mqt,50,50,False,45,Trajectory Platt (5D),11.6922518145293,10.954248515889049,0.579464738711314,0.2026449987121131,0.1169225181452929,0.1095424851588904
lego-puzzles,mqt,50,50,False,45,VCPS-5D (Our Method),11.104055009122316,9.350970850706426,0.5528285134449519,0.2017605900708231,0.1110405500912231,0.0935097085070642
lego-puzzles,mqt,50,50,False,46,Naive Confidence (NC),33.79690906405449,34.59967818856239,0.5097031963470319,0.3474465793224569,0.3379690906405448,0.3459967818856239
lego-puzzles,mqt,50,50,False,46,Temperature Scaling (TS),23.68164501928984,23.68164501928984,0.5097031963470319,0.2538740331744304,0.2368164501928984,0.2368164501928984
lego-puzzles,mqt,50,50,False,46,Platt Scaling (1D),12.534745216856605,0.972483619118421,0.490296803652968,0.1969541302364492,0.125347452168566,0.0097248361911842
lego-puzzles,mqt,50,50,False,46,Trajectory Platt (5D),10.264253360219302,7.601780553348362,0.6194190766108574,0.1928943049704685,0.102642533602193,0.0760178055334836
lego-puzzles,mqt,50,50,False,46,VCPS-5D (Our Method),9.424408912351348,3.0072851574900272,0.6208143074581431,0.1951253378685682,0.0942440891235134,0.0300728515749002
lego-puzzles,mqt,100,100,False,42,Naive Confidence (NC),33.79690906405449,34.59967818856239,0.5097031963470319,0.3474465793224569,0.3379690906405448,0.3459967818856239
lego-puzzles,mqt,100,100,False,42,Temperature Scaling (TS),23.68164501928984,23.68164501928984,0.5097031963470319,0.2538740331744304,0.2368164501928984,0.2368164501928984
lego-puzzles,mqt,100,100,False,42,Platt Scaling (1D),12.035053423413194,6.4733487078828205,0.490296803652968,0.1965918765727003,0.1203505342341319,0.0647334870788282
lego-puzzles,mqt,100,100,False,42,Trajectory Platt (5D),9.669706553220747,4.960680425167082,0.5554921359715881,0.1944694316178236,0.0966970655322074,0.0496068042516708
lego-puzzles,mqt,100,100,False,42,VCPS-5D (Our Method),8.133654754522402,4.449142613332969,0.5957001522070016,0.1958009278104632,0.081336547545224,0.0444914261333296
lego-puzzles,mqt,100,100,False,43,Naive Confidence (NC),33.79690906405449,34.59967818856239,0.5097031963470319,0.3474465793224569,0.3379690906405448,0.3459967818856239
lego-puzzles,mqt,100,100,False,43,Temperature Scaling (TS),23.68164501928984,23.68164501928984,0.5097031963470319,0.2538740331744304,0.2368164501928984,0.2368164501928984
lego-puzzles,mqt,100,100,False,43,Platt Scaling (1D),12.732578551962709,1.4961897119110192,0.5097031963470319,0.1988592048328277,0.1273257855196271,0.0149618971191101
lego-puzzles,mqt,100,100,False,43,Trajectory Platt (5D),14.961502783000473,12.666026540100578,0.5864408929477423,0.1986670388626399,0.1496150278300047,0.1266602654010057
lego-puzzles,mqt,100,100,False,43,VCPS-5D (Our Method),9.799191125768008,5.8787314470697964,0.5296169457128361,0.198380350765418,0.09799191125768,0.0587873144706979
lego-puzzles,mqt,100,100,False,44,Naive Confidence (NC),33.79690906405449,34.59967818856239,0.5097031963470319,0.3474465793224569,0.3379690906405448,0.3459967818856239
lego-puzzles,mqt,100,100,False,44,Temperature Scaling (TS),23.68164501928984,23.68164501928984,0.5097031963470319,0.2538740331744304,0.2368164501928984,0.2368164501928984
lego-puzzles,mqt,100,100,False,44,Platt Scaling (1D),14.340087455289051,14.98558566911157,0.5097031963470319,0.208838786127792,0.1434008745528905,0.1498558566911157
lego-puzzles,mqt,100,100,False,44,Trajectory Platt (5D),14.664740029722454,16.286782864481207,0.5802257737189245,0.2175264977065299,0.1466474002972245,0.162867828644812
lego-puzzles,mqt,100,100,False,44,VCPS-5D (Our Method),10.067930131171885,13.695379392973424,0.5515601217656012,0.2082899022448324,0.1006793013117188,0.1369537939297342
lego-puzzles,mqt,100,100,False,45,Naive Confidence (NC),33.79690906405449,34.59967818856239,0.5097031963470319,0.3474465793224569,0.3379690906405448,0.3459967818856239
lego-puzzles,mqt,100,100,False,45,Temperature Scaling (TS),23.68164501928984,23.68164501928984,0.5097031963470319,0.2538740331744304,0.2368164501928984,0.2368164501928984
lego-puzzles,mqt,100,100,False,45,Platt Scaling (1D),12.145638360113487,0.0071332841946103,0.5097031963470319,0.1971656724089048,0.1214563836011348,7.133284194610345e-05
lego-puzzles,mqt,100,100,False,45,Trajectory Platt (5D),9.67087436222937,8.171928738593124,0.5528285134449518,0.2015306246650169,0.0967087436222937,0.0817192873859312
lego-puzzles,mqt,100,100,False,45,VCPS-5D (Our Method),8.042567153415089,0.6938984139199159,0.5884703196347032,0.1957650452205523,0.0804256715341509,0.0069389841391991
lego-puzzles,mqt,100,100,False,46,Naive Confidence (NC),33.79690906405449,34.59967818856239,0.5097031963470319,0.3474465793224569,0.3379690906405448,0.3459967818856239
lego-puzzles,mqt,100,100,False,46,Temperature Scaling (TS),23.68164501928984,23.68164501928984,0.5097031963470319,0.2538740331744304,0.2368164501928984,0.2368164501928984
lego-puzzles,mqt,100,100,False,46,Platt Scaling (1D),11.88508330346156,7.825995006641834,0.490296803652968,0.196631552119977,0.1188508330346155,0.0782599500664183
lego-puzzles,mqt,100,100,False,46,Trajectory Platt (5D),6.119556352496147,5.20006065070629,0.6208143074581431,0.191559729356091,0.0611955635249614,0.0520006065070629
lego-puzzles,mqt,100,100,False,46,VCPS-5D (Our Method),9.74312179230522,4.466793730618108,0.6211948249619482,0.1949840895615143,0.0974312179230522,0.044667937306181
lego-puzzles,mqt,200,200,False,42,Naive Confidence (NC),33.79690906405449,34.59967818856239,0.5097031963470319,0.3474465793224569,0.3379690906405448,0.3459967818856239
lego-puzzles,mqt,200,200,False,42,Temperature Scaling (TS),23.68164501928984,23.68164501928984,0.5097031963470319,0.2538740331744304,0.2368164501928984,0.2368164501928984
lego-puzzles,mqt,200,200,False,42,Platt Scaling (1D),12.229889215509235,4.821255364727026,0.490296803652968,0.1966282705832969,0.1222988921550923,0.0482125536472702
lego-puzzles,mqt,200,200,False,42,Trajectory Platt (5D),7.997245699167253,5.329986989498136,0.5559994926433283,0.1957990007021236,0.0799724569916725,0.0532998698949813
lego-puzzles,mqt,200,200,False,42,VCPS-5D (Our Method),10.845635320338909,3.743727451178117,0.5907534246575343,0.1961226819786268,0.108456353203389,0.0374372745117811
lego-puzzles,mqt,200,200,False,43,Naive Confidence (NC),33.79690906405449,34.59967818856239,0.5097031963470319,0.3474465793224569,0.3379690906405448,0.3459967818856239
lego-puzzles,mqt,200,200,False,43,Temperature Scaling (TS),23.68164501928984,23.68164501928984,0.5097031963470319,0.2538740331744304,0.2368164501928984,0.2368164501928984
lego-puzzles,mqt,200,200,False,43,Platt Scaling (1D),12.321257333197686,0.7504039879970725,0.5097031963470319,0.1975557389102765,0.1232125733319768,0.0075040398799707
lego-puzzles,mqt,200,200,False,43,Trajectory Platt (5D),9.967377185821531,7.691728100180629,0.5955733130390664,0.1954344783972496,0.0996737718582153,0.0769172810018063
lego-puzzles,mqt,200,200,False,43,VCPS-5D (Our Method),6.977722842824524,5.020842920059171,0.6083840690005073,0.1958628948991307,0.0697772284282452,0.0502084292005917
lego-puzzles,mqt,200,200,False,44,Naive Confidence (NC),33.79690906405449,34.59967818856239,0.5097031963470319,0.3474465793224569,0.3379690906405448,0.3459967818856239
lego-puzzles,mqt,200,200,False,44,Temperature Scaling (TS),23.68164501928984,23.68164501928984,0.5097031963470319,0.2538740331744304,0.2368164501928984,0.2368164501928984
lego-puzzles,mqt,200,200,False,44,Platt Scaling (1D),13.076632481937905,6.829247076907412,0.5097031963470319,0.2003820595721674,0.130766324819379,0.0682924707690741
lego-puzzles,mqt,200,200,False,44,Trajectory Platt (5D),8.359591878950596,9.044215209782124,0.5959538305428717,0.1972747840443364,0.0835959187895059,0.0904421520978212
lego-puzzles,mqt,200,200,False,44,VCPS-5D (Our Method),9.716069942866453,6.168552725871409,0.529363267376966,0.1982707490809576,0.0971606994286645,0.061685527258714
lego-puzzles,mqt,200,200,False,45,Naive Confidence (NC),33.79690906405449,34.59967818856239,0.5097031963470319,0.3474465793224569,0.3379690906405448,0.3459967818856239
lego-puzzles,mqt,200,200,False,45,Temperature Scaling (TS),23.68164501928984,23.68164501928984,0.5097031963470319,0.2538740331744304,0.2368164501928984,0.2368164501928984
lego-puzzles,mqt,200,200,False,45,Platt Scaling (1D),12.91221765805226,5.6422243984239495,0.5097031963470319,0.1995134774635001,0.1291221765805226,0.0564222439842394
lego-puzzles,mqt,200,200,False,45,Trajectory Platt (5D),9.26575823687017,7.22963440977037,0.5888508371385084,0.1972593758238358,0.0926575823687017,0.0722963440977037
lego-puzzles,mqt,200,200,False,45,VCPS-5D (Our Method),8.800284988347219,6.017563528234692,0.5348173515981736,0.1982451201738924,0.0880028498834721,0.0601756352823469
lego-puzzles,mqt,200,200,False,46,Naive Confidence (NC),33.79690906405449,34.59967818856239,0.5097031963470319,0.3474465793224569,0.3379690906405448,0.3459967818856239
lego-puzzles,mqt,200,200,False,46,Temperature Scaling (TS),23.68164501928984,23.68164501928984,0.5097031963470319,0.2538740331744304,0.2368164501928984,0.2368164501928984
lego-puzzles,mqt,200,200,False,46,Platt Scaling (1D),12.154826412736492,3.890769337949942,0.490296803652968,0.1965861667777031,0.1215482641273649,0.0389076933794994
lego-puzzles,mqt,200,200,False,46,Trajectory Platt (5D),8.566161174327135,7.115579728037119,0.5809868087265347,0.1939708445092962,0.0856616117432713,0.0711557972803711
lego-puzzles,mqt,200,200,False,46,VCPS-5D (Our Method),8.2655533539166,4.774431161657546,0.6091451040081177,0.1950532531102689,0.0826555335391659,0.0477443116165754
lego-puzzles,mqt,500,500,False,42,Naive Confidence (NC),33.79690906405449,34.59967818856239,0.5097031963470319,0.3474465793224569,0.3379690906405448,0.3459967818856239
lego-puzzles,mqt,500,500,False,42,Temperature Scaling (TS),23.68164501928984,23.68164501928984,0.5097031963470319,0.2538740331744304,0.2368164501928984,0.2368164501928984
lego-puzzles,mqt,500,500,False,42,Platt Scaling (1D),12.437928108546288,1.7732650449347611,0.490296803652968,0.196798257907254,0.1243792810854628,0.0177326504493476
lego-puzzles,mqt,500,500,False,42,Trajectory Platt (5D),10.428224731236698,6.294206727296114,0.5703323186199898,0.1945013733901627,0.1042822473123669,0.0629420672729611
lego-puzzles,mqt,500,500,False,42,VCPS-5D (Our Method),10.867894966324243,0.1524469955920344,0.5953196347031964,0.1956419191680851,0.1086789496632424,0.0015244699559203
lego-puzzles,mqt,500,500,False,43,Naive Confidence (NC),33.79690906405449,34.59967818856239,0.5097031963470319,0.3474465793224569,0.3379690906405448,0.3459967818856239
lego-puzzles,mqt,500,500,False,43,Temperature Scaling (TS),23.68164501928984,23.68164501928984,0.5097031963470319,0.2538740331744304,0.2368164501928984,0.2368164501928984
lego-puzzles,mqt,500,500,False,43,Platt Scaling (1D),12.45824965880308,3.860385346570952,0.490296803652968,0.1968227798011824,0.1245824965880307,0.0386038534657095
lego-puzzles,mqt,500,500,False,43,Trajectory Platt (5D),7.413517352193594,6.41698942705989,0.6040715372907154,0.1913348091264453,0.0741351735219359,0.0641698942705989
lego-puzzles,mqt,500,500,False,43,VCPS-5D (Our Method),10.153769337393296,6.986734866280282,0.6181506849315068,0.1951031118002784,0.1015376933739329,0.0698673486628028
lego-puzzles,mqt,500,500,False,44,Naive Confidence (NC),33.79690906405449,34.59967818856239,0.5097031963470319,0.3474465793224569,0.3379690906405448,0.3459967818856239
lego-puzzles,mqt,500,500,False,44,Temperature Scaling (TS),23.68164501928984,23.68164501928984,0.5097031963470319,0.2538740331744304,0.2368164501928984,0.2368164501928984
lego-puzzles,mqt,500,500,False,44,Platt Scaling (1D),12.379172677954982,2.3788953374261754,0.490296803652968,0.196730289368354,0.1237917267795498,0.0237889533742617
lego-puzzles,mqt,500,500,False,44,Trajectory Platt (5D),8.289004772901535,6.079613521695137,0.5884703196347032,0.192971031447697,0.0828900477290153,0.0607961352169513
lego-puzzles,mqt,500,500,False,44,VCPS-5D (Our Method),7.174633697027071,6.151264589259788,0.6039446981227803,0.1954566770796922,0.0717463369702707,0.0615126458925978
lego-puzzles,mqt,500,500,False,45,Naive Confidence (NC),33.79690906405449,34.59967818856239,0.5097031963470319,0.3474465793224569,0.3379690906405448,0.3459967818856239
lego-puzzles,mqt,500,500,False,45,Temperature Scaling (TS),23.68164501928984,23.68164501928984,0.5097031963470319,0.2538740331744304,0.2368164501928984,0.2368164501928984
lego-puzzles,mqt,500,500,False,45,Platt Scaling (1D),12.401443199397171,0.7405298933111062,0.490296803652968,0.1967535452462936,0.1240144319939717,0.007405298933111
lego-puzzles,mqt,500,500,False,45,Trajectory Platt (5D),7.65164983458817,5.315293947234752,0.5823820395738204,0.1936250439582953,0.0765164983458817,0.0531529394723475
lego-puzzles,mqt,500,500,False,45,VCPS-5D (Our Method),8.075909237898125,3.909098252788908,0.607496194824962,0.1952799497759838,0.0807590923789812,0.039090982527889
lego-puzzles,mqt,500,500,False,46,Naive Confidence (NC),33.79690906405449,34.59967818856239,0.5097031963470319,0.3474465793224569,0.3379690906405448,0.3459967818856239
lego-puzzles,mqt,500,500,False,46,Temperature Scaling (TS),23.68164501928984,23.68164501928984,0.5097031963470319,0.2538740331744304,0.2368164501928984,0.2368164501928984
lego-puzzles,mqt,500,500,False,46,Platt Scaling (1D),12.117585230312788,0.2112688287700559,0.5097031963470319,0.1971458430303372,0.1211758523031278,0.0021126882877005
lego-puzzles,mqt,500,500,False,46,Trajectory Platt (5D),7.887747146189215,4.391887284815311,0.607876712328767,0.1910978130340303,0.0788774714618921,0.0439188728481531
lego-puzzles,mqt,500,500,False,46,VCPS-5D (Our Method),8.686467104520654,5.688433867833888,0.6194190766108575,0.1952890538937556,0.0868646710452065,0.0568843386783388
lego-puzzles,mqt,1000,800,True,42,Naive Confidence (NC),33.79690906405449,34.59967818856239,0.5097031963470319,0.3474465793224569,0.3379690906405448,0.3459967818856239
lego-puzzles,mqt,1000,800,True,42,Temperature Scaling (TS),23.68164501928984,23.68164501928984,0.5097031963470319,0.2538740331744304,0.2368164501928984,0.2368164501928984
lego-puzzles,mqt,1000,800,True,42,Platt Scaling (1D),12.431595962461136,0.5988555592890434,0.490296803652968,0.1967936613206653,0.1243159596246113,0.0059885555928904
lego-puzzles,mqt,1000,800,True,42,Trajectory Platt (5D),8.66693675145507,7.80800924822688,0.5932902080162354,0.1924128234332847,0.0866693675145507,0.0780800924822688
lego-puzzles,mqt,1000,800,True,42,VCPS-5D (Our Method),9.48483300103456,5.389126346819497,0.6130771182141045,0.1951584357844475,0.0948483300103456,0.0538912634681949
lego-puzzles,mqt,1000,800,True,43,Naive Confidence (NC),33.79690906405449,34.59967818856239,0.5097031963470319,0.3474465793224569,0.3379690906405448,0.3459967818856239
lego-puzzles,mqt,1000,800,True,43,Temperature Scaling (TS),23.68164501928984,23.68164501928984,0.5097031963470319,0.2538740331744304,0.2368164501928984,0.2368164501928984
lego-puzzles,mqt,1000,800,True,43,Platt Scaling (1D),12.431595962461136,0.5988555592890434,0.490296803652968,0.1967936613206653,0.1243159596246113,0.0059885555928904
lego-puzzles,mqt,1000,800,True,43,Trajectory Platt (5D),8.66693675145507,7.80800924822688,0.5932902080162354,0.1924128234332847,0.0866693675145507,0.0780800924822688
lego-puzzles,mqt,1000,800,True,43,VCPS-5D (Our Method),9.48483300103456,5.389126346819497,0.6130771182141045,0.1951584357844475,0.0948483300103456,0.0538912634681949
lego-puzzles,mqt,1000,800,True,44,Naive Confidence (NC),33.79690906405449,34.59967818856239,0.5097031963470319,0.3474465793224569,0.3379690906405448,0.3459967818856239
lego-puzzles,mqt,1000,800,True,44,Temperature Scaling (TS),23.68164501928984,23.68164501928984,0.5097031963470319,0.2538740331744304,0.2368164501928984,0.2368164501928984
lego-puzzles,mqt,1000,800,True,44,Platt Scaling (1D),12.431595962461136,0.5988555592890434,0.490296803652968,0.1967936613206653,0.1243159596246113,0.0059885555928904
lego-puzzles,mqt,1000,800,True,44,Trajectory Platt (5D),8.66693675145507,7.80800924822688,0.5932902080162354,0.1924128234332847,0.0866693675145507,0.0780800924822688
lego-puzzles,mqt,1000,800,True,44,VCPS-5D (Our Method),9.48483300103456,5.389126346819497,0.6130771182141045,0.1951584357844475,0.0948483300103456,0.0538912634681949
lego-puzzles,mqt,1000,800,True,45,Naive Confidence (NC),33.79690906405449,34.59967818856239,0.5097031963470319,0.3474465793224569,0.3379690906405448,0.3459967818856239
lego-puzzles,mqt,1000,800,True,45,Temperature Scaling (TS),23.68164501928984,23.68164501928984,0.5097031963470319,0.2538740331744304,0.2368164501928984,0.2368164501928984
lego-puzzles,mqt,1000,800,True,45,Platt Scaling (1D),12.431595962461136,0.5988555592890434,0.490296803652968,0.1967936613206653,0.1243159596246113,0.0059885555928904
lego-puzzles,mqt,1000,800,True,45,Trajectory Platt (5D),8.66693675145507,7.80800924822688,0.5932902080162354,0.1924128234332847,0.0866693675145507,0.0780800924822688
lego-puzzles,mqt,1000,800,True,45,VCPS-5D (Our Method),9.48483300103456,5.389126346819497,0.6130771182141045,0.1951584357844475,0.0948483300103456,0.0538912634681949
lego-puzzles,mqt,1000,800,True,46,Naive Confidence (NC),33.79690906405449,34.59967818856239,0.5097031963470319,0.3474465793224569,0.3379690906405448,0.3459967818856239
lego-puzzles,mqt,1000,800,True,46,Temperature Scaling (TS),23.68164501928984,23.68164501928984,0.5097031963470319,0.2538740331744304,0.2368164501928984,0.2368164501928984
lego-puzzles,mqt,1000,800,True,46,Platt Scaling (1D),12.431595962461136,0.5988555592890434,0.490296803652968,0.1967936613206653,0.1243159596246113,0.0059885555928904
lego-puzzles,mqt,1000,800,True,46,Trajectory Platt (5D),8.66693675145507,7.80800924822688,0.5932902080162354,0.1924128234332847,0.0866693675145507,0.0780800924822688
lego-puzzles,mqt,1000,800,True,46,VCPS-5D (Our Method),9.48483300103456,5.389126346819497,0.6130771182141045,0.1951584357844475,0.0948483300103456,0.0538912634681949
lego-puzzles,mqt,1500,800,True,42,Naive Confidence (NC),33.79690906405449,34.59967818856239,0.5097031963470319,0.3474465793224569,0.3379690906405448,0.3459967818856239
lego-puzzles,mqt,1500,800,True,42,Temperature Scaling (TS),23.68164501928984,23.68164501928984,0.5097031963470319,0.2538740331744304,0.2368164501928984,0.2368164501928984
lego-puzzles,mqt,1500,800,True,42,Platt Scaling (1D),12.431595962461136,0.5988555592890434,0.490296803652968,0.1967936613206653,0.1243159596246113,0.0059885555928904
lego-puzzles,mqt,1500,800,True,42,Trajectory Platt (5D),8.66693675145507,7.80800924822688,0.5932902080162354,0.1924128234332847,0.0866693675145507,0.0780800924822688
lego-puzzles,mqt,1500,800,True,42,VCPS-5D (Our Method),9.48483300103456,5.389126346819497,0.6130771182141045,0.1951584357844475,0.0948483300103456,0.0538912634681949
lego-puzzles,mqt,1500,800,True,43,Naive Confidence (NC),33.79690906405449,34.59967818856239,0.5097031963470319,0.3474465793224569,0.3379690906405448,0.3459967818856239
lego-puzzles,mqt,1500,800,True,43,Temperature Scaling (TS),23.68164501928984,23.68164501928984,0.5097031963470319,0.2538740331744304,0.2368164501928984,0.2368164501928984
lego-puzzles,mqt,1500,800,True,43,Platt Scaling (1D),12.431595962461136,0.5988555592890434,0.490296803652968,0.1967936613206653,0.1243159596246113,0.0059885555928904
lego-puzzles,mqt,1500,800,True,43,Trajectory Platt (5D),8.66693675145507,7.80800924822688,0.5932902080162354,0.1924128234332847,0.0866693675145507,0.0780800924822688
lego-puzzles,mqt,1500,800,True,43,VCPS-5D (Our Method),9.48483300103456,5.389126346819497,0.6130771182141045,0.1951584357844475,0.0948483300103456,0.0538912634681949
lego-puzzles,mqt,1500,800,True,44,Naive Confidence (NC),33.79690906405449,34.59967818856239,0.5097031963470319,0.3474465793224569,0.3379690906405448,0.3459967818856239
lego-puzzles,mqt,1500,800,True,44,Temperature Scaling (TS),23.68164501928984,23.68164501928984,0.5097031963470319,0.2538740331744304,0.2368164501928984,0.2368164501928984
lego-puzzles,mqt,1500,800,True,44,Platt Scaling (1D),12.431595962461136,0.5988555592890434,0.490296803652968,0.1967936613206653,0.1243159596246113,0.0059885555928904
lego-puzzles,mqt,1500,800,True,44,Trajectory Platt (5D),8.66693675145507,7.80800924822688,0.5932902080162354,0.1924128234332847,0.0866693675145507,0.0780800924822688
lego-puzzles,mqt,1500,800,True,44,VCPS-5D (Our Method),9.48483300103456,5.389126346819497,0.6130771182141045,0.1951584357844475,0.0948483300103456,0.0538912634681949
lego-puzzles,mqt,1500,800,True,45,Naive Confidence (NC),33.79690906405449,34.59967818856239,0.5097031963470319,0.3474465793224569,0.3379690906405448,0.3459967818856239
lego-puzzles,mqt,1500,800,True,45,Temperature Scaling (TS),23.68164501928984,23.68164501928984,0.5097031963470319,0.2538740331744304,0.2368164501928984,0.2368164501928984
lego-puzzles,mqt,1500,800,True,45,Platt Scaling (1D),12.431595962461136,0.5988555592890434,0.490296803652968,0.1967936613206653,0.1243159596246113,0.0059885555928904
lego-puzzles,mqt,1500,800,True,45,Trajectory Platt (5D),8.66693675145507,7.80800924822688,0.5932902080162354,0.1924128234332847,0.0866693675145507,0.0780800924822688
lego-puzzles,mqt,1500,800,True,45,VCPS-5D (Our Method),9.48483300103456,5.389126346819497,0.6130771182141045,0.1951584357844475,0.0948483300103456,0.0538912634681949
lego-puzzles,mqt,1500,800,True,46,Naive Confidence (NC),33.79690906405449,34.59967818856239,0.5097031963470319,0.3474465793224569,0.3379690906405448,0.3459967818856239
lego-puzzles,mqt,1500,800,True,46,Temperature Scaling (TS),23.68164501928984,23.68164501928984,0.5097031963470319,0.2538740331744304,0.2368164501928984,0.2368164501928984
lego-puzzles,mqt,1500,800,True,46,Platt Scaling (1D),12.431595962461136,0.5988555592890434,0.490296803652968,0.1967936613206653,0.1243159596246113,0.0059885555928904
lego-puzzles,mqt,1500,800,True,46,Trajectory Platt (5D),8.66693675145507,7.80800924822688,0.5932902080162354,0.1924128234332847,0.0866693675145507,0.0780800924822688
lego-puzzles,mqt,1500,800,True,46,VCPS-5D (Our Method),9.48483300103456,5.389126346819497,0.6130771182141045,0.1951584357844475,0.0948483300103456,0.0538912634681949
lego-puzzles,mqt,Full,800,True,42,Naive Confidence (NC),33.79690906405449,34.59967818856239,0.5097031963470319,0.3474465793224569,0.3379690906405448,0.3459967818856239
lego-puzzles,mqt,Full,800,True,42,Temperature Scaling (TS),23.68164501928984,23.68164501928984,0.5097031963470319,0.2538740331744304,0.2368164501928984,0.2368164501928984
lego-puzzles,mqt,Full,800,True,42,Platt Scaling (1D),12.431595962461136,0.5988555592890434,0.490296803652968,0.1967936613206653,0.1243159596246113,0.0059885555928904
lego-puzzles,mqt,Full,800,True,42,Trajectory Platt (5D),8.66693675145507,7.80800924822688,0.5932902080162354,0.1924128234332847,0.0866693675145507,0.0780800924822688
lego-puzzles,mqt,Full,800,True,42,VCPS-5D (Our Method),9.48483300103456,5.389126346819497,0.6130771182141045,0.1951584357844475,0.0948483300103456,0.0538912634681949
lego-puzzles,mqt,Full,800,True,43,Naive Confidence (NC),33.79690906405449,34.59967818856239,0.5097031963470319,0.3474465793224569,0.3379690906405448,0.3459967818856239
lego-puzzles,mqt,Full,800,True,43,Temperature Scaling (TS),23.68164501928984,23.68164501928984,0.5097031963470319,0.2538740331744304,0.2368164501928984,0.2368164501928984
lego-puzzles,mqt,Full,800,True,43,Platt Scaling (1D),12.431595962461136,0.5988555592890434,0.490296803652968,0.1967936613206653,0.1243159596246113,0.0059885555928904
lego-puzzles,mqt,Full,800,True,43,Trajectory Platt (5D),8.66693675145507,7.80800924822688,0.5932902080162354,0.1924128234332847,0.0866693675145507,0.0780800924822688
lego-puzzles,mqt,Full,800,True,43,VCPS-5D (Our Method),9.48483300103456,5.389126346819497,0.6130771182141045,0.1951584357844475,0.0948483300103456,0.0538912634681949
lego-puzzles,mqt,Full,800,True,44,Naive Confidence (NC),33.79690906405449,34.59967818856239,0.5097031963470319,0.3474465793224569,0.3379690906405448,0.3459967818856239
lego-puzzles,mqt,Full,800,True,44,Temperature Scaling (TS),23.68164501928984,23.68164501928984,0.5097031963470319,0.2538740331744304,0.2368164501928984,0.2368164501928984
lego-puzzles,mqt,Full,800,True,44,Platt Scaling (1D),12.431595962461136,0.5988555592890434,0.490296803652968,0.1967936613206653,0.1243159596246113,0.0059885555928904
lego-puzzles,mqt,Full,800,True,44,Trajectory Platt (5D),8.66693675145507,7.80800924822688,0.5932902080162354,0.1924128234332847,0.0866693675145507,0.0780800924822688
lego-puzzles,mqt,Full,800,True,44,VCPS-5D (Our Method),9.48483300103456,5.389126346819497,0.6130771182141045,0.1951584357844475,0.0948483300103456,0.0538912634681949
lego-puzzles,mqt,Full,800,True,45,Naive Confidence (NC),33.79690906405449,34.59967818856239,0.5097031963470319,0.3474465793224569,0.3379690906405448,0.3459967818856239
lego-puzzles,mqt,Full,800,True,45,Temperature Scaling (TS),23.68164501928984,23.68164501928984,0.5097031963470319,0.2538740331744304,0.2368164501928984,0.2368164501928984
lego-puzzles,mqt,Full,800,True,45,Platt Scaling (1D),12.431595962461136,0.5988555592890434,0.490296803652968,0.1967936613206653,0.1243159596246113,0.0059885555928904
lego-puzzles,mqt,Full,800,True,45,Trajectory Platt (5D),8.66693675145507,7.80800924822688,0.5932902080162354,0.1924128234332847,0.0866693675145507,0.0780800924822688
lego-puzzles,mqt,Full,800,True,45,VCPS-5D (Our Method),9.48483300103456,5.389126346819497,0.6130771182141045,0.1951584357844475,0.0948483300103456,0.0538912634681949
lego-puzzles,mqt,Full,800,True,46,Naive Confidence (NC),33.79690906405449,34.59967818856239,0.5097031963470319,0.3474465793224569,0.3379690906405448,0.3459967818856239
lego-puzzles,mqt,Full,800,True,46,Temperature Scaling (TS),23.68164501928984,23.68164501928984,0.5097031963470319,0.2538740331744304,0.2368164501928984,0.2368164501928984
lego-puzzles,mqt,Full,800,True,46,Platt Scaling (1D),12.431595962461136,0.5988555592890434,0.490296803652968,0.1967936613206653,0.1243159596246113,0.0059885555928904
lego-puzzles,mqt,Full,800,True,46,Trajectory Platt (5D),8.66693675145507,7.80800924822688,0.5932902080162354,0.1924128234332847,0.0866693675145507,0.0780800924822688
lego-puzzles,mqt,Full,800,True,46,VCPS-5D (Our Method),9.48483300103456,5.389126346819497,0.6130771182141045,0.1951584357844475,0.0948483300103456,0.0538912634681949
mmbench,mqt,50,50,False,42,Naive Confidence (NC),15.265591666102408,15.377306565642357,0.8284873021715127,0.1865580150582358,0.152655916661024,0.1537730656564235
mmbench,mqt,50,50,False,42,Temperature Scaling (TS),10.351381426508304,9.258847617720043,0.8284873021715127,0.1573198822585557,0.103513814265083,0.0925884761772004
mmbench,mqt,50,50,False,42,Platt Scaling (1D),8.380448110230141,7.6995002312355965,0.8284873021715127,0.1511412841222212,0.0838044811023014,0.0769950023123559
mmbench,mqt,50,50,False,42,Trajectory Platt (5D),10.440868221223356,7.9355500862002355,0.8179364495153969,0.1565245065564148,0.1044086822122335,0.0793555008620023
mmbench,mqt,50,50,False,42,VCPS-5D (Our Method),7.223475661556064,6.476439591829898,0.8303275671696725,0.1513307837888076,0.0722347566155606,0.0647643959182989
mmbench,mqt,50,50,False,43,Naive Confidence (NC),15.265591666102408,15.377306565642357,0.8284873021715127,0.1865580150582358,0.152655916661024,0.1537730656564235
mmbench,mqt,50,50,False,43,Temperature Scaling (TS),11.385369495772114,9.830609886028755,0.8284873021715127,0.1623066629025538,0.1138536949577211,0.0983060988602875
mmbench,mqt,50,50,False,43,Platt Scaling (1D),12.780799876799136,12.252637352175682,0.8284873021715127,0.16590569427177,0.1278079987679913,0.1225263735217568
mmbench,mqt,50,50,False,43,Trajectory Platt (5D),8.57925130240619,10.317089153453706,0.8183045025150288,0.1616739322830633,0.0857925130240619,0.103170891534537
mmbench,mqt,50,50,False,43,VCPS-5D (Our Method),11.802720322276835,11.777779063311597,0.8254201938412465,0.169316077393349,0.1180272032227683,0.1177777906331159
mmbench,mqt,50,50,False,44,Naive Confidence (NC),15.265591666102408,15.377306565642357,0.8284873021715127,0.1865580150582358,0.152655916661024,0.1537730656564235
mmbench,mqt,50,50,False,44,Temperature Scaling (TS),10.39606625625085,9.104511352458076,0.8284873021715127,0.1556653693504138,0.1039606625625085,0.0910451135245807
mmbench,mqt,50,50,False,44,Platt Scaling (1D),9.451859381843622,7.395270213409182,0.8284873021715127,0.152643827507782,0.0945185938184362,0.0739527021340918
mmbench,mqt,50,50,False,44,Trajectory Platt (5D),8.69893938302994,9.057300806045529,0.7949944792050055,0.1623965569703055,0.0869893938302994,0.0905730080604552
mmbench,mqt,50,50,False,44,VCPS-5D (Our Method),8.179820022048128,6.819718968438786,0.8252975095080359,0.1523248044191825,0.0817982002204812,0.0681971896843878
mmbench,mqt,50,50,False,45,Naive Confidence (NC),15.265591666102408,15.377306565642357,0.8284873021715127,0.1865580150582358,0.152655916661024,0.1537730656564235
mmbench,mqt,50,50,False,45,Temperature Scaling (TS),10.484437508619934,8.661758393777836,0.8284873021715127,0.1578796546556805,0.1048443750861993,0.0866175839377783
mmbench,mqt,50,50,False,45,Platt Scaling (1D),8.859401937543957,8.332951271489458,0.8284873021715127,0.1519692193990323,0.0885940193754395,0.0833295127148945
mmbench,mqt,50,50,False,45,Trajectory Platt (5D),9.490448672324415,8.173444528132677,0.8229665071770335,0.1572643801163535,0.0949044867232441,0.0817344452813267
mmbench,mqt,50,50,False,45,VCPS-5D (Our Method),7.517475911963559,7.776542564457611,0.8261562998405103,0.1543334156662654,0.0751747591196355,0.0777654256445761
mmbench,mqt,50,50,False,46,Naive Confidence (NC),15.265591666102408,15.377306565642357,0.8284873021715127,0.1865580150582358,0.152655916661024,0.1537730656564235
mmbench,mqt,50,50,False,46,Temperature Scaling (TS),10.463250103181707,9.129742724078149,0.8284873021715127,0.155742770074976,0.104632501031817,0.0912974272407814
mmbench,mqt,50,50,False,46,Platt Scaling (1D),9.345572741127729,7.644535546015138,0.8284873021715127,0.152140155777651,0.0934557274112772,0.0764453554601513
mmbench,mqt,50,50,False,46,Trajectory Platt (5D),9.66045702248812,9.907778955996031,0.780149674886517,0.1693228835050723,0.0966045702248811,0.0990777895599603
mmbench,mqt,50,50,False,46,VCPS-5D (Our Method),8.98415230450205,8.740593024085088,0.824929456508404,0.1533487706416912,0.0898415230450205,0.0874059302408508
mmbench,mqt,100,100,False,42,Naive Confidence (NC),15.265591666102408,15.377306565642357,0.8284873021715127,0.1865580150582358,0.152655916661024,0.1537730656564235
mmbench,mqt,100,100,False,42,Temperature Scaling (TS),10.399436495528551,8.527911462975705,0.8284873021715127,0.1575176942264271,0.1039943649552855,0.085279114629757
mmbench,mqt,100,100,False,42,Platt Scaling (1D),8.464829505374441,6.432780079029259,0.8284873021715127,0.1516138256490347,0.0846482950537444,0.0643278007902925
mmbench,mqt,100,100,False,42,Trajectory Platt (5D),8.450997542589903,7.975902441889046,0.8194086615139247,0.1556061028229357,0.084509975425899,0.0797590244188904
mmbench,mqt,100,100,False,42,VCPS-5D (Our Method),7.685088207674237,7.373054104252594,0.8291007238375661,0.151159746220182,0.0768508820767423,0.0737305410425259
mmbench,mqt,100,100,False,43,Naive Confidence (NC),15.265591666102408,15.377306565642357,0.8284873021715127,0.1865580150582358,0.152655916661024,0.1537730656564235
mmbench,mqt,100,100,False,43,Temperature Scaling (TS),10.63932165913312,8.804685952427823,0.8284873021715127,0.158572846416152,0.1063932165913312,0.0880468595242782
mmbench,mqt,100,100,False,43,Platt Scaling (1D),9.612819279943938,9.032628782006404,0.8284873021715127,0.1538532892570199,0.0961281927994393,0.090326287820064
mmbench,mqt,100,100,False,43,Trajectory Platt (5D),11.005988106131552,8.93252073228359,0.8162188688504478,0.1620676255636324,0.1100598810613155,0.0893252073228359
mmbench,mqt,100,100,False,43,VCPS-5D (Our Method),9.554592529430654,8.014665922604397,0.8283646178383021,0.1547564695611496,0.0955459252943065,0.0801466592260439
mmbench,mqt,100,100,False,44,Naive Confidence (NC),15.265591666102408,15.377306565642357,0.8284873021715127,0.1865580150582358,0.152655916661024,0.1537730656564235
mmbench,mqt,100,100,False,44,Temperature Scaling (TS),10.246649255903206,8.31238831730202,0.8284873021715127,0.1556208868003308,0.102466492559032,0.0831238831730201
mmbench,mqt,100,100,False,44,Platt Scaling (1D),8.94416699402323,7.670488879867252,0.8284873021715127,0.151316190105488,0.0894416699402323,0.0767048887986725
mmbench,mqt,100,100,False,44,Trajectory Platt (5D),10.702292099595072,11.172099485993389,0.799043062200957,0.1611000250844804,0.1070229209959507,0.1117209948599338
mmbench,mqt,100,100,False,44,VCPS-5D (Our Method),8.680721462434828,6.8694721095015385,0.8265243528401424,0.151301592182057,0.0868072146243482,0.0686947210950153
mmbench,mqt,100,100,False,45,Naive Confidence (NC),15.265591666102408,15.377306565642357,0.8284873021715127,0.1865580150582358,0.152655916661024,0.1537730656564235
mmbench,mqt,100,100,False,45,Temperature Scaling (TS),10.78099236864775,8.645387371811417,0.8284873021715127,0.1592380785938615,0.1078099236864775,0.0864538737181141
mmbench,mqt,100,100,False,45,Platt Scaling (1D),9.710566699948163,8.816096365953934,0.8284873021715127,0.1548038606164757,0.0971056669994816,0.0881609636595393
mmbench,mqt,100,100,False,45,Trajectory Platt (5D),8.996333215385675,9.34538175538182,0.8237026131762974,0.159561996683823,0.0899633321538567,0.0934538175538182
mmbench,mqt,100,100,False,45,VCPS-5D (Our Method),9.963785953357148,8.922949857424321,0.8276285118390382,0.1575996565519379,0.0996378595335714,0.0892294985742432
mmbench,mqt,100,100,False,46,Naive Confidence (NC),15.265591666102408,15.377306565642357,0.8284873021715127,0.1865580150582358,0.152655916661024,0.1537730656564235
mmbench,mqt,100,100,False,46,Temperature Scaling (TS),10.236002111494471,9.781912239898524,0.8284873021715127,0.1558556475796909,0.1023600211149447,0.0978191223989852
mmbench,mqt,100,100,False,46,Platt Scaling (1D),8.601569111117751,6.73169781840032,0.8284873021715127,0.150168083159163,0.0860156911111775,0.0673169781840032
mmbench,mqt,100,100,False,46,Trajectory Platt (5D),10.376025147736074,9.533818401396276,0.7994111152005888,0.1677185327535034,0.1037602514773607,0.0953381840139627
mmbench,mqt,100,100,False,46,VCPS-5D (Our Method),7.8351389479207345,7.867525967172454,0.8282419335050913,0.1511321753972399,0.0783513894792073,0.0786752596717245
mmbench,mqt,200,200,False,42,Naive Confidence (NC),15.265591666102408,15.377306565642357,0.8284873021715127,0.1865580150582358,0.152655916661024,0.1537730656564235
mmbench,mqt,200,200,False,42,Temperature Scaling (TS),10.291223584564918,9.701503464877144,0.8284873021715127,0.156738524930207,0.1029122358456491,0.0970150346487714
mmbench,mqt,200,200,False,42,Platt Scaling (1D),8.372905528993623,9.51081934723704,0.8284873021715127,0.1512088623871503,0.0837290552899362,0.0951081934723704
mmbench,mqt,200,200,False,42,Trajectory Platt (5D),9.268922664225103,7.9533917382359505,0.8152373941847626,0.15614319002106,0.092689226642251,0.0795339173823595
mmbench,mqt,200,200,False,42,VCPS-5D (Our Method),7.525163396516247,7.7938537298049395,0.8293460925039872,0.1510546402836558,0.0752516339651624,0.0779385372980493
mmbench,mqt,200,200,False,43,Naive Confidence (NC),15.265591666102408,15.377306565642357,0.8284873021715127,0.1865580150582358,0.152655916661024,0.1537730656564235
mmbench,mqt,200,200,False,43,Temperature Scaling (TS),10.326544765162208,9.120236317433196,0.8284873021715127,0.1571363632942045,0.103265447651622,0.0912023631743319
mmbench,mqt,200,200,False,43,Platt Scaling (1D),9.395640201132744,8.277177387116842,0.8284873021715127,0.1524077762724597,0.0939564020113274,0.0827717738711684
mmbench,mqt,200,200,False,43,Trajectory Platt (5D),10.992415402084587,8.583759520202873,0.8208808735124525,0.1602179919048622,0.1099241540208458,0.0858375952020287
mmbench,mqt,200,200,False,43,VCPS-5D (Our Method),9.469698903922566,8.475170394159896,0.8295914611704085,0.1526972783671726,0.0946969890392256,0.0847517039415989
mmbench,mqt,200,200,False,44,Naive Confidence (NC),15.265591666102408,15.377306565642357,0.8284873021715127,0.1865580150582358,0.152655916661024,0.1537730656564235
mmbench,mqt,200,200,False,44,Temperature Scaling (TS),10.254004088623056,8.564406801784273,0.8284873021715127,0.1556054498310781,0.1025400408862305,0.0856440680178427
mmbench,mqt,200,200,False,44,Platt Scaling (1D),8.665751628714903,6.628632464615414,0.8284873021715127,0.1502560802254129,0.086657516287149,0.0662863246461541
mmbench,mqt,200,200,False,44,Trajectory Platt (5D),8.267719708383085,8.72717384248972,0.8149920255183414,0.1533453268977714,0.0826771970838308,0.0872717384248971
mmbench,mqt,200,200,False,44,VCPS-5D (Our Method),7.877309016834383,7.927807838466927,0.8286099865047233,0.1500391221787595,0.0787730901683438,0.0792780783846692
mmbench,mqt,200,200,False,45,Naive Confidence (NC),15.265591666102408,15.377306565642357,0.8284873021715127,0.1865580150582358,0.152655916661024,0.1537730656564235
mmbench,mqt,200,200,False,45,Temperature Scaling (TS),10.257483341505656,10.24888535641086,0.8284873021715127,0.156296319257177,0.1025748334150565,0.1024888535641086
mmbench,mqt,200,200,False,45,Platt Scaling (1D),8.316479973747711,7.803854803961441,0.8284873021715127,0.1506408205402698,0.0831647997374771,0.0780385480396144
mmbench,mqt,200,200,False,45,Trajectory Platt (5D),11.222974091768268,8.837782889604567,0.8167096061832904,0.1575300039620247,0.1122297409176826,0.0883778288960456
mmbench,mqt,200,200,False,45,VCPS-5D (Our Method),9.969125584375217,8.270165535775455,0.8292234081707766,0.1509214508274384,0.0996912558437521,0.0827016553577545
mmbench,mqt,200,200,False,46,Naive Confidence (NC),15.265591666102408,15.377306565642357,0.8284873021715127,0.1865580150582358,0.152655916661024,0.1537730656564235
mmbench,mqt,200,200,False,46,Temperature Scaling (TS),10.235770506088762,9.348221835642024,0.8284873021715127,0.155738042905621,0.1023577050608876,0.0934822183564202
mmbench,mqt,200,200,False,46,Platt Scaling (1D),8.632884065787923,6.643110091565322,0.8284873021715127,0.1501071270715097,0.0863288406578792,0.0664311009156532
mmbench,mqt,200,200,False,46,Trajectory Platt (5D),8.114947713911533,7.631296239793301,0.8184271868482395,0.1533022363403366,0.0811494771391153,0.076312962397933
mmbench,mqt,200,200,False,46,VCPS-5D (Our Method),6.72655156152562,8.622530078964331,0.8284873021715128,0.1496460152487198,0.0672655156152562,0.0862253007896433
mmbench,mqt,500,500,False,42,Naive Confidence (NC),15.265591666102408,15.377306565642357,0.8284873021715127,0.1865580150582358,0.152655916661024,0.1537730656564235
mmbench,mqt,500,500,False,42,Temperature Scaling (TS),10.235468930418868,9.507209519360512,0.8284873021715127,0.1558211781964511,0.1023546893041886,0.0950720951936051
mmbench,mqt,500,500,False,42,Platt Scaling (1D),8.677151777393355,6.992761753599849,0.8284873021715127,0.1510252201014279,0.0867715177739335,0.0699276175359984
mmbench,mqt,500,500,False,42,Trajectory Platt (5D),9.029096350073814,8.123732492327688,0.815114709851552,0.1566937774604271,0.0902909635007381,0.0812373249232768
mmbench,mqt,500,500,False,42,VCPS-5D (Our Method),8.098461597885107,7.329230162596717,0.8292234081707767,0.1510441055634957,0.080984615978851,0.0732923016259671
mmbench,mqt,500,500,False,43,Naive Confidence (NC),15.265591666102408,15.377306565642357,0.8284873021715127,0.1865580150582358,0.152655916661024,0.1537730656564235
mmbench,mqt,500,500,False,43,Temperature Scaling (TS),10.235994568666474,9.781840397628022,0.8284873021715127,0.1558552633531042,0.1023599456866647,0.0978184039762802
mmbench,mqt,500,500,False,43,Platt Scaling (1D),8.443127886629895,7.392445932557563,0.8284873021715127,0.1501466977530594,0.0844312788662989,0.0739244593255756
mmbench,mqt,500,500,False,43,Trajectory Platt (5D),8.076365977525713,7.117354303598403,0.82419335050914,0.1528868058159968,0.0807636597752571,0.071173543035984
mmbench,mqt,500,500,False,43,VCPS-5D (Our Method),8.379573567967977,7.027459782387348,0.8294687768371979,0.1499028091372151,0.0837957356796797,0.0702745978238734
mmbench,mqt,500,500,False,44,Naive Confidence (NC),15.265591666102408,15.377306565642357,0.8284873021715127,0.1865580150582358,0.152655916661024,0.1537730656564235
mmbench,mqt,500,500,False,44,Temperature Scaling (TS),10.255734440176855,10.246187152263571,0.8284873021715127,0.156269848751568,0.1025573444017685,0.1024618715226357
mmbench,mqt,500,500,False,44,Platt Scaling (1D),8.291180578699883,8.369887730613454,0.8284873021715127,0.1505196521569397,0.0829118057869988,0.0836988773061345
mmbench,mqt,500,500,False,44,Trajectory Platt (5D),9.515813805162905,10.469392351806167,0.8152373941847626,0.1562255916257272,0.095158138051629,0.1046939235180616
mmbench,mqt,500,500,False,44,VCPS-5D (Our Method),7.791696191426917,8.308483991098308,0.8288553551711447,0.1501899121964964,0.0779169619142691,0.083084839910983
mmbench,mqt,500,500,False,45,Naive Confidence (NC),15.265591666102408,15.377306565642357,0.8284873021715127,0.1865580150582358,0.152655916661024,0.1537730656564235
mmbench,mqt,500,500,False,45,Temperature Scaling (TS),10.28682489421666,9.430139394279887,0.8284873021715127,0.1566856259126176,0.1028682489421666,0.0943013939427988
mmbench,mqt,500,500,False,45,Platt Scaling (1D),8.44740522958526,6.1569196092201866,0.8284873021715127,0.1509371121325534,0.0844740522958526,0.0615691960922018
mmbench,mqt,500,500,False,45,Trajectory Platt (5D),7.158177539706228,8.013209894299509,0.8244387191755612,0.1535136127942008,0.0715817753970622,0.080132098942995
mmbench,mqt,500,500,False,45,VCPS-5D (Our Method),8.449855968259387,7.770017148380777,0.829100723837566,0.1507664333216815,0.0844985596825938,0.0777001714838077
mmbench,mqt,500,500,False,46,Naive Confidence (NC),15.265591666102408,15.377306565642357,0.8284873021715127,0.1865580150582358,0.152655916661024,0.1537730656564235
mmbench,mqt,500,500,False,46,Temperature Scaling (TS),10.250693323445494,10.103143025401932,0.8284873021715127,0.1561896761603113,0.1025069332344549,0.1010314302540193
mmbench,mqt,500,500,False,46,Platt Scaling (1D),8.343606389547466,6.777394324677109,0.8284873021715127,0.1504297378482179,0.0834360638954746,0.067773943246771
mmbench,mqt,500,500,False,46,Trajectory Platt (5D),7.925436146557333,7.15702909976244,0.821739663844927,0.1526162822543476,0.0792543614655733,0.0715702909976244
mmbench,mqt,500,500,False,46,VCPS-5D (Our Method),8.079785664222603,6.43559909507236,0.8292234081707767,0.1496869928604922,0.080797856642226,0.0643559909507236
mmbench,mqt,1000,800,True,42,Naive Confidence (NC),15.265591666102408,15.377306565642357,0.8284873021715127,0.1865580150582358,0.152655916661024,0.1537730656564235
mmbench,mqt,1000,800,True,42,Temperature Scaling (TS),10.24177716644628,9.81222010648625,0.8284873021715127,0.1560235433043403,0.1024177716644628,0.0981222010648625
mmbench,mqt,1000,800,True,42,Platt Scaling (1D),8.383029989595075,8.110271335057416,0.8284873021715127,0.1502745575444748,0.0838302998959507,0.0811027133505741
mmbench,mqt,1000,800,True,42,Trajectory Platt (5D),7.51429508626461,10.421996250748633,0.8185498711814502,0.1542637131407176,0.0751429508626461,0.1042199625074863
mmbench,mqt,1000,800,True,42,VCPS-5D (Our Method),7.6282873666601745,6.782654164361682,0.8292234081707767,0.1499839762851669,0.0762828736666017,0.0678265416436168
mmbench,mqt,1000,800,True,43,Naive Confidence (NC),15.265591666102408,15.377306565642357,0.8284873021715127,0.1865580150582358,0.152655916661024,0.1537730656564235
mmbench,mqt,1000,800,True,43,Temperature Scaling (TS),10.24177716644628,9.81222010648625,0.8284873021715127,0.1560235433043403,0.1024177716644628,0.0981222010648625
mmbench,mqt,1000,800,True,43,Platt Scaling (1D),8.383029989595075,8.110271335057416,0.8284873021715127,0.1502745575444748,0.0838302998959507,0.0811027133505741
mmbench,mqt,1000,800,True,43,Trajectory Platt (5D),7.51429508626461,10.421996250748633,0.8185498711814502,0.1542637131407176,0.0751429508626461,0.1042199625074863
mmbench,mqt,1000,800,True,43,VCPS-5D (Our Method),7.6282873666601745,6.782654164361682,0.8292234081707767,0.1499839762851669,0.0762828736666017,0.0678265416436168
mmbench,mqt,1000,800,True,44,Naive Confidence (NC),15.265591666102408,15.377306565642357,0.8284873021715127,0.1865580150582358,0.152655916661024,0.1537730656564235
mmbench,mqt,1000,800,True,44,Temperature Scaling (TS),10.24177716644628,9.81222010648625,0.8284873021715127,0.1560235433043403,0.1024177716644628,0.0981222010648625
mmbench,mqt,1000,800,True,44,Platt Scaling (1D),8.383029989595075,8.110271335057416,0.8284873021715127,0.1502745575444748,0.0838302998959507,0.0811027133505741
mmbench,mqt,1000,800,True,44,Trajectory Platt (5D),7.51429508626461,10.421996250748633,0.8185498711814502,0.1542637131407176,0.0751429508626461,0.1042199625074863
mmbench,mqt,1000,800,True,44,VCPS-5D (Our Method),7.6282873666601745,6.782654164361682,0.8292234081707767,0.1499839762851669,0.0762828736666017,0.0678265416436168
mmbench,mqt,1000,800,True,45,Naive Confidence (NC),15.265591666102408,15.377306565642357,0.8284873021715127,0.1865580150582358,0.152655916661024,0.1537730656564235
mmbench,mqt,1000,800,True,45,Temperature Scaling (TS),10.24177716644628,9.81222010648625,0.8284873021715127,0.1560235433043403,0.1024177716644628,0.0981222010648625
mmbench,mqt,1000,800,True,45,Platt Scaling (1D),8.383029989595075,8.110271335057416,0.8284873021715127,0.1502745575444748,0.0838302998959507,0.0811027133505741
mmbench,mqt,1000,800,True,45,Trajectory Platt (5D),7.51429508626461,10.421996250748633,0.8185498711814502,0.1542637131407176,0.0751429508626461,0.1042199625074863
mmbench,mqt,1000,800,True,45,VCPS-5D (Our Method),7.6282873666601745,6.782654164361682,0.8292234081707767,0.1499839762851669,0.0762828736666017,0.0678265416436168
mmbench,mqt,1000,800,True,46,Naive Confidence (NC),15.265591666102408,15.377306565642357,0.8284873021715127,0.1865580150582358,0.152655916661024,0.1537730656564235
mmbench,mqt,1000,800,True,46,Temperature Scaling (TS),10.24177716644628,9.81222010648625,0.8284873021715127,0.1560235433043403,0.1024177716644628,0.0981222010648625
mmbench,mqt,1000,800,True,46,Platt Scaling (1D),8.383029989595075,8.110271335057416,0.8284873021715127,0.1502745575444748,0.0838302998959507,0.0811027133505741
mmbench,mqt,1000,800,True,46,Trajectory Platt (5D),7.51429508626461,10.421996250748633,0.8185498711814502,0.1542637131407176,0.0751429508626461,0.1042199625074863
mmbench,mqt,1000,800,True,46,VCPS-5D (Our Method),7.6282873666601745,6.782654164361682,0.8292234081707767,0.1499839762851669,0.0762828736666017,0.0678265416436168
mmbench,mqt,1500,800,True,42,Naive Confidence (NC),15.265591666102408,15.377306565642357,0.8284873021715127,0.1865580150582358,0.152655916661024,0.1537730656564235
mmbench,mqt,1500,800,True,42,Temperature Scaling (TS),10.24177716644628,9.81222010648625,0.8284873021715127,0.1560235433043403,0.1024177716644628,0.0981222010648625
mmbench,mqt,1500,800,True,42,Platt Scaling (1D),8.383029989595075,8.110271335057416,0.8284873021715127,0.1502745575444748,0.0838302998959507,0.0811027133505741
mmbench,mqt,1500,800,True,42,Trajectory Platt (5D),7.51429508626461,10.421996250748633,0.8185498711814502,0.1542637131407176,0.0751429508626461,0.1042199625074863
mmbench,mqt,1500,800,True,42,VCPS-5D (Our Method),7.6282873666601745,6.782654164361682,0.8292234081707767,0.1499839762851669,0.0762828736666017,0.0678265416436168
mmbench,mqt,1500,800,True,43,Naive Confidence (NC),15.265591666102408,15.377306565642357,0.8284873021715127,0.1865580150582358,0.152655916661024,0.1537730656564235
mmbench,mqt,1500,800,True,43,Temperature Scaling (TS),10.24177716644628,9.81222010648625,0.8284873021715127,0.1560235433043403,0.1024177716644628,0.0981222010648625
mmbench,mqt,1500,800,True,43,Platt Scaling (1D),8.383029989595075,8.110271335057416,0.8284873021715127,0.1502745575444748,0.0838302998959507,0.0811027133505741
mmbench,mqt,1500,800,True,43,Trajectory Platt (5D),7.51429508626461,10.421996250748633,0.8185498711814502,0.1542637131407176,0.0751429508626461,0.1042199625074863
mmbench,mqt,1500,800,True,43,VCPS-5D (Our Method),7.6282873666601745,6.782654164361682,0.8292234081707767,0.1499839762851669,0.0762828736666017,0.0678265416436168
mmbench,mqt,1500,800,True,44,Naive Confidence (NC),15.265591666102408,15.377306565642357,0.8284873021715127,0.1865580150582358,0.152655916661024,0.1537730656564235
mmbench,mqt,1500,800,True,44,Temperature Scaling (TS),10.24177716644628,9.81222010648625,0.8284873021715127,0.1560235433043403,0.1024177716644628,0.0981222010648625
mmbench,mqt,1500,800,True,44,Platt Scaling (1D),8.383029989595075,8.110271335057416,0.8284873021715127,0.1502745575444748,0.0838302998959507,0.0811027133505741
mmbench,mqt,1500,800,True,44,Trajectory Platt (5D),7.51429508626461,10.421996250748633,0.8185498711814502,0.1542637131407176,0.0751429508626461,0.1042199625074863
mmbench,mqt,1500,800,True,44,VCPS-5D (Our Method),7.6282873666601745,6.782654164361682,0.8292234081707767,0.1499839762851669,0.0762828736666017,0.0678265416436168
mmbench,mqt,1500,800,True,45,Naive Confidence (NC),15.265591666102408,15.377306565642357,0.8284873021715127,0.1865580150582358,0.152655916661024,0.1537730656564235
mmbench,mqt,1500,800,True,45,Temperature Scaling (TS),10.24177716644628,9.81222010648625,0.8284873021715127,0.1560235433043403,0.1024177716644628,0.0981222010648625
mmbench,mqt,1500,800,True,45,Platt Scaling (1D),8.383029989595075,8.110271335057416,0.8284873021715127,0.1502745575444748,0.0838302998959507,0.0811027133505741
mmbench,mqt,1500,800,True,45,Trajectory Platt (5D),7.51429508626461,10.421996250748633,0.8185498711814502,0.1542637131407176,0.0751429508626461,0.1042199625074863
mmbench,mqt,1500,800,True,45,VCPS-5D (Our Method),7.6282873666601745,6.782654164361682,0.8292234081707767,0.1499839762851669,0.0762828736666017,0.0678265416436168
mmbench,mqt,1500,800,True,46,Naive Confidence (NC),15.265591666102408,15.377306565642357,0.8284873021715127,0.1865580150582358,0.152655916661024,0.1537730656564235
mmbench,mqt,1500,800,True,46,Temperature Scaling (TS),10.24177716644628,9.81222010648625,0.8284873021715127,0.1560235433043403,0.1024177716644628,0.0981222010648625
mmbench,mqt,1500,800,True,46,Platt Scaling (1D),8.383029989595075,8.110271335057416,0.8284873021715127,0.1502745575444748,0.0838302998959507,0.0811027133505741
mmbench,mqt,1500,800,True,46,Trajectory Platt (5D),7.51429508626461,10.421996250748633,0.8185498711814502,0.1542637131407176,0.0751429508626461,0.1042199625074863
mmbench,mqt,1500,800,True,46,VCPS-5D (Our Method),7.6282873666601745,6.782654164361682,0.8292234081707767,0.1499839762851669,0.0762828736666017,0.0678265416436168
mmbench,mqt,Full,800,True,42,Naive Confidence (NC),15.265591666102408,15.377306565642357,0.8284873021715127,0.1865580150582358,0.152655916661024,0.1537730656564235
mmbench,mqt,Full,800,True,42,Temperature Scaling (TS),10.24177716644628,9.81222010648625,0.8284873021715127,0.1560235433043403,0.1024177716644628,0.0981222010648625
mmbench,mqt,Full,800,True,42,Platt Scaling (1D),8.383029989595075,8.110271335057416,0.8284873021715127,0.1502745575444748,0.0838302998959507,0.0811027133505741
mmbench,mqt,Full,800,True,42,Trajectory Platt (5D),7.51429508626461,10.421996250748633,0.8185498711814502,0.1542637131407176,0.0751429508626461,0.1042199625074863
mmbench,mqt,Full,800,True,42,VCPS-5D (Our Method),7.6282873666601745,6.782654164361682,0.8292234081707767,0.1499839762851669,0.0762828736666017,0.0678265416436168
mmbench,mqt,Full,800,True,43,Naive Confidence (NC),15.265591666102408,15.377306565642357,0.8284873021715127,0.1865580150582358,0.152655916661024,0.1537730656564235
mmbench,mqt,Full,800,True,43,Temperature Scaling (TS),10.24177716644628,9.81222010648625,0.8284873021715127,0.1560235433043403,0.1024177716644628,0.0981222010648625
mmbench,mqt,Full,800,True,43,Platt Scaling (1D),8.383029989595075,8.110271335057416,0.8284873021715127,0.1502745575444748,0.0838302998959507,0.0811027133505741
mmbench,mqt,Full,800,True,43,Trajectory Platt (5D),7.51429508626461,10.421996250748633,0.8185498711814502,0.1542637131407176,0.0751429508626461,0.1042199625074863
mmbench,mqt,Full,800,True,43,VCPS-5D (Our Method),7.6282873666601745,6.782654164361682,0.8292234081707767,0.1499839762851669,0.0762828736666017,0.0678265416436168
mmbench,mqt,Full,800,True,44,Naive Confidence (NC),15.265591666102408,15.377306565642357,0.8284873021715127,0.1865580150582358,0.152655916661024,0.1537730656564235
mmbench,mqt,Full,800,True,44,Temperature Scaling (TS),10.24177716644628,9.81222010648625,0.8284873021715127,0.1560235433043403,0.1024177716644628,0.0981222010648625
mmbench,mqt,Full,800,True,44,Platt Scaling (1D),8.383029989595075,8.110271335057416,0.8284873021715127,0.1502745575444748,0.0838302998959507,0.0811027133505741
mmbench,mqt,Full,800,True,44,Trajectory Platt (5D),7.51429508626461,10.421996250748633,0.8185498711814502,0.1542637131407176,0.0751429508626461,0.1042199625074863
mmbench,mqt,Full,800,True,44,VCPS-5D (Our Method),7.6282873666601745,6.782654164361682,0.8292234081707767,0.1499839762851669,0.0762828736666017,0.0678265416436168
mmbench,mqt,Full,800,True,45,Naive Confidence (NC),15.265591666102408,15.377306565642357,0.8284873021715127,0.1865580150582358,0.152655916661024,0.1537730656564235
mmbench,mqt,Full,800,True,45,Temperature Scaling (TS),10.24177716644628,9.81222010648625,0.8284873021715127,0.1560235433043403,0.1024177716644628,0.0981222010648625
mmbench,mqt,Full,800,True,45,Platt Scaling (1D),8.383029989595075,8.110271335057416,0.8284873021715127,0.1502745575444748,0.0838302998959507,0.0811027133505741
mmbench,mqt,Full,800,True,45,Trajectory Platt (5D),7.51429508626461,10.421996250748633,0.8185498711814502,0.1542637131407176,0.0751429508626461,0.1042199625074863
mmbench,mqt,Full,800,True,45,VCPS-5D (Our Method),7.6282873666601745,6.782654164361682,0.8292234081707767,0.1499839762851669,0.0762828736666017,0.0678265416436168
mmbench,mqt,Full,800,True,46,Naive Confidence (NC),15.265591666102408,15.377306565642357,0.8284873021715127,0.1865580150582358,0.152655916661024,0.1537730656564235
mmbench,mqt,Full,800,True,46,Temperature Scaling (TS),10.24177716644628,9.81222010648625,0.8284873021715127,0.1560235433043403,0.1024177716644628,0.0981222010648625
mmbench,mqt,Full,800,True,46,Platt Scaling (1D),8.383029989595075,8.110271335057416,0.8284873021715127,0.1502745575444748,0.0838302998959507,0.0811027133505741
mmbench,mqt,Full,800,True,46,Trajectory Platt (5D),7.51429508626461,10.421996250748633,0.8185498711814502,0.1542637131407176,0.0751429508626461,0.1042199625074863
mmbench,mqt,Full,800,True,46,VCPS-5D (Our Method),7.6282873666601745,6.782654164361682,0.8292234081707767,0.1499839762851669,0.0762828736666017,0.0678265416436168
mmmu,mqt,50,50,False,42,Naive Confidence (NC),52.240524428008605,52.240524428008605,0.3147058823529411,0.3669483455024958,0.5224052442800861,0.5224052442800861
mmmu,mqt,50,50,False,42,Temperature Scaling (TS),49.31810870233828,49.31810870233828,0.3147058823529411,0.2555613820167829,0.4931810870233827,0.4931810870233828
mmmu,mqt,50,50,False,42,Platt Scaling (1D),3.0946848535863776,1.0290462017698438,0.3147058823529411,0.0133478021767505,0.0309468485358637,0.0102904620176984
mmmu,mqt,50,50,False,42,Trajectory Platt (5D),2.5085949263886382,1.0468642291608523,0.6205882352941177,0.0140655020306888,0.0250859492638863,0.0104686422916085
mmmu,mqt,50,50,False,42,VCPS-5D (Our Method),3.76142143978164,2.4334137843210573,0.3147058823529411,0.0234138941941978,0.0376142143978164,0.0243341378432105
mmmu,mqt,50,50,False,43,Naive Confidence (NC),52.240524428008605,52.240524428008605,0.3147058823529411,0.3669483455024958,0.5224052442800861,0.5224052442800861
mmmu,mqt,50,50,False,43,Temperature Scaling (TS),49.31810870233828,49.31810870233828,0.3147058823529411,0.2555613820167829,0.4931810870233827,0.4931810870233828
mmmu,mqt,50,50,False,43,Platt Scaling (1D),2.704408658753403,0.8052493280682511,0.3147058823529411,0.0117450312538416,0.027044086587534,0.0080524932806825
mmmu,mqt,50,50,False,43,Trajectory Platt (5D),3.457175639355122,1.3347392296689282,0.188235294117647,0.0131104963844069,0.0345717563935512,0.0133473922966892
mmmu,mqt,50,50,False,43,VCPS-5D (Our Method),2.7881185789619205,0.8255971907762792,0.2764705882352941,0.0119218232415515,0.0278811857896192,0.0082559719077627
mmmu,mqt,50,50,False,44,Naive Confidence (NC),52.240524428008605,52.240524428008605,0.3147058823529411,0.3669483455024958,0.5224052442800861,0.5224052442800861
mmmu,mqt,50,50,False,44,Temperature Scaling (TS),49.31810870233828,49.31810870233828,0.3147058823529411,0.2555613820167829,0.4931810870233827,0.4931810870233828
mmmu,mqt,50,50,False,44,Platt Scaling (1D),3.396072184177111,1.2946553479414988,0.3147058823529411,0.0150748496656789,0.0339607218417711,0.0129465534794149
mmmu,mqt,50,50,False,44,Trajectory Platt (5D),2.576520444091689,1.5480577597626572,0.5705882352941176,0.0151322855943266,0.0257652044409168,0.0154805775976265
mmmu,mqt,50,50,False,44,VCPS-5D (Our Method),6.452368403455215,6.332149695491518,0.2941176470588235,0.0639146434742632,0.0645236840345521,0.0633214969549151
mmmu,mqt,50,50,False,45,Naive Confidence (NC),52.240524428008605,52.240524428008605,0.3147058823529411,0.3669483455024958,0.5224052442800861,0.5224052442800861
mmmu,mqt,50,50,False,45,Temperature Scaling (TS),49.31810870233828,49.31810870233828,0.3147058823529411,0.2555613820167829,0.4931810870233827,0.4931810870233828
mmmu,mqt,50,50,False,45,Platt Scaling (1D),3.0351249712124235,0.9613437435514524,0.3147058823529411,0.0132458918283283,0.0303512497121242,0.0096134374355145
mmmu,mqt,50,50,False,45,Trajectory Platt (5D),2.8394088245075317,1.5799255799445449,0.5411764705882353,0.0170780975359583,0.0283940882450753,0.0157992557994454
mmmu,mqt,50,50,False,45,VCPS-5D (Our Method),5.200864546913184,5.200299854505343,0.3058823529411764,0.0517036111202197,0.0520086454691318,0.0520029985450534
mmmu,mqt,50,50,False,46,Naive Confidence (NC),52.240524428008605,52.240524428008605,0.3147058823529411,0.3669483455024958,0.5224052442800861,0.5224052442800861
mmmu,mqt,50,50,False,46,Temperature Scaling (TS),49.31810870233828,49.31810870233828,0.3147058823529411,0.2555613820167829,0.4931810870233827,0.4931810870233828
mmmu,mqt,50,50,False,46,Platt Scaling (1D),2.6550302683156337,0.8795243291384803,0.6852941176470588,0.0115481631268068,0.0265503026831563,0.0087952432913848
mmmu,mqt,50,50,False,46,Trajectory Platt (5D),2.8466715569456302,0.8009681396922745,0.1852941176470588,0.0117856637167454,0.0284667155694563,0.0080096813969227
mmmu,mqt,50,50,False,46,VCPS-5D (Our Method),2.617206762226244,0.7987931086476847,0.1941176470588235,0.0115914226468431,0.0261720676222624,0.0079879310864768
mmmu,mqt,100,100,False,42,Naive Confidence (NC),52.240524428008605,52.240524428008605,0.3147058823529411,0.3669483455024958,0.5224052442800861,0.5224052442800861
mmmu,mqt,100,100,False,42,Temperature Scaling (TS),49.31810870233828,49.31810870233828,0.3147058823529411,0.2555613820167829,0.4931810870233827,0.4931810870233828
mmmu,mqt,100,100,False,42,Platt Scaling (1D),2.241288655796008,0.6741192368250969,0.3147058823529411,0.012246587677766,0.02241288655796,0.0067411923682509
mmmu,mqt,100,100,False,42,Trajectory Platt (5D),2.1379052159513883,1.37280397273222,0.6,0.0138545032455317,0.0213790521595138,0.0137280397273222
mmmu,mqt,100,100,False,42,VCPS-5D (Our Method),3.050925340630985,1.8941774192556693,0.3088235294117646,0.0194501916462952,0.0305092534063098,0.0189417741925566
mmmu,mqt,100,100,False,43,Naive Confidence (NC),52.240524428008605,52.240524428008605,0.3147058823529411,0.3669483455024958,0.5224052442800861,0.5224052442800861
mmmu,mqt,100,100,False,43,Temperature Scaling (TS),49.31810870233828,49.31810870233828,0.3147058823529411,0.2555613820167829,0.4931810870233827,0.4931810870233828
mmmu,mqt,100,100,False,43,Platt Scaling (1D),1.9070236035627253,0.195427812636206,0.3147058823529411,0.0115471019386801,0.0190702360356272,0.001954278126362
mmmu,mqt,100,100,False,43,Trajectory Platt (5D),2.7318116307575364,0.5032646288718964,0.2058823529411765,0.0126843509889775,0.0273181163075753,0.0050326462887189
mmmu,mqt,100,100,False,43,VCPS-5D (Our Method),1.9189642243648648,0.2044588858191866,0.2852941176470588,0.01157018134249,0.0191896422436486,0.0020445888581918
mmmu,mqt,100,100,False,44,Naive Confidence (NC),52.240524428008605,52.240524428008605,0.3147058823529411,0.3669483455024958,0.5224052442800861,0.5224052442800861
mmmu,mqt,100,100,False,44,Temperature Scaling (TS),49.31810870233828,49.31810870233828,0.3147058823529411,0.2555613820167829,0.4931810870233827,0.4931810870233828
mmmu,mqt,100,100,False,44,Platt Scaling (1D),2.263714083757752,0.7547558888506577,0.3147058823529411,0.0124199566160684,0.0226371408375775,0.0075475588885065
mmmu,mqt,100,100,False,44,Trajectory Platt (5D),2.1381541971497304,1.4507097433103573,0.5470588235294117,0.014012192962868,0.0213815419714973,0.0145070974331035
mmmu,mqt,100,100,False,44,VCPS-5D (Our Method),5.481961083465093,5.405075972332255,0.3,0.053111846873035,0.0548196108346509,0.0540507597233225
mmmu,mqt,100,100,False,45,Naive Confidence (NC),52.240524428008605,52.240524428008605,0.3147058823529411,0.3669483455024958,0.5224052442800861,0.5224052442800861
mmmu,mqt,100,100,False,45,Temperature Scaling (TS),49.31810870233828,49.31810870233828,0.3147058823529411,0.2555613820167829,0.4931810870233827,0.4931810870233828
mmmu,mqt,100,100,False,45,Platt Scaling (1D),2.0791445236305632,0.554681386565542,0.3147058823529411,0.0119197888999168,0.0207914452363056,0.0055468138656554
mmmu,mqt,100,100,False,45,Trajectory Platt (5D),1.6867722293914824,0.9533739704280844,0.6764705882352942,0.0118625934180642,0.0168677222939148,0.0095337397042808
mmmu,mqt,100,100,False,45,VCPS-5D (Our Method),2.196317230840026,0.90555816404621,0.3147058823529411,0.0125595734117815,0.0219631723084002,0.0090555816404621
mmmu,mqt,100,100,False,46,Naive Confidence (NC),52.240524428008605,52.240524428008605,0.3147058823529411,0.3669483455024958,0.5224052442800861,0.5224052442800861
mmmu,mqt,100,100,False,46,Temperature Scaling (TS),49.31810870233828,49.31810870233828,0.3147058823529411,0.2555613820167829,0.4931810870233827,0.4931810870233828
mmmu,mqt,100,100,False,46,Platt Scaling (1D),1.9066070604284069,0.1551483057230487,0.6852941176470588,0.0114896575039738,0.019066070604284,0.0015514830572304
mmmu,mqt,100,100,False,46,Trajectory Platt (5D),2.042759286218084,0.0956578645855188,0.1941176470588235,0.0116184360920859,0.0204275928621808,0.0009565786458551
mmmu,mqt,100,100,False,46,VCPS-5D (Our Method),1.895075316525452,0.1732338451617788,0.2294117647058823,0.0115112703200125,0.0189507531652545,0.0017323384516177
mmmu,mqt,200,200,False,42,Naive Confidence (NC),52.240524428008605,52.240524428008605,0.3147058823529411,0.3669483455024958,0.5224052442800861,0.5224052442800861
mmmu,mqt,200,200,False,42,Temperature Scaling (TS),49.31810870233828,49.31810870233828,0.3147058823529411,0.2555613820167829,0.4931810870233827,0.4931810870233828
mmmu,mqt,200,200,False,42,Platt Scaling (1D),2.372781919228919,0.3588729140491435,0.3147058823529411,0.0116785821999585,0.0237278191922891,0.0035887291404914
mmmu,mqt,200,200,False,42,Trajectory Platt (5D),2.428889691949481,0.404436122419632,0.5411764705882354,0.0122462447725278,0.0242888969194948,0.0040443612241963
mmmu,mqt,200,200,False,42,VCPS-5D (Our Method),2.4031566286302297,0.3720841263454902,0.3147058823529411,0.0117394725014075,0.0240315662863022,0.0037208412634549
mmmu,mqt,200,200,False,43,Naive Confidence (NC),52.240524428008605,52.240524428008605,0.3147058823529411,0.3669483455024958,0.5224052442800861,0.5224052442800861
mmmu,mqt,200,200,False,43,Temperature Scaling (TS),49.31810870233828,49.31810870233828,0.3147058823529411,0.2555613820167829,0.4931810870233827,0.4931810870233828
mmmu,mqt,200,200,False,43,Platt Scaling (1D),2.388999148446885,0.3531614757314609,0.3147058823529411,0.0117378917809623,0.0238899914844688,0.0035316147573146
mmmu,mqt,200,200,False,43,Trajectory Platt (5D),2.3592494704305778,0.2837017108144802,0.4411764705882353,0.011852775791412,0.0235924947043057,0.0028370171081448
mmmu,mqt,200,200,False,43,VCPS-5D (Our Method),2.4124813239855207,0.3643052108472798,0.3147058823529411,0.0117933747267351,0.0241248132398552,0.0036430521084727
mmmu,mqt,200,200,False,44,Naive Confidence (NC),52.240524428008605,52.240524428008605,0.3147058823529411,0.3669483455024958,0.5224052442800861,0.5224052442800861
mmmu,mqt,200,200,False,44,Temperature Scaling (TS),49.31810870233828,49.31810870233828,0.3147058823529411,0.2555613820167829,0.4931810870233827,0.4931810870233828
mmmu,mqt,200,200,False,44,Platt Scaling (1D),2.3695449738032464,0.3594980986885722,0.3147058823529411,0.0116692016430813,0.0236954497380324,0.0035949809868857
mmmu,mqt,200,200,False,44,Trajectory Platt (5D),2.638923742660852,0.5844436410941768,0.4088235294117647,0.0122846113852271,0.0263892374266085,0.0058444364109417
mmmu,mqt,200,200,False,44,VCPS-5D (Our Method),2.3976444922807727,0.3701180501327017,0.3117647058823529,0.0117283928773895,0.0239764449228077,0.003701180501327
mmmu,mqt,200,200,False,45,Naive Confidence (NC),52.240524428008605,52.240524428008605,0.3147058823529411,0.3669483455024958,0.5224052442800861,0.5224052442800861
mmmu,mqt,200,200,False,45,Temperature Scaling (TS),49.31810870233828,49.31810870233828,0.3147058823529411,0.2555613820167829,0.4931810870233827,0.4931810870233828
mmmu,mqt,200,200,False,45,Platt Scaling (1D),2.359383021518842,0.364258292975848,0.3147058823529411,0.0116378954913332,0.0235938302151884,0.0036425829297584
mmmu,mqt,200,200,False,45,Trajectory Platt (5D),2.334304329764733,0.8213675625547482,0.7058823529411764,0.0127339439921096,0.0233430432976473,0.0082136756255474
mmmu,mqt,200,200,False,45,VCPS-5D (Our Method),2.376426596138982,0.3601550885468784,0.3529411764705882,0.011663454020803,0.0237642659613898,0.0036015508854687
mmmu,mqt,200,200,False,46,Naive Confidence (NC),52.240524428008605,52.240524428008605,0.3147058823529411,0.3669483455024958,0.5224052442800861,0.5224052442800861
mmmu,mqt,200,200,False,46,Temperature Scaling (TS),49.31810870233828,49.31810870233828,0.3147058823529411,0.2555613820167829,0.4931810870233827,0.4931810870233828
mmmu,mqt,200,200,False,46,Platt Scaling (1D),2.2823481858652106,0.3418667453155738,0.6852941176470588,0.0115042117777181,0.0228234818586521,0.0034186674531557
mmmu,mqt,200,200,False,46,Trajectory Platt (5D),2.492694514207975,0.4188493227174634,0.3088235294117646,0.0117706070510136,0.0249269451420797,0.0041884932271746
mmmu,mqt,200,200,False,46,VCPS-5D (Our Method),2.2681938810923272,0.3308891081089341,0.2176470588235294,0.0115279557972601,0.0226819388109232,0.0033088910810893
mmmu,mqt,500,500,False,42,Naive Confidence (NC),52.240524428008605,52.240524428008605,0.3147058823529411,0.3669483455024958,0.5224052442800861,0.5224052442800861
mmmu,mqt,500,500,False,42,Temperature Scaling (TS),49.31810870233828,49.31810870233828,0.3147058823529411,0.2555613820167829,0.4931810870233827,0.4931810870233828
mmmu,mqt,500,500,False,42,Platt Scaling (1D),2.257259624954067,0.2504637956011841,0.3147058823529411,0.0115927457080376,0.0225725962495406,0.0025046379560118
mmmu,mqt,500,500,False,42,Trajectory Platt (5D),2.189433741380548,0.2163833034966617,0.6205882352941177,0.0118067231725947,0.0218943374138054,0.0021638330349666
mmmu,mqt,500,500,False,42,VCPS-5D (Our Method),2.258002238669432,0.2448524066097511,0.3294117647058823,0.0115982664353621,0.0225800223866943,0.0024485240660975
mmmu,mqt,500,500,False,43,Naive Confidence (NC),52.240524428008605,52.240524428008605,0.3147058823529411,0.3669483455024958,0.5224052442800861,0.5224052442800861
mmmu,mqt,500,500,False,43,Temperature Scaling (TS),49.31810870233828,49.31810870233828,0.3147058823529411,0.2555613820167829,0.4931810870233827,0.4931810870233828
mmmu,mqt,500,500,False,43,Platt Scaling (1D),2.2462313695940224,0.2450957207570216,0.3147058823529411,0.0115802397695474,0.0224623136959402,0.0024509572075702
mmmu,mqt,500,500,False,43,Trajectory Platt (5D),2.213796711869289,0.2104204036038217,0.5970588235294118,0.0117647416009712,0.0221379671186928,0.0021042040360382
mmmu,mqt,500,500,False,43,VCPS-5D (Our Method),2.2459250264103563,0.2394578962734697,0.3205882352941177,0.0115845329467996,0.0224592502641035,0.0023945789627346
mmmu,mqt,500,500,False,44,Naive Confidence (NC),52.240524428008605,52.240524428008605,0.3147058823529411,0.3669483455024958,0.5224052442800861,0.5224052442800861
mmmu,mqt,500,500,False,44,Temperature Scaling (TS),49.31810870233828,49.31810870233828,0.3147058823529411,0.2555613820167829,0.4931810870233827,0.4931810870233828
mmmu,mqt,500,500,False,44,Platt Scaling (1D),2.202720074572585,0.2416001717205204,0.6852941176470588,0.0114938375491424,0.0220272007457258,0.0024160017172052
mmmu,mqt,500,500,False,44,Trajectory Platt (5D),2.0377335967062864,0.168571941186349,0.7558823529411764,0.011537832617507,0.0203773359670628,0.0016857194118634
mmmu,mqt,500,500,False,44,VCPS-5D (Our Method),2.201742378994658,0.2322849814113077,0.3823529411764705,0.0115146493563171,0.0220174237899465,0.002322849814113
mmmu,mqt,500,500,False,45,Naive Confidence (NC),52.240524428008605,52.240524428008605,0.3147058823529411,0.3669483455024958,0.5224052442800861,0.5224052442800861
mmmu,mqt,500,500,False,45,Temperature Scaling (TS),49.31810870233828,49.31810870233828,0.3147058823529411,0.2555613820167829,0.4931810870233827,0.4931810870233828
mmmu,mqt,500,500,False,45,Platt Scaling (1D),2.202867944258589,0.2450261725885192,0.3147058823529411,0.011522580476073,0.0220286794425858,0.0024502617258851
mmmu,mqt,500,500,False,45,Trajectory Platt (5D),2.1417828963062364,0.1923250969835059,0.6323529411764706,0.011539655427243,0.0214178289630623,0.001923250969835
mmmu,mqt,500,500,False,45,VCPS-5D (Our Method),2.203995291646168,0.244373488641904,0.3352941176470588,0.0115227494696849,0.0220399529164616,0.002443734886419
mmmu,mqt,500,500,False,46,Naive Confidence (NC),52.240524428008605,52.240524428008605,0.3147058823529411,0.3669483455024958,0.5224052442800861,0.5224052442800861
mmmu,mqt,500,500,False,46,Temperature Scaling (TS),49.31810870233828,49.31810870233828,0.3147058823529411,0.2555613820167829,0.4931810870233827,0.4931810870233828
mmmu,mqt,500,500,False,46,Platt Scaling (1D),2.248249067921173,0.2462874755182543,0.3147058823529411,0.0115822151607558,0.0224824906792117,0.0024628747551825
mmmu,mqt,500,500,False,46,Trajectory Platt (5D),2.3626300531844238,0.3220582441975049,0.5323529411764706,0.012201370615446,0.0236263005318442,0.003220582441975
mmmu,mqt,500,500,False,46,VCPS-5D (Our Method),2.250614885553132,0.241570073369284,0.3147058823529411,0.0115904965936427,0.0225061488555313,0.0024157007336928
mmmu,mqt,1000,685,True,42,Naive Confidence (NC),52.240524428008605,52.240524428008605,0.3147058823529411,0.3669483455024958,0.5224052442800861,0.5224052442800861
mmmu,mqt,1000,685,True,42,Temperature Scaling (TS),49.31810870233828,49.31810870233828,0.3147058823529411,0.2555613820167829,0.4931810870233827,0.4931810870233828
mmmu,mqt,1000,685,True,42,Platt Scaling (1D),2.135884137008377,0.1558368972162596,0.3147058823529411,0.0115161847660067,0.0213588413700837,0.0015583689721625
mmmu,mqt,1000,685,True,42,Trajectory Platt (5D),2.041928707161745,0.2296839094839903,0.7235294117647059,0.0116117260449792,0.0204192870716174,0.0022968390948399
mmmu,mqt,1000,685,True,42,VCPS-5D (Our Method),2.1452032032600266,0.1494842912307026,0.3647058823529412,0.0115146569729876,0.0214520320326002,0.001494842912307
mmmu,mqt,1000,685,True,43,Naive Confidence (NC),52.240524428008605,52.240524428008605,0.3147058823529411,0.3669483455024958,0.5224052442800861,0.5224052442800861
mmmu,mqt,1000,685,True,43,Temperature Scaling (TS),49.31810870233828,49.31810870233828,0.3147058823529411,0.2555613820167829,0.4931810870233827,0.4931810870233828
mmmu,mqt,1000,685,True,43,Platt Scaling (1D),2.135884137008377,0.1558368972162596,0.3147058823529411,0.0115161847660067,0.0213588413700837,0.0015583689721625
mmmu,mqt,1000,685,True,43,Trajectory Platt (5D),2.041928707161745,0.2296839094839903,0.7235294117647059,0.0116117260449792,0.0204192870716174,0.0022968390948399
mmmu,mqt,1000,685,True,43,VCPS-5D (Our Method),2.1452032032600266,0.1494842912307026,0.3647058823529412,0.0115146569729876,0.0214520320326002,0.001494842912307
mmmu,mqt,1000,685,True,44,Naive Confidence (NC),52.240524428008605,52.240524428008605,0.3147058823529411,0.3669483455024958,0.5224052442800861,0.5224052442800861
mmmu,mqt,1000,685,True,44,Temperature Scaling (TS),49.31810870233828,49.31810870233828,0.3147058823529411,0.2555613820167829,0.4931810870233827,0.4931810870233828
mmmu,mqt,1000,685,True,44,Platt Scaling (1D),2.135884137008377,0.1558368972162596,0.3147058823529411,0.0115161847660067,0.0213588413700837,0.0015583689721625
mmmu,mqt,1000,685,True,44,Trajectory Platt (5D),2.041928707161745,0.2296839094839903,0.7235294117647059,0.0116117260449792,0.0204192870716174,0.0022968390948399
mmmu,mqt,1000,685,True,44,VCPS-5D (Our Method),2.1452032032600266,0.1494842912307026,0.3647058823529412,0.0115146569729876,0.0214520320326002,0.001494842912307
mmmu,mqt,1000,685,True,45,Naive Confidence (NC),52.240524428008605,52.240524428008605,0.3147058823529411,0.3669483455024958,0.5224052442800861,0.5224052442800861
mmmu,mqt,1000,685,True,45,Temperature Scaling (TS),49.31810870233828,49.31810870233828,0.3147058823529411,0.2555613820167829,0.4931810870233827,0.4931810870233828
mmmu,mqt,1000,685,True,45,Platt Scaling (1D),2.135884137008377,0.1558368972162596,0.3147058823529411,0.0115161847660067,0.0213588413700837,0.0015583689721625
mmmu,mqt,1000,685,True,45,Trajectory Platt (5D),2.041928707161745,0.2296839094839903,0.7235294117647059,0.0116117260449792,0.0204192870716174,0.0022968390948399
mmmu,mqt,1000,685,True,45,VCPS-5D (Our Method),2.1452032032600266,0.1494842912307026,0.3647058823529412,0.0115146569729876,0.0214520320326002,0.001494842912307
mmmu,mqt,1000,685,True,46,Naive Confidence (NC),52.240524428008605,52.240524428008605,0.3147058823529411,0.3669483455024958,0.5224052442800861,0.5224052442800861
mmmu,mqt,1000,685,True,46,Temperature Scaling (TS),49.31810870233828,49.31810870233828,0.3147058823529411,0.2555613820167829,0.4931810870233827,0.4931810870233828
mmmu,mqt,1000,685,True,46,Platt Scaling (1D),2.135884137008377,0.1558368972162596,0.3147058823529411,0.0115161847660067,0.0213588413700837,0.0015583689721625
mmmu,mqt,1000,685,True,46,Trajectory Platt (5D),2.041928707161745,0.2296839094839903,0.7235294117647059,0.0116117260449792,0.0204192870716174,0.0022968390948399
mmmu,mqt,1000,685,True,46,VCPS-5D (Our Method),2.1452032032600266,0.1494842912307026,0.3647058823529412,0.0115146569729876,0.0214520320326002,0.001494842912307
mmmu,mqt,1500,685,True,42,Naive Confidence (NC),52.240524428008605,52.240524428008605,0.3147058823529411,0.3669483455024958,0.5224052442800861,0.5224052442800861
mmmu,mqt,1500,685,True,42,Temperature Scaling (TS),49.31810870233828,49.31810870233828,0.3147058823529411,0.2555613820167829,0.4931810870233827,0.4931810870233828
mmmu,mqt,1500,685,True,42,Platt Scaling (1D),2.135884137008377,0.1558368972162596,0.3147058823529411,0.0115161847660067,0.0213588413700837,0.0015583689721625
mmmu,mqt,1500,685,True,42,Trajectory Platt (5D),2.041928707161745,0.2296839094839903,0.7235294117647059,0.0116117260449792,0.0204192870716174,0.0022968390948399
mmmu,mqt,1500,685,True,42,VCPS-5D (Our Method),2.1452032032600266,0.1494842912307026,0.3647058823529412,0.0115146569729876,0.0214520320326002,0.001494842912307
mmmu,mqt,1500,685,True,43,Naive Confidence (NC),52.240524428008605,52.240524428008605,0.3147058823529411,0.3669483455024958,0.5224052442800861,0.5224052442800861
mmmu,mqt,1500,685,True,43,Temperature Scaling (TS),49.31810870233828,49.31810870233828,0.3147058823529411,0.2555613820167829,0.4931810870233827,0.4931810870233828
mmmu,mqt,1500,685,True,43,Platt Scaling (1D),2.135884137008377,0.1558368972162596,0.3147058823529411,0.0115161847660067,0.0213588413700837,0.0015583689721625
mmmu,mqt,1500,685,True,43,Trajectory Platt (5D),2.041928707161745,0.2296839094839903,0.7235294117647059,0.0116117260449792,0.0204192870716174,0.0022968390948399
mmmu,mqt,1500,685,True,43,VCPS-5D (Our Method),2.1452032032600266,0.1494842912307026,0.3647058823529412,0.0115146569729876,0.0214520320326002,0.001494842912307
mmmu,mqt,1500,685,True,44,Naive Confidence (NC),52.240524428008605,52.240524428008605,0.3147058823529411,0.3669483455024958,0.5224052442800861,0.5224052442800861
mmmu,mqt,1500,685,True,44,Temperature Scaling (TS),49.31810870233828,49.31810870233828,0.3147058823529411,0.2555613820167829,0.4931810870233827,0.4931810870233828
mmmu,mqt,1500,685,True,44,Platt Scaling (1D),2.135884137008377,0.1558368972162596,0.3147058823529411,0.0115161847660067,0.0213588413700837,0.0015583689721625
mmmu,mqt,1500,685,True,44,Trajectory Platt (5D),2.041928707161745,0.2296839094839903,0.7235294117647059,0.0116117260449792,0.0204192870716174,0.0022968390948399
mmmu,mqt,1500,685,True,44,VCPS-5D (Our Method),2.1452032032600266,0.1494842912307026,0.3647058823529412,0.0115146569729876,0.0214520320326002,0.001494842912307
mmmu,mqt,1500,685,True,45,Naive Confidence (NC),52.240524428008605,52.240524428008605,0.3147058823529411,0.3669483455024958,0.5224052442800861,0.5224052442800861
mmmu,mqt,1500,685,True,45,Temperature Scaling (TS),49.31810870233828,49.31810870233828,0.3147058823529411,0.2555613820167829,0.4931810870233827,0.4931810870233828
mmmu,mqt,1500,685,True,45,Platt Scaling (1D),2.135884137008377,0.1558368972162596,0.3147058823529411,0.0115161847660067,0.0213588413700837,0.0015583689721625
mmmu,mqt,1500,685,True,45,Trajectory Platt (5D),2.041928707161745,0.2296839094839903,0.7235294117647059,0.0116117260449792,0.0204192870716174,0.0022968390948399
mmmu,mqt,1500,685,True,45,VCPS-5D (Our Method),2.1452032032600266,0.1494842912307026,0.3647058823529412,0.0115146569729876,0.0214520320326002,0.001494842912307
mmmu,mqt,1500,685,True,46,Naive Confidence (NC),52.240524428008605,52.240524428008605,0.3147058823529411,0.3669483455024958,0.5224052442800861,0.5224052442800861
mmmu,mqt,1500,685,True,46,Temperature Scaling (TS),49.31810870233828,49.31810870233828,0.3147058823529411,0.2555613820167829,0.4931810870233827,0.4931810870233828
mmmu,mqt,1500,685,True,46,Platt Scaling (1D),2.135884137008377,0.1558368972162596,0.3147058823529411,0.0115161847660067,0.0213588413700837,0.0015583689721625
mmmu,mqt,1500,685,True,46,Trajectory Platt (5D),2.041928707161745,0.2296839094839903,0.7235294117647059,0.0116117260449792,0.0204192870716174,0.0022968390948399
mmmu,mqt,1500,685,True,46,VCPS-5D (Our Method),2.1452032032600266,0.1494842912307026,0.3647058823529412,0.0115146569729876,0.0214520320326002,0.001494842912307
mmmu,mqt,Full,685,True,42,Naive Confidence (NC),52.240524428008605,52.240524428008605,0.3147058823529411,0.3669483455024958,0.5224052442800861,0.5224052442800861
mmmu,mqt,Full,685,True,42,Temperature Scaling (TS),49.31810870233828,49.31810870233828,0.3147058823529411,0.2555613820167829,0.4931810870233827,0.4931810870233828
mmmu,mqt,Full,685,True,42,Platt Scaling (1D),2.135884137008377,0.1558368972162596,0.3147058823529411,0.0115161847660067,0.0213588413700837,0.0015583689721625
mmmu,mqt,Full,685,True,42,Trajectory Platt (5D),2.041928707161745,0.2296839094839903,0.7235294117647059,0.0116117260449792,0.0204192870716174,0.0022968390948399
mmmu,mqt,Full,685,True,42,VCPS-5D (Our Method),2.1452032032600266,0.1494842912307026,0.3647058823529412,0.0115146569729876,0.0214520320326002,0.001494842912307
mmmu,mqt,Full,685,True,43,Naive Confidence (NC),52.240524428008605,52.240524428008605,0.3147058823529411,0.3669483455024958,0.5224052442800861,0.5224052442800861
mmmu,mqt,Full,685,True,43,Temperature Scaling (TS),49.31810870233828,49.31810870233828,0.3147058823529411,0.2555613820167829,0.4931810870233827,0.4931810870233828
mmmu,mqt,Full,685,True,43,Platt Scaling (1D),2.135884137008377,0.1558368972162596,0.3147058823529411,0.0115161847660067,0.0213588413700837,0.0015583689721625
mmmu,mqt,Full,685,True,43,Trajectory Platt (5D),2.041928707161745,0.2296839094839903,0.7235294117647059,0.0116117260449792,0.0204192870716174,0.0022968390948399
mmmu,mqt,Full,685,True,43,VCPS-5D (Our Method),2.1452032032600266,0.1494842912307026,0.3647058823529412,0.0115146569729876,0.0214520320326002,0.001494842912307
mmmu,mqt,Full,685,True,44,Naive Confidence (NC),52.240524428008605,52.240524428008605,0.3147058823529411,0.3669483455024958,0.5224052442800861,0.5224052442800861
mmmu,mqt,Full,685,True,44,Temperature Scaling (TS),49.31810870233828,49.31810870233828,0.3147058823529411,0.2555613820167829,0.4931810870233827,0.4931810870233828
mmmu,mqt,Full,685,True,44,Platt Scaling (1D),2.135884137008377,0.1558368972162596,0.3147058823529411,0.0115161847660067,0.0213588413700837,0.0015583689721625
mmmu,mqt,Full,685,True,44,Trajectory Platt (5D),2.041928707161745,0.2296839094839903,0.7235294117647059,0.0116117260449792,0.0204192870716174,0.0022968390948399
mmmu,mqt,Full,685,True,44,VCPS-5D (Our Method),2.1452032032600266,0.1494842912307026,0.3647058823529412,0.0115146569729876,0.0214520320326002,0.001494842912307
mmmu,mqt,Full,685,True,45,Naive Confidence (NC),52.240524428008605,52.240524428008605,0.3147058823529411,0.3669483455024958,0.5224052442800861,0.5224052442800861
mmmu,mqt,Full,685,True,45,Temperature Scaling (TS),49.31810870233828,49.31810870233828,0.3147058823529411,0.2555613820167829,0.4931810870233827,0.4931810870233828
mmmu,mqt,Full,685,True,45,Platt Scaling (1D),2.135884137008377,0.1558368972162596,0.3147058823529411,0.0115161847660067,0.0213588413700837,0.0015583689721625
mmmu,mqt,Full,685,True,45,Trajectory Platt (5D),2.041928707161745,0.2296839094839903,0.7235294117647059,0.0116117260449792,0.0204192870716174,0.0022968390948399
mmmu,mqt,Full,685,True,45,VCPS-5D (Our Method),2.1452032032600266,0.1494842912307026,0.3647058823529412,0.0115146569729876,0.0214520320326002,0.001494842912307
mmmu,mqt,Full,685,True,46,Naive Confidence (NC),52.240524428008605,52.240524428008605,0.3147058823529411,0.3669483455024958,0.5224052442800861,0.5224052442800861
mmmu,mqt,Full,685,True,46,Temperature Scaling (TS),49.31810870233828,49.31810870233828,0.3147058823529411,0.2555613820167829,0.4931810870233827,0.4931810870233828
mmmu,mqt,Full,685,True,46,Platt Scaling (1D),2.135884137008377,0.1558368972162596,0.3147058823529411,0.0115161847660067,0.0213588413700837,0.0015583689721625
mmmu,mqt,Full,685,True,46,Trajectory Platt (5D),2.041928707161745,0.2296839094839903,0.7235294117647059,0.0116117260449792,0.0204192870716174,0.0022968390948399
mmmu,mqt,Full,685,True,46,VCPS-5D (Our Method),2.1452032032600266,0.1494842912307026,0.3647058823529412,0.0115146569729876,0.0214520320326002,0.001494842912307
pope,mqt,50,50,False,42,Naive Confidence (NC),4.300558529677436,4.0114217043670335,0.8756171364867017,0.090344299043824,0.0430055852967743,0.0401142170436703
pope,mqt,50,50,False,42,Temperature Scaling (TS),7.384501253460252,7.129453669604041,0.8756171364867017,0.0934277607892092,0.0738450125346025,0.0712945366960404
pope,mqt,50,50,False,42,Platt Scaling (1D),7.734099971450154,7.1065444227879695,0.8756171364867017,0.0950513041494644,0.0773409997145015,0.0710654442278796
pope,mqt,50,50,False,42,Trajectory Platt (5D),6.624452699688159,4.5281744582526,0.78659022137283,0.1087747337892454,0.0662445269968815,0.045281744582526
pope,mqt,50,50,False,42,VCPS-5D (Our Method),6.8422219181792086,6.778772664663463,0.8665392578436056,0.0946842406858505,0.068422219181792,0.0677877266466346
pope,mqt,50,50,False,43,Naive Confidence (NC),4.300558529677436,4.0114217043670335,0.8756171364867017,0.090344299043824,0.0430055852967743,0.0401142170436703
pope,mqt,50,50,False,43,Temperature Scaling (TS),4.236463740558801,3.9264010074107647,0.8756171364867017,0.089986981434813,0.042364637405588,0.0392640100741076
pope,mqt,50,50,False,43,Platt Scaling (1D),7.994499084507985,8.22646464722688,0.8756171364867017,0.1013943642062907,0.0799449908450798,0.0822646464722688
pope,mqt,50,50,False,43,Trajectory Platt (5D),6.490252888688473,7.245788734908388,0.8467908902691511,0.1043661915056469,0.0649025288868847,0.0724578873490838
pope,mqt,50,50,False,43,VCPS-5D (Our Method),9.874874769895449,10.507794659446814,0.8759356585443542,0.1155446948837135,0.0987487476989544,0.1050779465944681
pope,mqt,50,50,False,44,Naive Confidence (NC),4.300558529677436,4.0114217043670335,0.8756171364867017,0.090344299043824,0.0430055852967743,0.0401142170436703
pope,mqt,50,50,False,44,Temperature Scaling (TS),4.561302779943914,2.7108416532660407,0.8756171364867017,0.0898724564666049,0.0456130277994391,0.0271084165326604
pope,mqt,50,50,False,44,Platt Scaling (1D),4.955997968085619,3.928285853344921,0.8756171364867017,0.0905258653152799,0.0495599796808561,0.0392828585334492
pope,mqt,50,50,False,44,Trajectory Platt (5D),6.944111830388488,6.039429364906953,0.8264054785793916,0.0970607080032559,0.0694411183038848,0.0603942936490695
pope,mqt,50,50,False,44,VCPS-5D (Our Method),6.249434805271299,6.192486578117168,0.8663799968147795,0.0945872670350852,0.0624943480527129,0.0619248657811716
pope,mqt,50,50,False,45,Naive Confidence (NC),4.300558529677436,4.0114217043670335,0.8756171364867017,0.090344299043824,0.0430055852967743,0.0401142170436703
pope,mqt,50,50,False,45,Temperature Scaling (TS),4.31339155394645,2.45218170070857,0.8756171364867017,0.0897621782342908,0.0431339155394644,0.0245218170070856
pope,mqt,50,50,False,45,Platt Scaling (1D),3.5407771285710066,2.874718535111835,0.8756171364867017,0.0881092048608439,0.03540777128571,0.0287471853511183
pope,mqt,50,50,False,45,Trajectory Platt (5D),3.30409022240803,5.50483380645794,0.8633540372670809,0.0954240842741686,0.0330409022240803,0.0550483380645794
pope,mqt,50,50,False,45,VCPS-5D (Our Method),3.0225264413645614,2.915073716989674,0.8761745500875936,0.0887166109307783,0.0302252644136456,0.0291507371698967
pope,mqt,50,50,False,46,Naive Confidence (NC),4.300558529677436,4.0114217043670335,0.8756171364867017,0.090344299043824,0.0430055852967743,0.0401142170436703
pope,mqt,50,50,False,46,Temperature Scaling (TS),4.238377780824018,2.513186430041361,0.8756171364867017,0.0898096045111677,0.0423837778082401,0.0251318643004136
pope,mqt,50,50,False,46,Platt Scaling (1D),4.771300240227486,3.0847335136628886,0.8756171364867017,0.0908191754123862,0.0477130024022748,0.0308473351366288
pope,mqt,50,50,False,46,Trajectory Platt (5D),4.239635276943912,2.566927484584081,0.8502946329033286,0.0925925672989828,0.0423963527694391,0.0256692748458408
pope,mqt,50,50,False,46,VCPS-5D (Our Method),4.262843826038005,2.763025101564218,0.870043000477783,0.0896193812911317,0.04262843826038,0.0276302510156421
pope,mqt,100,100,False,42,Naive Confidence (NC),4.300558529677436,4.0114217043670335,0.8756171364867017,0.090344299043824,0.0430055852967743,0.0401142170436703
pope,mqt,100,100,False,42,Temperature Scaling (TS),6.028679304070523,5.940627056276638,0.8756171364867017,0.0914577710099663,0.0602867930407052,0.0594062705627663
pope,mqt,100,100,False,42,Platt Scaling (1D),6.275581608255331,5.309242373745156,0.8756171364867017,0.0923219240067639,0.0627558160825533,0.0530924237374515
pope,mqt,100,100,False,42,Trajectory Platt (5D),4.688964985007401,4.458727376961785,0.8202739289695812,0.0973214117637518,0.046889649850074,0.0445872737696178
pope,mqt,100,100,False,42,VCPS-5D (Our Method),5.785570049089635,4.756532463710084,0.8690078037904125,0.0911393622001824,0.0578557004908963,0.0475653246371008
pope,mqt,100,100,False,43,Naive Confidence (NC),4.300558529677436,4.0114217043670335,0.8756171364867017,0.090344299043824,0.0430055852967743,0.0401142170436703
pope,mqt,100,100,False,43,Temperature Scaling (TS),4.359904281638129,2.7839490129973274,0.8756171364867017,0.0897687263034428,0.0435990428163812,0.0278394901299732
pope,mqt,100,100,False,43,Platt Scaling (1D),5.988997546463774,5.4903304181438175,0.8756171364867017,0.0932279697554556,0.0598899754646377,0.0549033041814381
pope,mqt,100,100,False,43,Trajectory Platt (5D),4.99315614984327,5.583643875899363,0.8458353240961937,0.1012904396720659,0.0499315614984327,0.0558364387589936
pope,mqt,100,100,False,43,VCPS-5D (Our Method),6.756775013130967,5.535997775970797,0.8768115942028987,0.0954515154726338,0.0675677501313096,0.0553599777597079
pope,mqt,100,100,False,44,Naive Confidence (NC),4.300558529677436,4.0114217043670335,0.8756171364867017,0.090344299043824,0.0430055852967743,0.0401142170436703
pope,mqt,100,100,False,44,Temperature Scaling (TS),4.642278150604303,2.783695707159532,0.8756171364867017,0.0899271607244357,0.046422781506043,0.0278369570715953
pope,mqt,100,100,False,44,Platt Scaling (1D),3.997118573293378,3.35302785951884,0.8756171364867017,0.088615901116846,0.0399711857329337,0.0335302785951883
pope,mqt,100,100,False,44,Trajectory Platt (5D),4.187225230435219,3.251255399381106,0.8506927854753943,0.0894372440729119,0.0418722523043521,0.032512553993811
pope,mqt,100,100,False,44,VCPS-5D (Our Method),3.78714270552872,4.069772537266842,0.8685300207039339,0.0889178653053147,0.0378714270552872,0.0406977253726684
pope,mqt,100,100,False,45,Naive Confidence (NC),4.300558529677436,4.0114217043670335,0.8756171364867017,0.090344299043824,0.0430055852967743,0.0401142170436703
pope,mqt,100,100,False,45,Temperature Scaling (TS),4.785734467375129,3.021962530773694,0.8756171364867017,0.0900490096999191,0.0478573446737512,0.0302196253077369
pope,mqt,100,100,False,45,Platt Scaling (1D),4.310910321160257,3.983483882679032,0.8756171364867017,0.0891387336502406,0.0431091032116025,0.0398348388267903
pope,mqt,100,100,False,45,Trajectory Platt (5D),5.14331499704373,5.652762603797132,0.8513298295906991,0.0991792524268624,0.0514331499704373,0.0565276260379713
pope,mqt,100,100,False,45,VCPS-5D (Our Method),4.57004562192021,4.165107940868675,0.8780060519190954,0.0896304481079706,0.0457004562192021,0.0416510794086867
pope,mqt,100,100,False,46,Naive Confidence (NC),4.300558529677436,4.0114217043670335,0.8756171364867017,0.090344299043824,0.0430055852967743,0.0401142170436703
pope,mqt,100,100,False,46,Temperature Scaling (TS),4.593431969349043,2.7360226586696714,0.8756171364867017,0.0898929174051166,0.0459343196934904,0.0273602265866967
pope,mqt,100,100,False,46,Platt Scaling (1D),5.539440317584847,4.213459349667211,0.8756171364867017,0.092279675728719,0.0553944031758484,0.0421345934966721
pope,mqt,100,100,False,46,Trajectory Platt (5D),4.828539088975671,4.660864235091728,0.8647077560121037,0.0966526461452214,0.0482853908897567,0.0466086423509172
pope,mqt,100,100,False,46,VCPS-5D (Our Method),4.82927689765915,4.367816767522995,0.8759356585443542,0.0912189069959047,0.0482927689765914,0.0436781676752299
pope,mqt,200,200,False,42,Naive Confidence (NC),4.300558529677436,4.0114217043670335,0.8756171364867017,0.090344299043824,0.0430055852967743,0.0401142170436703
pope,mqt,200,200,False,42,Temperature Scaling (TS),5.48609397098922,5.346391532937916,0.8756171364867017,0.0908583914556938,0.0548609397098922,0.0534639153293791
pope,mqt,200,200,False,42,Platt Scaling (1D),5.286720771611728,4.7442583419827615,0.8756171364867017,0.0901244919960541,0.0528672077161172,0.0474425834198276
pope,mqt,200,200,False,42,Trajectory Platt (5D),5.109774842157632,5.478714401819118,0.8540372670807453,0.0905416441352187,0.0510977484215763,0.0547871440181911
pope,mqt,200,200,False,42,VCPS-5D (Our Method),5.069456810433644,4.419949198597683,0.8708393056219144,0.0900641369383896,0.0506945681043364,0.0441994919859768
pope,mqt,200,200,False,43,Naive Confidence (NC),4.300558529677436,4.0114217043670335,0.8756171364867017,0.090344299043824,0.0430055852967743,0.0401142170436703
pope,mqt,200,200,False,43,Temperature Scaling (TS),4.518904201962249,2.678163604046069,0.8756171364867017,0.0898480015252852,0.0451890420196224,0.0267816360404606
pope,mqt,200,200,False,43,Platt Scaling (1D),3.798215142864075,3.53948538480045,0.8756171364867017,0.0885586568178912,0.0379821514286407,0.0353948538480045
pope,mqt,200,200,False,43,Trajectory Platt (5D),4.330012660041498,4.350894259808581,0.8640707118967988,0.0926395343037669,0.0433001266004149,0.0435089425980858
pope,mqt,200,200,False,43,VCPS-5D (Our Method),4.272955133351479,2.842920384193885,0.8740245261984392,0.0885030708616601,0.0427295513335147,0.0284292038419388
pope,mqt,200,200,False,44,Naive Confidence (NC),4.300558529677436,4.0114217043670335,0.8756171364867017,0.090344299043824,0.0430055852967743,0.0401142170436703
pope,mqt,200,200,False,44,Temperature Scaling (TS),4.915943189654334,3.496449679060634,0.8756171364867017,0.0901860827958458,0.0491594318965433,0.0349644967906063
pope,mqt,200,200,False,44,Platt Scaling (1D),4.36796527919715,3.559533474616156,0.8756171364867017,0.0891676448963344,0.0436796527919714,0.0355953347461615
pope,mqt,200,200,False,44,Trajectory Platt (5D),3.654664511964613,4.956803949649058,0.8712374581939799,0.0903641856224507,0.0365466451196461,0.0495680394964905
pope,mqt,200,200,False,44,VCPS-5D (Our Method),4.192875296835172,3.9632066670172894,0.8749004618569837,0.0889483641134558,0.0419287529683517,0.0396320666701729
pope,mqt,200,200,False,45,Naive Confidence (NC),4.300558529677436,4.0114217043670335,0.8756171364867017,0.090344299043824,0.0430055852967743,0.0401142170436703
pope,mqt,200,200,False,45,Temperature Scaling (TS),5.212613701484442,4.997223192634814,0.8756171364867017,0.0905596285214736,0.0521261370148444,0.0499722319263481
pope,mqt,200,200,False,45,Platt Scaling (1D),4.85383838508054,4.2630509240695735,0.8756171364867017,0.0896713673983471,0.0485383838508053,0.0426305092406957
pope,mqt,200,200,False,45,Trajectory Platt (5D),4.871872964323873,4.493577698928813,0.8716356107660456,0.0923580910083296,0.0487187296432387,0.0449357769892881
pope,mqt,200,200,False,45,VCPS-5D (Our Method),4.0222281378082165,3.857035852706504,0.8747412008281573,0.089579527463418,0.0402222813780821,0.038570358527065
pope,mqt,200,200,False,46,Naive Confidence (NC),4.300558529677436,4.0114217043670335,0.8756171364867017,0.090344299043824,0.0430055852967743,0.0401142170436703
pope,mqt,200,200,False,46,Temperature Scaling (TS),4.541893349189683,2.695803488981981,0.8756171364867017,0.0898608994205943,0.0454189334918968,0.0269580348898198
pope,mqt,200,200,False,46,Platt Scaling (1D),4.456425131740763,2.4488520729983856,0.8756171364867017,0.089386266151372,0.0445642513174076,0.0244885207299838
pope,mqt,200,200,False,46,Trajectory Platt (5D),3.8779547221982007,3.866663696623899,0.8663799968147795,0.0896994977298523,0.038779547221982,0.0386666369662389
pope,mqt,200,200,False,46,VCPS-5D (Our Method),3.9276756585642447,3.5632852412386717,0.8731485905398948,0.0889647057230085,0.0392767565856424,0.0356328524123867
pope,mqt,500,500,False,42,Naive Confidence (NC),4.300558529677436,4.0114217043670335,0.8756171364867017,0.090344299043824,0.0430055852967743,0.0401142170436703
pope,mqt,500,500,False,42,Temperature Scaling (TS),4.9568037268871485,3.5562028614110317,0.8756171364867017,0.0902341146962407,0.0495680372688714,0.0355620286141103
pope,mqt,500,500,False,42,Platt Scaling (1D),4.521865674746383,3.5976187728901383,0.8756171364867017,0.0890784505711348,0.0452186567474638,0.0359761877289013
pope,mqt,500,500,False,42,Trajectory Platt (5D),4.7681035199509125,4.2816344006308205,0.8697244784201306,0.0891214601424922,0.0476810351995091,0.0428163440063082
pope,mqt,500,500,False,42,VCPS-5D (Our Method),4.492260402344755,4.335816333385174,0.8726708074534161,0.0889784644210947,0.0449226040234475,0.0433581633338517
pope,mqt,500,500,False,43,Naive Confidence (NC),4.300558529677436,4.0114217043670335,0.8756171364867017,0.090344299043824,0.0430055852967743,0.0401142170436703
pope,mqt,500,500,False,43,Temperature Scaling (TS),4.6428701311825815,2.784672081065093,0.8756171364867017,0.0899275986978073,0.0464287013118258,0.0278467208106509
pope,mqt,500,500,False,43,Platt Scaling (1D),4.050339880992513,2.910930225189925,0.8756171364867017,0.0884867717163676,0.0405033988099251,0.0291093022518992
pope,mqt,500,500,False,43,Trajectory Platt (5D),3.954758436702261,2.99461914640983,0.8703615225354357,0.0889657346178108,0.0395475843670226,0.0299461914640983
pope,mqt,500,500,False,43,VCPS-5D (Our Method),3.926566966180068,2.843250839301791,0.874502309284918,0.0882881633531148,0.0392656696618006,0.0284325083930179
pope,mqt,500,500,False,44,Naive Confidence (NC),4.300558529677436,4.0114217043670335,0.8756171364867017,0.090344299043824,0.0430055852967743,0.0401142170436703
pope,mqt,500,500,False,44,Temperature Scaling (TS),4.791702389915469,3.031944117771515,0.8756171364867017,0.0900547505798258,0.0479170238991546,0.0303194411777151
pope,mqt,500,500,False,44,Platt Scaling (1D),4.416304659785611,3.880775462198941,0.8756171364867017,0.0889705848357324,0.0441630465978561,0.0388077546219894
pope,mqt,500,500,False,44,Trajectory Platt (5D),5.198085242678007,3.240883658672199,0.8690078037904124,0.0892231869895079,0.05198085242678,0.0324088365867219
pope,mqt,500,500,False,44,VCPS-5D (Our Method),4.412367688031541,4.252329893430284,0.8733874820831343,0.088823751265625,0.0441236768803154,0.0425232989343028
pope,mqt,500,500,False,45,Naive Confidence (NC),4.300558529677436,4.0114217043670335,0.8756171364867017,0.090344299043824,0.0430055852967743,0.0401142170436703
pope,mqt,500,500,False,45,Temperature Scaling (TS),4.507038970463922,2.66913290172227,0.8756171364867017,0.0898416825136292,0.0450703897046392,0.0266913290172227
pope,mqt,500,500,False,45,Platt Scaling (1D),3.6591941011540063,3.2389500307686787,0.8756171364867017,0.0883454141858459,0.03659194101154,0.0323895003076867
pope,mqt,500,500,False,45,Trajectory Platt (5D),3.5854005234368547,3.028187342571984,0.8707596751075012,0.0886991461668818,0.0358540052343685,0.0302818734257198
pope,mqt,500,500,False,45,VCPS-5D (Our Method),3.5624807259576383,3.316025477321017,0.8740245261984392,0.0881319427868352,0.0356248072595763,0.0331602547732101
pope,mqt,500,500,False,46,Naive Confidence (NC),4.300558529677436,4.0114217043670335,0.8756171364867017,0.090344299043824,0.0430055852967743,0.0401142170436703
pope,mqt,500,500,False,46,Temperature Scaling (TS),4.972146530232251,3.578714600819499,0.8756171364867017,0.0902527573588796,0.0497214653023225,0.0357871460081949
pope,mqt,500,500,False,46,Platt Scaling (1D),4.5719029181834525,3.595826497560353,0.8756171364867017,0.0891361980460056,0.0457190291818345,0.0359582649756035
pope,mqt,500,500,False,46,Trajectory Platt (5D),5.844795769284882,4.157936526316461,0.8685300207039338,0.0896629765870251,0.0584479576928488,0.0415793652631646
pope,mqt,500,500,False,46,VCPS-5D (Our Method),4.523196794893349,4.281641425173161,0.8721133938525243,0.0891313545659363,0.0452319679489334,0.0428164142517316
pope,mqt,1000,1000,False,42,Naive Confidence (NC),4.300558529677436,4.0114217043670335,0.8756171364867017,0.090344299043824,0.0430055852967743,0.0401142170436703
pope,mqt,1000,1000,False,42,Temperature Scaling (TS),4.728395859385685,2.9263378070951016,0.8756171364867017,0.0899965598740517,0.0472839585938568,0.029263378070951
pope,mqt,1000,1000,False,42,Platt Scaling (1D),4.200585397527119,2.951632706343698,0.8756171364867017,0.0886596351301521,0.0420058539752711,0.0295163270634369
pope,mqt,1000,1000,False,42,Trajectory Platt (5D),3.3584875840004718,3.9119571821069226,0.8726708074534162,0.0891871258595693,0.0335848758400047,0.0391195718210692
pope,mqt,1000,1000,False,42,VCPS-5D (Our Method),4.349815962724623,2.900670816238525,0.8726708074534162,0.0885419882618808,0.0434981596272462,0.0290067081623852
pope,mqt,1000,1000,False,43,Naive Confidence (NC),4.300558529677436,4.0114217043670335,0.8756171364867017,0.090344299043824,0.0430055852967743,0.0401142170436703
pope,mqt,1000,1000,False,43,Temperature Scaling (TS),4.995579467369156,3.613174187684911,0.8756171364867017,0.0902818647341855,0.0499557946736915,0.0361317418768491
pope,mqt,1000,1000,False,43,Platt Scaling (1D),4.708930278022649,4.346700382094937,0.8756171364867017,0.0894030459962553,0.0470893027802264,0.0434670038209493
pope,mqt,1000,1000,False,43,Trajectory Platt (5D),3.853338601820893,3.940428200186608,0.8737856346551999,0.0901314129127343,0.0385333860182089,0.039404282001866
pope,mqt,1000,1000,False,43,VCPS-5D (Our Method),4.631712042224944,3.640678662247901,0.8754578754578755,0.0889357777685474,0.0463171204222494,0.036406786622479
pope,mqt,1000,1000,False,44,Naive Confidence (NC),4.300558529677436,4.0114217043670335,0.8756171364867017,0.090344299043824,0.0430055852967743,0.0401142170436703
pope,mqt,1000,1000,False,44,Temperature Scaling (TS),4.816122909524006,3.508326347296785,0.8756171364867017,0.0900787901009897,0.04816122909524,0.0350832634729678
pope,mqt,1000,1000,False,44,Platt Scaling (1D),4.407526530587099,3.1005759915318465,0.8756171364867017,0.0889529391262166,0.044075265305871,0.0310057599153184
pope,mqt,1000,1000,False,44,Trajectory Platt (5D),3.772046732304613,3.742727543866744,0.8691670648192388,0.0899874050165669,0.0377204673230461,0.0374272754386674
pope,mqt,1000,1000,False,44,VCPS-5D (Our Method),4.279036094221972,3.2361978274206566,0.8734671125975474,0.08878506428969,0.0427903609422197,0.0323619782742065
pope,mqt,1000,1000,False,45,Naive Confidence (NC),4.300558529677436,4.0114217043670335,0.8756171364867017,0.090344299043824,0.0430055852967743,0.0401142170436703
pope,mqt,1000,1000,False,45,Temperature Scaling (TS),4.912265883440752,3.4910865091329053,0.8756171364867017,0.0901818760952032,0.0491226588344075,0.034910865091329
pope,mqt,1000,1000,False,45,Platt Scaling (1D),4.5253389618927855,3.347847434978752,0.8756171364867017,0.0891351404117185,0.0452533896189278,0.0334784743497875
pope,mqt,1000,1000,False,45,Trajectory Platt (5D),4.747437973007513,2.979135242375457,0.8700430004777832,0.0903882187872818,0.0474743797300751,0.0297913524237545
pope,mqt,1000,1000,False,45,VCPS-5D (Our Method),4.372382306597693,3.337141854609233,0.8742634177416786,0.0888632742074004,0.0437238230659769,0.0333714185460923
pope,mqt,1000,1000,False,46,Naive Confidence (NC),4.300558529677436,4.0114217043670335,0.8756171364867017,0.090344299043824,0.0430055852967743,0.0401142170436703
pope,mqt,1000,1000,False,46,Temperature Scaling (TS),4.778601176356618,3.0100388417316664,0.8756171364867017,0.0900422170941341,0.0477860117635661,0.0301003884173166
pope,mqt,1000,1000,False,46,Platt Scaling (1D),4.361145067516308,3.8095473653249066,0.8756171364867017,0.0888840781127455,0.043611450675163,0.038095473653249
pope,mqt,1000,1000,False,46,Trajectory Platt (5D),4.134995735551121,3.0884954249223573,0.8720337633381111,0.089637821105204,0.0413499573555112,0.0308849542492235
pope,mqt,1000,1000,False,46,VCPS-5D (Our Method),4.213911722021995,3.25466336208218,0.8744226787705047,0.0886091292751533,0.0421391172202199,0.0325466336208217
pope,mqt,1500,1276,True,42,Naive Confidence (NC),4.300558529677436,4.0114217043670335,0.8756171364867017,0.090344299043824,0.0430055852967743,0.0401142170436703
pope,mqt,1500,1276,True,42,Temperature Scaling (TS),4.931693565415635,3.519447890528543,0.8756171364867017,0.0902043179242278,0.0493169356541563,0.0351944789052854
pope,mqt,1500,1276,True,42,Platt Scaling (1D),4.63768515706549,3.9671545172395217,0.8756171364867017,0.0893379467191928,0.0463768515706549,0.0396715451723952
pope,mqt,1500,1276,True,42,Trajectory Platt (5D),4.480128415325966,3.550534375408975,0.8727504379678293,0.0902563845627215,0.0448012841532596,0.0355053437540897
pope,mqt,1500,1276,True,42,VCPS-5D (Our Method),4.492011746229293,3.836501025436876,0.8741837872272655,0.089040473378203,0.0449201174622929,0.0383650102543687
pope,mqt,1500,1276,True,43,Naive Confidence (NC),4.300558529677436,4.0114217043670335,0.8756171364867017,0.090344299043824,0.0430055852967743,0.0401142170436703
pope,mqt,1500,1276,True,43,Temperature Scaling (TS),4.931693565415635,3.519447890528543,0.8756171364867017,0.0902043179242278,0.0493169356541563,0.0351944789052854
pope,mqt,1500,1276,True,43,Platt Scaling (1D),4.63768515706549,3.9671545172395217,0.8756171364867017,0.0893379467191928,0.0463768515706549,0.0396715451723952
pope,mqt,1500,1276,True,43,Trajectory Platt (5D),4.480128415325966,3.550534375408975,0.8727504379678293,0.0902563845627215,0.0448012841532596,0.0355053437540897
pope,mqt,1500,1276,True,43,VCPS-5D (Our Method),4.492011746229293,3.836501025436876,0.8741837872272655,0.089040473378203,0.0449201174622929,0.0383650102543687
pope,mqt,1500,1276,True,44,Naive Confidence (NC),4.300558529677436,4.0114217043670335,0.8756171364867017,0.090344299043824,0.0430055852967743,0.0401142170436703
pope,mqt,1500,1276,True,44,Temperature Scaling (TS),4.931693565415635,3.519447890528543,0.8756171364867017,0.0902043179242278,0.0493169356541563,0.0351944789052854
pope,mqt,1500,1276,True,44,Platt Scaling (1D),4.63768515706549,3.9671545172395217,0.8756171364867017,0.0893379467191928,0.0463768515706549,0.0396715451723952
pope,mqt,1500,1276,True,44,Trajectory Platt (5D),4.480128415325966,3.550534375408975,0.8727504379678293,0.0902563845627215,0.0448012841532596,0.0355053437540897
pope,mqt,1500,1276,True,44,VCPS-5D (Our Method),4.492011746229293,3.836501025436876,0.8741837872272655,0.089040473378203,0.0449201174622929,0.0383650102543687
pope,mqt,1500,1276,True,45,Naive Confidence (NC),4.300558529677436,4.0114217043670335,0.8756171364867017,0.090344299043824,0.0430055852967743,0.0401142170436703
pope,mqt,1500,1276,True,45,Temperature Scaling (TS),4.931693565415635,3.519447890528543,0.8756171364867017,0.0902043179242278,0.0493169356541563,0.0351944789052854
pope,mqt,1500,1276,True,45,Platt Scaling (1D),4.63768515706549,3.9671545172395217,0.8756171364867017,0.0893379467191928,0.0463768515706549,0.0396715451723952
pope,mqt,1500,1276,True,45,Trajectory Platt (5D),4.480128415325966,3.550534375408975,0.8727504379678293,0.0902563845627215,0.0448012841532596,0.0355053437540897
pope,mqt,1500,1276,True,45,VCPS-5D (Our Method),4.492011746229293,3.836501025436876,0.8741837872272655,0.089040473378203,0.0449201174622929,0.0383650102543687
pope,mqt,1500,1276,True,46,Naive Confidence (NC),4.300558529677436,4.0114217043670335,0.8756171364867017,0.090344299043824,0.0430055852967743,0.0401142170436703
pope,mqt,1500,1276,True,46,Temperature Scaling (TS),4.931693565415635,3.519447890528543,0.8756171364867017,0.0902043179242278,0.0493169356541563,0.0351944789052854
pope,mqt,1500,1276,True,46,Platt Scaling (1D),4.63768515706549,3.9671545172395217,0.8756171364867017,0.0893379467191928,0.0463768515706549,0.0396715451723952
pope,mqt,1500,1276,True,46,Trajectory Platt (5D),4.480128415325966,3.550534375408975,0.8727504379678293,0.0902563845627215,0.0448012841532596,0.0355053437540897
pope,mqt,1500,1276,True,46,VCPS-5D (Our Method),4.492011746229293,3.836501025436876,0.8741837872272655,0.089040473378203,0.0449201174622929,0.0383650102543687
pope,mqt,Full,1276,True,42,Naive Confidence (NC),4.300558529677436,4.0114217043670335,0.8756171364867017,0.090344299043824,0.0430055852967743,0.0401142170436703
pope,mqt,Full,1276,True,42,Temperature Scaling (TS),4.931693565415635,3.519447890528543,0.8756171364867017,0.0902043179242278,0.0493169356541563,0.0351944789052854
pope,mqt,Full,1276,True,42,Platt Scaling (1D),4.63768515706549,3.9671545172395217,0.8756171364867017,0.0893379467191928,0.0463768515706549,0.0396715451723952
pope,mqt,Full,1276,True,42,Trajectory Platt (5D),4.480128415325966,3.550534375408975,0.8727504379678293,0.0902563845627215,0.0448012841532596,0.0355053437540897
pope,mqt,Full,1276,True,42,VCPS-5D (Our Method),4.492011746229293,3.836501025436876,0.8741837872272655,0.089040473378203,0.0449201174622929,0.0383650102543687
pope,mqt,Full,1276,True,43,Naive Confidence (NC),4.300558529677436,4.0114217043670335,0.8756171364867017,0.090344299043824,0.0430055852967743,0.0401142170436703
pope,mqt,Full,1276,True,43,Temperature Scaling (TS),4.931693565415635,3.519447890528543,0.8756171364867017,0.0902043179242278,0.0493169356541563,0.0351944789052854
pope,mqt,Full,1276,True,43,Platt Scaling (1D),4.63768515706549,3.9671545172395217,0.8756171364867017,0.0893379467191928,0.0463768515706549,0.0396715451723952
pope,mqt,Full,1276,True,43,Trajectory Platt (5D),4.480128415325966,3.550534375408975,0.8727504379678293,0.0902563845627215,0.0448012841532596,0.0355053437540897
pope,mqt,Full,1276,True,43,VCPS-5D (Our Method),4.492011746229293,3.836501025436876,0.8741837872272655,0.089040473378203,0.0449201174622929,0.0383650102543687
pope,mqt,Full,1276,True,44,Naive Confidence (NC),4.300558529677436,4.0114217043670335,0.8756171364867017,0.090344299043824,0.0430055852967743,0.0401142170436703
pope,mqt,Full,1276,True,44,Temperature Scaling (TS),4.931693565415635,3.519447890528543,0.8756171364867017,0.0902043179242278,0.0493169356541563,0.0351944789052854
pope,mqt,Full,1276,True,44,Platt Scaling (1D),4.63768515706549,3.9671545172395217,0.8756171364867017,0.0893379467191928,0.0463768515706549,0.0396715451723952
pope,mqt,Full,1276,True,44,Trajectory Platt (5D),4.480128415325966,3.550534375408975,0.8727504379678293,0.0902563845627215,0.0448012841532596,0.0355053437540897
pope,mqt,Full,1276,True,44,VCPS-5D (Our Method),4.492011746229293,3.836501025436876,0.8741837872272655,0.089040473378203,0.0449201174622929,0.0383650102543687
pope,mqt,Full,1276,True,45,Naive Confidence (NC),4.300558529677436,4.0114217043670335,0.8756171364867017,0.090344299043824,0.0430055852967743,0.0401142170436703
pope,mqt,Full,1276,True,45,Temperature Scaling (TS),4.931693565415635,3.519447890528543,0.8756171364867017,0.0902043179242278,0.0493169356541563,0.0351944789052854
pope,mqt,Full,1276,True,45,Platt Scaling (1D),4.63768515706549,3.9671545172395217,0.8756171364867017,0.0893379467191928,0.0463768515706549,0.0396715451723952
pope,mqt,Full,1276,True,45,Trajectory Platt (5D),4.480128415325966,3.550534375408975,0.8727504379678293,0.0902563845627215,0.0448012841532596,0.0355053437540897
pope,mqt,Full,1276,True,45,VCPS-5D (Our Method),4.492011746229293,3.836501025436876,0.8741837872272655,0.089040473378203,0.0449201174622929,0.0383650102543687
pope,mqt,Full,1276,True,46,Naive Confidence (NC),4.300558529677436,4.0114217043670335,0.8756171364867017,0.090344299043824,0.0430055852967743,0.0401142170436703
pope,mqt,Full,1276,True,46,Temperature Scaling (TS),4.931693565415635,3.519447890528543,0.8756171364867017,0.0902043179242278,0.0493169356541563,0.0351944789052854
pope,mqt,Full,1276,True,46,Platt Scaling (1D),4.63768515706549,3.9671545172395217,0.8756171364867017,0.0893379467191928,0.0463768515706549,0.0396715451723952
pope,mqt,Full,1276,True,46,Trajectory Platt (5D),4.480128415325966,3.550534375408975,0.8727504379678293,0.0902563845627215,0.0448012841532596,0.0355053437540897
pope,mqt,Full,1276,True,46,VCPS-5D (Our Method),4.492011746229293,3.836501025436876,0.8741837872272655,0.089040473378203,0.0449201174622929,0.0383650102543687
scienceqa,mqt,50,50,False,42,Naive Confidence (NC),23.170433156192303,23.654432334005836,0.7596793221793222,0.2579069462818134,0.231704331561923,0.2365443233400583
scienceqa,mqt,50,50,False,42,Temperature Scaling (TS),10.204470597204782,10.016164463270776,0.7596793221793222,0.1973999048635674,0.1020447059720478,0.1001616446327077
scienceqa,mqt,50,50,False,42,Platt Scaling (1D),6.329491076600808,5.478783935101147,0.7596793221793222,0.1897186113941167,0.063294910766008,0.0547878393510114
scienceqa,mqt,50,50,False,42,Trajectory Platt (5D),7.399546556174758,7.551101960241799,0.779011154011154,0.1846764495001604,0.0739954655617475,0.0755110196024179
scienceqa,mqt,50,50,False,42,VCPS-5D (Our Method),6.05370134238268,3.668001199874837,0.7659534534534533,0.1864969339850061,0.0605370134238267,0.0366800119987483
scienceqa,mqt,50,50,False,43,Naive Confidence (NC),23.170433156192303,23.654432334005836,0.7596793221793222,0.2579069462818134,0.231704331561923,0.2365443233400583
scienceqa,mqt,50,50,False,43,Temperature Scaling (TS),9.970032951010191,9.349229609704444,0.7596793221793222,0.1969891911349553,0.0997003295101019,0.0934922960970444
scienceqa,mqt,50,50,False,43,Platt Scaling (1D),6.166457142711021,4.941077527581402,0.7596793221793222,0.1895275990628634,0.0616645714271102,0.049410775275814
scienceqa,mqt,50,50,False,43,Trajectory Platt (5D),7.893790885806086,7.704554796218868,0.778903903903904,0.1841719480015154,0.0789379088580608,0.0770455479621886
scienceqa,mqt,50,50,False,43,VCPS-5D (Our Method),5.916442548503121,5.028301148032663,0.7666505791505791,0.1862459170706809,0.0591644254850312,0.0502830114803266
scienceqa,mqt,50,50,False,44,Naive Confidence (NC),23.170433156192303,23.654432334005836,0.7596793221793222,0.2579069462818134,0.231704331561923,0.2365443233400583
scienceqa,mqt,50,50,False,44,Temperature Scaling (TS),10.708997867797782,10.208506073229056,0.7596793221793222,0.1993554177139521,0.1070899786779778,0.1020850607322905
scienceqa,mqt,50,50,False,44,Platt Scaling (1D),11.555561022595642,11.785890572809969,0.7596793221793222,0.2044031165187931,0.1155556102259564,0.1178589057280996
scienceqa,mqt,50,50,False,44,Trajectory Platt (5D),12.75041370373219,12.695442532189189,0.7453882453882452,0.2137300825125348,0.1275041370373219,0.1269544253218918
scienceqa,mqt,50,50,False,44,VCPS-5D (Our Method),13.439796679301791,14.09311786603424,0.7581510081510081,0.2118783714805724,0.1343979667930179,0.1409311786603424
scienceqa,mqt,50,50,False,45,Naive Confidence (NC),23.170433156192303,23.654432334005836,0.7596793221793222,0.2579069462818134,0.231704331561923,0.2365443233400583
scienceqa,mqt,50,50,False,45,Temperature Scaling (TS),10.172316637521888,9.910113094926324,0.7596793221793222,0.1973137148194426,0.1017231663752188,0.0991011309492632
scienceqa,mqt,50,50,False,45,Platt Scaling (1D),6.263887395562424,4.550372398416275,0.7596793221793222,0.1895242680752476,0.0626388739556242,0.0455037239841627
scienceqa,mqt,50,50,False,45,Trajectory Platt (5D),9.933065548539162,9.928107976913452,0.7514746889746889,0.1973077621302494,0.0993306554853916,0.0992810797691345
scienceqa,mqt,50,50,False,45,VCPS-5D (Our Method),8.846814008756237,6.752549842920814,0.7699217074217073,0.1873193259227125,0.0884681400875623,0.0675254984292081
scienceqa,mqt,50,50,False,46,Naive Confidence (NC),23.170433156192303,23.654432334005836,0.7596793221793222,0.2579069462818134,0.231704331561923,0.2365443233400583
scienceqa,mqt,50,50,False,46,Temperature Scaling (TS),11.1423217650318,10.545064231262696,0.7596793221793222,0.2014214964413081,0.111423217650318,0.1054506423126269
scienceqa,mqt,50,50,False,46,Platt Scaling (1D),11.647342476556217,12.22142194286603,0.7596793221793222,0.2036387082923577,0.1164734247655621,0.1222142194286603
scienceqa,mqt,50,50,False,46,Trajectory Platt (5D),8.250469607301056,6.918702828697857,0.7776705276705276,0.1889023553062572,0.0825046960730105,0.0691870282869785
scienceqa,mqt,50,50,False,46,VCPS-5D (Our Method),11.469415039484392,10.9480217806444,0.7640229515229515,0.2017468001397762,0.1146941503948439,0.109480217806444
scienceqa,mqt,100,100,False,42,Naive Confidence (NC),23.170433156192303,23.654432334005836,0.7596793221793222,0.2579069462818134,0.231704331561923,0.2365443233400583
scienceqa,mqt,100,100,False,42,Temperature Scaling (TS),10.049488926901978,10.045929932761505,0.7596793221793222,0.197062506213462,0.1004948892690197,0.100459299327615
scienceqa,mqt,100,100,False,42,Platt Scaling (1D),6.133485992715042,4.058311909468011,0.7596793221793222,0.1890581422187796,0.0613348599271504,0.0405831190946801
scienceqa,mqt,100,100,False,42,Trajectory Platt (5D),7.137627780437472,5.575958266854286,0.7740240240240239,0.1839671497055354,0.0713762778043747,0.0557595826685428
scienceqa,mqt,100,100,False,42,VCPS-5D (Our Method),4.921039233812849,4.438878850693307,0.7660875160875161,0.1855933184203384,0.0492103923381284,0.044388788506933
scienceqa,mqt,100,100,False,43,Naive Confidence (NC),23.170433156192303,23.654432334005836,0.7596793221793222,0.2579069462818134,0.231704331561923,0.2365443233400583
scienceqa,mqt,100,100,False,43,Temperature Scaling (TS),9.991910003858408,9.683720502914683,0.7596793221793222,0.1970004923963011,0.099919100038584,0.0968372050291468
scienceqa,mqt,100,100,False,43,Platt Scaling (1D),6.053002858650022,4.039460808447665,0.7596793221793222,0.1890200064783936,0.0605300285865002,0.0403946080844766
scienceqa,mqt,100,100,False,43,Trajectory Platt (5D),7.095883481204508,6.359957151114942,0.7787162162162162,0.1826591108858566,0.070958834812045,0.0635995715111494
scienceqa,mqt,100,100,False,43,VCPS-5D (Our Method),5.651026718663887,3.76384420320268,0.7662215787215788,0.1860408541894266,0.0565102671866388,0.0376384420320268
scienceqa,mqt,100,100,False,44,Naive Confidence (NC),23.170433156192303,23.654432334005836,0.7596793221793222,0.2579069462818134,0.231704331561923,0.2365443233400583
scienceqa,mqt,100,100,False,44,Temperature Scaling (TS),10.23508794066542,9.32085475666094,0.7596793221793222,0.197488318986123,0.1023508794066542,0.0932085475666094
scienceqa,mqt,100,100,False,44,Platt Scaling (1D),7.930782564007618,8.770825186949073,0.7596793221793222,0.1936331119785909,0.0793078256400761,0.0877082518694907
scienceqa,mqt,100,100,False,44,Trajectory Platt (5D),9.272980708628891,8.506399992853405,0.7556574431574432,0.1948442707148152,0.0927298070862889,0.085063999928534
scienceqa,mqt,100,100,False,44,VCPS-5D (Our Method),8.491710060876546,8.342579900614037,0.7588213213213213,0.1955013858222488,0.0849171006087654,0.0834257990061403
scienceqa,mqt,100,100,False,45,Naive Confidence (NC),23.170433156192303,23.654432334005836,0.7596793221793222,0.2579069462818134,0.231704331561923,0.2365443233400583
scienceqa,mqt,100,100,False,45,Temperature Scaling (TS),10.353294773362386,9.372936739193738,0.7596793221793222,0.1978781002247369,0.1035329477336238,0.0937293673919373
scienceqa,mqt,100,100,False,45,Platt Scaling (1D),6.114944362952762,4.192507127878748,0.7596793221793222,0.1895689011465549,0.0611494436295276,0.0419250712787874
scienceqa,mqt,100,100,False,45,Trajectory Platt (5D),6.990411583334211,6.160782780498268,0.7563277563277564,0.1903647880890932,0.0699041158333421,0.0616078278049826
scienceqa,mqt,100,100,False,45,VCPS-5D (Our Method),4.317990124224528,3.0957068746250256,0.7622533247533247,0.187706407955556,0.0431799012422452,0.0309570687462502
scienceqa,mqt,100,100,False,46,Naive Confidence (NC),23.170433156192303,23.654432334005836,0.7596793221793222,0.2579069462818134,0.231704331561923,0.2365443233400583
scienceqa,mqt,100,100,False,46,Temperature Scaling (TS),10.467736382602142,10.005353131249535,0.7596793221793222,0.1983129473383943,0.1046773638260214,0.1000535313124953
scienceqa,mqt,100,100,False,46,Platt Scaling (1D),9.14763553408706,9.86497041034294,0.7596793221793222,0.197024249718387,0.0914763553408706,0.0986497041034294
scienceqa,mqt,100,100,False,46,Trajectory Platt (5D),9.737661931663752,9.29429780691862,0.7640229515229514,0.1950213077113353,0.0973766193166375,0.0929429780691862
scienceqa,mqt,100,100,False,46,VCPS-5D (Our Method),9.93281265403176,9.47564705277918,0.7628163878163878,0.196415227610348,0.0993281265403176,0.0947564705277917
scienceqa,mqt,200,200,False,42,Naive Confidence (NC),23.170433156192303,23.654432334005836,0.7596793221793222,0.2579069462818134,0.231704331561923,0.2365443233400583
scienceqa,mqt,200,200,False,42,Temperature Scaling (TS),9.938063636419246,9.09455524465588,0.7596793221793222,0.1969871188818918,0.0993806363641924,0.0909455524465588
scienceqa,mqt,200,200,False,42,Platt Scaling (1D),6.428474447757157,5.609623595618104,0.7596793221793222,0.189305563052512,0.0642847444775715,0.056096235956181
scienceqa,mqt,200,200,False,42,Trajectory Platt (5D),6.47596836090088,4.4526716470718375,0.7616098241098241,0.1875486023831415,0.0647596836090088,0.0445267164707183
scienceqa,mqt,200,200,False,42,VCPS-5D (Our Method),5.940362937010805,3.858765864476135,0.7680716430716431,0.1853337854247274,0.059403629370108,0.0385876586447613
scienceqa,mqt,200,200,False,43,Naive Confidence (NC),23.170433156192303,23.654432334005836,0.7596793221793222,0.2579069462818134,0.231704331561923,0.2365443233400583
scienceqa,mqt,200,200,False,43,Temperature Scaling (TS),10.521239304332966,10.171259245850536,0.7596793221793222,0.1985313221458318,0.1052123930433296,0.1017125924585053
scienceqa,mqt,200,200,False,43,Platt Scaling (1D),7.261702066474615,6.708760046474859,0.7596793221793222,0.1927789207900785,0.0726170206647461,0.0670876004647486
scienceqa,mqt,200,200,False,43,Trajectory Platt (5D),6.106813475489615,5.552595384418964,0.7640765765765766,0.187852036202356,0.0610681347548961,0.0555259538441896
scienceqa,mqt,200,200,False,43,VCPS-5D (Our Method),7.313369555318226,6.504437607518171,0.7600546975546976,0.1919096632442926,0.0731336955531822,0.0650443760751817
scienceqa,mqt,200,200,False,44,Naive Confidence (NC),23.170433156192303,23.654432334005836,0.7596793221793222,0.2579069462818134,0.231704331561923,0.2365443233400583
scienceqa,mqt,200,200,False,44,Temperature Scaling (TS),10.33624278324639,9.634555798943856,0.7596793221793222,0.1978177007592686,0.1033624278324639,0.0963455579894385
scienceqa,mqt,200,200,False,44,Platt Scaling (1D),8.413005363985725,9.81455050691519,0.7596793221793222,0.1953350097464751,0.0841300536398572,0.0981455050691518
scienceqa,mqt,200,200,False,44,Trajectory Platt (5D),8.386008188128473,8.894942209124569,0.761904761904762,0.1920777801204435,0.0838600818812847,0.0889494220912456
scienceqa,mqt,200,200,False,44,VCPS-5D (Our Method),8.937080646807292,8.081931943385086,0.7621996996996996,0.1944397210964283,0.0893708064680729,0.0808193194338508
scienceqa,mqt,200,200,False,45,Naive Confidence (NC),23.170433156192303,23.654432334005836,0.7596793221793222,0.2579069462818134,0.231704331561923,0.2365443233400583
scienceqa,mqt,200,200,False,45,Temperature Scaling (TS),10.101578448552536,9.982597673651762,0.7596793221793222,0.1971520133983546,0.1010157844855253,0.0998259767365176
scienceqa,mqt,200,200,False,45,Platt Scaling (1D),5.999274404539272,4.868655640598231,0.7596793221793222,0.1890907654445266,0.0599927440453927,0.0486865564059823
scienceqa,mqt,200,200,False,45,Trajectory Platt (5D),4.350178204476835,5.030142493546006,0.7547190047190047,0.1896443929986983,0.0435017820447683,0.05030142493546
scienceqa,mqt,200,200,False,45,VCPS-5D (Our Method),4.639245300302216,3.881776926823112,0.7617975117975118,0.1871675828562627,0.0463924530030221,0.0388177692682311
scienceqa,mqt,200,200,False,46,Naive Confidence (NC),23.170433156192303,23.654432334005836,0.7596793221793222,0.2579069462818134,0.231704331561923,0.2365443233400583
scienceqa,mqt,200,200,False,46,Temperature Scaling (TS),10.051653320104824,10.04752738286679,0.7596793221793222,0.1970656452671315,0.1005165332010482,0.1004752738286678
scienceqa,mqt,200,200,False,46,Platt Scaling (1D),7.274169787675561,8.135899870438108,0.7596793221793222,0.1917738464141701,0.0727416978767556,0.081358998704381
scienceqa,mqt,200,200,False,46,Trajectory Platt (5D),6.0929799489676935,6.289985757321122,0.7703507078507079,0.1868413506009523,0.0609297994896769,0.0628998575732112
scienceqa,mqt,200,200,False,46,VCPS-5D (Our Method),7.059557540675322,5.350016653329528,0.7608858858858858,0.1906231713989775,0.0705955754067532,0.0535001665332952
scienceqa,mqt,500,500,False,42,Naive Confidence (NC),23.170433156192303,23.654432334005836,0.7596793221793222,0.2579069462818134,0.231704331561923,0.2365443233400583
scienceqa,mqt,500,500,False,42,Temperature Scaling (TS),10.180378456694456,9.911676844098798,0.7596793221793222,0.1973346452444082,0.1018037845669445,0.0991167684409879
scienceqa,mqt,500,500,False,42,Platt Scaling (1D),6.3711037418046175,5.873533638952286,0.7596793221793222,0.1900075807809885,0.0637110374180461,0.0587353363895228
scienceqa,mqt,500,500,False,42,Trajectory Platt (5D),7.017842680215836,5.315168559551243,0.7692513942513941,0.1855558752658012,0.0701784268021583,0.0531516855955124
scienceqa,mqt,500,500,False,42,VCPS-5D (Our Method),4.989223981142511,3.798056410919406,0.7624410124410124,0.1881780841093713,0.0498922398114251,0.037980564109194
scienceqa,mqt,500,500,False,43,Naive Confidence (NC),23.170433156192303,23.654432334005836,0.7596793221793222,0.2579069462818134,0.231704331561923,0.2365443233400583
scienceqa,mqt,500,500,False,43,Temperature Scaling (TS),10.423960105792007,9.854056169940778,0.7596793221793222,0.1981409950961559,0.10423960105792,0.0985405616994077
scienceqa,mqt,500,500,False,43,Platt Scaling (1D),6.804573929281544,6.4255277056915565,0.7596793221793222,0.1919713664619005,0.0680457392928154,0.0642552770569155
scienceqa,mqt,500,500,False,43,Trajectory Platt (5D),6.342910215258597,6.150488607585429,0.7707528957528957,0.1861757316857492,0.0634291021525859,0.0615048860758543
scienceqa,mqt,500,500,False,43,VCPS-5D (Our Method),6.978626503669622,6.069321081446157,0.7610199485199485,0.1907267029569866,0.0697862650366962,0.0606932108144615
scienceqa,mqt,500,500,False,44,Naive Confidence (NC),23.170433156192303,23.654432334005836,0.7596793221793222,0.2579069462818134,0.231704331561923,0.2365443233400583
scienceqa,mqt,500,500,False,44,Temperature Scaling (TS),10.109792726733517,9.686781400298187,0.7596793221793222,0.1971685940383332,0.1010979272673351,0.0968678140029818
scienceqa,mqt,500,500,False,44,Platt Scaling (1D),6.770095566680825,6.39324118157063,0.7596793221793222,0.1910636688084652,0.0677009556668082,0.0639324118157063
scienceqa,mqt,500,500,False,44,Trajectory Platt (5D),8.374324791133406,7.519256599247456,0.7674013299013299,0.1871970324182937,0.083743247911334,0.0751925659924745
scienceqa,mqt,500,500,False,44,VCPS-5D (Our Method),7.174419045045455,5.966602909417955,0.7655780780780781,0.1887950326301964,0.0717441904504545,0.0596660290941795
scienceqa,mqt,500,500,False,45,Naive Confidence (NC),23.170433156192303,23.654432334005836,0.7596793221793222,0.2579069462818134,0.231704331561923,0.2365443233400583
scienceqa,mqt,500,500,False,45,Temperature Scaling (TS),10.098589263984527,9.980927422952863,0.7596793221793222,0.1971461360588858,0.1009858926398453,0.0998092742295286
scienceqa,mqt,500,500,False,45,Platt Scaling (1D),6.411278713279622,6.410297711693564,0.7596793221793222,0.1898441600293841,0.0641127871327962,0.0641029771169356
scienceqa,mqt,500,500,False,45,Trajectory Platt (5D),8.170757599174976,5.939754597842695,0.7567299442299442,0.1894752104931545,0.0817075759917497,0.0593975459784269
scienceqa,mqt,500,500,False,45,VCPS-5D (Our Method),4.496112454184413,4.776634274334465,0.7614489489489489,0.1884878754131827,0.0449611245418441,0.0477663427433446
scienceqa,mqt,500,500,False,46,Naive Confidence (NC),23.170433156192303,23.654432334005836,0.7596793221793222,0.2579069462818134,0.231704331561923,0.2365443233400583
scienceqa,mqt,500,500,False,46,Temperature Scaling (TS),10.145863408560473,10.00298590855468,0.7596793221793222,0.1972484463878697,0.1014586340856047,0.1000298590855468
scienceqa,mqt,500,500,False,46,Platt Scaling (1D),7.423591857325023,7.374340809640685,0.7596793221793222,0.1923308279429693,0.0742359185732502,0.0737434080964068
scienceqa,mqt,500,500,False,46,Trajectory Platt (5D),5.304663550108671,6.476491715759041,0.7767320892320891,0.1854413392326763,0.0530466355010867,0.0647649171575904
scienceqa,mqt,500,500,False,46,VCPS-5D (Our Method),6.216496314633907,6.230498428679316,0.7655512655512655,0.1893133937712201,0.062164963146339,0.0623049842867931
scienceqa,mqt,1000,1000,False,42,Naive Confidence (NC),23.170433156192303,23.654432334005836,0.7596793221793222,0.2579069462818134,0.231704331561923,0.2365443233400583
scienceqa,mqt,1000,1000,False,42,Temperature Scaling (TS),10.210915749766082,10.017305356844096,0.7596793221793222,0.1974180235191186,0.1021091574976608,0.1001730535684409
scienceqa,mqt,1000,1000,False,42,Platt Scaling (1D),6.542177216457221,7.214424875217053,0.7596793221793222,0.1907813020973731,0.0654217721645722,0.0721442487521705
scienceqa,mqt,1000,1000,False,42,Trajectory Platt (5D),5.110716838389635,4.551741059869526,0.7707797082797083,0.1849185178597865,0.0511071683838963,0.0455174105986952
scienceqa,mqt,1000,1000,False,42,VCPS-5D (Our Method),5.291381209608594,5.260997897894755,0.7623337623337624,0.18884298581795,0.0529138120960859,0.0526099789789475
scienceqa,mqt,1000,1000,False,43,Naive Confidence (NC),23.170433156192303,23.654432334005836,0.7596793221793222,0.2579069462818134,0.231704331561923,0.2365443233400583
scienceqa,mqt,1000,1000,False,43,Temperature Scaling (TS),10.196105330086803,10.014736534418574,0.7596793221793222,0.197376796970863,0.101961053300868,0.1001473653441857
scienceqa,mqt,1000,1000,False,43,Platt Scaling (1D),6.562899757363977,7.231056740701271,0.7596793221793222,0.1907658449131865,0.0656289975736397,0.0723105674070127
scienceqa,mqt,1000,1000,False,43,Trajectory Platt (5D),4.618613328784704,3.967591319233181,0.7692782067782067,0.1853415068783974,0.046186133287847,0.0396759131923318
scienceqa,mqt,1000,1000,False,43,VCPS-5D (Our Method),6.229098465328361,5.451074441972505,0.7613685113685111,0.1891619200160681,0.0622909846532836,0.054510744419725
scienceqa,mqt,1000,1000,False,44,Naive Confidence (NC),23.170433156192303,23.654432334005836,0.7596793221793222,0.2579069462818134,0.231704331561923,0.2365443233400583
scienceqa,mqt,1000,1000,False,44,Temperature Scaling (TS),10.209402760388569,10.017034385820256,0.7596793221793222,0.1974137459307385,0.1020940276038856,0.1001703438582025
scienceqa,mqt,1000,1000,False,44,Platt Scaling (1D),6.527474476898555,7.141754340996842,0.7596793221793222,0.1906571799814036,0.0652747447689855,0.0714175434099684
scienceqa,mqt,1000,1000,False,44,Trajectory Platt (5D),7.172485243529082,5.952361945062874,0.7698680823680824,0.1846454857029973,0.0717248524352908,0.0595236194506287
scienceqa,mqt,1000,1000,False,44,VCPS-5D (Our Method),5.630304224528262,4.893201631648111,0.764049764049764,0.188300204630659,0.0563030422452826,0.0489320163164811
scienceqa,mqt,1000,1000,False,45,Naive Confidence (NC),23.170433156192303,23.654432334005836,0.7596793221793222,0.2579069462818134,0.231704331561923,0.2365443233400583
scienceqa,mqt,1000,1000,False,45,Temperature Scaling (TS),10.126692061744537,9.694770982839424,0.7596793221793222,0.1972046199938507,0.1012669206174453,0.0969477098283942
scienceqa,mqt,1000,1000,False,45,Platt Scaling (1D),6.462577597728088,6.68856192243725,0.7596793221793222,0.1903505019345279,0.0646257759772808,0.0668856192243725
scienceqa,mqt,1000,1000,False,45,Trajectory Platt (5D),6.529555670917032,5.7813866659998885,0.7648809523809523,0.186338988510522,0.0652955567091703,0.0578138666599988
scienceqa,mqt,1000,1000,False,45,VCPS-5D (Our Method),4.801934972018706,4.923688105932067,0.7619583869583869,0.1886212906425417,0.048019349720187,0.0492368810593206
scienceqa,mqt,1000,1000,False,46,Naive Confidence (NC),23.170433156192303,23.654432334005836,0.7596793221793222,0.2579069462818134,0.231704331561923,0.2365443233400583
scienceqa,mqt,1000,1000,False,46,Temperature Scaling (TS),10.183640347187744,9.912325502835234,0.7596793221793222,0.1973432461069153,0.1018364034718774,0.0991232550283523
scienceqa,mqt,1000,1000,False,46,Platt Scaling (1D),6.763297700756139,8.171324471296893,0.7596793221793222,0.1912795277048054,0.0676329770075613,0.0817132447129689
scienceqa,mqt,1000,1000,False,46,Trajectory Platt (5D),4.480089399963616,5.322032224386931,0.7758472758472759,0.1837407729862073,0.0448008939996361,0.0532203222438693
scienceqa,mqt,1000,1000,False,46,VCPS-5D (Our Method),6.216337150891504,5.25127540465757,0.7648005148005148,0.1886652099549506,0.062163371508915,0.0525127540465757
scienceqa,mqt,1500,1500,False,42,Naive Confidence (NC),23.170433156192303,23.654432334005836,0.7596793221793222,0.2579069462818134,0.231704331561923,0.2365443233400583
scienceqa,mqt,1500,1500,False,42,Temperature Scaling (TS),10.211417666607762,10.017395672528998,0.7596793221793222,0.1974194458238333,0.1021141766660776,0.1001739567252899
scienceqa,mqt,1500,1500,False,42,Platt Scaling (1D),6.813754317673462,8.18029153112839,0.7596793221793222,0.1913983251105786,0.0681375431767346,0.0818029153112839
scienceqa,mqt,1500,1500,False,42,Trajectory Platt (5D),7.059206351637842,6.018575385212898,0.7677767052767053,0.1861010587513136,0.0705920635163784,0.0601857538521289
scienceqa,mqt,1500,1500,False,42,VCPS-5D (Our Method),5.2889245565723,5.3736036010514,0.7621460746460746,0.1894799862772716,0.052889245565723,0.053736036010514
scienceqa,mqt,1500,1500,False,43,Naive Confidence (NC),23.170433156192303,23.654432334005836,0.7596793221793222,0.2579069462818134,0.231704331561923,0.2365443233400583
scienceqa,mqt,1500,1500,False,43,Temperature Scaling (TS),10.202385989774305,10.01580300045566,0.7596793221793222,0.197394102849034,0.102023859897743,0.1001580300045565
scienceqa,mqt,1500,1500,False,43,Platt Scaling (1D),6.830966291816599,7.673169992110183,0.7596793221793222,0.1914174786525393,0.068309662918166,0.0767316999211018
scienceqa,mqt,1500,1500,False,43,Trajectory Platt (5D),5.488490730524064,5.250927224755284,0.7697072072072073,0.185507133745602,0.0548849073052406,0.0525092722475528
scienceqa,mqt,1500,1500,False,43,VCPS-5D (Our Method),6.074996603775274,5.564098668141858,0.7629772629772629,0.1892797407607596,0.0607499660377527,0.0556409866814185
scienceqa,mqt,1500,1500,False,44,Naive Confidence (NC),23.170433156192303,23.654432334005836,0.7596793221793222,0.2579069462818134,0.231704331561923,0.2365443233400583
scienceqa,mqt,1500,1500,False,44,Temperature Scaling (TS),10.232414164737444,9.3206608510431,0.7596793221793222,0.1974803666661514,0.1023241416473744,0.093206608510431
scienceqa,mqt,1500,1500,False,44,Platt Scaling (1D),6.979321320356973,7.835116811359064,0.7596793221793222,0.1917454658478742,0.0697932132035697,0.0783511681135906
scienceqa,mqt,1500,1500,False,44,Trajectory Platt (5D),5.84721940383315,5.255770359188319,0.7678035178035176,0.1859740058143683,0.0584721940383314,0.0525577035918831
scienceqa,mqt,1500,1500,False,44,VCPS-5D (Our Method),5.421564413737745,5.638573803200977,0.7627627627627629,0.1895864564833899,0.0542156441373774,0.0563857380320097
scienceqa,mqt,1500,1500,False,45,Naive Confidence (NC),23.170433156192303,23.654432334005836,0.7596793221793222,0.2579069462818134,0.231704331561923,0.2365443233400583
scienceqa,mqt,1500,1500,False,45,Temperature Scaling (TS),10.209786309568669,10.017102896179727,0.7596793221793222,0.197414828916892,0.1020978630956866,0.1001710289617972
scienceqa,mqt,1500,1500,False,45,Platt Scaling (1D),6.81637550930575,8.186064744341289,0.7596793221793222,0.191398276821877,0.0681637550930575,0.0818606474434128
scienceqa,mqt,1500,1500,False,45,Trajectory Platt (5D),5.080220632255078,5.243558309972285,0.7686347061347062,0.1860960616995467,0.0508022063225507,0.0524355830997228
scienceqa,mqt,1500,1500,False,45,VCPS-5D (Our Method),5.236519904763656,5.210115146006825,0.7627895752895753,0.1892434869927774,0.0523651990476365,0.0521011514600682
scienceqa,mqt,1500,1500,False,46,Naive Confidence (NC),23.170433156192303,23.654432334005836,0.7596793221793222,0.2579069462818134,0.231704331561923,0.2365443233400583
scienceqa,mqt,1500,1500,False,46,Temperature Scaling (TS),10.23338310647666,9.320730365466634,0.7596793221793222,0.1974832435242348,0.1023338310647666,0.0932073036546663
scienceqa,mqt,1500,1500,False,46,Platt Scaling (1D),6.996613935315558,7.856528754243026,0.7596793221793222,0.1917749379959536,0.0699661393531555,0.0785652875424302
scienceqa,mqt,1500,1500,False,46,Trajectory Platt (5D),5.230870123952628,5.304051283746959,0.7705383955383955,0.1855978133667626,0.0523087012395262,0.0530405128374695
scienceqa,mqt,1500,1500,False,46,VCPS-5D (Our Method),5.687414731778747,5.34269915944857,0.7627627627627627,0.1896347538211188,0.0568741473177874,0.0534269915944857
scienceqa,mqt,Full,1600,True,42,Naive Confidence (NC),23.170433156192303,23.654432334005836,0.7596793221793222,0.2579069462818134,0.231704331561923,0.2365443233400583
scienceqa,mqt,Full,1600,True,42,Temperature Scaling (TS),10.232820222060903,9.32068987808021,0.7596793221793222,0.1974815715918657,0.102328202220609,0.093206898780802
scienceqa,mqt,Full,1600,True,42,Platt Scaling (1D),6.908146219993768,7.992412771560094,0.7596793221793222,0.1916085558467454,0.0690814621999376,0.0799241277156009
scienceqa,mqt,Full,1600,True,42,Trajectory Platt (5D),5.717354357242583,6.462255418300626,0.7689564564564565,0.1859748736475636,0.0571735435724258,0.0646225541830062
scienceqa,mqt,Full,1600,True,42,VCPS-5D (Our Method),5.391711401544794,4.870391736911732,0.762575075075075,0.1895829414797983,0.0539171140154479,0.0487039173691173
scienceqa,mqt,Full,1600,True,43,Naive Confidence (NC),23.170433156192303,23.654432334005836,0.7596793221793222,0.2579069462818134,0.231704331561923,0.2365443233400583
scienceqa,mqt,Full,1600,True,43,Temperature Scaling (TS),10.232820222060903,9.32068987808021,0.7596793221793222,0.1974815715918657,0.102328202220609,0.093206898780802
scienceqa,mqt,Full,1600,True,43,Platt Scaling (1D),6.908146219993768,7.992412771560094,0.7596793221793222,0.1916085558467454,0.0690814621999376,0.0799241277156009
scienceqa,mqt,Full,1600,True,43,Trajectory Platt (5D),5.717354357242583,6.462255418300626,0.7689564564564565,0.1859748736475636,0.0571735435724258,0.0646225541830062
scienceqa,mqt,Full,1600,True,43,VCPS-5D (Our Method),5.391711401544794,4.870391736911732,0.762575075075075,0.1895829414797983,0.0539171140154479,0.0487039173691173
scienceqa,mqt,Full,1600,True,44,Naive Confidence (NC),23.170433156192303,23.654432334005836,0.7596793221793222,0.2579069462818134,0.231704331561923,0.2365443233400583
scienceqa,mqt,Full,1600,True,44,Temperature Scaling (TS),10.232820222060903,9.32068987808021,0.7596793221793222,0.1974815715918657,0.102328202220609,0.093206898780802
scienceqa,mqt,Full,1600,True,44,Platt Scaling (1D),6.908146219993768,7.992412771560094,0.7596793221793222,0.1916085558467454,0.0690814621999376,0.0799241277156009
scienceqa,mqt,Full,1600,True,44,Trajectory Platt (5D),5.717354357242583,6.462255418300626,0.7689564564564565,0.1859748736475636,0.0571735435724258,0.0646225541830062
scienceqa,mqt,Full,1600,True,44,VCPS-5D (Our Method),5.391711401544794,4.870391736911732,0.762575075075075,0.1895829414797983,0.0539171140154479,0.0487039173691173
scienceqa,mqt,Full,1600,True,45,Naive Confidence (NC),23.170433156192303,23.654432334005836,0.7596793221793222,0.2579069462818134,0.231704331561923,0.2365443233400583
scienceqa,mqt,Full,1600,True,45,Temperature Scaling (TS),10.232820222060903,9.32068987808021,0.7596793221793222,0.1974815715918657,0.102328202220609,0.093206898780802
scienceqa,mqt,Full,1600,True,45,Platt Scaling (1D),6.908146219993768,7.992412771560094,0.7596793221793222,0.1916085558467454,0.0690814621999376,0.0799241277156009
scienceqa,mqt,Full,1600,True,45,Trajectory Platt (5D),5.717354357242583,6.462255418300626,0.7689564564564565,0.1859748736475636,0.0571735435724258,0.0646225541830062
scienceqa,mqt,Full,1600,True,45,VCPS-5D (Our Method),5.391711401544794,4.870391736911732,0.762575075075075,0.1895829414797983,0.0539171140154479,0.0487039173691173
scienceqa,mqt,Full,1600,True,46,Naive Confidence (NC),23.170433156192303,23.654432334005836,0.7596793221793222,0.2579069462818134,0.231704331561923,0.2365443233400583
scienceqa,mqt,Full,1600,True,46,Temperature Scaling (TS),10.232820222060903,9.32068987808021,0.7596793221793222,0.1974815715918657,0.102328202220609,0.093206898780802
scienceqa,mqt,Full,1600,True,46,Platt Scaling (1D),6.908146219993768,7.992412771560094,0.7596793221793222,0.1916085558467454,0.0690814621999376,0.0799241277156009
scienceqa,mqt,Full,1600,True,46,Trajectory Platt (5D),5.717354357242583,6.462255418300626,0.7689564564564565,0.1859748736475636,0.0571735435724258,0.0646225541830062
scienceqa,mqt,Full,1600,True,46,VCPS-5D (Our Method),5.391711401544794,4.870391736911732,0.762575075075075,0.1895829414797983,0.0539171140154479,0.0487039173691173
seedbench,mqt,50,50,False,42,Naive Confidence (NC),17.736980348825455,18.56255531311035,0.7331463704023299,0.2296553653434542,0.1773698034882545,0.1856255531311035
seedbench,mqt,50,50,False,42,Temperature Scaling (TS),11.375854419908212,10.78882468702791,0.7331463704023299,0.2045651312949588,0.1137585441990821,0.1078882468702791
seedbench,mqt,50,50,False,42,Platt Scaling (1D),9.909864892895966,8.166942778776084,0.7331463704023299,0.2010744581359509,0.0990986489289596,0.0816694277877608
seedbench,mqt,50,50,False,42,Trajectory Platt (5D),12.88375959917903,13.225136499851944,0.7195556034947685,0.2048085081588986,0.1288375959917903,0.1322513649985194
seedbench,mqt,50,50,False,42,VCPS-5D (Our Method),9.83979267252248,10.18125917432243,0.7329306439434796,0.202205757430143,0.0983979267252248,0.1018125917432243
seedbench,mqt,50,50,False,43,Naive Confidence (NC),17.736980348825455,18.56255531311035,0.7331463704023299,0.2296553653434542,0.1773698034882545,0.1856255531311035
seedbench,mqt,50,50,False,43,Temperature Scaling (TS),13.35088526387658,11.353694434510428,0.7331463704023299,0.2091176763574324,0.1335088526387658,0.1135369443451042
seedbench,mqt,50,50,False,43,Platt Scaling (1D),14.93269065352135,13.895190419693815,0.7331463704023299,0.2158947085499986,0.1493269065352135,0.1389519041969381
seedbench,mqt,50,50,False,43,Trajectory Platt (5D),14.73155255801976,16.859739558771253,0.7225757739186711,0.22264263501004,0.1473155255801976,0.1685973955877125
seedbench,mqt,50,50,False,43,VCPS-5D (Our Method),17.14619352618884,17.298818183224814,0.7353036349908316,0.2231661820626216,0.1714619352618883,0.1729881818322481
seedbench,mqt,50,50,False,44,Naive Confidence (NC),17.736980348825455,18.56255531311035,0.7331463704023299,0.2296553653434542,0.1773698034882545,0.1856255531311035
seedbench,mqt,50,50,False,44,Temperature Scaling (TS),11.38709381537542,7.424075652682148,0.7331463704023299,0.2015853349262165,0.1138709381537541,0.0742407565268214
seedbench,mqt,50,50,False,44,Platt Scaling (1D),9.499345648234089,6.217698085645536,0.7331463704023299,0.1987049295088898,0.0949934564823408,0.0621769808564553
seedbench,mqt,50,50,False,44,Trajectory Platt (5D),9.27911415696144,12.24081991612911,0.7178297918239672,0.2033763493487552,0.0927911415696144,0.1224081991612911
seedbench,mqt,50,50,False,44,VCPS-5D (Our Method),8.322600510465122,6.467776868550447,0.7316362851903787,0.1999638933206942,0.0832260051046512,0.0646777686855044
seedbench,mqt,50,50,False,45,Naive Confidence (NC),17.736980348825455,18.56255531311035,0.7331463704023299,0.2296553653434542,0.1773698034882545,0.1856255531311035
seedbench,mqt,50,50,False,45,Temperature Scaling (TS),10.513425841475572,8.4891349544963,0.7331463704023299,0.2028251130356977,0.1051342584147557,0.084891349544963
seedbench,mqt,50,50,False,45,Platt Scaling (1D),9.541738244716225,9.279453153148363,0.7331463704023299,0.2006795478406669,0.0954173824471622,0.0927945315314836
seedbench,mqt,50,50,False,45,Trajectory Platt (5D),14.092185445129871,14.292399860918522,0.7138388523352389,0.2118910797039589,0.1409218544512987,0.1429239986091852
seedbench,mqt,50,50,False,45,VCPS-5D (Our Method),10.836781350211576,12.66224558317624,0.730989105813828,0.2031027094026727,0.1083678135021157,0.1266224558317624
seedbench,mqt,50,50,False,46,Naive Confidence (NC),17.736980348825455,18.56255531311035,0.7331463704023299,0.2296553653434542,0.1773698034882545,0.1856255531311035
seedbench,mqt,50,50,False,46,Temperature Scaling (TS),11.018634290511784,6.465669352221987,0.7331463704023299,0.2013322561925524,0.1101863429051178,0.0646566935222198
seedbench,mqt,50,50,False,46,Platt Scaling (1D),10.920479691344733,9.437174787005487,0.7331463704023299,0.2055618688611855,0.1092047969134473,0.0943717478700548
seedbench,mqt,50,50,False,46,Trajectory Platt (5D),13.186421183869246,12.703564850613477,0.744364146262539,0.2106184534478531,0.1318642118386924,0.1270356485061347
seedbench,mqt,50,50,False,46,VCPS-5D (Our Method),14.44090101673684,13.94998095238369,0.7512673929457447,0.2104905884886785,0.1444090101673684,0.1394998095238369
seedbench,mqt,100,100,False,42,Naive Confidence (NC),17.736980348825455,18.56255531311035,0.7331463704023299,0.2296553653434542,0.1773698034882545,0.1856255531311035
seedbench,mqt,100,100,False,42,Temperature Scaling (TS),11.558141346139976,9.37104122003967,0.7331463704023299,0.2048906346957015,0.1155814134613997,0.0937104122003967
seedbench,mqt,100,100,False,42,Platt Scaling (1D),8.851290920766404,8.276158788884262,0.7331463704023299,0.1993114472496227,0.088512909207664,0.0827615878888426
seedbench,mqt,100,100,False,42,Trajectory Platt (5D),8.624671667814255,6.5886367559433,0.7347643188437061,0.1989170507175961,0.0862467166781425,0.065886367559433
seedbench,mqt,100,100,False,42,VCPS-5D (Our Method),8.538258299699546,10.314201252980745,0.7386473951030094,0.1986204842895968,0.0853825829969954,0.1031420125298074
seedbench,mqt,100,100,False,43,Naive Confidence (NC),17.736980348825455,18.56255531311035,0.7331463704023299,0.2296553653434542,0.1773698034882545,0.1856255531311035
seedbench,mqt,100,100,False,43,Temperature Scaling (TS),11.45417387861809,10.266306660817676,0.7331463704023299,0.2047028426482369,0.1145417387861809,0.1026630666081767
seedbench,mqt,100,100,False,43,Platt Scaling (1D),12.572933028220016,12.9389136563599,0.7331463704023299,0.2097265497439402,0.1257293302822001,0.129389136563599
seedbench,mqt,100,100,False,43,Trajectory Platt (5D),10.440890979021784,14.060505744069818,0.7420990184446123,0.2039274960736141,0.1044089097902178,0.1406050574406981
seedbench,mqt,100,100,False,43,VCPS-5D (Our Method),13.416508915927976,14.15717731167237,0.7383238054147341,0.2097600275613773,0.1341650891592797,0.1415717731167237
seedbench,mqt,100,100,False,44,Naive Confidence (NC),17.736980348825455,18.56255531311035,0.7331463704023299,0.2296553653434542,0.1773698034882545,0.1856255531311035
seedbench,mqt,100,100,False,44,Temperature Scaling (TS),11.704053512847446,8.253532273113757,0.7331463704023299,0.2019964535602862,0.1170405351284744,0.0825353227311375
seedbench,mqt,100,100,False,44,Platt Scaling (1D),10.51962857373506,5.882771930531306,0.7331463704023299,0.1991959587160058,0.1051962857373505,0.058827719305313
seedbench,mqt,100,100,False,44,Trajectory Platt (5D),10.371273338794712,7.363632559776305,0.7166432963002913,0.2022371762876649,0.1037127333879471,0.073636325597763
seedbench,mqt,100,100,False,44,VCPS-5D (Our Method),10.21057783342254,8.837644879859006,0.7265667134073994,0.20082915217638,0.1021057783342254,0.08837644879859
seedbench,mqt,100,100,False,45,Naive Confidence (NC),17.736980348825455,18.56255531311035,0.7331463704023299,0.2296553653434542,0.1773698034882545,0.1856255531311035
seedbench,mqt,100,100,False,45,Temperature Scaling (TS),10.284913644262724,6.524519090882791,0.7331463704023299,0.2019089267726131,0.1028491364426272,0.0652451909088279
seedbench,mqt,100,100,False,45,Platt Scaling (1D),8.524042152074161,10.44686199714576,0.7331463704023299,0.1984502232771902,0.0852404215207416,0.1044686199714576
seedbench,mqt,100,100,False,45,Trajectory Platt (5D),7.9008482098579425,7.6441240310668945,0.71513321108834,0.2048691870228144,0.0790084820985794,0.0764412403106689
seedbench,mqt,100,100,False,45,VCPS-5D (Our Method),6.742226685657872,6.759473404804268,0.7335778233200302,0.1996072451059699,0.0674222668565787,0.0675947340480426
seedbench,mqt,100,100,False,46,Naive Confidence (NC),17.736980348825455,18.56255531311035,0.7331463704023299,0.2296553653434542,0.1773698034882545,0.1856255531311035
seedbench,mqt,100,100,False,46,Temperature Scaling (TS),10.2866757006379,6.178465995260364,0.7331463704023299,0.201777495876039,0.102866757006379,0.0617846599526036
seedbench,mqt,100,100,False,46,Platt Scaling (1D),9.407935476492751,8.571731188179326,0.7331463704023299,0.2005688979720892,0.0940793547649275,0.0857173118817932
seedbench,mqt,100,100,False,46,Trajectory Platt (5D),11.652035374194384,9.553460527211428,0.7417754287563371,0.1996007105546186,0.1165203537419438,0.0955346052721142
seedbench,mqt,100,100,False,46,VCPS-5D (Our Method),12.103707677467726,10.627033928797267,0.744256283033114,0.1997132896356268,0.1210370767746772,0.1062703392879726
seedbench,mqt,200,200,False,42,Naive Confidence (NC),17.736980348825455,18.56255531311035,0.7331463704023299,0.2296553653434542,0.1773698034882545,0.1856255531311035
seedbench,mqt,200,200,False,42,Temperature Scaling (TS),10.334546034539557,6.104640768462883,0.7331463704023299,0.2016725690167405,0.1033454603453955,0.0610464076846288
seedbench,mqt,200,200,False,42,Platt Scaling (1D),8.74229531421642,4.050578422359775,0.7331463704023299,0.1974178594442467,0.0874229531421642,0.0405057842235977
seedbench,mqt,200,200,False,42,Trajectory Platt (5D),10.862192094326025,11.205003023147585,0.7362744040556574,0.1978810427315617,0.1086219209432602,0.1120500302314758
seedbench,mqt,200,200,False,42,VCPS-5D (Our Method),7.041751030306329,5.572772506636381,0.7365979937439326,0.1963879485479507,0.0704175103030632,0.0557277250663638
seedbench,mqt,200,200,False,43,Naive Confidence (NC),17.736980348825455,18.56255531311035,0.7331463704023299,0.2296553653434542,0.1773698034882545,0.1856255531311035
seedbench,mqt,200,200,False,43,Temperature Scaling (TS),10.284668397897892,6.713886358116131,0.7331463704023299,0.2020133352141034,0.1028466839789789,0.0671388635811613
seedbench,mqt,200,200,False,43,Platt Scaling (1D),9.453059788533825,9.88343500908054,0.7331463704023299,0.2004568673142364,0.0945305978853382,0.0988343500908053
seedbench,mqt,200,200,False,43,Trajectory Platt (5D),10.58727025985718,10.444007694721222,0.7387552583324344,0.1977276874718214,0.1058727025985717,0.1044400769472122
seedbench,mqt,200,200,False,43,VCPS-5D (Our Method),8.010659632857681,10.237736923929925,0.7362744040556575,0.200054511597114,0.0801065963285768,0.1023773692392992
seedbench,mqt,200,200,False,44,Naive Confidence (NC),17.736980348825455,18.56255531311035,0.7331463704023299,0.2296553653434542,0.1773698034882545,0.1856255531311035
seedbench,mqt,200,200,False,44,Temperature Scaling (TS),11.17674503612397,6.168846019720512,0.7331463704023299,0.2014112035880519,0.1117674503612397,0.0616884601972051
seedbench,mqt,200,200,False,44,Platt Scaling (1D),9.266906776394896,7.073378888724739,0.7331463704023299,0.1988735054653599,0.0926690677639489,0.0707337888872473
seedbench,mqt,200,200,False,44,Trajectory Platt (5D),9.893079683184624,8.893200799822807,0.7324991910257792,0.1985461403541968,0.0989307968318462,0.088932007998228
seedbench,mqt,200,200,False,44,VCPS-5D (Our Method),7.176173392805112,8.629245340321049,0.7335778233200302,0.198935919580065,0.0717617339280511,0.0862924534032104
seedbench,mqt,200,200,False,45,Naive Confidence (NC),17.736980348825455,18.56255531311035,0.7331463704023299,0.2296553653434542,0.1773698034882545,0.1856255531311035
seedbench,mqt,200,200,False,45,Temperature Scaling (TS),10.284911103305737,6.529720776214471,0.7331463704023299,0.20191825101574,0.1028491110330573,0.0652972077621447
seedbench,mqt,200,200,False,45,Platt Scaling (1D),8.563404295868759,10.405506275766472,0.7331463704023299,0.1985760194910727,0.0856340429586876,0.1040550627576647
seedbench,mqt,200,200,False,45,Trajectory Platt (5D),7.528274253010749,8.740634366869926,0.7257038075719986,0.2011169303066803,0.0752827425301074,0.0874063436686992
seedbench,mqt,200,200,False,45,VCPS-5D (Our Method),7.94275413431857,6.7968013873178,0.7341171394671556,0.1989605231882999,0.0794275413431857,0.067968013873178
seedbench,mqt,200,200,False,46,Naive Confidence (NC),17.736980348825455,18.56255531311035,0.7331463704023299,0.2296553653434542,0.1773698034882545,0.1856255531311035
seedbench,mqt,200,200,False,46,Temperature Scaling (TS),11.18963447571394,6.171650040687519,0.7331463704023299,0.2014196067621112,0.1118963447571393,0.0617165004068751
seedbench,mqt,200,200,False,46,Platt Scaling (1D),9.360318657654314,5.571402354241949,0.7331463704023299,0.1981661404909558,0.0936031865765431,0.0557140235424194
seedbench,mqt,200,200,False,46,Trajectory Platt (5D),6.674422562122348,5.22473992407322,0.7473843166864416,0.1933464161162492,0.0667442256212234,0.0522473992407322
seedbench,mqt,200,200,False,46,VCPS-5D (Our Method),7.869068194653376,6.146494513662479,0.7401574803149608,0.1958254968844785,0.0786906819465337,0.0614649451366247
seedbench,mqt,500,500,False,42,Naive Confidence (NC),17.736980348825455,18.56255531311035,0.7331463704023299,0.2296553653434542,0.1773698034882545,0.1856255531311035
seedbench,mqt,500,500,False,42,Temperature Scaling (TS),10.286485170391542,6.1787579779611415,0.7331463704023299,0.2017779366190951,0.1028648517039154,0.0617875797796114
seedbench,mqt,500,500,False,42,Platt Scaling (1D),8.702791730726206,9.495444028382623,0.7331463704023299,0.1988819635511197,0.087027917307262,0.0949544402838262
seedbench,mqt,500,500,False,42,Trajectory Platt (5D),9.300698071718214,6.456193715333941,0.7409125229209362,0.1954908602047981,0.0930069807171821,0.0645619371533394
seedbench,mqt,500,500,False,42,VCPS-5D (Our Method),5.899736090979291,6.427648520212088,0.7376766260381835,0.1977094136233604,0.0589973609097929,0.0642764852021208
seedbench,mqt,500,500,False,43,Naive Confidence (NC),17.736980348825455,18.56255531311035,0.7331463704023299,0.2296553653434542,0.1773698034882545,0.1856255531311035
seedbench,mqt,500,500,False,43,Temperature Scaling (TS),10.40974447714267,6.589750373356948,0.7331463704023299,0.2015318064992188,0.1040974447714267,0.0658975037335694
seedbench,mqt,500,500,False,43,Platt Scaling (1D),8.55654306328462,9.782992810129802,0.7331463704023299,0.1984110770445201,0.0855654306328462,0.097829928101298
seedbench,mqt,500,500,False,43,Trajectory Platt (5D),8.880017071962355,9.419294118881226,0.7460899579333405,0.1948586701502686,0.0888001707196235,0.0941929411888122
seedbench,mqt,500,500,False,43,VCPS-5D (Our Method),7.4552605320461,8.040862821044643,0.7382159421853091,0.1969110553476305,0.074552605320461,0.0804086282104464
seedbench,mqt,500,500,False,44,Naive Confidence (NC),17.736980348825455,18.56255531311035,0.7331463704023299,0.2296553653434542,0.1773698034882545,0.1856255531311035
seedbench,mqt,500,500,False,44,Temperature Scaling (TS),10.571201023713002,5.951041889439344,0.7331463704023299,0.201352334296583,0.10571201023713,0.0595104188943934
seedbench,mqt,500,500,False,44,Platt Scaling (1D),8.65484979765729,6.383722029015389,0.7331463704023299,0.198448592896368,0.0865484979765729,0.0638372202901538
seedbench,mqt,500,500,False,44,Trajectory Platt (5D),8.197082102298737,8.337526082992552,0.7416675655269119,0.1949908918270263,0.0819708210229873,0.0833752608299255
seedbench,mqt,500,500,False,44,VCPS-5D (Our Method),7.421622180442987,7.24748985719485,0.736813720202783,0.197313683424966,0.0742162218044298,0.0724748985719485
seedbench,mqt,500,500,False,45,Naive Confidence (NC),17.736980348825455,18.56255531311035,0.7331463704023299,0.2296553653434542,0.1773698034882545,0.1856255531311035
seedbench,mqt,500,500,False,45,Temperature Scaling (TS),10.36511735502348,6.192516383047454,0.7331463704023299,0.2016117272302887,0.1036511735502348,0.0619251638304745
seedbench,mqt,500,500,False,45,Platt Scaling (1D),8.556902405953425,10.408850622448137,0.7331463704023299,0.1984988328225277,0.0855690240595342,0.1040885062244813
seedbench,mqt,500,500,False,45,Trajectory Platt (5D),7.543598793447018,8.490237958729267,0.7376766260381836,0.1968324991926911,0.0754359879344701,0.0849023795872926
seedbench,mqt,500,500,False,45,VCPS-5D (Our Method),6.303234896773151,7.683126822151053,0.7365979937439326,0.1978882109336555,0.0630323489677315,0.0768312682215105
seedbench,mqt,500,500,False,46,Naive Confidence (NC),17.736980348825455,18.56255531311035,0.7331463704023299,0.2296553653434542,0.1773698034882545,0.1856255531311035
seedbench,mqt,500,500,False,46,Temperature Scaling (TS),10.565165728780713,5.958063442380324,0.7331463704023299,0.2013550886022872,0.1056516572878071,0.0595806344238032
seedbench,mqt,500,500,False,46,Platt Scaling (1D),8.64081294193103,6.619994888841722,0.7331463704023299,0.1983591204677981,0.0864081294193103,0.0661999488884172
seedbench,mqt,500,500,False,46,Trajectory Platt (5D),6.502539217472076,6.550102949142456,0.7391867112501349,0.1957450732898307,0.0650253921747207,0.0655010294914245
seedbench,mqt,500,500,False,46,VCPS-5D (Our Method),6.098181643429738,6.076883989923201,0.7380002157264588,0.1972423293932854,0.0609818164342973,0.060768839899232
seedbench,mqt,1000,800,True,42,Naive Confidence (NC),17.736980348825455,18.56255531311035,0.7331463704023299,0.2296553653434542,0.1773698034882545,0.1856255531311035
seedbench,mqt,1000,800,True,42,Temperature Scaling (TS),10.437609193403786,6.677611900822805,0.7331463704023299,0.2014874022821668,0.1043760919340378,0.066776119008228
seedbench,mqt,1000,800,True,42,Platt Scaling (1D),8.621797050752836,9.513718731654771,0.7331463704023299,0.1985951442686745,0.0862179705075283,0.0951371873165477
seedbench,mqt,1000,800,True,42,Trajectory Platt (5D),9.672234721481802,6.663723491132259,0.7409125229209363,0.1957119666719599,0.096722347214818,0.0666372349113225
seedbench,mqt,1000,800,True,42,VCPS-5D (Our Method),8.688098384169324,7.664321773716695,0.736921583432208,0.1976621887281123,0.0868809838416932,0.0766432177371669
seedbench,mqt,1000,800,True,43,Naive Confidence (NC),17.736980348825455,18.56255531311035,0.7331463704023299,0.2296553653434542,0.1773698034882545,0.1856255531311035
seedbench,mqt,1000,800,True,43,Temperature Scaling (TS),10.437609193403786,6.677611900822805,0.7331463704023299,0.2014874022821668,0.1043760919340378,0.066776119008228
seedbench,mqt,1000,800,True,43,Platt Scaling (1D),8.621797050752836,9.513718731654771,0.7331463704023299,0.1985951442686745,0.0862179705075283,0.0951371873165477
seedbench,mqt,1000,800,True,43,Trajectory Platt (5D),9.672234721481802,6.663723491132259,0.7409125229209363,0.1957119666719599,0.096722347214818,0.0666372349113225
seedbench,mqt,1000,800,True,43,VCPS-5D (Our Method),8.688098384169324,7.664321773716695,0.736921583432208,0.1976621887281123,0.0868809838416932,0.0766432177371669
seedbench,mqt,1000,800,True,44,Naive Confidence (NC),17.736980348825455,18.56255531311035,0.7331463704023299,0.2296553653434542,0.1773698034882545,0.1856255531311035
seedbench,mqt,1000,800,True,44,Temperature Scaling (TS),10.437609193403786,6.677611900822805,0.7331463704023299,0.2014874022821668,0.1043760919340378,0.066776119008228
seedbench,mqt,1000,800,True,44,Platt Scaling (1D),8.621797050752836,9.513718731654771,0.7331463704023299,0.1985951442686745,0.0862179705075283,0.0951371873165477
seedbench,mqt,1000,800,True,44,Trajectory Platt (5D),9.672234721481802,6.663723491132259,0.7409125229209363,0.1957119666719599,0.096722347214818,0.0666372349113225
seedbench,mqt,1000,800,True,44,VCPS-5D (Our Method),8.688098384169324,7.664321773716695,0.736921583432208,0.1976621887281123,0.0868809838416932,0.0766432177371669
seedbench,mqt,1000,800,True,45,Naive Confidence (NC),17.736980348825455,18.56255531311035,0.7331463704023299,0.2296553653434542,0.1773698034882545,0.1856255531311035
seedbench,mqt,1000,800,True,45,Temperature Scaling (TS),10.437609193403786,6.677611900822805,0.7331463704023299,0.2014874022821668,0.1043760919340378,0.066776119008228
seedbench,mqt,1000,800,True,45,Platt Scaling (1D),8.621797050752836,9.513718731654771,0.7331463704023299,0.1985951442686745,0.0862179705075283,0.0951371873165477
seedbench,mqt,1000,800,True,45,Trajectory Platt (5D),9.672234721481802,6.663723491132259,0.7409125229209363,0.1957119666719599,0.096722347214818,0.0666372349113225
seedbench,mqt,1000,800,True,45,VCPS-5D (Our Method),8.688098384169324,7.664321773716695,0.736921583432208,0.1976621887281123,0.0868809838416932,0.0766432177371669
seedbench,mqt,1000,800,True,46,Naive Confidence (NC),17.736980348825455,18.56255531311035,0.7331463704023299,0.2296553653434542,0.1773698034882545,0.1856255531311035
seedbench,mqt,1000,800,True,46,Temperature Scaling (TS),10.437609193403786,6.677611900822805,0.7331463704023299,0.2014874022821668,0.1043760919340378,0.066776119008228
seedbench,mqt,1000,800,True,46,Platt Scaling (1D),8.621797050752836,9.513718731654771,0.7331463704023299,0.1985951442686745,0.0862179705075283,0.0951371873165477
seedbench,mqt,1000,800,True,46,Trajectory Platt (5D),9.672234721481802,6.663723491132259,0.7409125229209363,0.1957119666719599,0.096722347214818,0.0666372349113225
seedbench,mqt,1000,800,True,46,VCPS-5D (Our Method),8.688098384169324,7.664321773716695,0.736921583432208,0.1976621887281123,0.0868809838416932,0.0766432177371669
seedbench,mqt,1500,800,True,42,Naive Confidence (NC),17.736980348825455,18.56255531311035,0.7331463704023299,0.2296553653434542,0.1773698034882545,0.1856255531311035
seedbench,mqt,1500,800,True,42,Temperature Scaling (TS),10.437609193403786,6.677611900822805,0.7331463704023299,0.2014874022821668,0.1043760919340378,0.066776119008228
seedbench,mqt,1500,800,True,42,Platt Scaling (1D),8.621797050752836,9.513718731654771,0.7331463704023299,0.1985951442686745,0.0862179705075283,0.0951371873165477
seedbench,mqt,1500,800,True,42,Trajectory Platt (5D),9.672234721481802,6.663723491132259,0.7409125229209363,0.1957119666719599,0.096722347214818,0.0666372349113225
seedbench,mqt,1500,800,True,42,VCPS-5D (Our Method),8.688098384169324,7.664321773716695,0.736921583432208,0.1976621887281123,0.0868809838416932,0.0766432177371669
seedbench,mqt,1500,800,True,43,Naive Confidence (NC),17.736980348825455,18.56255531311035,0.7331463704023299,0.2296553653434542,0.1773698034882545,0.1856255531311035
seedbench,mqt,1500,800,True,43,Temperature Scaling (TS),10.437609193403786,6.677611900822805,0.7331463704023299,0.2014874022821668,0.1043760919340378,0.066776119008228
seedbench,mqt,1500,800,True,43,Platt Scaling (1D),8.621797050752836,9.513718731654771,0.7331463704023299,0.1985951442686745,0.0862179705075283,0.0951371873165477
seedbench,mqt,1500,800,True,43,Trajectory Platt (5D),9.672234721481802,6.663723491132259,0.7409125229209363,0.1957119666719599,0.096722347214818,0.0666372349113225
seedbench,mqt,1500,800,True,43,VCPS-5D (Our Method),8.688098384169324,7.664321773716695,0.736921583432208,0.1976621887281123,0.0868809838416932,0.0766432177371669
seedbench,mqt,1500,800,True,44,Naive Confidence (NC),17.736980348825455,18.56255531311035,0.7331463704023299,0.2296553653434542,0.1773698034882545,0.1856255531311035
seedbench,mqt,1500,800,True,44,Temperature Scaling (TS),10.437609193403786,6.677611900822805,0.7331463704023299,0.2014874022821668,0.1043760919340378,0.066776119008228
seedbench,mqt,1500,800,True,44,Platt Scaling (1D),8.621797050752836,9.513718731654771,0.7331463704023299,0.1985951442686745,0.0862179705075283,0.0951371873165477
seedbench,mqt,1500,800,True,44,Trajectory Platt (5D),9.672234721481802,6.663723491132259,0.7409125229209363,0.1957119666719599,0.096722347214818,0.0666372349113225
seedbench,mqt,1500,800,True,44,VCPS-5D (Our Method),8.688098384169324,7.664321773716695,0.736921583432208,0.1976621887281123,0.0868809838416932,0.0766432177371669
seedbench,mqt,1500,800,True,45,Naive Confidence (NC),17.736980348825455,18.56255531311035,0.7331463704023299,0.2296553653434542,0.1773698034882545,0.1856255531311035
seedbench,mqt,1500,800,True,45,Temperature Scaling (TS),10.437609193403786,6.677611900822805,0.7331463704023299,0.2014874022821668,0.1043760919340378,0.066776119008228
seedbench,mqt,1500,800,True,45,Platt Scaling (1D),8.621797050752836,9.513718731654771,0.7331463704023299,0.1985951442686745,0.0862179705075283,0.0951371873165477
seedbench,mqt,1500,800,True,45,Trajectory Platt (5D),9.672234721481802,6.663723491132259,0.7409125229209363,0.1957119666719599,0.096722347214818,0.0666372349113225
seedbench,mqt,1500,800,True,45,VCPS-5D (Our Method),8.688098384169324,7.664321773716695,0.736921583432208,0.1976621887281123,0.0868809838416932,0.0766432177371669
seedbench,mqt,1500,800,True,46,Naive Confidence (NC),17.736980348825455,18.56255531311035,0.7331463704023299,0.2296553653434542,0.1773698034882545,0.1856255531311035
seedbench,mqt,1500,800,True,46,Temperature Scaling (TS),10.437609193403786,6.677611900822805,0.7331463704023299,0.2014874022821668,0.1043760919340378,0.066776119008228
seedbench,mqt,1500,800,True,46,Platt Scaling (1D),8.621797050752836,9.513718731654771,0.7331463704023299,0.1985951442686745,0.0862179705075283,0.0951371873165477
seedbench,mqt,1500,800,True,46,Trajectory Platt (5D),9.672234721481802,6.663723491132259,0.7409125229209363,0.1957119666719599,0.096722347214818,0.0666372349113225
seedbench,mqt,1500,800,True,46,VCPS-5D (Our Method),8.688098384169324,7.664321773716695,0.736921583432208,0.1976621887281123,0.0868809838416932,0.0766432177371669
seedbench,mqt,Full,800,True,42,Naive Confidence (NC),17.736980348825455,18.56255531311035,0.7331463704023299,0.2296553653434542,0.1773698034882545,0.1856255531311035
seedbench,mqt,Full,800,True,42,Temperature Scaling (TS),10.437609193403786,6.677611900822805,0.7331463704023299,0.2014874022821668,0.1043760919340378,0.066776119008228
seedbench,mqt,Full,800,True,42,Platt Scaling (1D),8.621797050752836,9.513718731654771,0.7331463704023299,0.1985951442686745,0.0862179705075283,0.0951371873165477
seedbench,mqt,Full,800,True,42,Trajectory Platt (5D),9.672234721481802,6.663723491132259,0.7409125229209363,0.1957119666719599,0.096722347214818,0.0666372349113225
seedbench,mqt,Full,800,True,42,VCPS-5D (Our Method),8.688098384169324,7.664321773716695,0.736921583432208,0.1976621887281123,0.0868809838416932,0.0766432177371669
seedbench,mqt,Full,800,True,43,Naive Confidence (NC),17.736980348825455,18.56255531311035,0.7331463704023299,0.2296553653434542,0.1773698034882545,0.1856255531311035
seedbench,mqt,Full,800,True,43,Temperature Scaling (TS),10.437609193403786,6.677611900822805,0.7331463704023299,0.2014874022821668,0.1043760919340378,0.066776119008228
seedbench,mqt,Full,800,True,43,Platt Scaling (1D),8.621797050752836,9.513718731654771,0.7331463704023299,0.1985951442686745,0.0862179705075283,0.0951371873165477
seedbench,mqt,Full,800,True,43,Trajectory Platt (5D),9.672234721481802,6.663723491132259,0.7409125229209363,0.1957119666719599,0.096722347214818,0.0666372349113225
seedbench,mqt,Full,800,True,43,VCPS-5D (Our Method),8.688098384169324,7.664321773716695,0.736921583432208,0.1976621887281123,0.0868809838416932,0.0766432177371669
seedbench,mqt,Full,800,True,44,Naive Confidence (NC),17.736980348825455,18.56255531311035,0.7331463704023299,0.2296553653434542,0.1773698034882545,0.1856255531311035
seedbench,mqt,Full,800,True,44,Temperature Scaling (TS),10.437609193403786,6.677611900822805,0.7331463704023299,0.2014874022821668,0.1043760919340378,0.066776119008228
seedbench,mqt,Full,800,True,44,Platt Scaling (1D),8.621797050752836,9.513718731654771,0.7331463704023299,0.1985951442686745,0.0862179705075283,0.0951371873165477
seedbench,mqt,Full,800,True,44,Trajectory Platt (5D),9.672234721481802,6.663723491132259,0.7409125229209363,0.1957119666719599,0.096722347214818,0.0666372349113225
seedbench,mqt,Full,800,True,44,VCPS-5D (Our Method),8.688098384169324,7.664321773716695,0.736921583432208,0.1976621887281123,0.0868809838416932,0.0766432177371669
seedbench,mqt,Full,800,True,45,Naive Confidence (NC),17.736980348825455,18.56255531311035,0.7331463704023299,0.2296553653434542,0.1773698034882545,0.1856255531311035
seedbench,mqt,Full,800,True,45,Temperature Scaling (TS),10.437609193403786,6.677611900822805,0.7331463704023299,0.2014874022821668,0.1043760919340378,0.066776119008228
seedbench,mqt,Full,800,True,45,Platt Scaling (1D),8.621797050752836,9.513718731654771,0.7331463704023299,0.1985951442686745,0.0862179705075283,0.0951371873165477
seedbench,mqt,Full,800,True,45,Trajectory Platt (5D),9.672234721481802,6.663723491132259,0.7409125229209363,0.1957119666719599,0.096722347214818,0.0666372349113225
seedbench,mqt,Full,800,True,45,VCPS-5D (Our Method),8.688098384169324,7.664321773716695,0.736921583432208,0.1976621887281123,0.0868809838416932,0.0766432177371669
seedbench,mqt,Full,800,True,46,Naive Confidence (NC),17.736980348825455,18.56255531311035,0.7331463704023299,0.2296553653434542,0.1773698034882545,0.1856255531311035
seedbench,mqt,Full,800,True,46,Temperature Scaling (TS),10.437609193403786,6.677611900822805,0.7331463704023299,0.2014874022821668,0.1043760919340378,0.066776119008228
seedbench,mqt,Full,800,True,46,Platt Scaling (1D),8.621797050752836,9.513718731654771,0.7331463704023299,0.1985951442686745,0.0862179705075283,0.0951371873165477
seedbench,mqt,Full,800,True,46,Trajectory Platt (5D),9.672234721481802,6.663723491132259,0.7409125229209363,0.1957119666719599,0.096722347214818,0.0666372349113225
seedbench,mqt,Full,800,True,46,VCPS-5D (Our Method),8.688098384169324,7.664321773716695,0.736921583432208,0.1976621887281123,0.0868809838416932,0.0766432177371669
textvqa,mqt,50,50,False,42,Naive Confidence (NC),31.908288703300062,32.2661077445373,0.684438237629727,0.3286103131043988,0.3190828870330006,0.322661077445373
textvqa,mqt,50,50,False,42,Temperature Scaling (TS),18.299974723121043,18.185875688111672,0.684438237629727,0.2502336089642328,0.1829997472312104,0.1818587568811167
textvqa,mqt,50,50,False,42,Platt Scaling (1D),10.01959754190752,10.07505869152347,0.684438237629727,0.2136196987641062,0.1001959754190752,0.1007505869152347
textvqa,mqt,50,50,False,42,Trajectory Platt (5D),10.640297911595557,10.646712302695963,0.6910923081135847,0.2103294475290829,0.1064029791159555,0.1064671230269596
textvqa,mqt,50,50,False,42,VCPS-5D (Our Method),10.12675608190019,9.442615197863836,0.6935567786631618,0.2107986263469209,0.1012675608190019,0.0944261519786383
textvqa,mqt,50,50,False,43,Naive Confidence (NC),31.908288703300062,32.2661077445373,0.684438237629727,0.3286103131043988,0.3190828870330006,0.322661077445373
textvqa,mqt,50,50,False,43,Temperature Scaling (TS),20.27805074175915,20.278050741759145,0.684438237629727,0.2541315254405255,0.2027805074175915,0.2027805074175914
textvqa,mqt,50,50,False,43,Platt Scaling (1D),10.537339339162228,10.874496133792611,0.684438237629727,0.2181545823997139,0.1053733933916222,0.1087449613379261
textvqa,mqt,50,50,False,43,Trajectory Platt (5D),8.920611310750246,7.450313985347747,0.7122593718338399,0.1970619044938341,0.0892061131075024,0.0745031398534774
textvqa,mqt,50,50,False,43,VCPS-5D (Our Method),11.17898131672583,11.593833134146738,0.7065089405514937,0.215863016996829,0.1117898131672583,0.1159383313414673
textvqa,mqt,50,50,False,44,Naive Confidence (NC),31.908288703300062,32.2661077445373,0.684438237629727,0.3286103131043988,0.3190828870330006,0.322661077445373
textvqa,mqt,50,50,False,44,Temperature Scaling (TS),20.07024354268929,20.070243542689283,0.684438237629727,0.2536226024057124,0.2007024354268929,0.2007024354268928
textvqa,mqt,50,50,False,44,Platt Scaling (1D),11.95430184124113,12.112269804466203,0.684438237629727,0.2253287942021365,0.1195430184124113,0.121122698044662
textvqa,mqt,50,50,False,44,Trajectory Platt (5D),12.459922058507802,12.137060930952432,0.6574112106026999,0.2253476084434528,0.124599220585078,0.1213706093095243
textvqa,mqt,50,50,False,44,VCPS-5D (Our Method),12.40561561666768,14.395965540008094,0.6821380651167885,0.2312259953643377,0.1240561561666768,0.1439596554000809
textvqa,mqt,50,50,False,45,Naive Confidence (NC),31.908288703300062,32.2661077445373,0.684438237629727,0.3286103131043988,0.3190828870330006,0.322661077445373
textvqa,mqt,50,50,False,45,Temperature Scaling (TS),22.30375810936628,22.30375810936628,0.684438237629727,0.2604468778030187,0.2230375810936627,0.2230375810936627
textvqa,mqt,50,50,False,45,Platt Scaling (1D),15.126777310246451,14.684488753654335,0.684438237629727,0.2371462047067699,0.1512677731024645,0.1468448875365433
textvqa,mqt,50,50,False,45,Trajectory Platt (5D),11.009632825851442,10.199582725763324,0.7156274815849284,0.2028980305584578,0.1100963282585144,0.1019958272576332
textvqa,mqt,50,50,False,45,VCPS-5D (Our Method),15.936392792082762,15.881942034037062,0.7017716804950848,0.2333691103323814,0.1593639279208276,0.1588194203403706
textvqa,mqt,50,50,False,46,Naive Confidence (NC),31.908288703300062,32.2661077445373,0.684438237629727,0.3286103131043988,0.3190828870330006,0.322661077445373
textvqa,mqt,50,50,False,46,Temperature Scaling (TS),18.833316936941827,18.83331693694183,0.684438237629727,0.2511457989179775,0.1883331693694182,0.1883331693694183
textvqa,mqt,50,50,False,46,Platt Scaling (1D),12.706406143475796,11.476865265680608,0.684438237629727,0.2217941391769482,0.1270640614347579,0.114768652656806
textvqa,mqt,50,50,False,46,Trajectory Platt (5D),10.507687479257584,10.857014521956444,0.6924614584189053,0.2128597809555761,0.1050768747925758,0.1085701452195644
textvqa,mqt,50,50,False,46,VCPS-5D (Our Method),13.006731467211774,12.494347432642012,0.7048385771790027,0.2208200683044183,0.1300673146721177,0.1249434743264201
textvqa,mqt,100,100,False,42,Naive Confidence (NC),31.908288703300062,32.2661077445373,0.684438237629727,0.3286103131043988,0.3190828870330006,0.322661077445373
textvqa,mqt,100,100,False,42,Temperature Scaling (TS),21.847786330911063,21.84778633091105,0.684438237629727,0.2588146323084432,0.2184778633091106,0.2184778633091105
textvqa,mqt,100,100,False,42,Platt Scaling (1D),11.61526473366003,13.03287348193343,0.684438237629727,0.2246827625933281,0.1161526473366003,0.1303287348193343
textvqa,mqt,100,100,False,42,Trajectory Platt (5D),9.044599756598473,7.538393031805754,0.7142857142857143,0.2057056527048927,0.0904459975659847,0.0753839303180575
textvqa,mqt,100,100,False,42,VCPS-5D (Our Method),12.8541957293741,12.335920460338972,0.6968975054081438,0.2208833662055737,0.128541957293741,0.1233592046033897
textvqa,mqt,100,100,False,43,Naive Confidence (NC),31.908288703300062,32.2661077445373,0.684438237629727,0.3286103131043988,0.3190828870330006,0.322661077445373
textvqa,mqt,100,100,False,43,Temperature Scaling (TS),17.759954638882654,17.52019442524568,0.684438237629727,0.2495769762137634,0.1775995463888265,0.1752019442524568
textvqa,mqt,100,100,False,43,Platt Scaling (1D),10.299146234241396,8.106829889046402,0.684438237629727,0.2140939996371434,0.1029914623424139,0.081068298890464
textvqa,mqt,100,100,False,43,Trajectory Platt (5D),7.965882474090906,7.269511306192726,0.7008954242996797,0.1983431657503273,0.079658824740909,0.0726951130619272
textvqa,mqt,100,100,False,43,VCPS-5D (Our Method),9.548240285188855,7.246049819396867,0.7095484542293052,0.2039979054213959,0.0954824028518885,0.0724604981939686
textvqa,mqt,100,100,False,44,Naive Confidence (NC),31.908288703300062,32.2661077445373,0.684438237629727,0.3286103131043988,0.3190828870330006,0.322661077445373
textvqa,mqt,100,100,False,44,Temperature Scaling (TS),18.84139449533508,18.841394495335077,0.684438237629727,0.2511588648868592,0.1884139449533507,0.1884139449533507
textvqa,mqt,100,100,False,44,Platt Scaling (1D),10.490362618988424,9.396986688998062,0.684438237629727,0.2169536943833343,0.1049036261898842,0.0939698668899806
textvqa,mqt,100,100,False,44,Trajectory Platt (5D),7.700174817815424,7.449067639186977,0.687368219283113,0.206056634716406,0.0770017481781542,0.0744906763918697
textvqa,mqt,100,100,False,44,VCPS-5D (Our Method),10.172793692235174,8.487005363517817,0.6889016676250719,0.2151686765327282,0.1017279369223517,0.0848700536351781
textvqa,mqt,100,100,False,45,Naive Confidence (NC),31.908288703300062,32.2661077445373,0.684438237629727,0.3286103131043988,0.3190828870330006,0.322661077445373
textvqa,mqt,100,100,False,45,Temperature Scaling (TS),20.817190333885375,20.81719033388537,0.684438237629727,0.2555741214071144,0.2081719033388537,0.2081719033388537
textvqa,mqt,100,100,False,45,Platt Scaling (1D),11.09110538424958,11.643968243876666,0.684438237629727,0.2208280701442072,0.1109110538424958,0.1164396824387666
textvqa,mqt,100,100,False,45,Trajectory Platt (5D),7.140129538252952,5.291117558255792,0.7073851967468989,0.2017642158764267,0.0714012953825295,0.0529111755825579
textvqa,mqt,100,100,False,45,VCPS-5D (Our Method),12.553639042445448,12.189102258425558,0.6987321668172731,0.2175351126045067,0.1255363904244544,0.1218910225842555
textvqa,mqt,100,100,False,46,Naive Confidence (NC),31.908288703300062,32.2661077445373,0.684438237629727,0.3286103131043988,0.3190828870330006,0.322661077445373
textvqa,mqt,100,100,False,46,Temperature Scaling (TS),19.137828176739504,19.137828176739504,0.684438237629727,0.2516668655871514,0.191378281767395,0.191378281767395
textvqa,mqt,100,100,False,46,Platt Scaling (1D),10.583300625943371,9.498104320999376,0.684438237629727,0.2155610152340909,0.1058330062594337,0.0949810432099937
textvqa,mqt,100,100,False,46,Trajectory Platt (5D),7.629408424720169,7.234025215730071,0.7137106711574797,0.1973289394250092,0.0762940842472016,0.0723402521573007
textvqa,mqt,100,100,False,46,VCPS-5D (Our Method),11.004964006222504,10.822374120435317,0.7072208987102604,0.2069829259559452,0.110049640062225,0.1082237412043531
textvqa,mqt,200,200,False,42,Naive Confidence (NC),31.908288703300062,32.2661077445373,0.684438237629727,0.3286103131043988,0.3190828870330006,0.322661077445373
textvqa,mqt,200,200,False,42,Temperature Scaling (TS),18.78357047500049,18.783570475000488,0.684438237629727,0.2510662418076398,0.1878357047500049,0.1878357047500048
textvqa,mqt,200,200,False,42,Platt Scaling (1D),10.687113130752389,10.921683849184951,0.684438237629727,0.2169761236167168,0.1068711313075238,0.1092168384918495
textvqa,mqt,200,200,False,42,Trajectory Platt (5D),6.018659556284548,4.861504537984729,0.7188586763054848,0.1958964598555067,0.0601865955628454,0.0486150453798472
textvqa,mqt,200,200,False,42,VCPS-5D (Our Method),11.307703167247492,10.816094501918826,0.7040170869958104,0.209653972433455,0.1130770316724749,0.1081609450191882
textvqa,mqt,200,200,False,43,Naive Confidence (NC),31.908288703300062,32.2661077445373,0.684438237629727,0.3286103131043988,0.3190828870330006,0.322661077445373
textvqa,mqt,200,200,False,43,Temperature Scaling (TS),18.455374078029948,18.37787674617495,0.684438237629727,0.2504761809665763,0.1845537407802994,0.1837787674617495
textvqa,mqt,200,200,False,43,Platt Scaling (1D),10.460870718647618,8.603157690194298,0.684438237629727,0.2157614705935004,0.1046087071864761,0.0860315769019429
textvqa,mqt,200,200,False,43,Trajectory Platt (5D),8.896699125878513,8.638243871740999,0.7006215942386156,0.2044339129845632,0.0889669912587851,0.0863824387174099
textvqa,mqt,200,200,False,43,VCPS-5D (Our Method),11.128134728270124,6.77478166468816,0.705523152331663,0.2066624928153572,0.1112813472827012,0.0677478166468815
textvqa,mqt,200,200,False,44,Naive Confidence (NC),31.908288703300062,32.2661077445373,0.684438237629727,0.3286103131043988,0.3190828870330006,0.322661077445373
textvqa,mqt,200,200,False,44,Temperature Scaling (TS),19.143022824550386,19.14302282455039,0.684438237629727,0.2516762610735125,0.1914302282455038,0.1914302282455038
textvqa,mqt,200,200,False,44,Platt Scaling (1D),10.305327655540156,9.732352502001222,0.684438237629727,0.2162392975391527,0.1030532765554015,0.0973235250200122
textvqa,mqt,200,200,False,44,Trajectory Platt (5D),6.850335907191039,6.78277562186122,0.7099591993209013,0.1982221709451813,0.0685033590719104,0.0678277562186122
textvqa,mqt,200,200,False,44,VCPS-5D (Our Method),11.876142103829684,8.180919694067072,0.7004299131958707,0.2099232395061766,0.1187614210382968,0.0818091969406707
textvqa,mqt,200,200,False,45,Naive Confidence (NC),31.908288703300062,32.2661077445373,0.684438237629727,0.3286103131043988,0.3190828870330006,0.322661077445373
textvqa,mqt,200,200,False,45,Temperature Scaling (TS),17.749200386622093,17.506959385556677,0.684438237629727,0.249566842672637,0.1774920038662209,0.1750695938555667
textvqa,mqt,200,200,False,45,Platt Scaling (1D),10.577555327608394,9.459300178458289,0.684438237629727,0.2151511416908661,0.1057755532760839,0.0945930017845828
textvqa,mqt,200,200,False,45,Trajectory Platt (5D),6.436759071424604,6.11522156558931,0.7181741011528247,0.1973185269706132,0.064367590714246,0.0611522156558931
textvqa,mqt,200,200,False,45,VCPS-5D (Our Method),10.317900209648077,11.433719076375304,0.7035515758920012,0.2082788057074572,0.1031790020964807,0.114337190763753
textvqa,mqt,200,200,False,46,Naive Confidence (NC),31.908288703300062,32.2661077445373,0.684438237629727,0.3286103131043988,0.3190828870330006,0.322661077445373
textvqa,mqt,200,200,False,46,Temperature Scaling (TS),19.19471163443252,19.19471163443252,0.684438237629727,0.2517706728806925,0.1919471163443252,0.1919471163443251
textvqa,mqt,200,200,False,46,Platt Scaling (1D),10.86276914946848,11.311791378526406,0.684438237629727,0.2171096857716369,0.1086276914946847,0.113117913785264
textvqa,mqt,200,200,False,46,Trajectory Platt (5D),7.825757758691908,7.793891238048673,0.7064815575453872,0.202958039078892,0.078257577586919,0.0779389123804867
textvqa,mqt,200,200,False,46,VCPS-5D (Our Method),11.09979380778193,10.85517415918754,0.7024014896355322,0.2101616810210039,0.1109979380778193,0.1085517415918754
textvqa,mqt,500,500,False,42,Naive Confidence (NC),31.908288703300062,32.2661077445373,0.684438237629727,0.3286103131043988,0.3190828870330006,0.322661077445373
textvqa,mqt,500,500,False,42,Temperature Scaling (TS),18.699020381277627,18.67936240165333,0.684438237629727,0.250904674715639,0.1869902038127762,0.1867936240165333
textvqa,mqt,500,500,False,42,Platt Scaling (1D),10.745456327874242,10.67135764389287,0.684438237629727,0.2165989791299442,0.1074545632787424,0.1067135764389287
textvqa,mqt,500,500,False,42,Trajectory Platt (5D),9.259129476733504,6.250250411219896,0.7190503573482296,0.1945866194405126,0.092591294767335,0.0625025041121989
textvqa,mqt,500,500,False,42,VCPS-5D (Our Method),11.299643528190089,10.586003105414168,0.7080971549056654,0.2078295154734191,0.1129964352819008,0.1058600310541416
textvqa,mqt,500,500,False,43,Naive Confidence (NC),31.908288703300062,32.2661077445373,0.684438237629727,0.3286103131043988,0.3190828870330006,0.322661077445373
textvqa,mqt,500,500,False,43,Temperature Scaling (TS),18.699299581187624,18.679708215514125,0.684438237629727,0.2509051994697742,0.1869929958118762,0.1867970821551412
textvqa,mqt,500,500,False,43,Platt Scaling (1D),10.76409011928327,10.704730401713904,0.684438237629727,0.2167877420389592,0.1076409011928327,0.107047304017139
textvqa,mqt,500,500,False,43,Trajectory Platt (5D),9.285062248818578,8.758732977323232,0.7129439469865001,0.1976981327561836,0.0928506224881857,0.0875873297732323
textvqa,mqt,500,500,False,43,VCPS-5D (Our Method),11.314847791897265,10.79417843515976,0.7061803444782168,0.2081706666934908,0.1131484779189726,0.1079417843515976
textvqa,mqt,500,500,False,44,Naive Confidence (NC),31.908288703300062,32.2661077445373,0.684438237629727,0.3286103131043988,0.3190828870330006,0.322661077445373
textvqa,mqt,500,500,False,44,Temperature Scaling (TS),19.13528334540664,19.13528334540665,0.684438237629727,0.251662268972536,0.1913528334540664,0.1913528334540665
textvqa,mqt,500,500,False,44,Platt Scaling (1D),10.825630832492733,11.256483895889108,0.684438237629727,0.217605502288367,0.1082563083249273,0.112564838958891
textvqa,mqt,500,500,False,44,Trajectory Platt (5D),8.14070104341954,8.248006667010484,0.7147512253895231,0.1972110120383365,0.0814070104341954,0.0824800666701048
textvqa,mqt,500,500,False,44,VCPS-5D (Our Method),12.282655022673374,11.204623529091362,0.7052493222705987,0.2087544894272974,0.1228265502267337,0.1120462352909136
textvqa,mqt,500,500,False,45,Naive Confidence (NC),31.908288703300062,32.2661077445373,0.684438237629727,0.3286103131043988,0.3190828870330006,0.322661077445373
textvqa,mqt,500,500,False,45,Temperature Scaling (TS),18.848288428302755,18.848288428302745,0.684438237629727,0.2511700489343668,0.1884828842830275,0.1884828842830274
textvqa,mqt,500,500,False,45,Platt Scaling (1D),10.55073509493713,9.320246671773228,0.684438237629727,0.2158662576913761,0.1055073509493713,0.0932024667177322
textvqa,mqt,500,500,False,45,Trajectory Platt (5D),6.797225631773472,3.657882824540138,0.7196527834825707,0.1942630473376691,0.0679722563177347,0.0365788282454013
textvqa,mqt,500,500,False,45,VCPS-5D (Our Method),10.499721901638736,9.82522257949008,0.7058517484049399,0.2078943239182251,0.1049972190163873,0.0982522257949008
textvqa,mqt,500,500,False,46,Naive Confidence (NC),31.908288703300062,32.2661077445373,0.684438237629727,0.3286103131043988,0.3190828870330006,0.322661077445373
textvqa,mqt,500,500,False,46,Temperature Scaling (TS),19.380330939315755,19.38033093931576,0.684438237629727,0.2521235125352383,0.1938033093931575,0.1938033093931575
textvqa,mqt,500,500,False,46,Platt Scaling (1D),11.007119671735794,10.927421125972614,0.684438237629727,0.2181361198715574,0.1100711967173579,0.1092742112597261
textvqa,mqt,500,500,False,46,Trajectory Platt (5D),8.838898880407214,6.124163998290898,0.7170513979024618,0.1974258121467713,0.0883889888040721,0.0612416399829089
textvqa,mqt,500,500,False,46,VCPS-5D (Our Method),12.232318565406224,11.08365370315822,0.7069470686491963,0.2094432536726546,0.1223231856540622,0.1108365370315822
textvqa,mqt,1000,1000,False,42,Naive Confidence (NC),31.908288703300062,32.2661077445373,0.684438237629727,0.3286103131043988,0.3190828870330006,0.322661077445373
textvqa,mqt,1000,1000,False,42,Temperature Scaling (TS),19.149232472111585,19.149232472111592,0.684438237629727,0.2516875146149075,0.1914923247211158,0.1914923247211159
textvqa,mqt,1000,1000,False,42,Platt Scaling (1D),10.67343151607758,10.64745720521795,0.684438237629727,0.2168276729313988,0.1067343151607757,0.1064745720521795
textvqa,mqt,1000,1000,False,42,Trajectory Platt (5D),6.307423127815127,5.9886203091591605,0.7206111886962951,0.1950805881392912,0.0630742312781512,0.0598862030915916
textvqa,mqt,1000,1000,False,42,VCPS-5D (Our Method),12.534229859765135,11.088434204472724,0.7070018346614091,0.2080629378153206,0.1253422985976513,0.1108843420447272
textvqa,mqt,1000,1000,False,43,Naive Confidence (NC),31.908288703300062,32.2661077445373,0.684438237629727,0.3286103131043988,0.3190828870330006,0.322661077445373
textvqa,mqt,1000,1000,False,43,Temperature Scaling (TS),18.932683668320628,18.93268366832062,0.684438237629727,0.2513094000789125,0.1893268366832063,0.1893268366832062
textvqa,mqt,1000,1000,False,43,Platt Scaling (1D),10.594617687164543,9.74153557621059,0.684438237629727,0.2161459410111973,0.1059461768716454,0.0974153557621059
textvqa,mqt,1000,1000,False,43,Trajectory Platt (5D),6.0119098480790845,6.17754359357059,0.7164215887620143,0.1966361435145037,0.0601190984807908,0.0617754359357059
textvqa,mqt,1000,1000,False,43,VCPS-5D (Our Method),11.52070419029564,10.709865961184102,0.7046468961362577,0.2083597170557646,0.1152070419029564,0.107098659611841
textvqa,mqt,1000,1000,False,44,Naive Confidence (NC),31.908288703300062,32.2661077445373,0.684438237629727,0.3286103131043988,0.3190828870330006,0.322661077445373
textvqa,mqt,1000,1000,False,44,Temperature Scaling (TS),18.29277258653443,18.17698236082607,0.684438237629727,0.2502229471966106,0.1829277258653443,0.1817698236082607
textvqa,mqt,1000,1000,False,44,Platt Scaling (1D),10.492533663010414,8.701205713020501,0.684438237629727,0.214916561318371,0.1049253366301041,0.087012057130205
textvqa,mqt,1000,1000,False,44,Trajectory Platt (5D),5.920520754531027,6.537935869768262,0.7175442920123771,0.1953857175386273,0.0592052075453102,0.0653793586976826
textvqa,mqt,1000,1000,False,44,VCPS-5D (Our Method),10.539961859257714,9.275504947838424,0.7059338974232591,0.2066692900622591,0.1053996185925771,0.0927550494783842
textvqa,mqt,1000,1000,False,45,Naive Confidence (NC),31.908288703300062,32.2661077445373,0.684438237629727,0.3286103131043988,0.3190828870330006,0.322661077445373
textvqa,mqt,1000,1000,False,45,Temperature Scaling (TS),17.682728997260224,17.425171401186383,0.684438237629727,0.2495067624866413,0.1768272899726022,0.1742517140118638
textvqa,mqt,1000,1000,False,45,Platt Scaling (1D),10.301828532952737,8.654490565570484,0.684438237629727,0.2138006207189051,0.1030182853295273,0.0865449056557048
textvqa,mqt,1000,1000,False,45,Trajectory Platt (5D),8.681687241420152,5.301570290699601,0.7168597168597169,0.1941715169696709,0.0868168724142015,0.053015702906996
textvqa,mqt,1000,1000,False,45,VCPS-5D (Our Method),10.204070877412224,6.915120836508838,0.7070566006736219,0.2052115554351935,0.1020407087741222,0.0691512083650883
textvqa,mqt,1000,1000,False,46,Naive Confidence (NC),31.908288703300062,32.2661077445373,0.684438237629727,0.3286103131043988,0.3190828870330006,0.322661077445373
textvqa,mqt,1000,1000,False,46,Temperature Scaling (TS),19.25340096006044,19.25340096006044,0.684438237629727,0.2518799029077337,0.1925340096006044,0.1925340096006043
textvqa,mqt,1000,1000,False,46,Platt Scaling (1D),10.82878851507684,10.98276163364702,0.684438237629727,0.2172938095344769,0.1082878851507683,0.1098276163364702
textvqa,mqt,1000,1000,False,46,Trajectory Platt (5D),7.915878969244656,5.517063225619495,0.7172430789452067,0.1968198547414187,0.0791587896924465,0.0551706322561949
textvqa,mqt,1000,1000,False,46,VCPS-5D (Our Method),11.327659325550572,11.020424268139676,0.7062898765026423,0.208701942538377,0.1132765932555057,0.1102042426813967
textvqa,mqt,1500,1500,False,42,Naive Confidence (NC),31.908288703300062,32.2661077445373,0.684438237629727,0.3286103131043988,0.3190828870330006,0.322661077445373
textvqa,mqt,1500,1500,False,42,Temperature Scaling (TS),18.345413177547577,18.241994264532927,0.684438237629727,0.250302060088611,0.1834541317754758,0.1824199426453292
textvqa,mqt,1500,1500,False,42,Platt Scaling (1D),10.447322604894966,8.956601767936007,0.684438237629727,0.2148145638220148,0.1044732260489496,0.08956601767936
textvqa,mqt,1500,1500,False,42,Trajectory Platt (5D),7.823873167857527,6.271104892715812,0.7187765272871656,0.1948726577450341,0.0782387316785752,0.0627110489271581
textvqa,mqt,1500,1500,False,42,VCPS-5D (Our Method),10.667036271676132,9.562067081259157,0.7067553876064515,0.20630122014617,0.1066703627167613,0.0956206708125915
textvqa,mqt,1500,1500,False,43,Naive Confidence (NC),31.908288703300062,32.2661077445373,0.684438237629727,0.3286103131043988,0.3190828870330006,0.322661077445373
textvqa,mqt,1500,1500,False,43,Temperature Scaling (TS),18.23514323100685,18.105836528640605,0.684438237629727,0.2501394874006648,0.1823514323100685,0.181058365286406
textvqa,mqt,1500,1500,False,43,Platt Scaling (1D),10.414236510651058,8.654922918207463,0.684438237629727,0.2145594382072452,0.1041423651065105,0.0865492291820746
textvqa,mqt,1500,1500,False,43,Trajectory Platt (5D),7.478036042302846,4.896235499531032,0.7189134423176976,0.1943745678091153,0.0747803604230284,0.0489623549953103
textvqa,mqt,1500,1500,False,43,VCPS-5D (Our Method),10.560634847343705,8.647137290515277,0.7070018346614092,0.2061547319195002,0.105606348473437,0.0864713729051527
textvqa,mqt,1500,1500,False,44,Naive Confidence (NC),31.908288703300062,32.2661077445373,0.684438237629727,0.3286103131043988,0.3190828870330006,0.322661077445373
textvqa,mqt,1500,1500,False,44,Temperature Scaling (TS),18.56742267141469,18.51645347122577,0.684438237629727,0.2506659334537162,0.1856742267141468,0.1851645347122577
textvqa,mqt,1500,1500,False,44,Platt Scaling (1D),10.479955722315646,9.01576227871758,0.684438237629727,0.2152273599282245,0.1047995572231564,0.0901576227871757
textvqa,mqt,1500,1500,False,44,Trajectory Platt (5D),7.438146261498331,5.753300661221147,0.7188860593115912,0.1950447540660869,0.0743814626149833,0.0575330066122114
textvqa,mqt,1500,1500,False,44,VCPS-5D (Our Method),10.912687102788842,9.36622180185309,0.7069470686491963,0.2067555650642625,0.1091268710278884,0.0936622180185309
textvqa,mqt,1500,1500,False,45,Naive Confidence (NC),31.908288703300062,32.2661077445373,0.684438237629727,0.3286103131043988,0.3190828870330006,0.322661077445373
textvqa,mqt,1500,1500,False,45,Temperature Scaling (TS),18.14015200130989,17.988626314264124,0.684438237629727,0.2500091096502699,0.1814015200130988,0.1798862631426412
textvqa,mqt,1500,1500,False,45,Platt Scaling (1D),10.42100886504088,8.783589782638566,0.684438237629727,0.2145508268407699,0.1042100886504087,0.0878358978263856
textvqa,mqt,1500,1500,False,45,Trajectory Platt (5D),7.797012122347952,5.3590236250311145,0.719406336427613,0.1941310167699136,0.0779701212234795,0.0535902362503111
textvqa,mqt,1500,1500,False,45,VCPS-5D (Our Method),10.5834616510406,8.878024925969164,0.7073578137407924,0.2060741579150535,0.1058346165104059,0.0887802492596916
textvqa,mqt,1500,1500,False,46,Naive Confidence (NC),31.908288703300062,32.2661077445373,0.684438237629727,0.3286103131043988,0.3190828870330006,0.322661077445373
textvqa,mqt,1500,1500,False,46,Temperature Scaling (TS),18.458890569346124,18.38222400380625,0.684438237629727,0.250481947003356,0.1845889056934612,0.1838222400380625
textvqa,mqt,1500,1500,False,46,Platt Scaling (1D),10.490957319402414,8.64448503917544,0.684438237629727,0.2150012036086424,0.1049095731940241,0.0864448503917544
textvqa,mqt,1500,1500,False,46,Trajectory Platt (5D),6.396478086709976,5.248072225600482,0.7179824201100797,0.1949268846807668,0.0639647808670997,0.0524807222560048
textvqa,mqt,1500,1500,False,46,VCPS-5D (Our Method),10.627644810370034,9.380682339130404,0.7062898765026424,0.2066773089943732,0.1062764481037003,0.093806823391304
textvqa,mqt,Full,1600,True,42,Naive Confidence (NC),31.908288703300062,32.2661077445373,0.684438237629727,0.3286103131043988,0.3190828870330006,0.322661077445373
textvqa,mqt,Full,1600,True,42,Temperature Scaling (TS),18.31630076175477,18.20603702978145,0.684438237629727,0.2502579678415856,0.1831630076175477,0.1820603702978145
textvqa,mqt,Full,1600,True,42,Platt Scaling (1D),10.462815853262564,8.94562090648144,0.684438237629727,0.2148123931690385,0.1046281585326256,0.0894562090648144
textvqa,mqt,Full,1600,True,42,Trajectory Platt (5D),7.762586463242768,5.25258805975318,0.7189682083299105,0.1947801103707775,0.0776258646324276,0.0525258805975318
textvqa,mqt,Full,1600,True,42,VCPS-5D (Our Method),10.63475778045276,9.044106024017632,0.7070566006736221,0.206301103685557,0.1063475778045275,0.0904410602401763
textvqa,mqt,Full,1600,True,43,Naive Confidence (NC),31.908288703300062,32.2661077445373,0.684438237629727,0.3286103131043988,0.3190828870330006,0.322661077445373
textvqa,mqt,Full,1600,True,43,Temperature Scaling (TS),18.31630076175477,18.20603702978145,0.684438237629727,0.2502579678415856,0.1831630076175477,0.1820603702978145
textvqa,mqt,Full,1600,True,43,Platt Scaling (1D),10.462815853262564,8.94562090648144,0.684438237629727,0.2148123931690385,0.1046281585326256,0.0894562090648144
textvqa,mqt,Full,1600,True,43,Trajectory Platt (5D),7.762586463242768,5.25258805975318,0.7189682083299105,0.1947801103707775,0.0776258646324276,0.0525258805975318
textvqa,mqt,Full,1600,True,43,VCPS-5D (Our Method),10.63475778045276,9.044106024017632,0.7070566006736221,0.206301103685557,0.1063475778045275,0.0904410602401763
textvqa,mqt,Full,1600,True,44,Naive Confidence (NC),31.908288703300062,32.2661077445373,0.684438237629727,0.3286103131043988,0.3190828870330006,0.322661077445373
textvqa,mqt,Full,1600,True,44,Temperature Scaling (TS),18.31630076175477,18.20603702978145,0.684438237629727,0.2502579678415856,0.1831630076175477,0.1820603702978145
textvqa,mqt,Full,1600,True,44,Platt Scaling (1D),10.462815853262564,8.94562090648144,0.684438237629727,0.2148123931690385,0.1046281585326256,0.0894562090648144
textvqa,mqt,Full,1600,True,44,Trajectory Platt (5D),7.762586463242768,5.25258805975318,0.7189682083299105,0.1947801103707775,0.0776258646324276,0.0525258805975318
textvqa,mqt,Full,1600,True,44,VCPS-5D (Our Method),10.63475778045276,9.044106024017632,0.7070566006736221,0.206301103685557,0.1063475778045275,0.0904410602401763
textvqa,mqt,Full,1600,True,45,Naive Confidence (NC),31.908288703300062,32.2661077445373,0.684438237629727,0.3286103131043988,0.3190828870330006,0.322661077445373
textvqa,mqt,Full,1600,True,45,Temperature Scaling (TS),18.31630076175477,18.20603702978145,0.684438237629727,0.2502579678415856,0.1831630076175477,0.1820603702978145
textvqa,mqt,Full,1600,True,45,Platt Scaling (1D),10.462815853262564,8.94562090648144,0.684438237629727,0.2148123931690385,0.1046281585326256,0.0894562090648144
textvqa,mqt,Full,1600,True,45,Trajectory Platt (5D),7.762586463242768,5.25258805975318,0.7189682083299105,0.1947801103707775,0.0776258646324276,0.0525258805975318
textvqa,mqt,Full,1600,True,45,VCPS-5D (Our Method),10.63475778045276,9.044106024017632,0.7070566006736221,0.206301103685557,0.1063475778045275,0.0904410602401763
textvqa,mqt,Full,1600,True,46,Naive Confidence (NC),31.908288703300062,32.2661077445373,0.684438237629727,0.3286103131043988,0.3190828870330006,0.322661077445373
textvqa,mqt,Full,1600,True,46,Temperature Scaling (TS),18.31630076175477,18.20603702978145,0.684438237629727,0.2502579678415856,0.1831630076175477,0.1820603702978145
textvqa,mqt,Full,1600,True,46,Platt Scaling (1D),10.462815853262564,8.94562090648144,0.684438237629727,0.2148123931690385,0.1046281585326256,0.0894562090648144
textvqa,mqt,Full,1600,True,46,Trajectory Platt (5D),7.762586463242768,5.25258805975318,0.7189682083299105,0.1947801103707775,0.0776258646324276,0.0525258805975318
textvqa,mqt,Full,1600,True,46,VCPS-5D (Our Method),10.63475778045276,9.044106024017632,0.7070566006736221,0.206301103685557,0.1063475778045275,0.0904410602401763
vizwiz-vqa,mqt,50,50,False,42,Naive Confidence (NC),30.66273628547788,30.66273628547788,0.7969014680971203,0.2434844711384708,0.3066273628547787,0.3066273628547788
vizwiz-vqa,mqt,50,50,False,42,Temperature Scaling (TS),29.016579480176063,29.316577074448265,0.7969014680971203,0.2340732868094482,0.2901657948017606,0.2931657707444826
vizwiz-vqa,mqt,50,50,False,42,Platt Scaling (1D),7.424388303800927,6.915379415322813,0.7969014680971203,0.1431383056327493,0.0742438830380092,0.0691537941532281
vizwiz-vqa,mqt,50,50,False,42,Trajectory Platt (5D),7.636773455422372,9.342724810820076,0.6899703557312253,0.1552803792757572,0.0763677345542237,0.0934272481082007
vizwiz-vqa,mqt,50,50,False,42,VCPS-5D (Our Method),6.330080207675508,5.775424260122286,0.7941840767927725,0.1418861384300626,0.063300802076755,0.0577542426012228
vizwiz-vqa,mqt,50,50,False,43,Naive Confidence (NC),30.66273628547788,30.66273628547788,0.7969014680971203,0.2434844711384708,0.3066273628547787,0.3066273628547788
vizwiz-vqa,mqt,50,50,False,43,Temperature Scaling (TS),29.716435101451573,29.77113362610438,0.7969014680971203,0.2322554303462145,0.2971643510145157,0.2977113362610438
vizwiz-vqa,mqt,50,50,False,43,Platt Scaling (1D),8.259226212967324,6.848840915353474,0.7969014680971203,0.1456552820619587,0.0825922621296732,0.0684884091535347
vizwiz-vqa,mqt,50,50,False,43,Trajectory Platt (5D),8.146352788433434,7.295794963836667,0.7727625635234331,0.1490552639402082,0.0814635278843343,0.0729579496383666
vizwiz-vqa,mqt,50,50,False,43,VCPS-5D (Our Method),8.83631627854018,8.418163682010213,0.7954545454545454,0.1499211793812883,0.0883631627854018,0.0841816368201021
vizwiz-vqa,mqt,50,50,False,44,Naive Confidence (NC),30.66273628547788,30.66273628547788,0.7969014680971203,0.2434844711384708,0.3066273628547787,0.3066273628547788
vizwiz-vqa,mqt,50,50,False,44,Temperature Scaling (TS),30.08924978750021,30.0892497875002,0.7969014680971203,0.2324647093673481,0.3008924978750021,0.300892497875002
vizwiz-vqa,mqt,50,50,False,44,Platt Scaling (1D),7.955739792966001,7.404074642030597,0.7969014680971203,0.1435945564834425,0.07955739792966,0.0740407464203059
vizwiz-vqa,mqt,50,50,False,44,Trajectory Platt (5D),6.715664104558526,6.700741588138044,0.7589991530208922,0.1485136699719707,0.0671566410455852,0.0670074158813804
vizwiz-vqa,mqt,50,50,False,44,VCPS-5D (Our Method),9.096002390558011,8.220949980429664,0.7965485601355167,0.144694405170876,0.0909600239055801,0.0822094998042966
vizwiz-vqa,mqt,50,50,False,45,Naive Confidence (NC),30.66273628547788,30.66273628547788,0.7969014680971203,0.2434844711384708,0.3066273628547787,0.3066273628547788
vizwiz-vqa,mqt,50,50,False,45,Temperature Scaling (TS),28.436717811586742,28.704009942141063,0.7969014680971203,0.2383708146694311,0.2843671781158674,0.2870400994214106
vizwiz-vqa,mqt,50,50,False,45,Platt Scaling (1D),8.143638633779688,8.951312029130694,0.7969014680971203,0.1470729469552348,0.0814363863377968,0.0895131202913069
vizwiz-vqa,mqt,50,50,False,45,Trajectory Platt (5D),6.604055509902537,7.168248732574287,0.754199604743083,0.1445338846204994,0.0660405550990253,0.0716824873257428
vizwiz-vqa,mqt,50,50,False,45,VCPS-5D (Our Method),7.296363189368406,8.509996676635378,0.7966544325239977,0.1447982418862482,0.072963631893684,0.0850999667663537
vizwiz-vqa,mqt,50,50,False,46,Naive Confidence (NC),30.66273628547788,30.66273628547788,0.7969014680971203,0.2434844711384708,0.3066273628547787,0.3066273628547788
vizwiz-vqa,mqt,50,50,False,46,Temperature Scaling (TS),28.808145082757186,29.021504133310287,0.7969014680971203,0.2350135769892509,0.2880814508275718,0.2902150413331029
vizwiz-vqa,mqt,50,50,False,46,Platt Scaling (1D),8.050838829137902,6.665542284231976,0.7969014680971203,0.1451676065048002,0.080508388291379,0.0666554228423197
vizwiz-vqa,mqt,50,50,False,46,Trajectory Platt (5D),11.136381255520975,11.366233569860922,0.7207086391869002,0.1678292854578399,0.1113638125552097,0.1136623356986092
vizwiz-vqa,mqt,50,50,False,46,VCPS-5D (Our Method),7.438174343899237,6.627515982902849,0.7941134952004518,0.1424289253298593,0.0743817434389923,0.0662751598290284
vizwiz-vqa,mqt,100,100,False,42,Naive Confidence (NC),30.66273628547788,30.66273628547788,0.7969014680971203,0.2434844711384708,0.3066273628547787,0.3066273628547788
vizwiz-vqa,mqt,100,100,False,42,Temperature Scaling (TS),30.498365375928287,30.498365375928284,0.7969014680971203,0.2350154029184707,0.3049836537592829,0.3049836537592828
vizwiz-vqa,mqt,100,100,False,42,Platt Scaling (1D),9.591842659572093,9.45736812229168,0.7969014680971203,0.1492861992690887,0.0959184265957209,0.0945736812229168
vizwiz-vqa,mqt,100,100,False,42,Trajectory Platt (5D),8.120680333930068,6.9572024868102735,0.7932312252964426,0.1483074971281473,0.0812068033393006,0.0695720248681027
vizwiz-vqa,mqt,100,100,False,42,VCPS-5D (Our Method),9.100106831930262,8.602239084580017,0.7958780350084698,0.1506046468357139,0.0910010683193026,0.0860223908458001
vizwiz-vqa,mqt,100,100,False,43,Naive Confidence (NC),30.66273628547788,30.66273628547788,0.7969014680971203,0.2434844711384708,0.3066273628547787,0.3066273628547788
vizwiz-vqa,mqt,100,100,False,43,Temperature Scaling (TS),30.25469336277392,30.2546933627739,0.7969014680971203,0.2330287399426834,0.3025469336277391,0.302546933627739
vizwiz-vqa,mqt,100,100,False,43,Platt Scaling (1D),8.945197117487144,7.393678610919769,0.7969014680971203,0.1480271966159,0.0894519711748714,0.0739367861091977
vizwiz-vqa,mqt,100,100,False,43,Trajectory Platt (5D),8.669111368013546,7.831630185944957,0.7947487295313382,0.1473381060322017,0.0866911136801354,0.0783163018594495
vizwiz-vqa,mqt,100,100,False,43,VCPS-5D (Our Method),9.400581539101184,9.188170459986065,0.7965132693393563,0.1511543974641235,0.0940058153910118,0.0918817045998606
vizwiz-vqa,mqt,100,100,False,44,Naive Confidence (NC),30.66273628547788,30.66273628547788,0.7969014680971203,0.2434844711384708,0.3066273628547787,0.3066273628547788
vizwiz-vqa,mqt,100,100,False,44,Temperature Scaling (TS),30.072168052043207,30.072168052043203,0.7969014680971203,0.2324274216164176,0.3007216805204321,0.300721680520432
vizwiz-vqa,mqt,100,100,False,44,Platt Scaling (1D),8.036063797002095,5.83280846831944,0.7969014680971203,0.1428219278687459,0.0803606379700209,0.0583280846831944
vizwiz-vqa,mqt,100,100,False,44,Trajectory Platt (5D),7.053540383465588,5.828375759534539,0.7521174477696215,0.1552775762849884,0.0705354038346558,0.0582837575953453
vizwiz-vqa,mqt,100,100,False,44,VCPS-5D (Our Method),8.55376212374506,5.136617407275516,0.794325239977414,0.1444391088131202,0.0855376212374506,0.0513661740727551
vizwiz-vqa,mqt,100,100,False,45,Naive Confidence (NC),30.66273628547788,30.66273628547788,0.7969014680971203,0.2434844711384708,0.3066273628547787,0.3066273628547788
vizwiz-vqa,mqt,100,100,False,45,Temperature Scaling (TS),29.041207895808046,29.32379955994809,0.7969014680971203,0.2339731595143815,0.2904120789580804,0.2932379955994809
vizwiz-vqa,mqt,100,100,False,45,Platt Scaling (1D),7.482921322110468,6.582866629358573,0.7969014680971203,0.1441036734772387,0.0748292132211046,0.0658286662935857
vizwiz-vqa,mqt,100,100,False,45,Trajectory Platt (5D),4.48813753342256,4.501958170440049,0.7636222473178995,0.1467648897876896,0.0448813753342256,0.0450195817044004
vizwiz-vqa,mqt,100,100,False,45,VCPS-5D (Our Method),6.571217942908099,7.624845408004721,0.7974308300395256,0.1428580099338286,0.0657121794290809,0.0762484540800472
vizwiz-vqa,mqt,100,100,False,46,Naive Confidence (NC),30.66273628547788,30.66273628547788,0.7969014680971203,0.2434844711384708,0.3066273628547787,0.3066273628547788
vizwiz-vqa,mqt,100,100,False,46,Temperature Scaling (TS),29.50168246010204,29.65737994996937,0.7969014680971203,0.2325653481592778,0.2950168246010204,0.2965737994996937
vizwiz-vqa,mqt,100,100,False,46,Platt Scaling (1D),7.458591983587423,5.822824046267905,0.7969014680971203,0.1427754388809896,0.0745859198358742,0.058228240462679
vizwiz-vqa,mqt,100,100,False,46,Trajectory Platt (5D),9.1548859172035,9.144297017948702,0.7622459062676454,0.1432426110120679,0.091548859172035,0.091442970179487
vizwiz-vqa,mqt,100,100,False,46,VCPS-5D (Our Method),5.975372908356145,5.401862538592479,0.7984895539243366,0.1409030506852014,0.0597537290835614,0.0540186253859247
vizwiz-vqa,mqt,200,200,False,42,Naive Confidence (NC),30.66273628547788,30.66273628547788,0.7969014680971203,0.2434844711384708,0.3066273628547787,0.3066273628547788
vizwiz-vqa,mqt,200,200,False,42,Temperature Scaling (TS),29.989325522148143,29.989325522148125,0.7969014680971203,0.2322909808069241,0.2998932552214814,0.2998932552214812
vizwiz-vqa,mqt,200,200,False,42,Platt Scaling (1D),8.364846481554885,6.103322201236347,0.7969014680971203,0.1450322457269862,0.0836484648155488,0.0610332220123634
vizwiz-vqa,mqt,200,200,False,42,Trajectory Platt (5D),7.654200423741714,6.373377309879288,0.7890669113495201,0.1445420230354399,0.0765420042374171,0.0637337730987928
vizwiz-vqa,mqt,200,200,False,42,VCPS-5D (Our Method),8.491123641256975,7.966025504004862,0.7973955392433653,0.1454306202970863,0.0849112364125697,0.0796602550400486
vizwiz-vqa,mqt,200,200,False,43,Naive Confidence (NC),30.66273628547788,30.66273628547788,0.7969014680971203,0.2434844711384708,0.3066273628547787,0.3066273628547788
vizwiz-vqa,mqt,200,200,False,43,Temperature Scaling (TS),30.18108396003215,30.18108396003214,0.7969014680971203,0.232727689029428,0.3018108396003215,0.3018108396003214
vizwiz-vqa,mqt,200,200,False,43,Platt Scaling (1D),8.748225736894526,6.882312533076925,0.7969014680971203,0.1464160174067032,0.0874822573689452,0.0688231253307692
vizwiz-vqa,mqt,200,200,False,43,Trajectory Platt (5D),7.049277143203654,7.085330262430943,0.7939370412196499,0.1465362529822595,0.0704927714320365,0.0708533026243094
vizwiz-vqa,mqt,200,200,False,43,VCPS-5D (Our Method),8.04852631396133,7.529874909883722,0.7967250141163185,0.1466895428653392,0.0804852631396133,0.0752987490988372
vizwiz-vqa,mqt,200,200,False,44,Naive Confidence (NC),30.66273628547788,30.66273628547788,0.7969014680971203,0.2434844711384708,0.3066273628547787,0.3066273628547788
vizwiz-vqa,mqt,200,200,False,44,Temperature Scaling (TS),29.48540903437221,29.649311794098708,0.7969014680971203,0.2325988108666601,0.2948540903437221,0.2964931179409871
vizwiz-vqa,mqt,200,200,False,44,Platt Scaling (1D),7.480311425669283,5.374858027801239,0.7969014680971203,0.1426246267843121,0.0748031142566928,0.0537485802780123
vizwiz-vqa,mqt,200,200,False,44,Trajectory Platt (5D),6.888279429636896,4.351565944962204,0.764751552795031,0.1490621639570033,0.0688827942963689,0.043515659449622
vizwiz-vqa,mqt,200,200,False,44,VCPS-5D (Our Method),8.211622478111725,5.77515087230634,0.7957721626199888,0.1428645745966694,0.0821162247811172,0.0577515087230634
vizwiz-vqa,mqt,200,200,False,45,Naive Confidence (NC),30.66273628547788,30.66273628547788,0.7969014680971203,0.2434844711384708,0.3066273628547787,0.3066273628547788
vizwiz-vqa,mqt,200,200,False,45,Temperature Scaling (TS),29.550462473851013,29.580441114042262,0.7969014680971203,0.2324730414425798,0.2955046247385101,0.2958044111404226
vizwiz-vqa,mqt,200,200,False,45,Platt Scaling (1D),7.788418306116506,6.9966979777163125,0.7969014680971203,0.1437664792191856,0.077884183061165,0.0699669797771631
vizwiz-vqa,mqt,200,200,False,45,Trajectory Platt (5D),7.710399975068868,5.202437841333449,0.7751623376623377,0.147960042270008,0.0771039997506886,0.0520243784133344
vizwiz-vqa,mqt,200,200,False,45,VCPS-5D (Our Method),7.294885615186519,7.939279935975121,0.7966544325239978,0.1435783213496662,0.0729488561518652,0.0793927993597512
vizwiz-vqa,mqt,200,200,False,46,Naive Confidence (NC),30.66273628547788,30.66273628547788,0.7969014680971203,0.2434844711384708,0.3066273628547787,0.3066273628547788
vizwiz-vqa,mqt,200,200,False,46,Temperature Scaling (TS),29.314199731738945,29.31419973173895,0.7969014680971203,0.2330271223535502,0.2931419973173894,0.2931419973173895
vizwiz-vqa,mqt,200,200,False,46,Platt Scaling (1D),7.378182019765782,5.805265645859,0.7969014680971203,0.1428280127267492,0.0737818201976578,0.05805265645859
vizwiz-vqa,mqt,200,200,False,46,Trajectory Platt (5D),7.121528879273684,6.430479892063887,0.7962309429700734,0.1408714327924926,0.0712152887927368,0.0643047989206388
vizwiz-vqa,mqt,200,200,False,46,VCPS-5D (Our Method),6.359397686354276,4.997663992624842,0.7965485601355168,0.1412487890783681,0.0635939768635427,0.0499766399262484
vizwiz-vqa,mqt,500,500,False,42,Naive Confidence (NC),30.66273628547788,30.66273628547788,0.7969014680971203,0.2434844711384708,0.3066273628547787,0.3066273628547788
vizwiz-vqa,mqt,500,500,False,42,Temperature Scaling (TS),29.545097095027543,29.575319820316075,0.7969014680971203,0.2324825973597146,0.2954509709502754,0.2957531982031607
vizwiz-vqa,mqt,500,500,False,42,Platt Scaling (1D),7.902488497579195,7.056278401338773,0.7969014680971203,0.144059101788977,0.0790248849757919,0.0705627840133877
vizwiz-vqa,mqt,500,500,False,42,Trajectory Platt (5D),7.934255260042847,8.266159853897987,0.7997600225861096,0.1438102407856877,0.0793425526004284,0.0826615985389798
vizwiz-vqa,mqt,500,500,False,42,VCPS-5D (Our Method),8.040187259040007,8.654174231172677,0.7970073404856013,0.1438455348364053,0.0804018725904,0.0865417423117267
vizwiz-vqa,mqt,500,500,False,43,Naive Confidence (NC),30.66273628547788,30.66273628547788,0.7969014680971203,0.2434844711384708,0.3066273628547787,0.3066273628547788
vizwiz-vqa,mqt,500,500,False,43,Temperature Scaling (TS),29.79454355914153,29.84267566343302,0.7969014680971203,0.2322102119939218,0.2979454355914153,0.2984267566343302
vizwiz-vqa,mqt,500,500,False,43,Platt Scaling (1D),7.889476232312741,6.518825149419874,0.7969014680971203,0.1439029100707961,0.0788947623231274,0.0651882514941987
vizwiz-vqa,mqt,500,500,False,43,Trajectory Platt (5D),8.615219752537085,8.04022206296213,0.7955604178430266,0.1437300373214893,0.0861521975253708,0.0804022206296213
vizwiz-vqa,mqt,500,500,False,43,VCPS-5D (Our Method),7.897796254924448,7.594293593889982,0.7972190852625635,0.1433805149932674,0.0789779625492444,0.0759429359388998
vizwiz-vqa,mqt,500,500,False,44,Naive Confidence (NC),30.66273628547788,30.66273628547788,0.7969014680971203,0.2434844711384708,0.3066273628547787,0.3066273628547788
vizwiz-vqa,mqt,500,500,False,44,Temperature Scaling (TS),29.242951900369707,29.41230204876189,0.7969014680971203,0.2332441526812719,0.292429519003697,0.2941230204876189
vizwiz-vqa,mqt,500,500,False,44,Platt Scaling (1D),7.340152859631235,5.983007693786004,0.7969014680971203,0.142979635972571,0.0734015285963123,0.05983007693786
vizwiz-vqa,mqt,500,500,False,44,Trajectory Platt (5D),6.162374139297752,5.473333660978826,0.7885022586109542,0.1427043576530425,0.0616237413929775,0.0547333366097882
vizwiz-vqa,mqt,500,500,False,44,VCPS-5D (Our Method),7.318537685317712,5.942838428115271,0.7972543760587238,0.1423701800380502,0.0731853768531771,0.0594283842811527
vizwiz-vqa,mqt,500,500,False,45,Naive Confidence (NC),30.66273628547788,30.66273628547788,0.7969014680971203,0.2434844711384708,0.3066273628547787,0.3066273628547788
vizwiz-vqa,mqt,500,500,False,45,Temperature Scaling (TS),29.02975343555481,29.320439154807243,0.7969014680971203,0.2340194337833662,0.290297534355548,0.2932043915480724
vizwiz-vqa,mqt,500,500,False,45,Platt Scaling (1D),7.434563576945402,6.897948790875015,0.7969014680971203,0.143876719862646,0.074345635769454,0.0689794879087501
vizwiz-vqa,mqt,500,500,False,45,Trajectory Platt (5D),4.77169813355431,5.276289528701455,0.7854319593450028,0.1427426264073859,0.0477169813355431,0.0527628952870145
vizwiz-vqa,mqt,500,500,False,45,VCPS-5D (Our Method),7.5344151928974785,6.692295599976723,0.7975367024280068,0.1425686629963041,0.0753441519289747,0.0669229559997672
vizwiz-vqa,mqt,500,500,False,46,Naive Confidence (NC),30.66273628547788,30.66273628547788,0.7969014680971203,0.2434844711384708,0.3066273628547787,0.3066273628547788
vizwiz-vqa,mqt,500,500,False,46,Temperature Scaling (TS),29.576956095025317,29.605745023887565,0.7969014680971203,0.232428066820221,0.2957695609502531,0.2960574502388756
vizwiz-vqa,mqt,500,500,False,46,Platt Scaling (1D),7.741140457625202,5.615746935782772,0.7969014680971203,0.1433569286028209,0.077411404576252,0.0561574693578277
vizwiz-vqa,mqt,500,500,False,46,Trajectory Platt (5D),6.282053532078863,6.3720984011888495,0.7882552230378317,0.1417891533642999,0.0628205353207886,0.0637209840118885
vizwiz-vqa,mqt,500,500,False,46,VCPS-5D (Our Method),6.569615345555436,5.924939688674591,0.7972543760587238,0.1425165500789013,0.0656961534555543,0.0592493968867459
vizwiz-vqa,mqt,1000,1000,False,42,Naive Confidence (NC),30.66273628547788,30.66273628547788,0.7969014680971203,0.2434844711384708,0.3066273628547787,0.3066273628547788
vizwiz-vqa,mqt,1000,1000,False,42,Temperature Scaling (TS),29.48762785124202,29.65041127107296,0.7969014680971203,0.2325941710965931,0.2948762785124202,0.2965041127107296
vizwiz-vqa,mqt,1000,1000,False,42,Platt Scaling (1D),7.733155270223012,6.6036476797951424,0.7969014680971203,0.1435015262953698,0.0773315527022301,0.0660364767979514
vizwiz-vqa,mqt,1000,1000,False,42,Trajectory Platt (5D),8.09636842645705,6.716289339587093,0.7965132693393563,0.1424500426740494,0.0809636842645704,0.0671628933958709
vizwiz-vqa,mqt,1000,1000,False,42,VCPS-5D (Our Method),7.532290138649678,6.691306116592269,0.7970426312817617,0.1427063114437356,0.0753229013864967,0.0669130611659226
vizwiz-vqa,mqt,1000,1000,False,43,Naive Confidence (NC),30.66273628547788,30.66273628547788,0.7969014680971203,0.2434844711384708,0.3066273628547787,0.3066273628547788
vizwiz-vqa,mqt,1000,1000,False,43,Temperature Scaling (TS),29.357501753964232,29.357501753964225,0.7969014680971203,0.2329060673114021,0.2935750175396423,0.2935750175396422
vizwiz-vqa,mqt,1000,1000,False,43,Platt Scaling (1D),7.575003128531467,6.326806141995467,0.7969014680971203,0.1432675820605351,0.0757500312853146,0.0632680614199546
vizwiz-vqa,mqt,1000,1000,False,43,Trajectory Platt (5D),6.816485040355475,5.829427378717811,0.7935841332580462,0.1419370429830548,0.0681648504035547,0.0582942737871781
vizwiz-vqa,mqt,1000,1000,False,43,VCPS-5D (Our Method),7.567963901757944,5.554382907267974,0.7973249576510445,0.1422803520876453,0.0756796390175794,0.0555438290726797
vizwiz-vqa,mqt,1000,1000,False,44,Naive Confidence (NC),30.66273628547788,30.66273628547788,0.7969014680971203,0.2434844711384708,0.3066273628547787,0.3066273628547788
vizwiz-vqa,mqt,1000,1000,False,44,Temperature Scaling (TS),29.378823747914595,29.37882374791459,0.7969014680971203,0.2328495527866924,0.2937882374791459,0.2937882374791459
vizwiz-vqa,mqt,1000,1000,False,44,Platt Scaling (1D),7.543179976368444,5.444730914363281,0.7969014680971203,0.1429237181816481,0.0754317997636844,0.0544473091436328
vizwiz-vqa,mqt,1000,1000,False,44,Trajectory Platt (5D),6.7211220525205135,5.908359769731761,0.7894198193111237,0.1436338908173237,0.0672112205252051,0.0590835976973176
vizwiz-vqa,mqt,1000,1000,False,44,VCPS-5D (Our Method),7.750168175826902,5.391025420697472,0.7967603049124788,0.1425156102973372,0.077501681758269,0.0539102542069747
vizwiz-vqa,mqt,1000,1000,False,45,Naive Confidence (NC),30.66273628547788,30.66273628547788,0.7969014680971203,0.2434844711384708,0.3066273628547787,0.3066273628547788
vizwiz-vqa,mqt,1000,1000,False,45,Temperature Scaling (TS),29.09946391958401,29.15370503046952,0.7969014680971203,0.2337457959856937,0.2909946391958401,0.2915370503046952
vizwiz-vqa,mqt,1000,1000,False,45,Platt Scaling (1D),7.439308478700421,5.980748995737688,0.7969014680971203,0.1431804084396793,0.0743930847870042,0.0598074899573768
vizwiz-vqa,mqt,1000,1000,False,45,Trajectory Platt (5D),7.303869275841862,6.448798254597933,0.790231507622812,0.1415654316988829,0.0730386927584186,0.0644879825459793
vizwiz-vqa,mqt,1000,1000,False,45,VCPS-5D (Our Method),6.094298942225932,5.675681390415485,0.7979954827780915,0.1421311250334999,0.0609429894222593,0.0567568139041548
vizwiz-vqa,mqt,1000,1000,False,46,Naive Confidence (NC),30.66273628547788,30.66273628547788,0.7969014680971203,0.2434844711384708,0.3066273628547787,0.3066273628547788
vizwiz-vqa,mqt,1000,1000,False,46,Temperature Scaling (TS),29.34784930241313,29.347849302413128,0.7969014680971203,0.2329323271255091,0.2934784930241313,0.2934784930241312
vizwiz-vqa,mqt,1000,1000,False,46,Platt Scaling (1D),7.558069538104455,6.500545053499389,0.7969014680971203,0.1432180259092909,0.0755806953810445,0.0650054505349938
vizwiz-vqa,mqt,1000,1000,False,46,Trajectory Platt (5D),6.4616605369374165,5.889232131652534,0.7949957651044607,0.14164549694684,0.0646166053693741,0.0588923213165253
vizwiz-vqa,mqt,1000,1000,False,46,VCPS-5D (Our Method),7.592698190561749,6.13141763785624,0.797466120835686,0.1422187611281044,0.0759269819056174,0.0613141763785623
vizwiz-vqa,mqt,1500,1500,False,42,Naive Confidence (NC),30.66273628547788,30.66273628547788,0.7969014680971203,0.2434844711384708,0.3066273628547787,0.3066273628547788
vizwiz-vqa,mqt,1500,1500,False,42,Temperature Scaling (TS),29.41477833671094,29.41477833671094,0.7969014680971203,0.2327589753520161,0.2941477833671094,0.2941477833671094
vizwiz-vqa,mqt,1500,1500,False,42,Platt Scaling (1D),7.630063912663032,6.323530490694204,0.7969014680971203,0.1432772413386913,0.0763006391266303,0.063235304906942
vizwiz-vqa,mqt,1500,1500,False,42,Trajectory Platt (5D),8.278919232543558,6.991827046032996,0.7946781479390175,0.1417514800581225,0.0827891923254355,0.0699182704603299
vizwiz-vqa,mqt,1500,1500,False,42,VCPS-5D (Our Method),7.1287227289449975,6.242843840993834,0.7973955392433653,0.142380163637724,0.0712872272894499,0.0624284384099383
vizwiz-vqa,mqt,1500,1500,False,43,Naive Confidence (NC),30.66273628547788,30.66273628547788,0.7969014680971203,0.2434844711384708,0.3066273628547787,0.3066273628547788
vizwiz-vqa,mqt,1500,1500,False,43,Temperature Scaling (TS),29.41254270744199,29.412542707441983,0.7969014680971203,0.2327644324724099,0.2941254270744199,0.2941254270744198
vizwiz-vqa,mqt,1500,1500,False,43,Platt Scaling (1D),7.631592457209164,6.324020097499653,0.7969014680971203,0.1432784377204041,0.0763159245720916,0.0632402009749965
vizwiz-vqa,mqt,1500,1500,False,43,Trajectory Platt (5D),7.685415162704884,5.716153011657297,0.7948898927159795,0.1418031532011728,0.0768541516270488,0.0571615301165729
vizwiz-vqa,mqt,1500,1500,False,43,VCPS-5D (Our Method),7.601725431620262,6.112668628318138,0.7973249576510445,0.1424279019130759,0.0760172543162026,0.0611266862831813
vizwiz-vqa,mqt,1500,1500,False,44,Naive Confidence (NC),30.66273628547788,30.66273628547788,0.7969014680971203,0.2434844711384708,0.3066273628547787,0.3066273628547788
vizwiz-vqa,mqt,1500,1500,False,44,Temperature Scaling (TS),29.481232278023604,29.647242610698743,0.7969014680971203,0.2326076107126113,0.294812322780236,0.2964724261069874
vizwiz-vqa,mqt,1500,1500,False,44,Platt Scaling (1D),7.666318647296063,5.907219353250491,0.7969014680971203,0.1431792532685251,0.0766631864729606,0.0590721935325049
vizwiz-vqa,mqt,1500,1500,False,44,Trajectory Platt (5D),8.711855057394132,5.504583755275235,0.7948898927159797,0.1421708757443785,0.0871185505739413,0.0550458375527523
vizwiz-vqa,mqt,1500,1500,False,44,VCPS-5D (Our Method),7.576328774922089,6.547754371675535,0.7972190852625635,0.1425081639485644,0.0757632877492208,0.0654775437167553
vizwiz-vqa,mqt,1500,1500,False,45,Naive Confidence (NC),30.66273628547788,30.66273628547788,0.7969014680971203,0.2434844711384708,0.3066273628547787,0.3066273628547788
vizwiz-vqa,mqt,1500,1500,False,45,Temperature Scaling (TS),29.40104851661874,29.40104851661874,0.7969014680971203,0.2327928575387265,0.2940104851661874,0.2940104851661874
vizwiz-vqa,mqt,1500,1500,False,45,Platt Scaling (1D),7.623250434693901,6.243938930404931,0.7969014680971203,0.1433035136622601,0.076232504346939,0.0624393893040493
vizwiz-vqa,mqt,1500,1500,False,45,Trajectory Platt (5D),8.411874736193568,6.085131645668297,0.7934076792772446,0.1418151651922699,0.0841187473619356,0.0608513164566829
vizwiz-vqa,mqt,1500,1500,False,45,VCPS-5D (Our Method),7.093105359512332,6.283207982202523,0.7975014116318464,0.1424168059537581,0.0709310535951233,0.0628320798220252
vizwiz-vqa,mqt,1500,1500,False,46,Naive Confidence (NC),30.66273628547788,30.66273628547788,0.7969014680971203,0.2434844711384708,0.3066273628547787,0.3066273628547788
vizwiz-vqa,mqt,1500,1500,False,46,Temperature Scaling (TS),29.404132941825743,29.40413294182575,0.7969014680971203,0.2327851694309606,0.2940413294182574,0.2940413294182575
vizwiz-vqa,mqt,1500,1500,False,46,Platt Scaling (1D),7.635128216360582,6.234586320483496,0.7969014680971203,0.1432943591735765,0.0763512821636058,0.0623458632048349
vizwiz-vqa,mqt,1500,1500,False,46,Trajectory Platt (5D),6.8151469598524255,6.334315511863678,0.7968308865047995,0.1418718878461445,0.0681514695985242,0.0633431551186367
vizwiz-vqa,mqt,1500,1500,False,46,VCPS-5D (Our Method),7.548237113316425,5.908323602785264,0.7972190852625635,0.1425592114713337,0.0754823711331642,0.0590832360278526
vizwiz-vqa,mqt,Full,1600,True,42,Naive Confidence (NC),30.66273628547788,30.66273628547788,0.7969014680971203,0.2434844711384708,0.3066273628547787,0.3066273628547788
vizwiz-vqa,mqt,Full,1600,True,42,Temperature Scaling (TS),29.408389698433613,29.408389698433613,0.7969014680971203,0.2327746318470236,0.2940838969843361,0.2940838969843361
vizwiz-vqa,mqt,Full,1600,True,42,Platt Scaling (1D),7.621812935863327,6.269793439981427,0.7969014680971203,0.1432586722441879,0.0762181293586332,0.0626979343998142
vizwiz-vqa,mqt,Full,1600,True,42,Trajectory Platt (5D),8.171469628345221,6.029946542810649,0.7947487295313382,0.1417702345873833,0.0817146962834522,0.0602994654281064
vizwiz-vqa,mqt,Full,1600,True,42,VCPS-5D (Our Method),7.585726092716517,6.116942848326518,0.7973955392433654,0.1424047246635258,0.0758572609271651,0.0611694284832651
vizwiz-vqa,mqt,Full,1600,True,43,Naive Confidence (NC),30.66273628547788,30.66273628547788,0.7969014680971203,0.2434844711384708,0.3066273628547787,0.3066273628547788
vizwiz-vqa,mqt,Full,1600,True,43,Temperature Scaling (TS),29.408389698433613,29.408389698433613,0.7969014680971203,0.2327746318470236,0.2940838969843361,0.2940838969843361
vizwiz-vqa,mqt,Full,1600,True,43,Platt Scaling (1D),7.621812935863327,6.269793439981427,0.7969014680971203,0.1432586722441879,0.0762181293586332,0.0626979343998142
vizwiz-vqa,mqt,Full,1600,True,43,Trajectory Platt (5D),8.171469628345221,6.029946542810649,0.7947487295313382,0.1417702345873833,0.0817146962834522,0.0602994654281064
vizwiz-vqa,mqt,Full,1600,True,43,VCPS-5D (Our Method),7.585726092716517,6.116942848326518,0.7973955392433654,0.1424047246635258,0.0758572609271651,0.0611694284832651
vizwiz-vqa,mqt,Full,1600,True,44,Naive Confidence (NC),30.66273628547788,30.66273628547788,0.7969014680971203,0.2434844711384708,0.3066273628547787,0.3066273628547788
vizwiz-vqa,mqt,Full,1600,True,44,Temperature Scaling (TS),29.408389698433613,29.408389698433613,0.7969014680971203,0.2327746318470236,0.2940838969843361,0.2940838969843361
vizwiz-vqa,mqt,Full,1600,True,44,Platt Scaling (1D),7.621812935863327,6.269793439981427,0.7969014680971203,0.1432586722441879,0.0762181293586332,0.0626979343998142
vizwiz-vqa,mqt,Full,1600,True,44,Trajectory Platt (5D),8.171469628345221,6.029946542810649,0.7947487295313382,0.1417702345873833,0.0817146962834522,0.0602994654281064
vizwiz-vqa,mqt,Full,1600,True,44,VCPS-5D (Our Method),7.585726092716517,6.116942848326518,0.7973955392433654,0.1424047246635258,0.0758572609271651,0.0611694284832651
vizwiz-vqa,mqt,Full,1600,True,45,Naive Confidence (NC),30.66273628547788,30.66273628547788,0.7969014680971203,0.2434844711384708,0.3066273628547787,0.3066273628547788
vizwiz-vqa,mqt,Full,1600,True,45,Temperature Scaling (TS),29.408389698433613,29.408389698433613,0.7969014680971203,0.2327746318470236,0.2940838969843361,0.2940838969843361
vizwiz-vqa,mqt,Full,1600,True,45,Platt Scaling (1D),7.621812935863327,6.269793439981427,0.7969014680971203,0.1432586722441879,0.0762181293586332,0.0626979343998142
vizwiz-vqa,mqt,Full,1600,True,45,Trajectory Platt (5D),8.171469628345221,6.029946542810649,0.7947487295313382,0.1417702345873833,0.0817146962834522,0.0602994654281064
vizwiz-vqa,mqt,Full,1600,True,45,VCPS-5D (Our Method),7.585726092716517,6.116942848326518,0.7973955392433654,0.1424047246635258,0.0758572609271651,0.0611694284832651
vizwiz-vqa,mqt,Full,1600,True,46,Naive Confidence (NC),30.66273628547788,30.66273628547788,0.7969014680971203,0.2434844711384708,0.3066273628547787,0.3066273628547788
vizwiz-vqa,mqt,Full,1600,True,46,Temperature Scaling (TS),29.408389698433613,29.408389698433613,0.7969014680971203,0.2327746318470236,0.2940838969843361,0.2940838969843361
vizwiz-vqa,mqt,Full,1600,True,46,Platt Scaling (1D),7.621812935863327,6.269793439981427,0.7969014680971203,0.1432586722441879,0.0762181293586332,0.0626979343998142
vizwiz-vqa,mqt,Full,1600,True,46,Trajectory Platt (5D),8.171469628345221,6.029946542810649,0.7947487295313382,0.1417702345873833,0.0817146962834522,0.0602994654281064
vizwiz-vqa,mqt,Full,1600,True,46,VCPS-5D (Our Method),7.585726092716517,6.116942848326518,0.7973955392433654,0.1424047246635258,0.0758572609271651,0.0611694284832651
vqav2,mqt,50,50,False,42,Naive Confidence (NC),10.311240037903188,10.485453115776185,0.6414136107316731,0.1713240263854615,0.1031124003790318,0.1048545311577618
vqav2,mqt,50,50,False,42,Temperature Scaling (TS),14.476803545920893,14.556730894106693,0.6414136107316731,0.180897911722767,0.1447680354592089,0.1455673089410669
vqav2,mqt,50,50,False,42,Platt Scaling (1D),12.121289125629986,11.003540881076765,0.6414136107316731,0.1725976950506787,0.1212128912562998,0.1100354088107676
vqav2,mqt,50,50,False,42,Trajectory Platt (5D),12.492369277402757,12.041189802810552,0.6820076354593534,0.1876083992443958,0.1249236927740275,0.1204118980281055
vqav2,mqt,50,50,False,42,VCPS-5D (Our Method),9.342393793409377,8.526256454901079,0.6714650975447446,0.168107861556634,0.0934239379340937,0.0852625645490108
vqav2,mqt,50,50,False,43,Naive Confidence (NC),10.311240037903188,10.485453115776185,0.6414136107316731,0.1713240263854615,0.1031124003790318,0.1048545311577618
vqav2,mqt,50,50,False,43,Temperature Scaling (TS),14.54881325449888,14.661319189460606,0.6414136107316731,0.1810581543439626,0.1454881325449888,0.146613191894606
vqav2,mqt,50,50,False,43,Platt Scaling (1D),12.562492684037364,12.604731279539152,0.6414136107316731,0.1737885961375188,0.1256249268403736,0.1260473127953915
vqav2,mqt,50,50,False,43,Trajectory Platt (5D),5.240458119660617,4.729702819138768,0.7371370529928899,0.1597999193868061,0.0524045811966061,0.0472970281913876
vqav2,mqt,50,50,False,43,VCPS-5D (Our Method),11.081964834549288,6.841380591585653,0.6582956814122097,0.1695009321582517,0.1108196483454928,0.0684138059158565
vqav2,mqt,50,50,False,44,Naive Confidence (NC),10.311240037903188,10.485453115776185,0.6414136107316731,0.1713240263854615,0.1031124003790318,0.1048545311577618
vqav2,mqt,50,50,False,44,Temperature Scaling (TS),13.665699487349707,13.889462427000158,0.6414136107316731,0.1789820323833065,0.136656994873497,0.1388946242700015
vqav2,mqt,50,50,False,44,Platt Scaling (1D),10.802070469977998,10.101161847408491,0.6414136107316731,0.1715449647449728,0.1080207046997799,0.1010116184740849
vqav2,mqt,50,50,False,44,Trajectory Platt (5D),12.407885909080504,11.274721205234526,0.7399040313824384,0.171424614998621,0.124078859090805,0.1127472120523452
vqav2,mqt,50,50,False,44,VCPS-5D (Our Method),7.027305652468247,6.22998217476485,0.6693986200133095,0.166444076256528,0.0702730565246824,0.0622998217476485
vqav2,mqt,50,50,False,45,Naive Confidence (NC),10.311240037903188,10.485453115776185,0.6414136107316731,0.1713240263854615,0.1031124003790318,0.1048545311577618
vqav2,mqt,50,50,False,45,Temperature Scaling (TS),13.497664721201945,14.069148704393502,0.6414136107316731,0.1785610129657747,0.1349766472120194,0.140691487043935
vqav2,mqt,50,50,False,45,Platt Scaling (1D),11.122580299662715,9.960890992209762,0.6414136107316731,0.1718120006940544,0.1112258029966271,0.0996089099220976
vqav2,mqt,50,50,False,45,Trajectory Platt (5D),7.757088616490367,6.591338068246845,0.6854751147070156,0.1689876406274177,0.0775708861649036,0.0659133806824684
vqav2,mqt,50,50,False,45,VCPS-5D (Our Method),9.581507846099866,8.439305602862962,0.6539175510490001,0.1695338037572285,0.0958150784609986,0.0843930560286296
vqav2,mqt,50,50,False,46,Naive Confidence (NC),10.311240037903188,10.485453115776185,0.6414136107316731,0.1713240263854615,0.1031124003790318,0.1048545311577618
vqav2,mqt,50,50,False,46,Temperature Scaling (TS),13.513346897054074,14.086147981468075,0.6414136107316731,0.1785996153116698,0.1351334689705407,0.1408614798146807
vqav2,mqt,50,50,False,46,Platt Scaling (1D),11.462521205849438,10.124567449971906,0.6414136107316731,0.1717924468041058,0.1146252120584943,0.101245674499719
vqav2,mqt,50,50,False,46,Trajectory Platt (5D),9.074652761220934,7.345441669225693,0.6846695387201849,0.1733018907310804,0.0907465276122093,0.0734544166922569
vqav2,mqt,50,50,False,46,VCPS-5D (Our Method),9.641781668000698,9.654196206989193,0.6538825260060943,0.1695181059488864,0.0964178166800069,0.0965419620698919
vqav2,mqt,100,100,False,42,Naive Confidence (NC),10.311240037903188,10.485453115776185,0.6414136107316731,0.1713240263854615,0.1031124003790318,0.1048545311577618
vqav2,mqt,100,100,False,42,Temperature Scaling (TS),15.148244768378849,15.633159547105071,0.6414136107316731,0.182453497195267,0.1514824476837885,0.1563315954710507
vqav2,mqt,100,100,False,42,Platt Scaling (1D),12.315998013178984,11.290308038937573,0.6414136107316731,0.1727783653962403,0.1231599801317898,0.1129030803893757
vqav2,mqt,100,100,False,42,Trajectory Platt (5D),10.757873238995677,11.609166385605931,0.7210955833420896,0.1780905436281858,0.1075787323899567,0.1160916638560593
vqav2,mqt,100,100,False,42,VCPS-5D (Our Method),7.196927251649249,7.320478447824827,0.6747224265349725,0.1670151262521352,0.0719692725164924,0.0732047844782482
vqav2,mqt,100,100,False,43,Naive Confidence (NC),10.311240037903188,10.485453115776185,0.6414136107316731,0.1713240263854615,0.1031124003790318,0.1048545311577618
vqav2,mqt,100,100,False,43,Temperature Scaling (TS),14.59300059990835,15.035650375885483,0.6414136107316731,0.1811572417453392,0.1459300059990835,0.1503565037588548
vqav2,mqt,100,100,False,43,Platt Scaling (1D),11.94194181632027,9.966027215325616,0.6414136107316731,0.1725497027675888,0.1194194181632027,0.0996602721532561
vqav2,mqt,100,100,False,43,Trajectory Platt (5D),7.633328102529048,6.763395898044107,0.7345101747749642,0.1620250033134173,0.0763332810252904,0.067633958980441
vqav2,mqt,100,100,False,43,VCPS-5D (Our Method),10.83321516109424,8.527625758549668,0.6568946796959827,0.1685808149536967,0.1083321516109424,0.0852762575854966
vqav2,mqt,100,100,False,44,Naive Confidence (NC),10.311240037903188,10.485453115776185,0.6414136107316731,0.1713240263854615,0.1031124003790318,0.1048545311577618
vqav2,mqt,100,100,False,44,Temperature Scaling (TS),12.135534964425847,12.019150945541774,0.6414136107316731,0.1738977908890028,0.1213553496442584,0.1201915094554177
vqav2,mqt,100,100,False,44,Platt Scaling (1D),9.661241145412944,9.044239044339106,0.6414136107316731,0.1689479846586378,0.0966124114541294,0.090442390443391
vqav2,mqt,100,100,False,44,Trajectory Platt (5D),10.012979689519854,10.675269770901654,0.7408847325837974,0.1716313482784064,0.1001297968951985,0.1067526977090165
vqav2,mqt,100,100,False,44,VCPS-5D (Our Method),8.715103223257211,8.943982738036077,0.667717417953837,0.1665491716962107,0.0871510322325721,0.0894398273803607
vqav2,mqt,100,100,False,45,Naive Confidence (NC),10.311240037903188,10.485453115776185,0.6414136107316731,0.1713240263854615,0.1031124003790318,0.1048545311577618
vqav2,mqt,100,100,False,45,Temperature Scaling (TS),13.705546814473507,14.00196661194994,0.6414136107316731,0.1790843146054418,0.137055468144735,0.1400196661194994
vqav2,mqt,100,100,False,45,Platt Scaling (1D),10.824431075639747,10.466776317834643,0.6414136107316731,0.1711603280164343,0.1082443107563974,0.1046677631783464
vqav2,mqt,100,100,False,45,Trajectory Platt (5D),7.1064312681555775,6.188055627048014,0.7408146824979861,0.1627565094044982,0.0710643126815557,0.0618805562704801
vqav2,mqt,100,100,False,45,VCPS-5D (Our Method),9.153688242045108,7.195483798421079,0.661202759973381,0.167186971248775,0.091536882420451,0.0719548379842107
vqav2,mqt,100,100,False,46,Naive Confidence (NC),10.311240037903188,10.485453115776185,0.6414136107316731,0.1713240263854615,0.1031124003790318,0.1048545311577618
vqav2,mqt,100,100,False,46,Temperature Scaling (TS),12.767626123761122,12.587509608984249,0.6414136107316731,0.1759804672938847,0.1276762612376112,0.1258750960898425
vqav2,mqt,100,100,False,46,Platt Scaling (1D),10.556172599949798,10.327883365479714,0.6414136107316731,0.1705378269002383,0.1055617259994979,0.1032788336547971
vqav2,mqt,100,100,False,46,Trajectory Platt (5D),6.933895170688628,6.134808868169782,0.7116738468004624,0.1669018011217214,0.0693389517068862,0.0613480886816978
vqav2,mqt,100,100,False,46,VCPS-5D (Our Method),8.912572621337308,8.494759796851307,0.6558089033659066,0.16887964871287,0.089125726213373,0.084947597968513
vqav2,mqt,200,200,False,42,Naive Confidence (NC),10.311240037903188,10.485453115776185,0.6414136107316731,0.1713240263854615,0.1031124003790318,0.1048545311577618
vqav2,mqt,200,200,False,42,Temperature Scaling (TS),16.258568885435633,16.70873359142042,0.6414136107316731,0.1853663389597233,0.1625856888543563,0.1670873359142042
vqav2,mqt,200,200,False,42,Platt Scaling (1D),12.868812698160609,13.190484794305322,0.6414136107316731,0.1735551705014967,0.1286881269816061,0.1319048479430532
vqav2,mqt,200,200,False,42,Trajectory Platt (5D),8.541601482778788,5.808387432247398,0.7451928128611958,0.1607677065931103,0.0854160148277878,0.0580838743224739
vqav2,mqt,200,200,False,42,VCPS-5D (Our Method),7.72944790335224,6.639719740541046,0.6704843963433855,0.1663407250721126,0.0772944790335224,0.0663971974054104
vqav2,mqt,200,200,False,43,Naive Confidence (NC),10.311240037903188,10.485453115776185,0.6414136107316731,0.1713240263854615,0.1031124003790318,0.1048545311577618
vqav2,mqt,200,200,False,43,Temperature Scaling (TS),14.550234069754616,14.662736265862716,0.6414136107316731,0.1810613314305006,0.1455023406975461,0.1466273626586271
vqav2,mqt,200,200,False,43,Platt Scaling (1D),11.603524685176026,10.972581081801412,0.6414136107316731,0.1719919014460902,0.1160352468517602,0.1097258108180141
vqav2,mqt,200,200,False,43,Trajectory Platt (5D),8.3962407335639,5.820170797407629,0.7510069699835383,0.1635124984883943,0.0839624073356389,0.0582017079740762
vqav2,mqt,200,200,False,43,VCPS-5D (Our Method),8.63201518980586,6.658989872443646,0.6619032608314944,0.1671727470939714,0.0863201518980586,0.0665898987244364
vqav2,mqt,200,200,False,44,Naive Confidence (NC),10.311240037903188,10.485453115776185,0.6414136107316731,0.1713240263854615,0.1031124003790318,0.1048545311577618
vqav2,mqt,200,200,False,44,Temperature Scaling (TS),12.080092291536426,11.88805336482956,0.6414136107316731,0.1737626194951072,0.1208009229153642,0.1188805336482956
vqav2,mqt,200,200,False,44,Platt Scaling (1D),10.134917112639055,9.40623435349016,0.6414136107316731,0.1696049685617249,0.1013491711263905,0.0940623435349015
vqav2,mqt,200,200,False,44,Trajectory Platt (5D),8.33123294170946,8.952769360505044,0.73300409793002,0.1704921508345219,0.0833123294170946,0.0895276936050504
vqav2,mqt,200,200,False,44,VCPS-5D (Our Method),8.221286242679904,8.639533899493653,0.660992609715947,0.1679604013032314,0.082212862426799,0.0863953389949365
vqav2,mqt,200,200,False,45,Naive Confidence (NC),10.311240037903188,10.485453115776185,0.6414136107316731,0.1713240263854615,0.1031124003790318,0.1048545311577618
vqav2,mqt,200,200,False,45,Temperature Scaling (TS),13.734206681160982,14.035256522628506,0.6414136107316731,0.1791584744616373,0.1373420668116098,0.140352565226285
vqav2,mqt,200,200,False,45,Platt Scaling (1D),11.025273316363268,10.730276299776415,0.6414136107316731,0.1713120416310049,0.1102527331636326,0.1073027629977641
vqav2,mqt,200,200,False,45,Trajectory Platt (5D),7.273026085924358,6.564714058768005,0.7603236313964483,0.1630916978447246,0.0727302608592435,0.06564714058768
vqav2,mqt,200,200,False,45,VCPS-5D (Our Method),8.358232772444655,8.180263437175,0.6603621589436447,0.1670550865080257,0.0835823277244465,0.08180263437175
vqav2,mqt,200,200,False,46,Naive Confidence (NC),10.311240037903188,10.485453115776185,0.6414136107316731,0.1713240263854615,0.1031124003790318,0.1048545311577618
vqav2,mqt,200,200,False,46,Temperature Scaling (TS),13.525783837295691,14.132988245927812,0.6414136107316731,0.1786303288954994,0.1352578383729569,0.1413298824592781
vqav2,mqt,200,200,False,46,Platt Scaling (1D),11.06460556432022,10.486035498126611,0.6414136107316731,0.1713512918244488,0.1106460556432022,0.1048603549812661
vqav2,mqt,200,200,False,46,Trajectory Platt (5D),7.465013425797226,6.814075801521542,0.7077860670379321,0.1656571718298759,0.0746501342579722,0.0681407580152154
vqav2,mqt,200,200,False,46,VCPS-5D (Our Method),9.48557054368273,9.97684562608137,0.6536373507057546,0.1691653132427943,0.0948557054368273,0.0997684562608137
vqav2,mqt,500,500,False,42,Naive Confidence (NC),10.311240037903188,10.485453115776185,0.6414136107316731,0.1713240263854615,0.1031124003790318,0.1048545311577618
vqav2,mqt,500,500,False,42,Temperature Scaling (TS),14.741993354236666,15.22747404240023,0.6414136107316731,0.1814956621767435,0.1474199335423666,0.1522747404240023
vqav2,mqt,500,500,False,42,Platt Scaling (1D),11.786958199786238,11.214799114119046,0.6414136107316731,0.172196421693224,0.1178695819978623,0.1121479911411904
vqav2,mqt,500,500,False,42,Trajectory Platt (5D),8.021656112745404,4.865954549983145,0.7429161850723267,0.1615549017109306,0.080216561127454,0.0486595454998314
vqav2,mqt,500,500,False,42,VCPS-5D (Our Method),9.37459284503814,6.707583588752901,0.6579104059402473,0.1675323565251479,0.0937459284503814,0.067075835887529
vqav2,mqt,500,500,False,43,Naive Confidence (NC),10.311240037903188,10.485453115776185,0.6414136107316731,0.1713240263854615,0.1031124003790318,0.1048545311577618
vqav2,mqt,500,500,False,43,Temperature Scaling (TS),15.355361890553436,15.898028700576535,0.6414136107316731,0.1829625950547914,0.1535536189055343,0.1589802870057653
vqav2,mqt,500,500,False,43,Platt Scaling (1D),12.42632279357649,10.331612343890615,0.6414136107316731,0.1729882121174359,0.1242632279357649,0.1033161234389061
vqav2,mqt,500,500,False,43,Trajectory Platt (5D),7.799840750172736,7.806924732401967,0.7599733809673916,0.1594267582241885,0.0779984075017273,0.0780692473240196
vqav2,mqt,500,500,False,43,VCPS-5D (Our Method),8.46869128849765,6.425077245705754,0.6608875345872298,0.1673754102567388,0.0846869128849765,0.0642507724570575
vqav2,mqt,500,500,False,44,Naive Confidence (NC),10.311240037903188,10.485453115776185,0.6414136107316731,0.1713240263854615,0.1031124003790318,0.1048545311577618
vqav2,mqt,500,500,False,44,Temperature Scaling (TS),12.769645053533813,12.591517327790728,0.6414136107316731,0.1759893483245788,0.1276964505353381,0.1259151732779072
vqav2,mqt,500,500,False,44,Platt Scaling (1D),10.243769081888647,9.672294751797612,0.6414136107316731,0.1700433669637597,0.1024376908188864,0.0967229475179761
vqav2,mqt,500,500,False,44,Trajectory Platt (5D),6.988490885123612,7.066734483465551,0.7321985219431894,0.1654961681973414,0.0698849088512361,0.0706673448346555
vqav2,mqt,500,500,False,44,VCPS-5D (Our Method),8.720883385635291,8.725282594244865,0.6565094042240202,0.1676991714767121,0.0872088338563529,0.0872528259424486
vqav2,mqt,500,500,False,45,Naive Confidence (NC),10.311240037903188,10.485453115776185,0.6414136107316731,0.1713240263854615,0.1031124003790318,0.1048545311577618
vqav2,mqt,500,500,False,45,Temperature Scaling (TS),15.200092792349146,15.690853604270988,0.6414136107316731,0.1825795829165158,0.1520009279234914,0.1569085360427098
vqav2,mqt,500,500,False,45,Platt Scaling (1D),12.173888651182688,11.2263055530439,0.6414136107316731,0.1726617815494623,0.1217388865118268,0.112263055530439
vqav2,mqt,500,500,False,45,Trajectory Platt (5D),7.123534779064358,6.779472182504831,0.7572414276207489,0.1618896382859533,0.0712353477906435,0.0677947218250483
vqav2,mqt,500,500,False,45,VCPS-5D (Our Method),9.51306034178732,5.759251268625737,0.6629189870757591,0.1669476183796353,0.0951306034178732,0.0575925126862573
vqav2,mqt,500,500,False,46,Naive Confidence (NC),10.311240037903188,10.485453115776185,0.6414136107316731,0.1713240263854615,0.1031124003790318,0.1048545311577618
vqav2,mqt,500,500,False,46,Temperature Scaling (TS),15.42451491970781,16.009477594243343,0.6414136107316731,0.1831358491673907,0.1542451491970781,0.1600947759424334
vqav2,mqt,500,500,False,46,Platt Scaling (1D),12.303791830973148,11.84744896022558,0.6414136107316731,0.1728272577924033,0.1230379183097314,0.1184744896022557
vqav2,mqt,500,500,False,46,Trajectory Platt (5D),7.237196449190379,5.608860593289138,0.7489404924521031,0.1595363278038799,0.0723719644919037,0.0560886059328913
vqav2,mqt,500,500,False,46,VCPS-5D (Our Method),9.94117135248948,7.686269404564432,0.6573149802108508,0.1681261364450212,0.0994117135248948,0.0768626940456443
vqav2,mqt,1000,1000,False,42,Naive Confidence (NC),10.311240037903188,10.485453115776185,0.6414136107316731,0.1713240263854615,0.1031124003790318,0.1048545311577618
vqav2,mqt,1000,1000,False,42,Temperature Scaling (TS),14.014124173399184,14.474252839482247,0.6414136107316731,0.1799036905548819,0.1401412417339918,0.1447425283948225
vqav2,mqt,1000,1000,False,42,Platt Scaling (1D),11.36554716192948,10.9786379137411,0.6414136107316731,0.1716604855961082,0.1136554716192947,0.1097863791374109
vqav2,mqt,1000,1000,False,42,Trajectory Platt (5D),6.446746053174141,5.139428751543165,0.7400791565969669,0.1622695241716048,0.0644674605317414,0.0513942875154316
vqav2,mqt,1000,1000,False,42,VCPS-5D (Our Method),9.141958972479154,9.135003622448682,0.6574901054253791,0.1678590487200192,0.0914195897247915,0.0913500362244868
vqav2,mqt,1000,1000,False,43,Naive Confidence (NC),10.311240037903188,10.485453115776185,0.6414136107316731,0.1713240263854615,0.1031124003790318,0.1048545311577618
vqav2,mqt,1000,1000,False,43,Temperature Scaling (TS),13.999199399562324,14.458258072851748,0.6414136107316731,0.1798686462446358,0.1399919939956232,0.1445825807285174
vqav2,mqt,1000,1000,False,43,Platt Scaling (1D),11.180474319400382,9.835967411575774,0.6414136107316731,0.1715272443644443,0.1118047431940038,0.0983596741157577
vqav2,mqt,1000,1000,False,43,Trajectory Platt (5D),8.871038004755972,6.686966575682166,0.7400791565969669,0.1619136993389217,0.0887103800475597,0.0668696657568216
vqav2,mqt,1000,1000,False,43,VCPS-5D (Our Method),9.121497223709104,8.15935661326079,0.6572099050821336,0.1675514892016153,0.091214972237091,0.0815935661326079
vqav2,mqt,1000,1000,False,44,Naive Confidence (NC),10.311240037903188,10.485453115776185,0.6414136107316731,0.1713240263854615,0.1031124003790318,0.1048545311577618
vqav2,mqt,1000,1000,False,44,Temperature Scaling (TS),13.764886897632543,14.137813400254506,0.6414136107316731,0.1792384193137486,0.1376488689763254,0.141378134002545
vqav2,mqt,1000,1000,False,44,Platt Scaling (1D),11.08869466623819,10.79179983612127,0.6414136107316731,0.1713759969363481,0.1108869466623819,0.1079179983612126
vqav2,mqt,1000,1000,False,44,Trajectory Platt (5D),6.630618628114463,5.977567758411172,0.7393786557388533,0.1629873692921054,0.0663061862811446,0.0597756775841117
vqav2,mqt,1000,1000,False,44,VCPS-5D (Our Method),9.237393796153365,8.033734896262565,0.6576652306399074,0.167706248733906,0.0923739379615336,0.0803373489626256
vqav2,mqt,1000,1000,False,45,Naive Confidence (NC),10.311240037903188,10.485453115776185,0.6414136107316731,0.1713240263854615,0.1031124003790318,0.1048545311577618
vqav2,mqt,1000,1000,False,45,Temperature Scaling (TS),13.756714842936258,14.09478728980936,0.6414136107316731,0.1792170683937134,0.1375671484293625,0.1409478728980936
vqav2,mqt,1000,1000,False,45,Platt Scaling (1D),11.09600871486435,10.783474431046471,0.6414136107316731,0.1713796286459248,0.1109600871486435,0.1078347443104647
vqav2,mqt,1000,1000,False,45,Trajectory Platt (5D),8.342552120797338,6.616135164164007,0.7443872368743651,0.1632197699563925,0.0834255212079733,0.06616135164164
vqav2,mqt,1000,1000,False,45,VCPS-5D (Our Method),8.85312678731409,9.08154318829196,0.6567896045672654,0.1675186493370379,0.0885312678731409,0.0908154318829196
vqav2,mqt,1000,1000,False,46,Naive Confidence (NC),10.311240037903188,10.485453115776185,0.6414136107316731,0.1713240263854615,0.1031124003790318,0.1048545311577618
vqav2,mqt,1000,1000,False,46,Temperature Scaling (TS),14.061160144797997,14.552658823530946,0.6414136107316731,0.1800020376756784,0.1406116014479799,0.1455265882353094
vqav2,mqt,1000,1000,False,46,Platt Scaling (1D),11.388371873116029,11.284735942409126,0.6414136107316731,0.1717354476910057,0.1138837187311602,0.1128473594240912
vqav2,mqt,1000,1000,False,46,Trajectory Platt (5D),5.14488705433905,6.024873921647667,0.7399040313824383,0.1621981078743973,0.0514488705433905,0.0602487392164766
vqav2,mqt,1000,1000,False,46,VCPS-5D (Our Method),9.087375636185136,7.68373620137964,0.6586809568841723,0.1676967888857145,0.0908737563618513,0.0768373620137964
vqav2,mqt,1500,1500,False,42,Naive Confidence (NC),10.311240037903188,10.485453115776185,0.6414136107316731,0.1713240263854615,0.1031124003790318,0.1048545311577618
vqav2,mqt,1500,1500,False,42,Temperature Scaling (TS),13.745697878580998,14.048616741154577,0.6414136107316731,0.1791883498117746,0.1374569787858099,0.1404861674115457
vqav2,mqt,1500,1500,False,42,Platt Scaling (1D),11.006562236563886,11.113230224619988,0.6414136107316731,0.1713153882362183,0.1100656223656388,0.1111323022461998
vqav2,mqt,1500,1500,False,42,Trajectory Platt (5D),7.82546154782176,6.877668414264917,0.7390284053097965,0.1624923102345307,0.0782546154782176,0.0687766841426491
vqav2,mqt,1500,1500,False,42,VCPS-5D (Our Method),8.78571220678089,7.491656292782077,0.6570698049105109,0.1675953171168696,0.0878571220678089,0.0749165629278207
vqav2,mqt,1500,1500,False,43,Naive Confidence (NC),10.311240037903188,10.485453115776185,0.6414136107316731,0.1713240263854615,0.1031124003790318,0.1048545311577618
vqav2,mqt,1500,1500,False,43,Temperature Scaling (TS),13.615064009863282,13.832008563993808,0.6414136107316731,0.1788534268981807,0.1361506400986328,0.138320085639938
vqav2,mqt,1500,1500,False,43,Platt Scaling (1D),10.943805571163988,10.805129388204469,0.6414136107316731,0.1712118032225209,0.1094380557116398,0.1080512938820447
vqav2,mqt,1500,1500,False,43,Trajectory Platt (5D),7.886526314541699,6.477201214060188,0.7384329795803999,0.1630314829902389,0.0788652631454169,0.0647720121406018
vqav2,mqt,1500,1500,False,43,VCPS-5D (Our Method),9.454383188451242,8.624436694763684,0.6576652306399076,0.1675546312937625,0.0945438318845124,0.0862443669476368
vqav2,mqt,1500,1500,False,44,Naive Confidence (NC),10.311240037903188,10.485453115776185,0.6414136107316731,0.1713240263854615,0.1031124003790318,0.1048545311577618
vqav2,mqt,1500,1500,False,44,Temperature Scaling (TS),13.838446020858628,14.160473481261707,0.6414136107316731,0.1794324784527369,0.1383844602085862,0.141604734812617
vqav2,mqt,1500,1500,False,44,Platt Scaling (1D),11.124420301146788,11.213748959229216,0.6414136107316731,0.1714278515869306,0.1112442030114678,0.1121374895922921
vqav2,mqt,1500,1500,False,44,Trajectory Platt (5D),7.439320767298343,7.041838759556413,0.7410948828412316,0.1626398332602775,0.0743932076729834,0.0704183875955641
vqav2,mqt,1500,1500,False,44,VCPS-5D (Our Method),9.050467816422238,8.065987962476452,0.6575251304682848,0.1675141868490402,0.0905046781642223,0.0806598796247645
vqav2,mqt,1500,1500,False,45,Naive Confidence (NC),10.311240037903188,10.485453115776185,0.6414136107316731,0.1713240263854615,0.1031124003790318,0.1048545311577618
vqav2,mqt,1500,1500,False,45,Temperature Scaling (TS),13.65904922061994,13.881909777211948,0.6414136107316731,0.1789650549266188,0.1365904922061994,0.1388190977721194
vqav2,mqt,1500,1500,False,45,Platt Scaling (1D),10.970455572132655,10.535110576295263,0.6414136107316731,0.1712464188935643,0.1097045557213265,0.1053511057629526
vqav2,mqt,1500,1500,False,45,Trajectory Platt (5D),8.163719730451701,7.136774884536863,0.7389583552239851,0.1630377013299547,0.081637197304517,0.0713677488453686
vqav2,mqt,1500,1500,False,45,VCPS-5D (Our Method),9.357720360193555,8.73424660534741,0.657069804910511,0.1676098281969017,0.0935772036019355,0.0873424660534741
vqav2,mqt,1500,1500,False,46,Naive Confidence (NC),10.311240037903188,10.485453115776185,0.6414136107316731,0.1713240263854615,0.1031124003790318,0.1048545311577618
vqav2,mqt,1500,1500,False,46,Temperature Scaling (TS),13.768752428441106,14.14240277342589,0.6414136107316731,0.1792485330684771,0.137687524284411,0.1414240277342588
vqav2,mqt,1500,1500,False,46,Platt Scaling (1D),11.055534678486708,11.152464342213063,0.6414136107316731,0.1713608036750132,0.110555346784867,0.1115246434221306
vqav2,mqt,1500,1500,False,46,Trajectory Platt (5D),7.57498811557889,7.037914294749495,0.7421456341284018,0.1624023942533034,0.0757498811557889,0.0703791429474949
vqav2,mqt,1500,1500,False,46,VCPS-5D (Our Method),9.232536287934078,8.471270622293956,0.6581906062834927,0.1674657730525039,0.0923253628793407,0.0847127062229395
vqav2,mqt,Full,1600,True,42,Naive Confidence (NC),10.311240037903188,10.485453115776185,0.6414136107316731,0.1713240263854615,0.1031124003790318,0.1048545311577618
vqav2,mqt,Full,1600,True,42,Temperature Scaling (TS),13.650877606452983,13.872632204612678,0.6414136107316731,0.178944229752847,0.1365087760645298,0.1387263220461267
vqav2,mqt,Full,1600,True,42,Platt Scaling (1D),10.943124061104209,10.537972478113074,0.6414136107316731,0.1712264339130979,0.109431240611042,0.1053797247811307
vqav2,mqt,Full,1600,True,42,Trajectory Platt (5D),7.6411196552217,7.1605651937425145,0.7393436306959477,0.1629355183132627,0.076411196552217,0.0716056519374251
vqav2,mqt,Full,1600,True,42,VCPS-5D (Our Method),8.827186721775842,8.583338405814935,0.6571748800392282,0.1675656500262207,0.0882718672177584,0.0858333840581493
vqav2,mqt,Full,1600,True,43,Naive Confidence (NC),10.311240037903188,10.485453115776185,0.6414136107316731,0.1713240263854615,0.1031124003790318,0.1048545311577618
vqav2,mqt,Full,1600,True,43,Temperature Scaling (TS),13.650877606452983,13.872632204612678,0.6414136107316731,0.178944229752847,0.1365087760645298,0.1387263220461267
vqav2,mqt,Full,1600,True,43,Platt Scaling (1D),10.943124061104209,10.537972478113074,0.6414136107316731,0.1712264339130979,0.109431240611042,0.1053797247811307
vqav2,mqt,Full,1600,True,43,Trajectory Platt (5D),7.6411196552217,7.1605651937425145,0.7393436306959477,0.1629355183132627,0.076411196552217,0.0716056519374251
vqav2,mqt,Full,1600,True,43,VCPS-5D (Our Method),8.827186721775842,8.583338405814935,0.6571748800392282,0.1675656500262207,0.0882718672177584,0.0858333840581493
vqav2,mqt,Full,1600,True,44,Naive Confidence (NC),10.311240037903188,10.485453115776185,0.6414136107316731,0.1713240263854615,0.1031124003790318,0.1048545311577618
vqav2,mqt,Full,1600,True,44,Temperature Scaling (TS),13.650877606452983,13.872632204612678,0.6414136107316731,0.178944229752847,0.1365087760645298,0.1387263220461267
vqav2,mqt,Full,1600,True,44,Platt Scaling (1D),10.943124061104209,10.537972478113074,0.6414136107316731,0.1712264339130979,0.109431240611042,0.1053797247811307
vqav2,mqt,Full,1600,True,44,Trajectory Platt (5D),7.6411196552217,7.1605651937425145,0.7393436306959477,0.1629355183132627,0.076411196552217,0.0716056519374251
vqav2,mqt,Full,1600,True,44,VCPS-5D (Our Method),8.827186721775842,8.583338405814935,0.6571748800392282,0.1675656500262207,0.0882718672177584,0.0858333840581493
vqav2,mqt,Full,1600,True,45,Naive Confidence (NC),10.311240037903188,10.485453115776185,0.6414136107316731,0.1713240263854615,0.1031124003790318,0.1048545311577618
vqav2,mqt,Full,1600,True,45,Temperature Scaling (TS),13.650877606452983,13.872632204612678,0.6414136107316731,0.178944229752847,0.1365087760645298,0.1387263220461267
vqav2,mqt,Full,1600,True,45,Platt Scaling (1D),10.943124061104209,10.537972478113074,0.6414136107316731,0.1712264339130979,0.109431240611042,0.1053797247811307
vqav2,mqt,Full,1600,True,45,Trajectory Platt (5D),7.6411196552217,7.1605651937425145,0.7393436306959477,0.1629355183132627,0.076411196552217,0.0716056519374251
vqav2,mqt,Full,1600,True,45,VCPS-5D (Our Method),8.827186721775842,8.583338405814935,0.6571748800392282,0.1675656500262207,0.0882718672177584,0.0858333840581493
vqav2,mqt,Full,1600,True,46,Naive Confidence (NC),10.311240037903188,10.485453115776185,0.6414136107316731,0.1713240263854615,0.1031124003790318,0.1048545311577618
vqav2,mqt,Full,1600,True,46,Temperature Scaling (TS),13.650877606452983,13.872632204612678,0.6414136107316731,0.178944229752847,0.1365087760645298,0.1387263220461267
vqav2,mqt,Full,1600,True,46,Platt Scaling (1D),10.943124061104209,10.537972478113074,0.6414136107316731,0.1712264339130979,0.109431240611042,0.1053797247811307
vqav2,mqt,Full,1600,True,46,Trajectory Platt (5D),7.6411196552217,7.1605651937425145,0.7393436306959477,0.1629355183132627,0.076411196552217,0.0716056519374251
vqav2,mqt,Full,1600,True,46,VCPS-5D (Our Method),8.827186721775842,8.583338405814935,0.6571748800392282,0.1675656500262207,0.0882718672177584,0.0858333840581493
ai2d,mqt,50,50,False,42,Adaptive TS (ATS),15.663338697728815,12.171127607759846,0.746896325955025,0.21997975938634812,0.15663338697728815,0.12171127607759846
ai2d,mqt,50,50,False,43,Adaptive TS (ATS),13.271868503992653,12.351490582315732,0.7460149580720706,0.22010118111937174,0.13271868503992654,0.12351490582315731
ai2d,mqt,50,50,False,44,Adaptive TS (ATS),13.544577564931878,12.220884840024171,0.7461408677696356,0.21879031797379767,0.13544577564931878,0.12220884840024171
ai2d,mqt,50,50,False,45,Adaptive TS (ATS),13.316403798545576,13.163287371599,0.7474755105638237,0.21902778362342076,0.13316403798545576,0.13163287371599
ai2d,mqt,50,50,False,46,Adaptive TS (ATS),14.41924902513139,14.776150660250789,0.7464430510437914,0.22402890856036456,0.1441924902513139,0.1477615066025079
ai2d,mqt,100,100,False,42,Adaptive TS (ATS),14.068600869705373,12.372740639303936,0.7463171413462266,0.21886122309927017,0.14068600869705372,0.12372740639303936
ai2d,mqt,100,100,False,43,Adaptive TS (ATS),13.055726741183701,13.643899145544177,0.7462667774672005,0.2195760247138349,0.130557267411837,0.13643899145544178
ai2d,mqt,100,100,False,44,Adaptive TS (ATS),13.912477746679214,14.024349747302415,0.7465689607413564,0.21923157813028943,0.13912477746679214,0.14024349747302414
ai2d,mqt,100,100,False,45,Adaptive TS (ATS),15.645826292533654,12.595494676987936,0.7470977814711288,0.21880122447833983,0.15645826292533654,0.12595494676987937
ai2d,mqt,100,100,False,46,Adaptive TS (ATS),14.648586835635314,12.934881701626255,0.7464934149228173,0.22146221763326182,0.14648586835635313,0.12934881701626255
ai2d,mqt,200,200,False,42,Adaptive TS (ATS),13.539731037115946,12.692112778174359,0.7461912316486615,0.21882197808922035,0.13539731037115946,0.12692112778174358
ai2d,mqt,200,200,False,43,Adaptive TS (ATS),13.176333112367903,13.48543956277973,0.7462415955276875,0.21984447891503336,0.13176333112367902,0.1348543956277973
ai2d,mqt,200,200,False,44,Adaptive TS (ATS),13.977444089540663,12.50492029041667,0.7461156858301227,0.2195579174798835,0.13977444089540664,0.1250492029041667
ai2d,mqt,200,200,False,45,Adaptive TS (ATS),15.105454805663173,12.461627123443858,0.7467200523784342,0.21884954841661763,0.15105454805663174,0.12461627123443858
ai2d,mqt,200,200,False,46,Adaptive TS (ATS),14.600515846957462,12.569543696375419,0.7467200523784342,0.21886687218378348,0.14600515846957463,0.12569543696375418
ai2d,mqt,500,500,False,42,Adaptive TS (ATS),13.710944998995089,12.659509759837709,0.7463171413462266,0.21890541042047737,0.1371094499899509,0.1265950975983771
ai2d,mqt,500,500,False,43,Adaptive TS (ATS),14.136031138863487,13.172897206052225,0.7467200523784342,0.21940546596272748,0.14136031138863486,0.13172897206052225
ai2d,mqt,500,500,False,44,Adaptive TS (ATS),14.139045789260013,12.731904842246546,0.7464934149228175,0.2196995601363826,0.14139045789260013,0.12731904842246547
ai2d,mqt,500,500,False,45,Adaptive TS (ATS),14.6294372904207,12.719358887530035,0.7466445065598952,0.2191465079433207,0.146294372904207,0.12719358887530036
ai2d,mqt,500,500,False,46,Adaptive TS (ATS),13.46482234131831,13.431295684984326,0.7459897761325577,0.21916089318073964,0.1346482234131831,0.13431295684984326
ai2d,mqt,1000,1000,False,42,Adaptive TS (ATS),14.161354223002698,12.862734853229044,0.7465941426808693,0.21930877920098318,0.14161354223002698,0.12862734853229044
ai2d,mqt,1000,1000,False,43,Adaptive TS (ATS),14.19654266048207,13.053741673710597,0.7466696884994082,0.21939365369982405,0.1419654266048207,0.13053741673710598
ai2d,mqt,1000,1000,False,44,Adaptive TS (ATS),13.726549978354866,13.737342248514562,0.7461912316486616,0.21951502561811317,0.13726549978354866,0.1373734224851456
ai2d,mqt,1000,1000,False,45,Adaptive TS (ATS),14.142655340894454,13.302896446162988,0.7465437788018433,0.21967023210157727,0.14142655340894453,0.13302896446162987
ai2d,mqt,1000,1000,False,46,Adaptive TS (ATS),13.95121126227687,13.119141441171159,0.7464430510437914,0.21926521025901452,0.1395121126227687,0.1311914144117116
ai2d,mqt,1500,1500,False,42,Adaptive TS (ATS),14.069214151663367,13.3620548105163,0.7465941426808693,0.21949876244710148,0.14069214151663367,0.133620548105163
ai2d,mqt,1500,1500,False,43,Adaptive TS (ATS),14.06074250274487,13.357359537268925,0.7464178691042783,0.2194893967522136,0.1406074250274487,0.13357359537268926
ai2d,mqt,1500,1500,False,44,Adaptive TS (ATS),14.244338428346436,13.380277019562392,0.7465941426808693,0.21953124999976636,0.14244338428346437,0.13380277019562392
ai2d,mqt,1500,1500,False,45,Adaptive TS (ATS),14.043435869801499,13.323136723295967,0.7466193246203823,0.2194456451032203,0.140434358698015,0.13323136723295967
ai2d,mqt,1500,1500,False,46,Adaptive TS (ATS),14.077355346844179,13.485316407849337,0.7464430510437914,0.21953057004370877,0.14077355346844178,0.13485316407849338
ai2d,mqt,Full,1600,True,42,Adaptive TS (ATS),14.07571593668178,13.377700333074694,0.7465941426808693,0.21951813387796754,0.1407571593668178,0.13377700333074694
ai2d,mqt,Full,1600,True,43,Adaptive TS (ATS),14.07571593668178,13.377700333074694,0.7465941426808693,0.21951813387796754,0.1407571593668178,0.13377700333074694
ai2d,mqt,Full,1600,True,44,Adaptive TS (ATS),14.07571593668178,13.377700333074694,0.7465941426808693,0.21951813387796754,0.1407571593668178,0.13377700333074694
ai2d,mqt,Full,1600,True,45,Adaptive TS (ATS),14.07571593668178,13.377700333074694,0.7465941426808693,0.21951813387796754,0.1407571593668178,0.13377700333074694
ai2d,mqt,Full,1600,True,46,Adaptive TS (ATS),14.07571593668178,13.377700333074694,0.7465941426808693,0.21951813387796754,0.1407571593668178,0.13377700333074694
chartqa,mqt,50,50,False,42,Adaptive TS (ATS),44.86740300620459,44.86740300620459,0.4915366196020146,0.27773691715844334,0.44867403006204587,0.44867403006204587
chartqa,mqt,50,50,False,43,Adaptive TS (ATS),44.8677392138444,44.8677392138444,0.491619189166873,0.2777392359223536,0.44867739213844404,0.448677392138444
chartqa,mqt,50,50,False,44,Adaptive TS (ATS),44.867440981763934,44.86744098176392,0.491619189166873,0.27773636538706753,0.44867440981763934,0.4486744098176392
chartqa,mqt,50,50,False,45,Adaptive TS (ATS),44.86695141129275,44.86695141129275,0.49145405003715625,0.2777329502966126,0.44866951411292755,0.44866951411292755
chartqa,mqt,50,50,False,46,Adaptive TS (ATS),44.867587740717404,44.867587740717404,0.491619189166873,0.27773778520388687,0.4486758774071741,0.4486758774071741
chartqa,mqt,100,100,False,42,Adaptive TS (ATS),44.86702611940431,44.8670261194043,0.4915366196020146,0.2777331834750457,0.4486702611940431,0.448670261194043
chartqa,mqt,100,100,False,43,Adaptive TS (ATS),44.86847799291595,44.86847799291594,0.49178432829658986,0.27774446866202995,0.4486847799291595,0.44868477992915945
chartqa,mqt,100,100,False,44,Adaptive TS (ATS),44.86699370250684,44.86699370250684,0.49145405003715625,0.2777333014969607,0.4486699370250684,0.4486699370250684
chartqa,mqt,100,100,False,45,Adaptive TS (ATS),44.86688687837277,44.86688687837277,0.49153661960201467,0.27773375322758886,0.4486688687837277,0.4486688687837277
chartqa,mqt,100,100,False,46,Adaptive TS (ATS),44.86763640126932,44.867636401269316,0.491619189166873,0.27773876151155397,0.44867636401269323,0.4486763640126932
chartqa,mqt,200,200,False,42,Adaptive TS (ATS),44.86759415845965,44.867594158459646,0.491619189166873,0.27773789071019583,0.4486759415845965,0.44867594158459645
chartqa,mqt,200,200,False,43,Adaptive TS (ATS),44.86714166092886,44.86714166092886,0.4915366196020146,0.27773387716985243,0.44867141660928855,0.44867141660928855
chartqa,mqt,200,200,False,44,Adaptive TS (ATS),44.86699068774899,44.86699068774899,0.49145405003715625,0.2777332692441396,0.44866990687748987,0.44866990687748987
chartqa,mqt,200,200,False,45,Adaptive TS (ATS),44.8669525468142,44.8669525468142,0.49145405003715625,0.2777328939199515,0.448669525468142,0.448669525468142
chartqa,mqt,200,200,False,46,Adaptive TS (ATS),44.86701977251024,44.86701977251023,0.4915366196020146,0.27773332885714147,0.4486701977251024,0.44867019772510236
chartqa,mqt,500,500,False,42,Adaptive TS (ATS),44.86712830763339,44.86712830763339,0.4915366196020146,0.2777339859706629,0.44867128307633397,0.44867128307633397
chartqa,mqt,500,500,False,43,Adaptive TS (ATS),44.86705106827763,44.86705106827763,0.4915366196020146,0.27773331262758477,0.4486705106827763,0.4486705106827763
chartqa,mqt,500,500,False,44,Adaptive TS (ATS),44.86703832070751,44.86703832070751,0.4915366196020146,0.27773331809298496,0.4486703832070751,0.4486703832070751
chartqa,mqt,500,500,False,45,Adaptive TS (ATS),44.86698011660365,44.86698011660364,0.49145405003715625,0.27773317560773564,0.4486698011660365,0.44866980116603644
chartqa,mqt,500,500,False,46,Adaptive TS (ATS),44.867016392933,44.867016392933,0.4915366196020146,0.27773340470099805,0.44867016392933,0.44867016392933
chartqa,mqt,1000,1000,False,42,Adaptive TS (ATS),44.867104993659105,44.86710499365909,0.4915366196020146,0.2777337729375655,0.448671049936591,0.4486710499365909
chartqa,mqt,1000,1000,False,43,Adaptive TS (ATS),44.86698860614038,44.86698860614038,0.49145405003715625,0.2777332470466643,0.4486698860614038,0.4486698860614038
chartqa,mqt,1000,1000,False,44,Adaptive TS (ATS),44.867001528264524,44.867001528264524,0.49145405003715625,0.27773338124912283,0.4486700152826453,0.4486700152826452
chartqa,mqt,1000,1000,False,45,Adaptive TS (ATS),44.86699798917289,44.86699798917287,0.49145405003715625,0.27773334392923626,0.44866997989172885,0.44866997989172874
chartqa,mqt,1000,1000,False,46,Adaptive TS (ATS),44.86709142471845,44.86709142471844,0.4915366196020146,0.2777337569271435,0.4486709142471845,0.4486709142471844
chartqa,mqt,1500,1500,False,42,Adaptive TS (ATS),44.86703162407441,44.86703162407441,0.4915366196020146,0.2777334220258166,0.44867031624074405,0.44867031624074405
chartqa,mqt,1500,1500,False,43,Adaptive TS (ATS),44.867030762267746,44.86703076226773,0.4915366196020146,0.2777334491313553,0.44867030762267746,0.44867030762267734
chartqa,mqt,1500,1500,False,44,Adaptive TS (ATS),44.86701656377864,44.86701656377864,0.49145405003715625,0.27773348674217635,0.4486701656377864,0.4486701656377864
chartqa,mqt,1500,1500,False,45,Adaptive TS (ATS),44.86700497707962,44.86700497707962,0.49145405003715625,0.27773335807800054,0.44867004977079616,0.44867004977079616
chartqa,mqt,1500,1500,False,46,Adaptive TS (ATS),44.86701614545537,44.867016145455366,0.4915366196020146,0.2777334222212779,0.44867016145455374,0.44867016145455363
chartqa,mqt,Full,1600,True,42,Adaptive TS (ATS),44.8670134091793,44.8670134091793,0.49145405003715625,0.2777334423068572,0.448670134091793,0.448670134091793
chartqa,mqt,Full,1600,True,43,Adaptive TS (ATS),44.8670134091793,44.8670134091793,0.49145405003715625,0.2777334423068572,0.448670134091793,0.448670134091793
chartqa,mqt,Full,1600,True,44,Adaptive TS (ATS),44.8670134091793,44.8670134091793,0.49145405003715625,0.2777334423068572,0.448670134091793,0.448670134091793
chartqa,mqt,Full,1600,True,45,Adaptive TS (ATS),44.8670134091793,44.8670134091793,0.49145405003715625,0.2777334423068572,0.448670134091793,0.448670134091793
chartqa,mqt,Full,1600,True,46,Adaptive TS (ATS),44.8670134091793,44.8670134091793,0.49145405003715625,0.2777334423068572,0.448670134091793,0.448670134091793
docvqa,mqt,50,50,False,42,Adaptive TS (ATS),47.0623706425962,47.06237064259619,0.5167099567099568,0.2583325135424609,0.470623706425962,0.4706237064259619
docvqa,mqt,50,50,False,43,Adaptive TS (ATS),47.06326808887589,47.063268088875894,0.5168831168831169,0.2583384156949846,0.47063268088875887,0.4706326808887589
docvqa,mqt,50,50,False,44,Adaptive TS (ATS),47.062991252532804,47.0629912525328,0.5168831168831169,0.258336027126625,0.47062991252532804,0.470629912525328
docvqa,mqt,50,50,False,45,Adaptive TS (ATS),47.06278126547382,47.06278126547382,0.5168831168831169,0.2583345731602444,0.4706278126547382,0.47062781265473813
docvqa,mqt,50,50,False,46,Adaptive TS (ATS),47.06384809546499,47.063848095464984,0.5167099567099567,0.2583461888796259,0.47063848095464994,0.47063848095464983
docvqa,mqt,100,100,False,42,Adaptive TS (ATS),47.06218549763575,47.06218549763574,0.5167099567099568,0.25832895742347617,0.4706218549763575,0.4706218549763574
docvqa,mqt,100,100,False,43,Adaptive TS (ATS),47.062838011461544,47.062838011461544,0.5168831168831169,0.2583352994593362,0.47062838011461544,0.47062838011461544
docvqa,mqt,100,100,False,44,Adaptive TS (ATS),47.06286395417903,47.06286395417902,0.5167099567099568,0.25833584131667003,0.4706286395417903,0.47062863954179024
docvqa,mqt,100,100,False,45,Adaptive TS (ATS),47.062843580824456,47.06284358082445,0.5168831168831169,0.2583359020717378,0.4706284358082446,0.4706284358082445
docvqa,mqt,100,100,False,46,Adaptive TS (ATS),47.063019524824284,47.06301952482427,0.5168831168831169,0.25833704120734624,0.47063019524824284,0.47063019524824273
docvqa,mqt,200,200,False,42,Adaptive TS (ATS),47.06252707204474,47.06252707204474,0.5168831168831169,0.2583317872678579,0.4706252707204474,0.4706252707204474
docvqa,mqt,200,200,False,43,Adaptive TS (ATS),47.062765756619015,47.062765756619,0.5168831168831169,0.2583346964472832,0.4706276575661902,0.47062765756619
docvqa,mqt,200,200,False,44,Adaptive TS (ATS),47.06284613913557,47.06284613913556,0.5168831168831169,0.25833513613491066,0.4706284613913557,0.4706284613913556
docvqa,mqt,200,200,False,45,Adaptive TS (ATS),47.06267260249163,47.06267260249161,0.5168831168831169,0.2583334973055936,0.4706267260249163,0.4706267260249161
docvqa,mqt,200,200,False,46,Adaptive TS (ATS),47.063150818045536,47.06315081804554,0.5167099567099567,0.2583394180001419,0.47063150818045535,0.4706315081804554
docvqa,mqt,500,500,False,42,Adaptive TS (ATS),47.06289839691654,47.06289839691652,0.5168831168831169,0.2583361528069848,0.47062898396916536,0.47062898396916525
docvqa,mqt,500,500,False,43,Adaptive TS (ATS),47.0629242144785,47.0629242144785,0.5168831168831169,0.25833694842070193,0.470629242144785,0.470629242144785
docvqa,mqt,500,500,False,44,Adaptive TS (ATS),47.06272064436609,47.06272064436609,0.5168831168831169,0.25833395198959236,0.47062720644366085,0.4706272064436609
docvqa,mqt,500,500,False,45,Adaptive TS (ATS),47.06257385363979,47.0625738536398,0.5168831168831169,0.2583321097005037,0.4706257385363979,0.47062573853639794
docvqa,mqt,500,500,False,46,Adaptive TS (ATS),47.062685781609645,47.06268578160964,0.5168831168831169,0.2583342662502935,0.4706268578160964,0.47062685781609637
docvqa,mqt,1000,1000,False,42,Adaptive TS (ATS),47.0625632519871,47.06256325198709,0.5168831168831169,0.25833234622535656,0.470625632519871,0.47062563251987094
docvqa,mqt,1000,1000,False,43,Adaptive TS (ATS),47.06274438118954,47.062744381189546,0.5168831168831169,0.25833466496185964,0.4706274438118954,0.4706274438118955
docvqa,mqt,1000,1000,False,44,Adaptive TS (ATS),47.06271515203157,47.06271515203157,0.5168831168831169,0.25833426465299636,0.4706271515203157,0.4706271515203157
docvqa,mqt,1000,1000,False,45,Adaptive TS (ATS),47.06257425970703,47.06257425970703,0.5168831168831169,0.2583327119753242,0.4706257425970703,0.4706257425970703
docvqa,mqt,1000,1000,False,46,Adaptive TS (ATS),47.06249015631223,47.06249015631222,0.5168831168831169,0.25833141377288393,0.4706249015631223,0.47062490156312226
docvqa,mqt,1500,1500,False,42,Adaptive TS (ATS),47.06256148344658,47.06256148344658,0.5168831168831169,0.25833234576822994,0.4706256148344658,0.4706256148344658
docvqa,mqt,1500,1500,False,43,Adaptive TS (ATS),47.062536303046876,47.062536303046876,0.5168831168831169,0.258332150151151,0.47062536303046876,0.47062536303046876
docvqa,mqt,1500,1500,False,44,Adaptive TS (ATS),47.062571860331005,47.062571860331,0.5168831168831169,0.25833251299331583,0.47062571860331004,0.47062571860331
docvqa,mqt,1500,1500,False,45,Adaptive TS (ATS),47.062531920799536,47.06253192079953,0.5168831168831169,0.2583320640951394,0.4706253192079954,0.4706253192079953
docvqa,mqt,1500,1500,False,46,Adaptive TS (ATS),47.06251292069258,47.062512920692576,0.5168831168831169,0.2583318476345216,0.47062512920692584,0.47062512920692573
docvqa,mqt,Full,1600,True,42,Adaptive TS (ATS),47.06253611815792,47.06253611815792,0.5168831168831169,0.2583321131782267,0.4706253611815792,0.4706253611815792
docvqa,mqt,Full,1600,True,43,Adaptive TS (ATS),47.06253611815792,47.06253611815792,0.5168831168831169,0.2583321131782267,0.4706253611815792,0.4706253611815792
docvqa,mqt,Full,1600,True,44,Adaptive TS (ATS),47.06253611815792,47.06253611815792,0.5168831168831169,0.2583321131782267,0.4706253611815792,0.4706253611815792
docvqa,mqt,Full,1600,True,45,Adaptive TS (ATS),47.06253611815792,47.06253611815792,0.5168831168831169,0.2583321131782267,0.4706253611815792,0.4706253611815792
docvqa,mqt,Full,1600,True,46,Adaptive TS (ATS),47.06253611815792,47.06253611815792,0.5168831168831169,0.2583321131782267,0.4706253611815792,0.4706253611815792
gqa,mqt,50,50,False,42,Adaptive TS (ATS),9.938565702177074,11.94581695818258,0.7564996127890254,0.18711936472850837,0.09938565702177074,0.1194581695818258
gqa,mqt,50,50,False,43,Adaptive TS (ATS),11.468518966351947,14.425938146194383,0.7570527713242615,0.19373014383252252,0.11468518966351948,0.14425938146194384
gqa,mqt,50,50,False,44,Adaptive TS (ATS),11.414511512554043,12.10484936513636,0.7546188737692222,0.1905456843167844,0.11414511512554043,0.12104849365136361
gqa,mqt,50,50,False,45,Adaptive TS (ATS),11.275612544112256,10.792237478141395,0.7566102444960726,0.18926246487593462,0.11275612544112257,0.10792237478141395
gqa,mqt,50,50,False,46,Adaptive TS (ATS),11.45524632676365,9.30394907513444,0.758159088394734,0.18528438123802676,0.11455246326763649,0.0930394907513444
gqa,mqt,100,100,False,42,Adaptive TS (ATS),11.452710003679103,12.051312780465173,0.7567208762031199,0.18847639109189734,0.11452710003679102,0.12051312780465173
gqa,mqt,100,100,False,43,Adaptive TS (ATS),10.323918502521058,11.859566630214788,0.7559464542537891,0.18608500116003415,0.10323918502521058,0.11859566630214788
gqa,mqt,100,100,False,44,Adaptive TS (ATS),10.474869354736475,11.528788738374425,0.7532912932846555,0.18736150619966374,0.10474869354736475,0.11528788738374425
gqa,mqt,100,100,False,45,Adaptive TS (ATS),10.358490095662201,9.650805135119924,0.7555039274256001,0.18577934317141925,0.10358490095662201,0.09650805135119923
gqa,mqt,100,100,False,46,Adaptive TS (ATS),13.429930369850354,9.570375743894427,0.7591547737581591,0.18793014752837675,0.13429930369850354,0.09570375743894427
gqa,mqt,200,200,False,42,Adaptive TS (ATS),12.378845862465267,8.063169114000656,0.7589335103440648,0.1854668145827014,0.12378845862465267,0.08063169114000657
gqa,mqt,200,200,False,43,Adaptive TS (ATS),11.260929450310222,12.753590432724332,0.7568315079101672,0.18617401019608654,0.11260929450310223,0.12753590432724332
gqa,mqt,200,200,False,44,Adaptive TS (ATS),10.628549285579519,12.431396127548625,0.7546188737692223,0.18723983059895055,0.1062854928557952,0.12431396127548625
gqa,mqt,200,200,False,45,Adaptive TS (ATS),10.166980166026155,12.488693218843476,0.7563889810819783,0.1855672969622814,0.10166980166026154,0.12488693218843476
gqa,mqt,200,200,False,46,Adaptive TS (ATS),12.020603166157246,9.70184891045467,0.7584909835158757,0.18634844197227957,0.12020603166157245,0.0970184891045467
gqa,mqt,500,500,False,42,Adaptive TS (ATS),11.229692514582377,7.708712637929834,0.7584909835158756,0.1856957758930077,0.11229692514582376,0.07708712637929833
gqa,mqt,500,500,False,43,Adaptive TS (ATS),11.484328685752367,9.361553130330552,0.7561677176678837,0.1861222822297323,0.11484328685752367,0.09361553130330552
gqa,mqt,500,500,False,44,Adaptive TS (ATS),11.573272116670674,9.238502902337476,0.755835822546742,0.18617053318708698,0.11573272116670674,0.09238502902337477
gqa,mqt,500,500,False,45,Adaptive TS (ATS),11.933552518640955,9.227136211257847,0.7584909835158757,0.18550181634200816,0.11933552518640955,0.09227136211257847
gqa,mqt,500,500,False,46,Adaptive TS (ATS),11.509982153041301,7.70505650390842,0.7586016152229229,0.18568315311679184,0.11509982153041301,0.0770505650390842
gqa,mqt,1000,800,True,42,Adaptive TS (ATS),11.987288352025795,7.5836176640645805,0.7587122469299702,0.18565653988706607,0.11987288352025795,0.0758361766406458
gqa,mqt,1000,800,True,43,Adaptive TS (ATS),11.987288352025795,7.5836176640645805,0.7587122469299702,0.18565653988706607,0.11987288352025795,0.0758361766406458
gqa,mqt,1000,800,True,44,Adaptive TS (ATS),11.987288352025795,7.5836176640645805,0.7587122469299702,0.18565653988706607,0.11987288352025795,0.0758361766406458
gqa,mqt,1000,800,True,45,Adaptive TS (ATS),11.987288352025795,7.5836176640645805,0.7587122469299702,0.18565653988706607,0.11987288352025795,0.0758361766406458
gqa,mqt,1000,800,True,46,Adaptive TS (ATS),11.987288352025795,7.5836176640645805,0.7587122469299702,0.18565653988706607,0.11987288352025795,0.0758361766406458
gqa,mqt,1500,800,True,42,Adaptive TS (ATS),11.987288352025795,7.5836176640645805,0.7587122469299702,0.18565653988706607,0.11987288352025795,0.0758361766406458
gqa,mqt,1500,800,True,43,Adaptive TS (ATS),11.987288352025795,7.5836176640645805,0.7587122469299702,0.18565653988706607,0.11987288352025795,0.0758361766406458
gqa,mqt,1500,800,True,44,Adaptive TS (ATS),11.987288352025795,7.5836176640645805,0.7587122469299702,0.18565653988706607,0.11987288352025795,0.0758361766406458
gqa,mqt,1500,800,True,45,Adaptive TS (ATS),11.987288352025795,7.5836176640645805,0.7587122469299702,0.18565653988706607,0.11987288352025795,0.0758361766406458
gqa,mqt,1500,800,True,46,Adaptive TS (ATS),11.987288352025795,7.5836176640645805,0.7587122469299702,0.18565653988706607,0.11987288352025795,0.0758361766406458
gqa,mqt,Full,800,True,42,Adaptive TS (ATS),11.987288352025795,7.5836176640645805,0.7587122469299702,0.18565653988706607,0.11987288352025795,0.0758361766406458
gqa,mqt,Full,800,True,43,Adaptive TS (ATS),11.987288352025795,7.5836176640645805,0.7587122469299702,0.18565653988706607,0.11987288352025795,0.0758361766406458
gqa,mqt,Full,800,True,44,Adaptive TS (ATS),11.987288352025795,7.5836176640645805,0.7587122469299702,0.18565653988706607,0.11987288352025795,0.0758361766406458
gqa,mqt,Full,800,True,45,Adaptive TS (ATS),11.987288352025795,7.5836176640645805,0.7587122469299702,0.18565653988706607,0.11987288352025795,0.0758361766406458
gqa,mqt,Full,800,True,46,Adaptive TS (ATS),11.987288352025795,7.5836176640645805,0.7587122469299702,0.18565653988706607,0.11987288352025795,0.0758361766406458
infographicvqa,mqt,50,50,False,42,Adaptive TS (ATS),52.61407139655523,52.61407139655523,0.7688442211055276,0.2824902141992224,0.5261407139655523,0.5261407139655523
infographicvqa,mqt,50,50,False,43,Adaptive TS (ATS),52.61511218291535,52.61511218291537,0.7638190954773869,0.28250183326779066,0.5261511218291535,0.5261511218291537
infographicvqa,mqt,50,50,False,44,Adaptive TS (ATS),52.61326814336906,52.61326814336906,0.7688442211055276,0.28248105433361315,0.5261326814336906,0.5261326814336906
infographicvqa,mqt,50,50,False,45,Adaptive TS (ATS),52.61896227521964,52.61896227521965,0.7587939698492463,0.2825452671920487,0.5261896227521964,0.5261896227521965
infographicvqa,mqt,50,50,False,46,Adaptive TS (ATS),52.61589127270456,52.61589127270456,0.7638190954773869,0.28251086055544683,0.5261589127270456,0.5261589127270456
infographicvqa,mqt,100,100,False,42,Adaptive TS (ATS),52.6136574629754,52.6136574629754,0.7688442211055276,0.28248564355645966,0.5261365746297539,0.5261365746297539
infographicvqa,mqt,100,100,False,43,Adaptive TS (ATS),52.61322202138462,52.61322202138463,0.7688442211055276,0.28248053570459747,0.5261322202138462,0.5261322202138463
infographicvqa,mqt,100,100,False,44,Adaptive TS (ATS),52.6131264117205,52.6131264117205,0.7688442211055276,0.2824797017148866,0.526131264117205,0.526131264117205
infographicvqa,mqt,100,100,False,45,Adaptive TS (ATS),52.61752078473726,52.61752078473725,0.7638190954773869,0.28252912078281933,0.5261752078473726,0.5261752078473725
infographicvqa,mqt,100,100,False,46,Adaptive TS (ATS),52.616979661419684,52.616979661419684,0.7638190954773869,0.2825231353916391,0.5261697966141968,0.5261697966141968
infographicvqa,mqt,200,200,False,42,Adaptive TS (ATS),52.61283523514081,52.61283523514082,0.7688442211055276,0.2824763296989822,0.5261283523514081,0.5261283523514082
infographicvqa,mqt,200,200,False,43,Adaptive TS (ATS),52.61392754981324,52.61392754981324,0.7688442211055276,0.28248847428743795,0.5261392754981324,0.5261392754981324
infographicvqa,mqt,200,200,False,44,Adaptive TS (ATS),52.61347876376994,52.61347876376994,0.7688442211055276,0.2824836103680901,0.5261347876376994,0.5261347876376994
infographicvqa,mqt,200,200,False,45,Adaptive TS (ATS),52.61632976154769,52.61632976154769,0.7638190954773869,0.2825157478178461,0.5261632976154769,0.5261632976154769
infographicvqa,mqt,200,200,False,46,Adaptive TS (ATS),52.61462287301101,52.61462287301101,0.7638190954773869,0.2824964943966426,0.5261462287301101,0.5261462287301101
infographicvqa,mqt,500,500,False,42,Adaptive TS (ATS),52.61317057892268,52.61317057892268,0.7688442211055276,0.282480113550579,0.5261317057892267,0.5261317057892267
infographicvqa,mqt,500,500,False,43,Adaptive TS (ATS),52.613119489604244,52.61311948960425,0.7688442211055276,0.2824795015982219,0.5261311948960424,0.5261311948960425
infographicvqa,mqt,500,500,False,44,Adaptive TS (ATS),52.613746201319714,52.613746201319714,0.7688442211055276,0.28248669323001,0.5261374620131971,0.5261374620131971
infographicvqa,mqt,500,500,False,45,Adaptive TS (ATS),52.61308781305998,52.61308781305999,0.7688442211055276,0.2824791366944497,0.5261308781305998,0.5261308781305999
infographicvqa,mqt,500,500,False,46,Adaptive TS (ATS),52.613539500959526,52.613539500959526,0.7688442211055276,0.2824842564061408,0.5261353950095953,0.5261353950095953
infographicvqa,mqt,1000,800,True,42,Adaptive TS (ATS),52.613049202779926,52.61304920277994,0.7688442211055276,0.2824787008116114,0.5261304920277993,0.5261304920277994
infographicvqa,mqt,1000,800,True,43,Adaptive TS (ATS),52.613049202779926,52.61304920277994,0.7688442211055276,0.2824787008116114,0.5261304920277993,0.5261304920277994
infographicvqa,mqt,1000,800,True,44,Adaptive TS (ATS),52.613049202779926,52.61304920277994,0.7688442211055276,0.2824787008116114,0.5261304920277993,0.5261304920277994
infographicvqa,mqt,1000,800,True,45,Adaptive TS (ATS),52.613049202779926,52.61304920277994,0.7688442211055276,0.2824787008116114,0.5261304920277993,0.5261304920277994
infographicvqa,mqt,1000,800,True,46,Adaptive TS (ATS),52.613049202779926,52.61304920277994,0.7688442211055276,0.2824787008116114,0.5261304920277993,0.5261304920277994
infographicvqa,mqt,1500,800,True,42,Adaptive TS (ATS),52.613049202779926,52.61304920277994,0.7688442211055276,0.2824787008116114,0.5261304920277993,0.5261304920277994
infographicvqa,mqt,1500,800,True,43,Adaptive TS (ATS),52.613049202779926,52.61304920277994,0.7688442211055276,0.2824787008116114,0.5261304920277993,0.5261304920277994
infographicvqa,mqt,1500,800,True,44,Adaptive TS (ATS),52.613049202779926,52.61304920277994,0.7688442211055276,0.2824787008116114,0.5261304920277993,0.5261304920277994
infographicvqa,mqt,1500,800,True,45,Adaptive TS (ATS),52.613049202779926,52.61304920277994,0.7688442211055276,0.2824787008116114,0.5261304920277993,0.5261304920277994
infographicvqa,mqt,1500,800,True,46,Adaptive TS (ATS),52.613049202779926,52.61304920277994,0.7688442211055276,0.2824787008116114,0.5261304920277993,0.5261304920277994
infographicvqa,mqt,Full,800,True,42,Adaptive TS (ATS),52.613049202779926,52.61304920277994,0.7688442211055276,0.2824787008116114,0.5261304920277993,0.5261304920277994
infographicvqa,mqt,Full,800,True,43,Adaptive TS (ATS),52.613049202779926,52.61304920277994,0.7688442211055276,0.2824787008116114,0.5261304920277993,0.5261304920277994
infographicvqa,mqt,Full,800,True,44,Adaptive TS (ATS),52.613049202779926,52.61304920277994,0.7688442211055276,0.2824787008116114,0.5261304920277993,0.5261304920277994
infographicvqa,mqt,Full,800,True,45,Adaptive TS (ATS),52.613049202779926,52.61304920277994,0.7688442211055276,0.2824787008116114,0.5261304920277993,0.5261304920277994
infographicvqa,mqt,Full,800,True,46,Adaptive TS (ATS),52.613049202779926,52.61304920277994,0.7688442211055276,0.2824787008116114,0.5261304920277993,0.5261304920277994
lego-puzzles,mqt,50,50,False,42,Adaptive TS (ATS),23.67963134712749,23.679631347127486,0.5104642313546423,0.2538582857233866,0.2367963134712749,0.23679631347127486
lego-puzzles,mqt,50,50,False,43,Adaptive TS (ATS),23.679698104389423,23.67969810438944,0.5105910705225775,0.2538582211819413,0.23679698104389424,0.2367969810438944
lego-puzzles,mqt,50,50,False,44,Adaptive TS (ATS),23.680063549812893,23.680063549812893,0.5105910705225775,0.25385909102853466,0.2368006354981289,0.23680063549812894
lego-puzzles,mqt,50,50,False,45,Adaptive TS (ATS),23.679641023729836,23.67964102372984,0.5110984271943176,0.2538579273810047,0.23679641023729836,0.2367964102372984
lego-puzzles,mqt,50,50,False,46,Adaptive TS (ATS),23.679361034807894,23.67936103480789,0.5108447488584474,0.2538573001649755,0.23679361034807894,0.2367936103480789
lego-puzzles,mqt,100,100,False,42,Adaptive TS (ATS),23.679574416071276,23.67957441607128,0.5104642313546423,0.25385808656072734,0.23679574416071275,0.2367957441607128
lego-puzzles,mqt,100,100,False,43,Adaptive TS (ATS),23.67982696249183,23.67982696249184,0.5105910705225775,0.25385863611700876,0.2367982696249183,0.23679826962491843
lego-puzzles,mqt,100,100,False,44,Adaptive TS (ATS),23.679974120400022,23.679974120400033,0.5107179096905125,0.2538589588972404,0.2367997412040002,0.23679974120400032
lego-puzzles,mqt,100,100,False,45,Adaptive TS (ATS),23.67945392156443,23.67945392156444,0.5109715880263824,0.25385729837201837,0.2367945392156443,0.23679453921564442
lego-puzzles,mqt,100,100,False,46,Adaptive TS (ATS),23.679568931715835,23.679568931715835,0.5105910705225774,0.253857997343512,0.23679568931715833,0.23679568931715833
lego-puzzles,mqt,200,200,False,42,Adaptive TS (ATS),23.679570045185212,23.67957004518521,0.5104642313546423,0.25385800632959693,0.2367957004518521,0.23679570045185208
lego-puzzles,mqt,200,200,False,43,Adaptive TS (ATS),23.679714794135283,23.679714794135283,0.5105910705225775,0.2538583399998767,0.23679714794135281,0.23679714794135281
lego-puzzles,mqt,200,200,False,44,Adaptive TS (ATS),23.679699253606344,23.679699253606348,0.5105910705225775,0.253858298938622,0.23679699253606346,0.23679699253606348
lego-puzzles,mqt,200,200,False,45,Adaptive TS (ATS),23.679554037571766,23.67955403757177,0.5108447488584474,0.2538577351905649,0.23679554037571765,0.23679554037571768
lego-puzzles,mqt,200,200,False,46,Adaptive TS (ATS),23.679562783407714,23.679562783407714,0.5105910705225774,0.25385791091345505,0.23679562783407715,0.23679562783407715
lego-puzzles,mqt,500,500,False,42,Adaptive TS (ATS),23.67953812103244,23.679538121032444,0.5105910705225774,0.2538577802329305,0.2367953812103244,0.23679538121032445
lego-puzzles,mqt,500,500,False,43,Adaptive TS (ATS),23.67952732118927,23.679527321189266,0.5105910705225774,0.25385778894229527,0.2367952732118927,0.23679527321189267
lego-puzzles,mqt,500,500,False,44,Adaptive TS (ATS),23.679583690505133,23.679583690505137,0.5105910705225774,0.25385799447497776,0.23679583690505135,0.23679583690505138
lego-puzzles,mqt,500,500,False,45,Adaptive TS (ATS),23.6795166593931,23.6795166593931,0.5105910705225774,0.25385774961733487,0.23679516659393102,0.23679516659393102
lego-puzzles,mqt,500,500,False,46,Adaptive TS (ATS),23.67947769519439,23.679477695194386,0.5107179096905125,0.2538576292813849,0.2367947769519439,0.23679477695194384
lego-puzzles,mqt,1000,800,True,42,Adaptive TS (ATS),23.679516604290146,23.679516604290143,0.5105910705225774,0.25385775664691484,0.23679516604290146,0.23679516604290143
lego-puzzles,mqt,1000,800,True,43,Adaptive TS (ATS),23.679516604290146,23.679516604290143,0.5105910705225774,0.25385775664691484,0.23679516604290146,0.23679516604290143
lego-puzzles,mqt,1000,800,True,44,Adaptive TS (ATS),23.679516604290146,23.679516604290143,0.5105910705225774,0.25385775664691484,0.23679516604290146,0.23679516604290143
lego-puzzles,mqt,1000,800,True,45,Adaptive TS (ATS),23.679516604290146,23.679516604290143,0.5105910705225774,0.25385775664691484,0.23679516604290146,0.23679516604290143
lego-puzzles,mqt,1000,800,True,46,Adaptive TS (ATS),23.679516604290146,23.679516604290143,0.5105910705225774,0.25385775664691484,0.23679516604290146,0.23679516604290143
lego-puzzles,mqt,1500,800,True,42,Adaptive TS (ATS),23.679516604290146,23.679516604290143,0.5105910705225774,0.25385775664691484,0.23679516604290146,0.23679516604290143
lego-puzzles,mqt,1500,800,True,43,Adaptive TS (ATS),23.679516604290146,23.679516604290143,0.5105910705225774,0.25385775664691484,0.23679516604290146,0.23679516604290143
lego-puzzles,mqt,1500,800,True,44,Adaptive TS (ATS),23.679516604290146,23.679516604290143,0.5105910705225774,0.25385775664691484,0.23679516604290146,0.23679516604290143
lego-puzzles,mqt,1500,800,True,45,Adaptive TS (ATS),23.679516604290146,23.679516604290143,0.5105910705225774,0.25385775664691484,0.23679516604290146,0.23679516604290143
lego-puzzles,mqt,1500,800,True,46,Adaptive TS (ATS),23.679516604290146,23.679516604290143,0.5105910705225774,0.25385775664691484,0.23679516604290146,0.23679516604290143
lego-puzzles,mqt,Full,800,True,42,Adaptive TS (ATS),23.679516604290146,23.679516604290143,0.5105910705225774,0.25385775664691484,0.23679516604290146,0.23679516604290143
lego-puzzles,mqt,Full,800,True,43,Adaptive TS (ATS),23.679516604290146,23.679516604290143,0.5105910705225774,0.25385775664691484,0.23679516604290146,0.23679516604290143
lego-puzzles,mqt,Full,800,True,44,Adaptive TS (ATS),23.679516604290146,23.679516604290143,0.5105910705225774,0.25385775664691484,0.23679516604290146,0.23679516604290143
lego-puzzles,mqt,Full,800,True,45,Adaptive TS (ATS),23.679516604290146,23.679516604290143,0.5105910705225774,0.25385775664691484,0.23679516604290146,0.23679516604290143
lego-puzzles,mqt,Full,800,True,46,Adaptive TS (ATS),23.679516604290146,23.679516604290143,0.5105910705225774,0.25385775664691484,0.23679516604290146,0.23679516604290143
mmbench,mqt,50,50,False,42,Adaptive TS (ATS),9.475031651385791,9.419991469872697,0.8300821985032512,0.15751146908827415,0.09475031651385792,0.09419991469872697
mmbench,mqt,50,50,False,43,Adaptive TS (ATS),11.514577127385571,10.04617794587622,0.8259109311740891,0.16260508800200327,0.11514577127385572,0.10046177945876221
mmbench,mqt,50,50,False,44,Adaptive TS (ATS),10.319130387451597,8.93560456513467,0.8270150901729849,0.1559652367092948,0.10319130387451597,0.0893560456513467
mmbench,mqt,50,50,False,45,Adaptive TS (ATS),9.603232578719576,8.760418214901224,0.8281192491718807,0.15814520749345917,0.09603232578719575,0.08760418214901224
mmbench,mqt,50,50,False,46,Adaptive TS (ATS),9.881791463783241,9.88665253616759,0.826278984173721,0.15642613940975483,0.0988179146378324,0.09886652536167591
mmbench,mqt,100,100,False,42,Adaptive TS (ATS),10.364006684134198,9.228294144056957,0.8300821985032512,0.1574237175815964,0.10364006684134199,0.09228294144056956
mmbench,mqt,100,100,False,43,Adaptive TS (ATS),10.617383838933534,8.176294110110765,0.8284873021715127,0.15851367576881958,0.10617383838933535,0.08176294110110766
mmbench,mqt,100,100,False,44,Adaptive TS (ATS),10.276831051386031,7.932608853670478,0.8275058275058275,0.1559050525614204,0.1027683105138603,0.07932608853670478
mmbench,mqt,100,100,False,45,Adaptive TS (ATS),9.592392513378924,8.844044794004175,0.8288553551711447,0.15974379531681296,0.09592392513378924,0.08844044794004174
mmbench,mqt,100,100,False,46,Adaptive TS (ATS),9.576410751896459,9.054371126308652,0.8287326708379339,0.15600429555893133,0.0957641075189646,0.09054371126308652
mmbench,mqt,200,200,False,42,Adaptive TS (ATS),10.256829286750909,9.53365846691323,0.829100723837566,0.1566525026376976,0.10256829286750908,0.09533658466913231
mmbench,mqt,200,200,False,43,Adaptive TS (ATS),10.173414691476781,8.941018498054664,0.8298368298368298,0.15675239077559686,0.1017341469147678,0.08941018498054663
mmbench,mqt,200,200,False,44,Adaptive TS (ATS),10.620767324838774,9.739218834817441,0.8289780395043553,0.15554143561893408,0.10620767324838774,0.09739218834817441
mmbench,mqt,200,200,False,45,Adaptive TS (ATS),10.174490477758628,9.588224141378044,0.8295914611704086,0.15605126234323513,0.10174490477758628,0.09588224141378043
mmbench,mqt,200,200,False,46,Adaptive TS (ATS),10.127533967008382,8.672369981116237,0.8288553551711447,0.15548309003454885,0.10127533967008383,0.08672369981116236
mmbench,mqt,500,500,False,42,Adaptive TS (ATS),11.201545327600197,9.718438030325338,0.8297141455036192,0.15572578625521244,0.11201545327600197,0.09718438030325338
mmbench,mqt,500,500,False,43,Adaptive TS (ATS),10.047391660894583,8.325448451284158,0.8298368298368298,0.1553780932446987,0.10047391660894583,0.08325448451284158
mmbench,mqt,500,500,False,44,Adaptive TS (ATS),10.527493505314913,9.010600696915825,0.8295914611704085,0.15594844683264095,0.10527493505314914,0.09010600696915826
mmbench,mqt,500,500,False,45,Adaptive TS (ATS),10.16866083695916,9.438144897759912,0.8294687768371979,0.15637746715888587,0.1016866083695916,0.09438144897759912
mmbench,mqt,500,500,False,46,Adaptive TS (ATS),10.091745257438156,8.941578312152771,0.8298368298368298,0.15571881560569176,0.10091745257438156,0.0894157831215277
mmbench,mqt,1000,800,True,42,Adaptive TS (ATS),10.144839830842535,9.046170026790186,0.8294687768371979,0.15576108247923165,0.10144839830842535,0.09046170026790186
mmbench,mqt,1000,800,True,43,Adaptive TS (ATS),10.144839830842535,9.046170026790186,0.8294687768371979,0.15576108247923165,0.10144839830842535,0.09046170026790186
mmbench,mqt,1000,800,True,44,Adaptive TS (ATS),10.144839830842535,9.046170026790186,0.8294687768371979,0.15576108247923165,0.10144839830842535,0.09046170026790186
mmbench,mqt,1000,800,True,45,Adaptive TS (ATS),10.144839830842535,9.046170026790186,0.8294687768371979,0.15576108247923165,0.10144839830842535,0.09046170026790186
mmbench,mqt,1000,800,True,46,Adaptive TS (ATS),10.144839830842535,9.046170026790186,0.8294687768371979,0.15576108247923165,0.10144839830842535,0.09046170026790186
mmbench,mqt,1500,800,True,42,Adaptive TS (ATS),10.144839830842535,9.046170026790186,0.8294687768371979,0.15576108247923165,0.10144839830842535,0.09046170026790186
mmbench,mqt,1500,800,True,43,Adaptive TS (ATS),10.144839830842535,9.046170026790186,0.8294687768371979,0.15576108247923165,0.10144839830842535,0.09046170026790186
mmbench,mqt,1500,800,True,44,Adaptive TS (ATS),10.144839830842535,9.046170026790186,0.8294687768371979,0.15576108247923165,0.10144839830842535,0.09046170026790186
mmbench,mqt,1500,800,True,45,Adaptive TS (ATS),10.144839830842535,9.046170026790186,0.8294687768371979,0.15576108247923165,0.10144839830842535,0.09046170026790186
mmbench,mqt,1500,800,True,46,Adaptive TS (ATS),10.144839830842535,9.046170026790186,0.8294687768371979,0.15576108247923165,0.10144839830842535,0.09046170026790186
mmbench,mqt,Full,800,True,42,Adaptive TS (ATS),10.144839830842535,9.046170026790186,0.8294687768371979,0.15576108247923165,0.10144839830842535,0.09046170026790186
mmbench,mqt,Full,800,True,43,Adaptive TS (ATS),10.144839830842535,9.046170026790186,0.8294687768371979,0.15576108247923165,0.10144839830842535,0.09046170026790186
mmbench,mqt,Full,800,True,44,Adaptive TS (ATS),10.144839830842535,9.046170026790186,0.8294687768371979,0.15576108247923165,0.10144839830842535,0.09046170026790186
mmbench,mqt,Full,800,True,45,Adaptive TS (ATS),10.144839830842535,9.046170026790186,0.8294687768371979,0.15576108247923165,0.10144839830842535,0.09046170026790186
mmbench,mqt,Full,800,True,46,Adaptive TS (ATS),10.144839830842535,9.046170026790186,0.8294687768371979,0.15576108247923165,0.10144839830842535,0.09046170026790186
mmmu,mqt,50,50,False,42,Adaptive TS (ATS),49.31445509984171,49.31445509984171,0.31470588235294117,0.2555221295638864,0.4931445509984171,0.4931445509984171
mmmu,mqt,50,50,False,43,Adaptive TS (ATS),49.3159247578693,49.31592475786929,0.31470588235294117,0.255536798931292,0.493159247578693,0.4931592475786929
mmmu,mqt,50,50,False,44,Adaptive TS (ATS),49.31837423653649,49.318374236536485,0.31470588235294117,0.25556115319695305,0.49318374236536494,0.4931837423653649
mmmu,mqt,50,50,False,45,Adaptive TS (ATS),49.31502920155387,49.31502920155387,0.31470588235294117,0.25552669128746497,0.4931502920155387,0.49315029201553867
mmmu,mqt,50,50,False,46,Adaptive TS (ATS),49.31414424369203,49.31414424369202,0.31470588235294117,0.2555191137723825,0.49314144243692026,0.4931414424369202
mmmu,mqt,100,100,False,42,Adaptive TS (ATS),49.3149832256937,49.314983225693695,0.31470588235294117,0.25552708764388393,0.49314983225693704,0.493149832256937
mmmu,mqt,100,100,False,43,Adaptive TS (ATS),49.31460421996313,49.31460421996312,0.31470588235294117,0.2555228117469941,0.49314604219963126,0.4931460421996312
mmmu,mqt,100,100,False,44,Adaptive TS (ATS),49.316501792679226,49.316501792679226,0.31470588235294117,0.25554010808620364,0.49316501792679224,0.4931650179267923
mmmu,mqt,100,100,False,45,Adaptive TS (ATS),49.31493699501635,49.31493699501635,0.31470588235294117,0.255526894524562,0.4931493699501635,0.4931493699501635
mmmu,mqt,100,100,False,46,Adaptive TS (ATS),49.31377090781841,49.31377090781841,0.31470588235294117,0.25551603075434803,0.4931377090781841,0.4931377090781841
mmmu,mqt,200,200,False,42,Adaptive TS (ATS),49.31455277593974,49.314552775939745,0.31470588235294117,0.2555223672471893,0.49314552775939735,0.49314552775939746
mmmu,mqt,200,200,False,43,Adaptive TS (ATS),49.31457728257212,49.31457728257213,0.31470588235294117,0.2555219613772532,0.4931457728257212,0.4931457728257213
mmmu,mqt,200,200,False,44,Adaptive TS (ATS),49.314448858916485,49.314448858916485,0.31470588235294117,0.2555217232910248,0.4931444885891649,0.4931444885891649
mmmu,mqt,200,200,False,45,Adaptive TS (ATS),49.31469604256909,49.31469604256909,0.31470588235294117,0.2555248295053361,0.4931469604256909,0.4931469604256909
mmmu,mqt,200,200,False,46,Adaptive TS (ATS),49.31394324056722,49.31394324056722,0.31470588235294117,0.2555166459708256,0.4931394324056722,0.4931394324056722
mmmu,mqt,500,500,False,42,Adaptive TS (ATS),49.314374266915394,49.31437426691539,0.31470588235294117,0.2555205395404045,0.49314374266915395,0.4931437426691539
mmmu,mqt,500,500,False,43,Adaptive TS (ATS),49.314258395259905,49.31425839525993,0.31470588235294117,0.25551948597329993,0.4931425839525991,0.49314258395259924
mmmu,mqt,500,500,False,44,Adaptive TS (ATS),49.3140928381505,49.31409283815051,0.31470588235294117,0.2555180904578527,0.49314092838150503,0.4931409283815051
mmmu,mqt,500,500,False,45,Adaptive TS (ATS),49.31458215589427,49.31458215589427,0.31470588235294117,0.2555237866536757,0.4931458215589427,0.4931458215589427
mmmu,mqt,500,500,False,46,Adaptive TS (ATS),49.31421337566117,49.31421337566117,0.31470588235294117,0.25552001498595234,0.4931421337566117,0.4931421337566117
mmmu,mqt,1000,685,True,42,Adaptive TS (ATS),49.314236522850535,49.314236522850535,0.31470588235294117,0.255519389045191,0.49314236522850535,0.49314236522850535
mmmu,mqt,1000,685,True,43,Adaptive TS (ATS),49.314236522850535,49.314236522850535,0.31470588235294117,0.255519389045191,0.49314236522850535,0.49314236522850535
mmmu,mqt,1000,685,True,44,Adaptive TS (ATS),49.314236522850535,49.314236522850535,0.31470588235294117,0.255519389045191,0.49314236522850535,0.49314236522850535
mmmu,mqt,1000,685,True,45,Adaptive TS (ATS),49.314236522850535,49.314236522850535,0.31470588235294117,0.255519389045191,0.49314236522850535,0.49314236522850535
mmmu,mqt,1000,685,True,46,Adaptive TS (ATS),49.314236522850535,49.314236522850535,0.31470588235294117,0.255519389045191,0.49314236522850535,0.49314236522850535
mmmu,mqt,1500,685,True,42,Adaptive TS (ATS),49.314236522850535,49.314236522850535,0.31470588235294117,0.255519389045191,0.49314236522850535,0.49314236522850535
mmmu,mqt,1500,685,True,43,Adaptive TS (ATS),49.314236522850535,49.314236522850535,0.31470588235294117,0.255519389045191,0.49314236522850535,0.49314236522850535
mmmu,mqt,1500,685,True,44,Adaptive TS (ATS),49.314236522850535,49.314236522850535,0.31470588235294117,0.255519389045191,0.49314236522850535,0.49314236522850535
mmmu,mqt,1500,685,True,45,Adaptive TS (ATS),49.314236522850535,49.314236522850535,0.31470588235294117,0.255519389045191,0.49314236522850535,0.49314236522850535
mmmu,mqt,1500,685,True,46,Adaptive TS (ATS),49.314236522850535,49.314236522850535,0.31470588235294117,0.255519389045191,0.49314236522850535,0.49314236522850535
mmmu,mqt,Full,685,True,42,Adaptive TS (ATS),49.314236522850535,49.314236522850535,0.31470588235294117,0.255519389045191,0.49314236522850535,0.49314236522850535
mmmu,mqt,Full,685,True,43,Adaptive TS (ATS),49.314236522850535,49.314236522850535,0.31470588235294117,0.255519389045191,0.49314236522850535,0.49314236522850535
mmmu,mqt,Full,685,True,44,Adaptive TS (ATS),49.314236522850535,49.314236522850535,0.31470588235294117,0.255519389045191,0.49314236522850535,0.49314236522850535
mmmu,mqt,Full,685,True,45,Adaptive TS (ATS),49.314236522850535,49.314236522850535,0.31470588235294117,0.255519389045191,0.49314236522850535,0.49314236522850535
mmmu,mqt,Full,685,True,46,Adaptive TS (ATS),49.314236522850535,49.314236522850535,0.31470588235294117,0.255519389045191,0.49314236522850535,0.49314236522850535
pope,mqt,50,50,False,42,Adaptive TS (ATS),7.26228482271416,6.908550976585462,0.8702818920210225,0.0939927966585577,0.0726228482271416,0.06908550976585462
pope,mqt,50,50,False,43,Adaptive TS (ATS),4.581436087360967,4.421659289783289,0.8651059085841695,0.09049142233586122,0.045814360873609676,0.04421659289783289
pope,mqt,50,50,False,44,Adaptive TS (ATS),5.1280260297663665,4.455673864888177,0.8660614747571269,0.09032693823166772,0.051280260297663666,0.04455673864888177
pope,mqt,50,50,False,45,Adaptive TS (ATS),3.632207507193895,2.454994729412992,0.8728300684822425,0.08967585018931075,0.03632207507193895,0.02454994729412992
pope,mqt,50,50,False,46,Adaptive TS (ATS),4.24717601346683,2.368072569989171,0.8710781971651536,0.08973871247997642,0.0424717601346683,0.023680725699891714
pope,mqt,100,100,False,42,Adaptive TS (ATS),6.0462299980337,4.585948034663401,0.8688485427615862,0.09164758363430625,0.060462299980337,0.04585948034663401
pope,mqt,100,100,False,43,Adaptive TS (ATS),4.53691479543768,2.696286657915049,0.8698837394489568,0.09013437145793494,0.0453691479543768,0.02696286657915049
pope,mqt,100,100,False,44,Adaptive TS (ATS),3.8349535916796533,2.788540159902493,0.8678929765886287,0.0902190883278148,0.03834953591679653,0.027885401599024928
pope,mqt,100,100,False,45,Adaptive TS (ATS),5.212360552180283,4.347988862950017,0.8756967670011149,0.08992567830984088,0.052123605521802834,0.043479888629500175
pope,mqt,100,100,False,46,Adaptive TS (ATS),4.5715973498075515,4.059634228776682,0.8759356585443541,0.08990576555739345,0.04571597349807552,0.04059634228776682
pope,mqt,200,200,False,42,Adaptive TS (ATS),5.2918399232550835,4.599816926494201,0.8705207835642619,0.09112976168454018,0.05291839923255084,0.04599816926494201
pope,mqt,200,200,False,43,Adaptive TS (ATS),5.001636000406517,2.5887507350494197,0.8725911769390029,0.08995602118636667,0.05001636000406517,0.025887507350494197
pope,mqt,200,200,False,44,Adaptive TS (ATS),5.026712706080119,3.488224953880841,0.873228221054308,0.09023773646569247,0.050267127060801185,0.03488224953880841
pope,mqt,200,200,False,45,Adaptive TS (ATS),5.158906687736086,4.1193424357139605,0.8732282210543081,0.0905613225309716,0.05158906687736086,0.04119342435713961
pope,mqt,200,200,False,46,Adaptive TS (ATS),5.2024194058139335,3.204973333420033,0.8721133938525243,0.08995929810736213,0.052024194058139336,0.03204973333420033
pope,mqt,500,500,False,42,Adaptive TS (ATS),5.056147935102075,3.226422023836803,0.873307851568721,0.09034793370858211,0.05056147935102075,0.03226422023836803
pope,mqt,500,500,False,43,Adaptive TS (ATS),4.73278788514008,2.7628541313541484,0.8739448956840262,0.08996159043024951,0.0473278788514008,0.027628541313541484
pope,mqt,500,500,False,44,Adaptive TS (ATS),4.885720868043569,3.2603383763215517,0.8729096989966555,0.09014327622643768,0.048857208680435686,0.03260338376321552
pope,mqt,500,500,False,45,Adaptive TS (ATS),4.59102046310546,2.8593318922481106,0.8735467431119606,0.0898577542524643,0.0459102046310546,0.028593318922481105
pope,mqt,500,500,False,46,Adaptive TS (ATS),4.931591835865171,3.615318371006741,0.8717152412804587,0.09040922816877173,0.049315918358651706,0.03615318371006741
pope,mqt,1000,1000,False,42,Adaptive TS (ATS),4.82623648082974,3.4022085046260475,0.8737060041407867,0.09006519195232982,0.0482623648082974,0.034022085046260475
pope,mqt,1000,1000,False,43,Adaptive TS (ATS),4.962921409057505,3.916805118785762,0.8737856346552,0.09024534592458686,0.049629214090575045,0.03916805118785762
pope,mqt,1000,1000,False,44,Adaptive TS (ATS),4.676913729792731,3.4850596496387527,0.8727504379678293,0.09016607383274862,0.04676913729792731,0.034850596496387526
pope,mqt,1000,1000,False,45,Adaptive TS (ATS),4.8894234372888725,3.6929681911355456,0.8740245261984392,0.09018005341479512,0.04889423437288872,0.036929681911355455
pope,mqt,1000,1000,False,46,Adaptive TS (ATS),4.757152404796687,3.0717191437902693,0.8743430482560917,0.09006865718662198,0.04757152404796687,0.03071719143790269
pope,mqt,1500,1276,True,42,Adaptive TS (ATS),4.900874788718734,3.745827629423907,0.8744226787705048,0.09021071606945415,0.049008747887187336,0.03745827629423907
pope,mqt,1500,1276,True,43,Adaptive TS (ATS),4.900874788718734,3.745827629423907,0.8744226787705048,0.09021071606945415,0.049008747887187336,0.03745827629423907
pope,mqt,1500,1276,True,44,Adaptive TS (ATS),4.900874788718734,3.745827629423907,0.8744226787705048,0.09021071606945415,0.049008747887187336,0.03745827629423907
pope,mqt,1500,1276,True,45,Adaptive TS (ATS),4.900874788718734,3.745827629423907,0.8744226787705048,0.09021071606945415,0.049008747887187336,0.03745827629423907
pope,mqt,1500,1276,True,46,Adaptive TS (ATS),4.900874788718734,3.745827629423907,0.8744226787705048,0.09021071606945415,0.049008747887187336,0.03745827629423907
pope,mqt,Full,1276,True,42,Adaptive TS (ATS),4.900874788718734,3.745827629423907,0.8744226787705048,0.09021071606945415,0.049008747887187336,0.03745827629423907
pope,mqt,Full,1276,True,43,Adaptive TS (ATS),4.900874788718734,3.745827629423907,0.8744226787705048,0.09021071606945415,0.049008747887187336,0.03745827629423907
pope,mqt,Full,1276,True,44,Adaptive TS (ATS),4.900874788718734,3.745827629423907,0.8744226787705048,0.09021071606945415,0.049008747887187336,0.03745827629423907
pope,mqt,Full,1276,True,45,Adaptive TS (ATS),4.900874788718734,3.745827629423907,0.8744226787705048,0.09021071606945415,0.049008747887187336,0.03745827629423907
pope,mqt,Full,1276,True,46,Adaptive TS (ATS),4.900874788718734,3.745827629423907,0.8744226787705048,0.09021071606945415,0.049008747887187336,0.03745827629423907
scienceqa,mqt,50,50,False,42,Adaptive TS (ATS),9.467981227960292,8.999396351933244,0.7616366366366366,0.19640126775531436,0.09467981227960293,0.08999396351933243
scienceqa,mqt,50,50,False,43,Adaptive TS (ATS),9.097506704768996,8.997424719337065,0.7624678249678248,0.1956901974059497,0.09097506704768997,0.08997424719337065
scienceqa,mqt,50,50,False,44,Adaptive TS (ATS),10.226110765599898,9.740522463944712,0.7584459459459459,0.19914409370405844,0.10226110765599898,0.09740522463944712
scienceqa,mqt,50,50,False,45,Adaptive TS (ATS),9.655297379476943,9.012583041763133,0.7667042042042043,0.19553825688891321,0.09655297379476943,0.09012583041763134
scienceqa,mqt,50,50,False,46,Adaptive TS (ATS),11.526308995433928,10.893341097920999,0.7607518232518232,0.20136034331690986,0.11526308995433927,0.10893341097920999
scienceqa,mqt,100,100,False,42,Adaptive TS (ATS),9.215016990229765,8.997951693537281,0.7615025740025739,0.19593754345124687,0.09215016990229764,0.08997951693537282
scienceqa,mqt,100,100,False,43,Adaptive TS (ATS),9.005061241599924,8.704709510168307,0.7623605748605748,0.1956127111434676,0.09005061241599924,0.08704709510168307
scienceqa,mqt,100,100,False,44,Adaptive TS (ATS),10.301227552680198,8.929960872591868,0.7592235092235093,0.19783687715085665,0.10301227552680198,0.08929960872591869
scienceqa,mqt,100,100,False,45,Adaptive TS (ATS),9.53775938325943,9.794392249961987,0.7623337623337623,0.196827052977466,0.09537759383259431,0.09794392249961988
scienceqa,mqt,100,100,False,46,Adaptive TS (ATS),10.88060977062843,9.39900587819974,0.7619315744315744,0.19776150016946012,0.1088060977062843,0.0939900587819974
scienceqa,mqt,200,200,False,42,Adaptive TS (ATS),9.195556756107685,8.979312321491959,0.7628968253968255,0.1953037078608065,0.09195556756107685,0.08979312321491958
scienceqa,mqt,200,200,False,43,Adaptive TS (ATS),9.791168190748419,10.437156554046531,0.759625697125697,0.19791363665777226,0.09791168190748419,0.10437156554046531
scienceqa,mqt,200,200,False,44,Adaptive TS (ATS),9.682450962319745,9.47838498244833,0.7602691977691978,0.19742564068223709,0.09682450962319744,0.0947838498244833
scienceqa,mqt,200,200,False,45,Adaptive TS (ATS),9.214327655276255,9.079910296915344,0.7616366366366367,0.1960771525713404,0.09214327655276255,0.09079910296915344
scienceqa,mqt,200,200,False,46,Adaptive TS (ATS),9.668158098683872,9.073839636405854,0.7604300729300729,0.19648486869262277,0.09668158098683872,0.09073839636405853
scienceqa,mqt,500,500,False,42,Adaptive TS (ATS),9.577784607306503,8.776986053111418,0.7610467610467611,0.19648290584991077,0.09577784607306504,0.08776986053111419
scienceqa,mqt,500,500,False,43,Adaptive TS (ATS),9.645988979440801,9.909754233685488,0.7601887601887602,0.19748979884534418,0.096459889794408,0.09909754233685487
scienceqa,mqt,500,500,False,44,Adaptive TS (ATS),9.290081767577618,8.347084735463016,0.7616366366366366,0.1962342106274058,0.09290081767577618,0.08347084735463016
scienceqa,mqt,500,500,False,45,Adaptive TS (ATS),9.25965469969896,9.335083571481517,0.760939510939511,0.19626515174679018,0.0925965469969896,0.09335083571481517
scienceqa,mqt,500,500,False,46,Adaptive TS (ATS),10.11019584123755,8.607825539644654,0.7628163878163878,0.19603514213268164,0.1011019584123755,0.08607825539644655
scienceqa,mqt,1000,1000,False,42,Adaptive TS (ATS),9.535429731516734,8.60533256925815,0.7609663234663234,0.19652987358460705,0.09535429731516734,0.0860533256925815
scienceqa,mqt,1000,1000,False,43,Adaptive TS (ATS),9.528118876797036,8.417753774737784,0.7608054483054482,0.19651973215405272,0.09528118876797036,0.08417753774737785
scienceqa,mqt,1000,1000,False,44,Adaptive TS (ATS),9.357837234559119,8.562969433895264,0.7614757614757615,0.1964026054191999,0.09357837234559119,0.08562969433895264
scienceqa,mqt,1000,1000,False,45,Adaptive TS (ATS),9.316187108911603,9.778759541203215,0.7610199485199486,0.19637669603029978,0.09316187108911603,0.09778759541203215
scienceqa,mqt,1000,1000,False,46,Adaptive TS (ATS),9.238038770415,8.593172978067445,0.7619851994851995,0.19619220823660313,0.09238038770415001,0.08593172978067445
scienceqa,mqt,1500,1500,False,42,Adaptive TS (ATS),9.350678881722443,8.543878136263688,0.7610735735735736,0.19651384889150542,0.09350678881722443,0.08543878136263687
scienceqa,mqt,1500,1500,False,43,Adaptive TS (ATS),9.333846392215115,8.525004951992205,0.7612076362076361,0.19642980130757587,0.09333846392215116,0.08525004951992206
scienceqa,mqt,1500,1500,False,44,Adaptive TS (ATS),9.363254624708722,8.730347660536317,0.7612076362076362,0.19652541419216696,0.09363254624708722,0.08730347660536317
scienceqa,mqt,1500,1500,False,45,Adaptive TS (ATS),9.341858534427775,8.537950497388866,0.7613416988416989,0.19643796505731756,0.09341858534427774,0.08537950497388866
scienceqa,mqt,1500,1500,False,46,Adaptive TS (ATS),9.36247870432176,8.730521249766353,0.7611808236808237,0.19653167628270904,0.0936247870432176,0.08730521249766353
scienceqa,mqt,Full,1600,True,42,Adaptive TS (ATS),9.376639777347433,8.734512381000103,0.7610735735735735,0.19656013984370133,0.09376639777347434,0.08734512381000104
scienceqa,mqt,Full,1600,True,43,Adaptive TS (ATS),9.376639777347433,8.734512381000103,0.7610735735735735,0.19656013984370133,0.09376639777347434,0.08734512381000104
scienceqa,mqt,Full,1600,True,44,Adaptive TS (ATS),9.376639777347433,8.734512381000103,0.7610735735735735,0.19656013984370133,0.09376639777347434,0.08734512381000104
scienceqa,mqt,Full,1600,True,45,Adaptive TS (ATS),9.376639777347433,8.734512381000103,0.7610735735735735,0.19656013984370133,0.09376639777347434,0.08734512381000104
scienceqa,mqt,Full,1600,True,46,Adaptive TS (ATS),9.376639777347433,8.734512381000103,0.7610735735735735,0.19656013984370133,0.09376639777347434,0.08734512381000104
seedbench,mqt,50,50,False,42,Adaptive TS (ATS),10.45137435910164,10.659145314721043,0.7361665408262323,0.20431432603465433,0.10451374359101641,0.10659145314721043
seedbench,mqt,50,50,False,43,Adaptive TS (ATS),13.288029382846126,12.380532104650293,0.7323913277963542,0.21180921131040578,0.13288029382846125,0.12380532104650292
seedbench,mqt,50,50,False,44,Adaptive TS (ATS),9.460779353103565,6.062692583914328,0.7323913277963542,0.20209703634429255,0.09460779353103564,0.060626925839143274
seedbench,mqt,50,50,False,45,Adaptive TS (ATS),11.056868035976182,9.083455491829211,0.7330385071729048,0.20284604630830422,0.11056868035976182,0.0908345549182921
seedbench,mqt,50,50,False,46,Adaptive TS (ATS),11.618282270300677,7.307277807281307,0.7452270520979398,0.19858617602537534,0.11618282270300677,0.07307277807281307
seedbench,mqt,100,100,False,42,Adaptive TS (ATS),9.522370217808174,9.649537151064056,0.7385395318735842,0.20410037961775718,0.09522370217808174,0.09649537151064055
seedbench,mqt,100,100,False,43,Adaptive TS (ATS),10.575647856214616,10.184483298119138,0.7367058569733578,0.20449192364051144,0.10575647856214615,0.10184483298119139
seedbench,mqt,100,100,False,44,Adaptive TS (ATS),9.933015925769807,6.421399216741578,0.7289397044547513,0.20306814237850246,0.09933015925769807,0.06421399216741577
seedbench,mqt,100,100,False,45,Adaptive TS (ATS),9.923574858296073,6.5315942132683436,0.7358429511379571,0.20153297123407032,0.09923574858296073,0.06531594213268344
seedbench,mqt,100,100,False,46,Adaptive TS (ATS),9.966987060554665,8.143246363354534,0.7408046596915112,0.20025946445797643,0.09966987060554665,0.08143246363354534
seedbench,mqt,200,200,False,42,Adaptive TS (ATS),7.211821335090569,7.095286791013066,0.7375687628087585,0.20100482030815428,0.0721182133509057,0.07095286791013067
seedbench,mqt,200,200,False,43,Adaptive TS (ATS),10.36922632368484,6.282894664377777,0.7360586775968071,0.2016177657218149,0.10369226323684841,0.06282894664377778
seedbench,mqt,200,200,False,44,Adaptive TS (ATS),9.512260479000883,7.204815578989579,0.7329306439434796,0.2014259304380378,0.09512260479000882,0.07204815578989579
seedbench,mqt,200,200,False,45,Adaptive TS (ATS),10.270875367769513,6.460629219676753,0.7356272246791069,0.2015357945001676,0.10270875367769512,0.06460629219676753
seedbench,mqt,200,200,False,46,Adaptive TS (ATS),9.08919607431337,6.824130575064459,0.735735087908532,0.20065390636705815,0.0908919607431337,0.06824130575064459
seedbench,mqt,500,500,False,42,Adaptive TS (ATS),9.6387950101561,7.079077164377601,0.7365979937439328,0.20104925649524547,0.096387950101561,0.07079077164377601
seedbench,mqt,500,500,False,43,Adaptive TS (ATS),10.055506684470803,6.141718536344091,0.736921583432208,0.20081020223761534,0.10055506684470802,0.06141718536344091
seedbench,mqt,500,500,False,44,Adaptive TS (ATS),11.079039366283311,6.078766914454945,0.7359508143673822,0.20076006554790182,0.11079039366283311,0.06078766914454946
seedbench,mqt,500,500,False,45,Adaptive TS (ATS),9.47146583129011,6.338754231665855,0.7361665408262323,0.20106323556045047,0.0947146583129011,0.06338754231665855
seedbench,mqt,500,500,False,46,Adaptive TS (ATS),8.331202895849597,5.830956551234231,0.7364901305145076,0.2006600096122955,0.08331202895849597,0.05830956551234231
seedbench,mqt,1000,800,True,42,Adaptive TS (ATS),9.648291729250657,6.038706728234616,0.7356272246791068,0.20092178037432767,0.09648291729250656,0.06038706728234616
seedbench,mqt,1000,800,True,43,Adaptive TS (ATS),9.648291729250657,6.038706728234616,0.7356272246791068,0.20092178037432767,0.09648291729250656,0.06038706728234616
seedbench,mqt,1000,800,True,44,Adaptive TS (ATS),9.648291729250657,6.038706728234616,0.7356272246791068,0.20092178037432767,0.09648291729250656,0.06038706728234616
seedbench,mqt,1000,800,True,45,Adaptive TS (ATS),9.648291729250657,6.038706728234616,0.7356272246791068,0.20092178037432767,0.09648291729250656,0.06038706728234616
seedbench,mqt,1000,800,True,46,Adaptive TS (ATS),9.648291729250657,6.038706728234616,0.7356272246791068,0.20092178037432767,0.09648291729250656,0.06038706728234616
seedbench,mqt,1500,800,True,42,Adaptive TS (ATS),9.648291729250657,6.038706728234616,0.7356272246791068,0.20092178037432767,0.09648291729250656,0.06038706728234616
seedbench,mqt,1500,800,True,43,Adaptive TS (ATS),9.648291729250657,6.038706728234616,0.7356272246791068,0.20092178037432767,0.09648291729250656,0.06038706728234616
seedbench,mqt,1500,800,True,44,Adaptive TS (ATS),9.648291729250657,6.038706728234616,0.7356272246791068,0.20092178037432767,0.09648291729250656,0.06038706728234616
seedbench,mqt,1500,800,True,45,Adaptive TS (ATS),9.648291729250657,6.038706728234616,0.7356272246791068,0.20092178037432767,0.09648291729250656,0.06038706728234616
seedbench,mqt,1500,800,True,46,Adaptive TS (ATS),9.648291729250657,6.038706728234616,0.7356272246791068,0.20092178037432767,0.09648291729250656,0.06038706728234616
seedbench,mqt,Full,800,True,42,Adaptive TS (ATS),9.648291729250657,6.038706728234616,0.7356272246791068,0.20092178037432767,0.09648291729250656,0.06038706728234616
seedbench,mqt,Full,800,True,43,Adaptive TS (ATS),9.648291729250657,6.038706728234616,0.7356272246791068,0.20092178037432767,0.09648291729250656,0.06038706728234616
seedbench,mqt,Full,800,True,44,Adaptive TS (ATS),9.648291729250657,6.038706728234616,0.7356272246791068,0.20092178037432767,0.09648291729250656,0.06038706728234616
seedbench,mqt,Full,800,True,45,Adaptive TS (ATS),9.648291729250657,6.038706728234616,0.7356272246791068,0.20092178037432767,0.09648291729250656,0.06038706728234616
seedbench,mqt,Full,800,True,46,Adaptive TS (ATS),9.648291729250657,6.038706728234616,0.7356272246791068,0.20092178037432767,0.09648291729250656,0.06038706728234616
textvqa,mqt,50,50,False,42,Adaptive TS (ATS),18.447751910275677,18.36834962206188,0.6821380651167885,0.2507118248334191,0.18447751910275678,0.18368349622061883
textvqa,mqt,50,50,False,43,Adaptive TS (ATS),22.229281459118443,21.937994909874284,0.6955557381089295,0.25680530934837126,0.22229281459118444,0.21937994909874284
textvqa,mqt,50,50,False,44,Adaptive TS (ATS),20.824867679169607,20.784443668622565,0.6806867657931487,0.25618505306103617,0.20824867679169606,0.20784443668622565
textvqa,mqt,50,50,False,45,Adaptive TS (ATS),22.716720336006578,22.71672033600657,0.6927900544921821,0.26012334518116026,0.22716720336006577,0.2271672033600657
textvqa,mqt,50,50,False,46,Adaptive TS (ATS),19.641606507313604,19.153481041426037,0.6922150113639476,0.25080532098655817,0.19641606507313605,0.19153481041426038
textvqa,mqt,100,100,False,42,Adaptive TS (ATS),21.92311056993565,21.92311056993566,0.6847942167091103,0.25907584444847864,0.2192311056993565,0.21923110569935658
textvqa,mqt,100,100,False,43,Adaptive TS (ATS),17.71983937140107,17.719839371401065,0.6884087735151565,0.249399641196784,0.1771983937140107,0.17719839371401067
textvqa,mqt,100,100,False,44,Adaptive TS (ATS),18.99001564719156,18.990015647191555,0.6822202141351077,0.251686405251004,0.18990015647191558,0.18990015647191555
textvqa,mqt,100,100,False,45,Adaptive TS (ATS),21.379239059473804,21.379239059473793,0.6899969878693283,0.2561835889293968,0.21379239059473804,0.21379239059473792
textvqa,mqt,100,100,False,46,Adaptive TS (ATS),19.253477623021993,19.253477623021993,0.6889016676250721,0.251339893838984,0.19253477623021995,0.19253477623021995
textvqa,mqt,200,200,False,42,Adaptive TS (ATS),18.88072057056603,18.88072057056603,0.6878611133930281,0.2508597091904931,0.1888072057056603,0.18880720570566029
textvqa,mqt,200,200,False,43,Adaptive TS (ATS),18.6435608926829,18.6435608926829,0.6900517538815412,0.2502806599167521,0.18643560892682898,0.186435608926829
textvqa,mqt,200,200,False,44,Adaptive TS (ATS),19.176576270249505,19.176576270249505,0.6864098140693885,0.2515098033261037,0.19176576270249504,0.19176576270249504
textvqa,mqt,200,200,False,45,Adaptive TS (ATS),17.68500227293251,17.685002272932508,0.6882170924724116,0.24939312495296484,0.17685002272932512,0.17685002272932507
textvqa,mqt,200,200,False,46,Adaptive TS (ATS),19.256243561847814,19.256243561847814,0.6869027081793039,0.2516073824390196,0.19256243561847813,0.19256243561847813
textvqa,mqt,500,500,False,42,Adaptive TS (ATS),18.948445358531856,18.94844535853185,0.6900791368876475,0.2506642344438151,0.18948445358531857,0.18948445358531849
textvqa,mqt,500,500,False,43,Adaptive TS (ATS),18.887037596933705,18.88703759693371,0.6892028806922424,0.250675510334435,0.18887037596933706,0.1888703759693371
textvqa,mqt,500,500,False,44,Adaptive TS (ATS),19.282525334377265,19.282525334377254,0.6894767107533066,0.2513304894758413,0.19282525334377265,0.19282525334377254
textvqa,mqt,500,500,False,45,Adaptive TS (ATS),19.02098065536883,19.020980655368824,0.6887373695884333,0.2509058115648773,0.19020980655368833,0.19020980655368824
textvqa,mqt,500,500,False,46,Adaptive TS (ATS),19.580917259194408,19.5809172591944,0.6903803499548181,0.2517835110826512,0.19580917259194408,0.195809172591944
textvqa,mqt,1000,1000,False,42,Adaptive TS (ATS),19.37236955122964,19.372369551229625,0.6904077329609245,0.2514169357917007,0.19372369551229637,0.19372369551229626
textvqa,mqt,1000,1000,False,43,Adaptive TS (ATS),19.113655960099315,19.113655960099315,0.6890659656617104,0.25106234299146296,0.19113655960099316,0.19113655960099316
textvqa,mqt,1000,1000,False,44,Adaptive TS (ATS),18.300002518068894,18.300002518068894,0.6881897094663052,0.24998409439660185,0.18300002518068895,0.18300002518068895
textvqa,mqt,1000,1000,False,45,Adaptive TS (ATS),17.52766584575615,17.52766584575615,0.6876146663380708,0.2493324065269296,0.1752766584575615,0.17527665845756152
textvqa,mqt,1000,1000,False,46,Adaptive TS (ATS),19.446404357206074,19.446404357206074,0.6898874558449026,0.25156233078997914,0.19446404357206074,0.19446404357206074
textvqa,mqt,1500,1500,False,42,Adaptive TS (ATS),18.40195357706694,18.40195357706695,0.6887099865823271,0.2500691692012019,0.1840195357706694,0.1840195357706695
textvqa,mqt,1500,1500,False,43,Adaptive TS (ATS),18.227544694314343,18.227544694314346,0.6882170924724116,0.24991211907701893,0.18227544694314343,0.18227544694314346
textvqa,mqt,1500,1500,False,44,Adaptive TS (ATS),18.705461028713145,18.70546102871315,0.6891207316739233,0.25042782849294376,0.18705461028713147,0.1870546102871315
textvqa,mqt,1500,1500,False,45,Adaptive TS (ATS),18.14159603463467,18.14159603463467,0.6885456885456885,0.24981126312531374,0.18141596034634672,0.18141596034634672
textvqa,mqt,1500,1500,False,46,Adaptive TS (ATS),18.536780661385908,18.536780661385897,0.6887099865823271,0.2502428138628576,0.18536780661385907,0.185367806613859
textvqa,mqt,Full,1600,True,42,Adaptive TS (ATS),18.357879441480314,18.35787944148031,0.6886004545579013,0.25002427346470063,0.18357879441480313,0.1835787944148031
textvqa,mqt,Full,1600,True,43,Adaptive TS (ATS),18.357879441480314,18.35787944148031,0.6886004545579013,0.25002427346470063,0.18357879441480313,0.1835787944148031
textvqa,mqt,Full,1600,True,44,Adaptive TS (ATS),18.357879441480314,18.35787944148031,0.6886004545579013,0.25002427346470063,0.18357879441480313,0.1835787944148031
textvqa,mqt,Full,1600,True,45,Adaptive TS (ATS),18.357879441480314,18.35787944148031,0.6886004545579013,0.25002427346470063,0.18357879441480313,0.1835787944148031
textvqa,mqt,Full,1600,True,46,Adaptive TS (ATS),18.357879441480314,18.35787944148031,0.6886004545579013,0.25002427346470063,0.18357879441480313,0.1835787944148031
vizwiz-vqa,mqt,50,50,False,42,Adaptive TS (ATS),29.17208756014078,29.287116866563174,0.7956309994353472,0.23378858074545378,0.2917208756014078,0.29287116866563173
vizwiz-vqa,mqt,50,50,False,43,Adaptive TS (ATS),29.180658522429038,29.18065852242904,0.7946781479390175,0.22927799474245028,0.29180658522429037,0.2918065852242904
vizwiz-vqa,mqt,50,50,False,44,Adaptive TS (ATS),29.784116732559703,29.784116732559706,0.7951016374929418,0.2311714153857655,0.297841167325597,0.29784116732559707
vizwiz-vqa,mqt,50,50,False,45,Adaptive TS (ATS),28.356087939521775,29.096417895901123,0.7964426877470356,0.2383421082171585,0.28356087939521774,0.2909641789590112
vizwiz-vqa,mqt,50,50,False,46,Adaptive TS (ATS),28.41798259768676,28.41798259768676,0.7946781479390175,0.23066543737214762,0.2841798259768676,0.2841798259768676
vizwiz-vqa,mqt,100,100,False,42,Adaptive TS (ATS),29.536050467227653,29.536050467227643,0.79393704121965,0.23204224080561567,0.29536050467227654,0.2953605046722764
vizwiz-vqa,mqt,100,100,False,43,Adaptive TS (ATS),29.25520968666338,29.255209686663363,0.7949957651044608,0.22961704919070866,0.2925520968666338,0.29255209686663364
vizwiz-vqa,mqt,100,100,False,44,Adaptive TS (ATS),29.07104447859728,29.071044478597287,0.7941487859966121,0.22847222489217978,0.2907104447859728,0.29071044478597285
vizwiz-vqa,mqt,100,100,False,45,Adaptive TS (ATS),28.97367155279443,29.02941593235675,0.7969367588932806,0.23313238402983535,0.2897367155279443,0.2902941593235675
vizwiz-vqa,mqt,100,100,False,46,Adaptive TS (ATS),29.038997242038395,29.07103707186837,0.7948193111236589,0.22968781366529342,0.29038997242038395,0.2907103707186837
vizwiz-vqa,mqt,200,200,False,42,Adaptive TS (ATS),29.675983060999243,29.67598306099924,0.7958780350084699,0.23086999573881328,0.29675983060999245,0.2967598306099924
vizwiz-vqa,mqt,200,200,False,43,Adaptive TS (ATS),29.35342620812216,29.35342620812216,0.7952780914737436,0.22952179365916706,0.2935342620812216,0.2935342620812216
vizwiz-vqa,mqt,200,200,False,44,Adaptive TS (ATS),28.87756947536636,28.877569475366354,0.7952075098814229,0.22961275773670717,0.2887756947536636,0.28877569475366355
vizwiz-vqa,mqt,200,200,False,45,Adaptive TS (ATS),29.27764203907236,29.308559755372205,0.7965132693393563,0.23087257540750675,0.2927764203907236,0.29308559755372204
vizwiz-vqa,mqt,200,200,False,46,Adaptive TS (ATS),28.950920459371265,28.95092045937126,0.7950310559006211,0.23092140294276295,0.28950920459371265,0.2895092045937126
vizwiz-vqa,mqt,500,500,False,42,Adaptive TS (ATS),29.28119599182679,29.2811959918268,0.7962309429700734,0.2311814128795897,0.2928119599182679,0.29281195991826797
vizwiz-vqa,mqt,500,500,False,43,Adaptive TS (ATS),29.422662086600354,29.473124838762892,0.795807453416149,0.2305104481253177,0.29422662086600354,0.29473124838762893
vizwiz-vqa,mqt,500,500,False,44,Adaptive TS (ATS),28.96439160322224,28.964391603222246,0.7958780350084698,0.23166434013595855,0.2896439160322224,0.28964391603222245
vizwiz-vqa,mqt,500,500,False,45,Adaptive TS (ATS),28.910818186955932,29.574720344559896,0.7963721061547149,0.2331155841768221,0.28910818186955933,0.29574720344559896
vizwiz-vqa,mqt,500,500,False,46,Adaptive TS (ATS),29.130006489682675,29.16230031620845,0.7955957086391869,0.2300618221609998,0.29130006489682675,0.2916230031620845
vizwiz-vqa,mqt,1000,1000,False,42,Adaptive TS (ATS),29.208416251453112,29.208416251453095,0.7961603613777527,0.23113578240912885,0.2920841625145311,0.29208416251453095
vizwiz-vqa,mqt,1000,1000,False,43,Adaptive TS (ATS),29.092457129814903,29.092457129814896,0.7960191981931112,0.2315444751654259,0.290924571298149,0.29092457129814897
vizwiz-vqa,mqt,1000,1000,False,44,Adaptive TS (ATS),29.062641001063927,29.062641001063934,0.7959133258046301,0.23113501767459965,0.29062641001063927,0.2906264100106393
vizwiz-vqa,mqt,1000,1000,False,45,Adaptive TS (ATS),28.917607622072012,28.973988324664457,0.7965132693393563,0.2325978904221647,0.2891760762207201,0.28973988324664457
vizwiz-vqa,mqt,1000,1000,False,46,Adaptive TS (ATS),29.102025239704453,29.102025239704453,0.7961250705815923,0.231637435088591,0.29102025239704454,0.29102025239704454
vizwiz-vqa,mqt,1500,1500,False,42,Adaptive TS (ATS),29.134840453363616,29.1348404533636,0.7959486166007905,0.2312816986734585,0.29134840453363614,0.29134840453363603
vizwiz-vqa,mqt,1500,1500,False,43,Adaptive TS (ATS),29.118977243035516,29.118977243035506,0.7958427442123095,0.23120750766155093,0.29118977243035515,0.29118977243035504
vizwiz-vqa,mqt,1500,1500,False,44,Adaptive TS (ATS),29.127660247785446,29.127660247785442,0.7958427442123095,0.23075885666799315,0.2912766024778545,0.2912766024778544
vizwiz-vqa,mqt,1500,1500,False,45,Adaptive TS (ATS),29.122212715795182,29.122212715795172,0.7958780350084698,0.23127966275330258,0.2912221271579518,0.2912221271579517
vizwiz-vqa,mqt,1500,1500,False,46,Adaptive TS (ATS),29.08513730249859,29.08513730249858,0.7957368718238284,0.23103021933801382,0.2908513730249859,0.2908513730249858
vizwiz-vqa,mqt,Full,1600,True,42,Adaptive TS (ATS),29.114719364059432,29.114719364059425,0.7958780350084698,0.23119681844611453,0.2911471936405943,0.29114719364059427
vizwiz-vqa,mqt,Full,1600,True,43,Adaptive TS (ATS),29.114719364059432,29.114719364059425,0.7958780350084698,0.23119681844611453,0.2911471936405943,0.29114719364059427
vizwiz-vqa,mqt,Full,1600,True,44,Adaptive TS (ATS),29.114719364059432,29.114719364059425,0.7958780350084698,0.23119681844611453,0.2911471936405943,0.29114719364059427
vizwiz-vqa,mqt,Full,1600,True,45,Adaptive TS (ATS),29.114719364059432,29.114719364059425,0.7958780350084698,0.23119681844611453,0.2911471936405943,0.29114719364059427
vizwiz-vqa,mqt,Full,1600,True,46,Adaptive TS (ATS),29.114719364059432,29.114719364059425,0.7958780350084698,0.23119681844611453,0.2911471936405943,0.29114719364059427
vqav2,mqt,50,50,False,42,Adaptive TS (ATS),10.424640724964988,11.688933814980954,0.6764736786802564,0.17155891116896993,0.10424640724964988,0.11688933814980954
vqav2,mqt,50,50,False,43,Adaptive TS (ATS),12.25412841281479,13.015644294057713,0.6580855311547757,0.17629615747617167,0.12254128412814791,0.13015644294057713
vqav2,mqt,50,50,False,44,Adaptive TS (ATS),10.32993023718077,11.404831647193472,0.6787503064691254,0.1697838631760952,0.1032993023718077,0.11404831647193472
vqav2,mqt,50,50,False,45,Adaptive TS (ATS),11.701858662514672,12.026543333159747,0.6591012573990402,0.17458787481870572,0.11701858662514672,0.12026543333159748
vqav2,mqt,50,50,False,46,Adaptive TS (ATS),11.941764025919587,12.531964820427783,0.6555287030226612,0.17529701669313721,0.11941764025919588,0.12531964820427782
vqav2,mqt,100,100,False,42,Adaptive TS (ATS),10.705119922858715,10.780466772884356,0.6794157822843333,0.17204680084913637,0.10705119922858715,0.10780466772884356
vqav2,mqt,100,100,False,43,Adaptive TS (ATS),12.935438269102892,13.778862048894014,0.6564393541382089,0.1774433133684046,0.12935438269102892,0.13778862048894014
vqav2,mqt,100,100,False,44,Adaptive TS (ATS),10.874537765954589,10.64331789512765,0.6709397219011592,0.16969338528382408,0.1087453776595459,0.10643317895127649
vqav2,mqt,100,100,False,45,Adaptive TS (ATS),11.5312979961346,11.899290403812785,0.6624636615179853,0.17463742613932104,0.115312979961346,0.11899290403812784
vqav2,mqt,100,100,False,46,Adaptive TS (ATS),11.318476088986948,11.753595640016531,0.655773878323001,0.17397777468869152,0.11318476088986948,0.11753595640016531
vqav2,mqt,200,200,False,42,Adaptive TS (ATS),12.118470233773937,11.180771709191111,0.6754929774788974,0.17523962101696702,0.12118470233773937,0.1118077170919111
vqav2,mqt,200,200,False,43,Adaptive TS (ATS),12.102729883801297,12.580183621967493,0.6616580855311547,0.17588737770986718,0.12102729883801297,0.12580183621967492
vqav2,mqt,200,200,False,44,Adaptive TS (ATS),10.435306910368029,10.891494461898974,0.6610276347588525,0.1709152965341447,0.10435306910368028,0.10891494461898973
vqav2,mqt,200,200,False,45,Adaptive TS (ATS),11.275458175334606,12.03310552365554,0.6606423592868902,0.17501901332197953,0.11275458175334606,0.12033105523655539
vqav2,mqt,200,200,False,46,Adaptive TS (ATS),12.022212141100272,12.131033246973656,0.6545480018213021,0.17591655454958297,0.12022212141100272,0.12131033246973656
vqav2,mqt,500,500,False,42,Adaptive TS (ATS),12.93792887379569,13.139511017595106,0.6595215579139084,0.17670020061485936,0.1293792887379569,0.13139511017595107
vqav2,mqt,500,500,False,43,Adaptive TS (ATS),13.354562158295208,13.293785233631535,0.6606423592868902,0.17723993107658562,0.13354562158295208,0.13293785233631536
vqav2,mqt,500,500,False,44,Adaptive TS (ATS),11.53974216571812,12.216971373079646,0.6563693040523976,0.1736148716403055,0.1153974216571812,0.12216971373079646
vqav2,mqt,500,500,False,45,Adaptive TS (ATS),12.330048260574037,13.198733309958296,0.6619382858744002,0.1768385897573083,0.12330048260574036,0.13198733309958297
vqav2,mqt,500,500,False,46,Adaptive TS (ATS),13.74302112028798,14.232641440787184,0.6576652306399077,0.17828091127132376,0.1374302112028798,0.14232641440787183
vqav2,mqt,1000,1000,False,42,Adaptive TS (ATS),12.392723719160884,12.588856628301832,0.6574550803824736,0.17620640471307675,0.12392723719160884,0.1258885662830183
vqav2,mqt,1000,1000,False,43,Adaptive TS (ATS),12.299928809072892,12.527110519385632,0.6581205561976813,0.17591740734370656,0.12299928809072891,0.1252711051938563
vqav2,mqt,1000,1000,False,44,Adaptive TS (ATS),12.099101698536451,12.612824893906598,0.6575601555111906,0.17562353389445348,0.12099101698536452,0.126128248939066
vqav2,mqt,1000,1000,False,45,Adaptive TS (ATS),12.034072293237974,12.116430468934675,0.6578403558544359,0.17552304155432444,0.12034072293237974,0.12116430468934675
vqav2,mqt,1000,1000,False,46,Adaptive TS (ATS),12.33399945216999,12.54754134012743,0.6588911071416063,0.17592808084838524,0.12333999452169991,0.1254754134012743
vqav2,mqt,1500,1500,False,42,Adaptive TS (ATS),12.028008057612665,12.046997754284133,0.6581906062834926,0.17549087144577558,0.12028008057612664,0.12046997754284133
vqav2,mqt,1500,1500,False,43,Adaptive TS (ATS),12.004248571135301,12.256702998414603,0.6584357815838323,0.17513210611095306,0.12004248571135301,0.12256702998414604
vqav2,mqt,1500,1500,False,44,Adaptive TS (ATS),11.898280178179183,12.203657440902449,0.6587860320128892,0.17550670927498438,0.11898280178179184,0.12203657440902449
vqav2,mqt,1500,1500,False,45,Adaptive TS (ATS),12.040086864685133,12.417795412912676,0.6575601555111905,0.17535176626896742,0.12040086864685133,0.12417795412912677
vqav2,mqt,1500,1500,False,46,Adaptive TS (ATS),12.019753625358968,11.972132223939912,0.6589961822703232,0.17531233598693027,0.12019753625358967,0.11972132223939913
vqav2,mqt,Full,1600,True,42,Adaptive TS (ATS),12.027171463245622,12.361784411797776,0.6578753808973415,0.17530112126695066,0.12027171463245623,0.12361784411797777
vqav2,mqt,Full,1600,True,43,Adaptive TS (ATS),12.027171463245622,12.361784411797776,0.6578753808973415,0.17530112126695066,0.12027171463245623,0.12361784411797777
vqav2,mqt,Full,1600,True,44,Adaptive TS (ATS),12.027171463245622,12.361784411797776,0.6578753808973415,0.17530112126695066,0.12027171463245623,0.12361784411797777
vqav2,mqt,Full,1600,True,45,Adaptive TS (ATS),12.027171463245622,12.361784411797776,0.6578753808973415,0.17530112126695066,0.12027171463245623,0.12361784411797777
vqav2,mqt,Full,1600,True,46,Adaptive TS (ATS),12.027171463245622,12.361784411797776,0.6578753808973415,0.17530112126695066,0.12027171463245623,0.12361784411797777
