dataset,arch,budget,effective_n,is_capped,seed,method,adaptive_ece_percent,ece_percent,auroc,brier,adaptive_ece,ece
ai2d,m3,50,50,False,42,Naive Confidence (NC),41.999016251541335,41.99901625154132,0.6142882799671593,0.4199892636236126,0.4199901625154133,0.4199901625154132
ai2d,m3,50,50,False,42,Temperature Scaling (TS),12.183677193205748,8.617470142125832,0.6142882799671593,0.2476932132864101,0.1218367719320574,0.0861747014212583
ai2d,m3,50,50,False,42,Platt Scaling (1D),7.8164832346513,5.878402272082797,0.6142882799671593,0.236553645119647,0.078164832346513,0.0587840227208279
ai2d,m3,50,50,False,42,Trajectory Platt (5D),20.121787171573487,19.55358118912682,0.454061473727422,0.2921488106345591,0.2012178717157348,0.1955358118912682
ai2d,m3,50,50,False,42,VCPS-5D (Our Method),20.53004021255436,21.819251156570356,0.4800518267651888,0.3013971259071533,0.2053004021255436,0.2181925115657035
ai2d,m3,50,50,False,43,Naive Confidence (NC),41.999016251541335,41.99901625154132,0.6142882799671593,0.4199892636236126,0.4199901625154133,0.4199901625154132
ai2d,m3,50,50,False,43,Temperature Scaling (TS),12.183677193205748,8.617470142125832,0.6142882799671593,0.2476932132864101,0.1218367719320574,0.0861747014212583
ai2d,m3,50,50,False,43,Platt Scaling (1D),7.792932993636051,5.227661886270088,0.6142882799671593,0.2372078354540038,0.0779293299363605,0.0522766188627008
ai2d,m3,50,50,False,43,Trajectory Platt (5D),8.941161507796053,6.670385355185275,0.6063988095238095,0.252038753394651,0.0894116150779605,0.0667038535518527
ai2d,m3,50,50,False,43,VCPS-5D (Our Method),12.197867172425156,12.282729910514304,0.638739224137931,0.2414985411433737,0.1219786717242515,0.122827299105143
ai2d,m3,50,50,False,44,Naive Confidence (NC),41.999016251541335,41.99901625154132,0.6142882799671593,0.4199892636236126,0.4199901625154133,0.4199901625154132
ai2d,m3,50,50,False,44,Temperature Scaling (TS),12.183677193205748,8.617470142125832,0.6142882799671593,0.2476932132864101,0.1218367719320574,0.0861747014212583
ai2d,m3,50,50,False,44,Platt Scaling (1D),8.56326080048434,5.203252444477751,0.6142882799671593,0.2383103345748564,0.0856326080048434,0.0520325244447775
ai2d,m3,50,50,False,44,Trajectory Platt (5D),9.001576989889145,7.623194813728332,0.6627924876847291,0.2328094503483415,0.0900157698988914,0.0762319481372833
ai2d,m3,50,50,False,44,VCPS-5D (Our Method),10.12685104671856,6.748501454403918,0.6558266625615764,0.2306197642789862,0.1012685104671856,0.0674850145440391
ai2d,m3,50,50,False,45,Naive Confidence (NC),41.999016251541335,41.99901625154132,0.6142882799671593,0.4199892636236126,0.4199901625154133,0.4199901625154132
ai2d,m3,50,50,False,45,Temperature Scaling (TS),12.183677193205748,8.617470142125832,0.6142882799671593,0.2476932132864101,0.1218367719320574,0.0861747014212583
ai2d,m3,50,50,False,45,Platt Scaling (1D),7.986894540387833,5.359675044806799,0.6142882799671593,0.2369163671308321,0.0798689454038783,0.0535967504480679
ai2d,m3,50,50,False,45,Trajectory Platt (5D),10.12198685109615,9.527103036642073,0.6607142857142858,0.2303191822465669,0.1012198685109615,0.0952710303664207
ai2d,m3,50,50,False,45,VCPS-5D (Our Method),9.434826219986531,8.29246592834718,0.6452303981937604,0.2346261091931334,0.0943482621998653,0.0829246592834718
ai2d,m3,50,50,False,46,Naive Confidence (NC),41.999016251541335,41.99901625154132,0.6142882799671593,0.4199892636236126,0.4199901625154133,0.4199901625154132
ai2d,m3,50,50,False,46,Temperature Scaling (TS),12.183677193205748,8.617470142125832,0.6142882799671593,0.2476932132864101,0.1218367719320574,0.0861747014212583
ai2d,m3,50,50,False,46,Platt Scaling (1D),9.428449452636418,0.2714667509241653,0.6142882799671593,0.2413916538113732,0.0942844945263641,0.0027146675092416
ai2d,m3,50,50,False,46,Trajectory Platt (5D),12.235667400062084,11.609950363636017,0.5650271962233169,0.2409907310701211,0.1223566740006208,0.1160995036363601
ai2d,m3,50,50,False,46,VCPS-5D (Our Method),10.428754297437148,7.739491996808759,0.6565963669950738,0.2328378927583956,0.1042875429743714,0.0773949199680875
ai2d,m3,100,100,False,42,Naive Confidence (NC),41.999016251541335,41.99901625154132,0.6142882799671593,0.4199892636236126,0.4199901625154133,0.4199901625154132
ai2d,m3,100,100,False,42,Temperature Scaling (TS),12.183677193205748,8.617470142125832,0.6142882799671593,0.2476932132864101,0.1218367719320574,0.0861747014212583
ai2d,m3,100,100,False,42,Platt Scaling (1D),8.015001933874066,5.790162304052897,0.6142882799671593,0.2369588369162854,0.0801500193387406,0.0579016230405289
ai2d,m3,100,100,False,42,Trajectory Platt (5D),13.44116636551917,13.576191825792192,0.5161253078817735,0.2562989292643977,0.1344116636551917,0.1357619182579219
ai2d,m3,100,100,False,42,VCPS-5D (Our Method),7.976763889868743,7.313129783804424,0.5526606116584565,0.2470114878270994,0.0797676388986874,0.0731312978380442
ai2d,m3,100,100,False,43,Naive Confidence (NC),41.999016251541335,41.99901625154132,0.6142882799671593,0.4199892636236126,0.4199901625154133,0.4199901625154132
ai2d,m3,100,100,False,43,Temperature Scaling (TS),12.183677193205748,8.617470142125832,0.6142882799671593,0.2476932132864101,0.1218367719320574,0.0861747014212583
ai2d,m3,100,100,False,43,Platt Scaling (1D),7.671919331271811,3.644265715831449,0.6142882799671593,0.2363930670872198,0.0767191933127181,0.0364426571583144
ai2d,m3,100,100,False,43,Trajectory Platt (5D),9.460419077746336,8.510877888969844,0.6322993637110017,0.2367065665100148,0.0946041907774633,0.0851087788896984
ai2d,m3,100,100,False,43,VCPS-5D (Our Method),9.002447588482722,7.313812399074392,0.637507697044335,0.2366586826719189,0.0900244758848272,0.0731381239907439
ai2d,m3,100,100,False,44,Naive Confidence (NC),41.999016251541335,41.99901625154132,0.6142882799671593,0.4199892636236126,0.4199901625154133,0.4199901625154132
ai2d,m3,100,100,False,44,Temperature Scaling (TS),12.183677193205748,8.617470142125832,0.6142882799671593,0.2476932132864101,0.1218367719320574,0.0861747014212583
ai2d,m3,100,100,False,44,Platt Scaling (1D),7.621575470008867,5.974413999413378,0.6142882799671593,0.2369012942510132,0.0762157547000886,0.0597441399941337
ai2d,m3,100,100,False,44,Trajectory Platt (5D),9.846698824316263,10.042693141847847,0.6638829022988505,0.229300799933625,0.0984669882431626,0.1004269314184784
ai2d,m3,100,100,False,44,VCPS-5D (Our Method),12.085139609996157,8.576445593133124,0.65469776272578,0.2313791623253651,0.1208513960999615,0.0857644559313312
ai2d,m3,100,100,False,45,Naive Confidence (NC),41.999016251541335,41.99901625154132,0.6142882799671593,0.4199892636236126,0.4199901625154133,0.4199901625154132
ai2d,m3,100,100,False,45,Temperature Scaling (TS),12.183677193205748,8.617470142125832,0.6142882799671593,0.2476932132864101,0.1218367719320574,0.0861747014212583
ai2d,m3,100,100,False,45,Platt Scaling (1D),7.986441721083666,5.103611501540804,0.6142882799671593,0.2369254079903989,0.0798644172108366,0.051036115015408
ai2d,m3,100,100,False,45,Trajectory Platt (5D),10.773748349398376,8.549897711724041,0.6618047003284073,0.2303071312174356,0.1077374834939837,0.0854989771172404
ai2d,m3,100,100,False,45,VCPS-5D (Our Method),9.45483714410856,6.953613026025157,0.653440578817734,0.2306375889957747,0.0945483714410855,0.0695361302602515
ai2d,m3,100,100,False,46,Naive Confidence (NC),41.999016251541335,41.99901625154132,0.6142882799671593,0.4199892636236126,0.4199901625154133,0.4199901625154132
ai2d,m3,100,100,False,46,Temperature Scaling (TS),12.183677193205748,8.617470142125832,0.6142882799671593,0.2476932132864101,0.1218367719320574,0.0861747014212583
ai2d,m3,100,100,False,46,Platt Scaling (1D),8.431359871903211,2.892816120443762,0.6142882799671593,0.2377972699615184,0.0843135987190321,0.0289281612044376
ai2d,m3,100,100,False,46,Trajectory Platt (5D),8.343367956578735,7.071067549288275,0.6649091748768473,0.228859105671132,0.0834336795657873,0.0707106754928827
ai2d,m3,100,100,False,46,VCPS-5D (Our Method),10.700213074478333,8.533316358678748,0.6583410303776683,0.2287800286237223,0.1070021307447833,0.0853331635867874
ai2d,m3,200,200,False,42,Naive Confidence (NC),41.999016251541335,41.99901625154132,0.6142882799671593,0.4199892636236126,0.4199901625154133,0.4199901625154132
ai2d,m3,200,200,False,42,Temperature Scaling (TS),12.183677193205748,8.617470142125832,0.6142882799671593,0.2476932132864101,0.1218367719320574,0.0861747014212583
ai2d,m3,200,200,False,42,Platt Scaling (1D),7.711097768501314,3.197585657138409,0.6142882799671593,0.2363536509674461,0.0771109776850131,0.031975856571384
ai2d,m3,200,200,False,42,Trajectory Platt (5D),8.014202761463823,3.8217738391831553,0.6023835180623974,0.2375606922760646,0.0801420276146382,0.0382177383918315
ai2d,m3,200,200,False,42,VCPS-5D (Our Method),6.884161761860078,5.21087958247452,0.618752565681445,0.2358025574166394,0.0688416176186007,0.0521087958247452
ai2d,m3,200,200,False,43,Naive Confidence (NC),41.999016251541335,41.99901625154132,0.6142882799671593,0.4199892636236126,0.4199901625154133,0.4199901625154132
ai2d,m3,200,200,False,43,Temperature Scaling (TS),12.183677193205748,8.617470142125832,0.6142882799671593,0.2476932132864101,0.1218367719320574,0.0861747014212583
ai2d,m3,200,200,False,43,Platt Scaling (1D),7.733448730086008,4.641619434461017,0.6142882799671593,0.2364118835510878,0.07733448730086,0.0464161943446101
ai2d,m3,200,200,False,43,Trajectory Platt (5D),8.881409414112568,7.109101466834544,0.6659611042692939,0.2282153499400713,0.0888140941411256,0.0710910146683454
ai2d,m3,200,200,False,43,VCPS-5D (Our Method),9.161570261184494,7.2309477323447,0.6605731732348112,0.2277740139143493,0.0916157026118449,0.072309477323447
ai2d,m3,200,200,False,44,Naive Confidence (NC),41.999016251541335,41.99901625154132,0.6142882799671593,0.4199892636236126,0.4199901625154133,0.4199901625154132
ai2d,m3,200,200,False,44,Temperature Scaling (TS),12.183677193205748,8.617470142125832,0.6142882799671593,0.2476932132864101,0.1218367719320574,0.0861747014212583
ai2d,m3,200,200,False,44,Platt Scaling (1D),7.758139587345521,3.239745870244628,0.6142882799671593,0.2364314352527249,0.0775813958734552,0.0323974587024462
ai2d,m3,200,200,False,44,Trajectory Platt (5D),10.986324843019249,8.994096782058477,0.662818144499179,0.2285393006953212,0.1098632484301924,0.0899409678205847
ai2d,m3,200,200,False,44,VCPS-5D (Our Method),11.0986632759327,7.091012875550268,0.6501565065681446,0.2301524236971986,0.1109866327593269,0.0709101287555026
ai2d,m3,200,200,False,45,Naive Confidence (NC),41.999016251541335,41.99901625154132,0.6142882799671593,0.4199892636236126,0.4199901625154133,0.4199901625154132
ai2d,m3,200,200,False,45,Temperature Scaling (TS),12.183677193205748,8.617470142125832,0.6142882799671593,0.2476932132864101,0.1218367719320574,0.0861747014212583
ai2d,m3,200,200,False,45,Platt Scaling (1D),7.723067339967329,3.677734198742833,0.6142882799671593,0.2363525134533103,0.0772306733996733,0.0367773419874283
ai2d,m3,200,200,False,45,Trajectory Platt (5D),10.522335816174747,9.169067937880756,0.6666281814449918,0.2283590071287131,0.1052233581617474,0.0916906793788075
ai2d,m3,200,200,False,45,VCPS-5D (Our Method),12.026847121101866,7.096166731268069,0.6535945197044335,0.2293245309146297,0.1202684712110186,0.0709616673126806
ai2d,m3,200,200,False,46,Naive Confidence (NC),41.999016251541335,41.99901625154132,0.6142882799671593,0.4199892636236126,0.4199901625154133,0.4199901625154132
ai2d,m3,200,200,False,46,Temperature Scaling (TS),12.183677193205748,8.617470142125832,0.6142882799671593,0.2476932132864101,0.1218367719320574,0.0861747014212583
ai2d,m3,200,200,False,46,Platt Scaling (1D),7.8230043113211964,6.920887956794704,0.6142882799671593,0.2364554466960113,0.0782300431132119,0.069208879567947
ai2d,m3,200,200,False,46,Trajectory Platt (5D),9.307688713073734,6.1405369043350255,0.664998973727422,0.2276497196117798,0.0930768871307373,0.0614053690433502
ai2d,m3,200,200,False,46,VCPS-5D (Our Method),9.970759064791435,8.612534625435032,0.6594699302134647,0.2276056745491718,0.0997075906479143,0.0861253462543503
ai2d,m3,500,500,False,42,Naive Confidence (NC),41.999016251541335,41.99901625154132,0.6142882799671593,0.4199892636236126,0.4199901625154133,0.4199901625154132
ai2d,m3,500,500,False,42,Temperature Scaling (TS),12.183677193205748,8.617470142125832,0.6142882799671593,0.2476932132864101,0.1218367719320574,0.0861747014212583
ai2d,m3,500,500,False,42,Platt Scaling (1D),7.790686968190435,5.082287956122322,0.6142882799671593,0.2363954742768522,0.0779068696819043,0.0508228795612232
ai2d,m3,500,500,False,42,Trajectory Platt (5D),9.81878374516964,9.691430166363718,0.6625102627257798,0.2302312383210265,0.0981878374516964,0.0969143016636371
ai2d,m3,500,500,False,42,VCPS-5D (Our Method),12.155097687660644,7.084901020840384,0.649053263546798,0.2311957360389632,0.1215509768766064,0.0708490102084038
ai2d,m3,500,500,False,43,Naive Confidence (NC),41.999016251541335,41.99901625154132,0.6142882799671593,0.4199892636236126,0.4199901625154133,0.4199901625154132
ai2d,m3,500,500,False,43,Temperature Scaling (TS),12.183677193205748,8.617470142125832,0.6142882799671593,0.2476932132864101,0.1218367719320574,0.0861747014212583
ai2d,m3,500,500,False,43,Platt Scaling (1D),7.662433314399167,5.361055888259912,0.6142882799671593,0.2366790195918607,0.0766243331439916,0.0536105588825991
ai2d,m3,500,500,False,43,Trajectory Platt (5D),11.182982873171568,9.44063191488385,0.6640368431855501,0.2283380532238748,0.1118298287317156,0.0944063191488385
ai2d,m3,500,500,False,43,VCPS-5D (Our Method),11.575095333310813,8.110426427865857,0.6555444376026274,0.2290534208696706,0.1157509533331081,0.0811042642786585
ai2d,m3,500,500,False,44,Naive Confidence (NC),41.999016251541335,41.99901625154132,0.6142882799671593,0.4199892636236126,0.4199901625154133,0.4199901625154132
ai2d,m3,500,500,False,44,Temperature Scaling (TS),12.183677193205748,8.617470142125832,0.6142882799671593,0.2476932132864101,0.1218367719320574,0.0861747014212583
ai2d,m3,500,500,False,44,Platt Scaling (1D),7.655640721219536,5.208686541565596,0.6142882799671593,0.2367108157874434,0.0765564072121953,0.0520868654156559
ai2d,m3,500,500,False,44,Trajectory Platt (5D),10.107047829777,8.4704124070704,0.663690476190476,0.2287420609618657,0.10107047829777,0.084704124070704
ai2d,m3,500,500,False,44,VCPS-5D (Our Method),12.209365044000666,7.781614166141729,0.6537997742200328,0.2294447553776833,0.1220936504400066,0.0778161416614172
ai2d,m3,500,500,False,45,Naive Confidence (NC),41.999016251541335,41.99901625154132,0.6142882799671593,0.4199892636236126,0.4199901625154133,0.4199901625154132
ai2d,m3,500,500,False,45,Temperature Scaling (TS),12.183677193205748,8.617470142125832,0.6142882799671593,0.2476932132864101,0.1218367719320574,0.0861747014212583
ai2d,m3,500,500,False,45,Platt Scaling (1D),7.745586647932227,4.803647370427214,0.6142882799671593,0.2367593137471556,0.0774558664793222,0.0480364737042721
ai2d,m3,500,500,False,45,Trajectory Platt (5D),9.816948853433134,8.372818313539026,0.6637931034482759,0.228164188737077,0.0981694885343313,0.0837281831353902
ai2d,m3,500,500,False,45,VCPS-5D (Our Method),9.415124079458009,6.544899847372849,0.6525682471264368,0.2293451191206083,0.0941512407945801,0.0654489984737285
ai2d,m3,500,500,False,46,Naive Confidence (NC),41.999016251541335,41.99901625154132,0.6142882799671593,0.4199892636236126,0.4199901625154133,0.4199901625154132
ai2d,m3,500,500,False,46,Temperature Scaling (TS),12.183677193205748,8.617470142125832,0.6142882799671593,0.2476932132864101,0.1218367719320574,0.0861747014212583
ai2d,m3,500,500,False,46,Platt Scaling (1D),7.733510416106772,5.180871527708198,0.6142882799671593,0.2366997546760766,0.0773351041610677,0.0518087152770819
ai2d,m3,500,500,False,46,Trajectory Platt (5D),11.41852786764503,8.568252060562372,0.6617533866995073,0.2279551236111616,0.1141852786764503,0.0856825206056237
ai2d,m3,500,500,False,46,VCPS-5D (Our Method),8.300008402163357,6.721400497098955,0.6533636083743842,0.2285564513631884,0.0830000840216335,0.0672140049709895
ai2d,m3,1000,1000,False,42,Naive Confidence (NC),41.999016251541335,41.99901625154132,0.6142882799671593,0.4199892636236126,0.4199901625154133,0.4199901625154132
ai2d,m3,1000,1000,False,42,Temperature Scaling (TS),12.183677193205748,8.617470142125832,0.6142882799671593,0.2476932132864101,0.1218367719320574,0.0861747014212583
ai2d,m3,1000,1000,False,42,Platt Scaling (1D),7.727436898989202,4.368389128919085,0.6142882799671593,0.236979988162784,0.077274368989892,0.0436838912891908
ai2d,m3,1000,1000,False,42,Trajectory Platt (5D),10.913133088499311,8.559360031038524,0.6564424261083744,0.2303112558594273,0.1091313308849931,0.0855936003103852
ai2d,m3,1000,1000,False,42,VCPS-5D (Our Method),10.96813199674213,8.488682217096553,0.6518241995073892,0.2307192483785229,0.1096813199674213,0.0848868221709655
ai2d,m3,1000,1000,False,43,Naive Confidence (NC),41.999016251541335,41.99901625154132,0.6142882799671593,0.4199892636236126,0.4199901625154133,0.4199901625154132
ai2d,m3,1000,1000,False,43,Temperature Scaling (TS),12.183677193205748,8.617470142125832,0.6142882799671593,0.2476932132864101,0.1218367719320574,0.0861747014212583
ai2d,m3,1000,1000,False,43,Platt Scaling (1D),7.659649868000121,5.44787919639897,0.6142882799671593,0.236771640783958,0.0765964986800012,0.0544787919639897
ai2d,m3,1000,1000,False,43,Trajectory Platt (5D),10.428332313895226,9.74497471749783,0.6651272577996715,0.2281491528412218,0.1042833231389522,0.0974497471749782
ai2d,m3,1000,1000,False,43,VCPS-5D (Our Method),10.68082949830086,6.326360863647619,0.6539793719211822,0.2291058652491967,0.1068082949830086,0.0632636086364761
ai2d,m3,1000,1000,False,44,Naive Confidence (NC),41.999016251541335,41.99901625154132,0.6142882799671593,0.4199892636236126,0.4199901625154133,0.4199901625154132
ai2d,m3,1000,1000,False,44,Temperature Scaling (TS),12.183677193205748,8.617470142125832,0.6142882799671593,0.2476932132864101,0.1218367719320574,0.0861747014212583
ai2d,m3,1000,1000,False,44,Platt Scaling (1D),7.677324614293698,5.726771667607799,0.6142882799671593,0.2369650466304016,0.0767732461429369,0.0572677166760779
ai2d,m3,1000,1000,False,44,Trajectory Platt (5D),11.713054336607454,6.370956279337403,0.6598676108374385,0.2287688520385418,0.1171305433660745,0.063709562793374
ai2d,m3,1000,1000,False,44,VCPS-5D (Our Method),9.28328333459377,6.404845745771756,0.6527735016420362,0.2292817458289726,0.0928328333459377,0.0640484574577175
ai2d,m3,1000,1000,False,45,Naive Confidence (NC),41.999016251541335,41.99901625154132,0.6142882799671593,0.4199892636236126,0.4199901625154133,0.4199901625154132
ai2d,m3,1000,1000,False,45,Temperature Scaling (TS),12.183677193205748,8.617470142125832,0.6142882799671593,0.2476932132864101,0.1218367719320574,0.0861747014212583
ai2d,m3,1000,1000,False,45,Platt Scaling (1D),7.747963501236033,4.012635588960622,0.6142882799671593,0.2365758690583661,0.0774796350123603,0.0401263558896062
ai2d,m3,1000,1000,False,45,Trajectory Platt (5D),10.853798128664495,8.075098000466824,0.66561473727422,0.2278045128078132,0.1085379812866449,0.0807509800046682
ai2d,m3,1000,1000,False,45,VCPS-5D (Our Method),7.517070266362626,5.792199264948834,0.655287869458128,0.2287054182778411,0.0751707026636262,0.0579219926494883
ai2d,m3,1000,1000,False,46,Naive Confidence (NC),41.999016251541335,41.99901625154132,0.6142882799671593,0.4199892636236126,0.4199901625154133,0.4199901625154132
ai2d,m3,1000,1000,False,46,Temperature Scaling (TS),12.183677193205748,8.617470142125832,0.6142882799671593,0.2476932132864101,0.1218367719320574,0.0861747014212583
ai2d,m3,1000,1000,False,46,Platt Scaling (1D),7.725207458612496,4.86852731680854,0.6142882799671593,0.2367180972162992,0.0772520745861249,0.0486852731680854
ai2d,m3,1000,1000,False,46,Trajectory Platt (5D),11.22143917530775,7.547528289258482,0.6586873973727422,0.2285401139302467,0.1122143917530775,0.0754752828925848
ai2d,m3,1000,1000,False,46,VCPS-5D (Our Method),8.97126513267146,5.321576949355778,0.6520807676518883,0.2290002511937365,0.0897126513267146,0.0532157694935577
ai2d,m3,1500,1500,False,42,Naive Confidence (NC),41.999016251541335,41.99901625154132,0.6142882799671593,0.4199892636236126,0.4199901625154133,0.4199901625154132
ai2d,m3,1500,1500,False,42,Temperature Scaling (TS),12.183677193205748,8.617470142125832,0.6142882799671593,0.2476932132864101,0.1218367719320574,0.0861747014212583
ai2d,m3,1500,1500,False,42,Platt Scaling (1D),7.713453670586276,4.44374686501789,0.6142882799671593,0.2368673718569465,0.0771345367058627,0.0444374686501789
ai2d,m3,1500,1500,False,42,Trajectory Platt (5D),10.577659141272306,9.022789578884838,0.6614070197044335,0.2290032557333198,0.105776591412723,0.0902278957888483
ai2d,m3,1500,1500,False,42,VCPS-5D (Our Method),11.733814168381809,6.641099784395189,0.6534662356321839,0.2295280884237284,0.117338141683818,0.0664109978439519
ai2d,m3,1500,1500,False,43,Naive Confidence (NC),41.999016251541335,41.99901625154132,0.6142882799671593,0.4199892636236126,0.4199901625154133,0.4199901625154132
ai2d,m3,1500,1500,False,43,Temperature Scaling (TS),12.183677193205748,8.617470142125832,0.6142882799671593,0.2476932132864101,0.1218367719320574,0.0861747014212583
ai2d,m3,1500,1500,False,43,Platt Scaling (1D),7.727480827185548,4.855846417588557,0.6142882799671593,0.2367252261125983,0.0772748082718554,0.0485584641758855
ai2d,m3,1500,1500,False,43,Trajectory Platt (5D),10.843484602868555,9.351504974067211,0.6608425697865352,0.2289104532919012,0.1084348460286855,0.0935150497406721
ai2d,m3,1500,1500,False,43,VCPS-5D (Our Method),10.868404804286987,6.61070047800949,0.6515163177339901,0.229649055528521,0.1086840480428698,0.0661070047800949
ai2d,m3,1500,1500,False,44,Naive Confidence (NC),41.999016251541335,41.99901625154132,0.6142882799671593,0.4199892636236126,0.4199901625154133,0.4199901625154132
ai2d,m3,1500,1500,False,44,Temperature Scaling (TS),12.183677193205748,8.617470142125832,0.6142882799671593,0.2476932132864101,0.1218367719320574,0.0861747014212583
ai2d,m3,1500,1500,False,44,Platt Scaling (1D),7.698887524723,5.338495356235248,0.6142882799671593,0.2370397692728605,0.07698887524723,0.0533849535623524
ai2d,m3,1500,1500,False,44,Trajectory Platt (5D),10.320683982223274,8.257286231964828,0.6621510673234811,0.2289709786341475,0.1032068398222327,0.0825728623196482
ai2d,m3,1500,1500,False,44,VCPS-5D (Our Method),11.781102721932015,6.633287752026821,0.6518241995073892,0.2296612432731758,0.1178110272193201,0.0663328775202682
ai2d,m3,1500,1500,False,45,Naive Confidence (NC),41.999016251541335,41.99901625154132,0.6142882799671593,0.4199892636236126,0.4199901625154133,0.4199901625154132
ai2d,m3,1500,1500,False,45,Temperature Scaling (TS),12.183677193205748,8.617470142125832,0.6142882799671593,0.2476932132864101,0.1218367719320574,0.0861747014212583
ai2d,m3,1500,1500,False,45,Platt Scaling (1D),7.694256644862641,5.918180090414315,0.6142882799671593,0.237081525582022,0.0769425664486264,0.0591818009041431
ai2d,m3,1500,1500,False,45,Trajectory Platt (5D),10.156948886811737,8.692382253706457,0.6611632799671593,0.2288030948538703,0.1015694888681173,0.0869238225370645
ai2d,m3,1500,1500,False,45,VCPS-5D (Our Method),9.741533866535136,6.393345390440273,0.6530557266009851,0.2294293618077892,0.0974153386653513,0.0639334539044027
ai2d,m3,1500,1500,False,46,Naive Confidence (NC),41.999016251541335,41.99901625154132,0.6142882799671593,0.4199892636236126,0.4199901625154133,0.4199901625154132
ai2d,m3,1500,1500,False,46,Temperature Scaling (TS),12.183677193205748,8.617470142125832,0.6142882799671593,0.2476932132864101,0.1218367719320574,0.0861747014212583
ai2d,m3,1500,1500,False,46,Platt Scaling (1D),7.694084398490738,5.625360655228557,0.6142882799671593,0.237068294980027,0.0769408439849073,0.0562536065522855
ai2d,m3,1500,1500,False,46,Trajectory Platt (5D),10.838156305253504,7.100312121212483,0.6605090311986863,0.228678359021399,0.108381563052535,0.0710031212121248
ai2d,m3,1500,1500,False,46,VCPS-5D (Our Method),10.019249259564315,6.657644148222509,0.6532866379310345,0.2292493147615438,0.1001924925956431,0.0665764414822251
ai2d,m3,Full,1600,True,42,Naive Confidence (NC),41.999016251541335,41.99901625154132,0.6142882799671593,0.4199892636236126,0.4199901625154133,0.4199901625154132
ai2d,m3,Full,1600,True,42,Temperature Scaling (TS),12.183677193205748,8.617470142125832,0.6142882799671593,0.2476932132864101,0.1218367719320574,0.0861747014212583
ai2d,m3,Full,1600,True,42,Platt Scaling (1D),7.697978394803124,5.633874101381699,0.6142882799671593,0.2370488162569646,0.0769797839480312,0.0563387410138169
ai2d,m3,Full,1600,True,42,Trajectory Platt (5D),11.150942761451008,8.606517631560568,0.6613300492610839,0.228944201899559,0.11150942761451,0.0860651763156056
ai2d,m3,Full,1600,True,42,VCPS-5D (Our Method),10.769625283888107,6.420501344248756,0.6527735016420362,0.2295510636961181,0.1076962528388811,0.0642050134424875
ai2d,m3,Full,1600,True,43,Naive Confidence (NC),41.999016251541335,41.99901625154132,0.6142882799671593,0.4199892636236126,0.4199901625154133,0.4199901625154132
ai2d,m3,Full,1600,True,43,Temperature Scaling (TS),12.183677193205748,8.617470142125832,0.6142882799671593,0.2476932132864101,0.1218367719320574,0.0861747014212583
ai2d,m3,Full,1600,True,43,Platt Scaling (1D),7.697978394803124,5.633874101381699,0.6142882799671593,0.2370488162569646,0.0769797839480312,0.0563387410138169
ai2d,m3,Full,1600,True,43,Trajectory Platt (5D),11.150942761451008,8.606517631560568,0.6613300492610839,0.228944201899559,0.11150942761451,0.0860651763156056
ai2d,m3,Full,1600,True,43,VCPS-5D (Our Method),10.769625283888107,6.420501344248756,0.6527735016420362,0.2295510636961181,0.1076962528388811,0.0642050134424875
ai2d,m3,Full,1600,True,44,Naive Confidence (NC),41.999016251541335,41.99901625154132,0.6142882799671593,0.4199892636236126,0.4199901625154133,0.4199901625154132
ai2d,m3,Full,1600,True,44,Temperature Scaling (TS),12.183677193205748,8.617470142125832,0.6142882799671593,0.2476932132864101,0.1218367719320574,0.0861747014212583
ai2d,m3,Full,1600,True,44,Platt Scaling (1D),7.697978394803124,5.633874101381699,0.6142882799671593,0.2370488162569646,0.0769797839480312,0.0563387410138169
ai2d,m3,Full,1600,True,44,Trajectory Platt (5D),11.150942761451008,8.606517631560568,0.6613300492610839,0.228944201899559,0.11150942761451,0.0860651763156056
ai2d,m3,Full,1600,True,44,VCPS-5D (Our Method),10.769625283888107,6.420501344248756,0.6527735016420362,0.2295510636961181,0.1076962528388811,0.0642050134424875
ai2d,m3,Full,1600,True,45,Naive Confidence (NC),41.999016251541335,41.99901625154132,0.6142882799671593,0.4199892636236126,0.4199901625154133,0.4199901625154132
ai2d,m3,Full,1600,True,45,Temperature Scaling (TS),12.183677193205748,8.617470142125832,0.6142882799671593,0.2476932132864101,0.1218367719320574,0.0861747014212583
ai2d,m3,Full,1600,True,45,Platt Scaling (1D),7.697978394803124,5.633874101381699,0.6142882799671593,0.2370488162569646,0.0769797839480312,0.0563387410138169
ai2d,m3,Full,1600,True,45,Trajectory Platt (5D),11.150942761451008,8.606517631560568,0.6613300492610839,0.228944201899559,0.11150942761451,0.0860651763156056
ai2d,m3,Full,1600,True,45,VCPS-5D (Our Method),10.769625283888107,6.420501344248756,0.6527735016420362,0.2295510636961181,0.1076962528388811,0.0642050134424875
ai2d,m3,Full,1600,True,46,Naive Confidence (NC),41.999016251541335,41.99901625154132,0.6142882799671593,0.4199892636236126,0.4199901625154133,0.4199901625154132
ai2d,m3,Full,1600,True,46,Temperature Scaling (TS),12.183677193205748,8.617470142125832,0.6142882799671593,0.2476932132864101,0.1218367719320574,0.0861747014212583
ai2d,m3,Full,1600,True,46,Platt Scaling (1D),7.697978394803124,5.633874101381699,0.6142882799671593,0.2370488162569646,0.0769797839480312,0.0563387410138169
ai2d,m3,Full,1600,True,46,Trajectory Platt (5D),11.150942761451008,8.606517631560568,0.6613300492610839,0.228944201899559,0.11150942761451,0.0860651763156056
ai2d,m3,Full,1600,True,46,VCPS-5D (Our Method),10.769625283888107,6.420501344248756,0.6527735016420362,0.2295510636961181,0.1076962528388811,0.0642050134424875
chartqa,m3,50,50,False,42,Naive Confidence (NC),71.02881964776337,71.02881964776336,0.8071595994033667,0.6151007746587842,0.7102881964776336,0.7102881964776335
chartqa,m3,50,50,False,42,Temperature Scaling (TS),44.467392062085054,44.46739206208505,0.8071595994033667,0.2782103278546681,0.4446739206208505,0.4446739206208505
chartqa,m3,50,50,False,42,Platt Scaling (1D),5.705181835983304,6.083758528332094,0.8071595994033667,0.0813788245009865,0.057051818359833,0.0608375852833209
chartqa,m3,50,50,False,42,Trajectory Platt (5D),3.490420531015844,3.419812736101449,0.800056822217487,0.0747954433519324,0.0349042053101584,0.0341981273610144
chartqa,m3,50,50,False,42,VCPS-5D (Our Method),5.405124618583866,4.94346021497712,0.8082960437531074,0.0803160108263157,0.0540512461858386,0.0494346021497712
chartqa,m3,50,50,False,43,Naive Confidence (NC),71.02881964776337,71.02881964776336,0.8071595994033667,0.6151007746587842,0.7102881964776336,0.7102881964776335
chartqa,m3,50,50,False,43,Temperature Scaling (TS),44.467392062085054,44.46739206208505,0.8071595994033667,0.2782103278546681,0.4446739206208505,0.4446739206208505
chartqa,m3,50,50,False,43,Platt Scaling (1D),4.422125631077908,3.5553475787795885,0.8071595994033667,0.0760509546216775,0.044221256310779,0.0355534757877958
chartqa,m3,50,50,False,43,Trajectory Platt (5D),5.47315985057503,4.520026409998536,0.7757653242417785,0.0798062809461538,0.0547315985057502,0.0452002640999853
chartqa,m3,50,50,False,43,VCPS-5D (Our Method),4.953506592488995,4.804782381401088,0.8032530719511328,0.0802495889062396,0.0495350659248899,0.0480478238140108
chartqa,m3,50,50,False,44,Naive Confidence (NC),71.02881964776337,71.02881964776336,0.8071595994033667,0.6151007746587842,0.7102881964776336,0.7102881964776335
chartqa,m3,50,50,False,44,Temperature Scaling (TS),44.467392062085054,44.46739206208505,0.8071595994033667,0.2782103278546681,0.4446739206208505,0.4446739206208505
chartqa,m3,50,50,False,44,Platt Scaling (1D),5.392963588688936,3.8407989852813,0.8071595994033667,0.0792314040870337,0.0539296358868893,0.038407989852813
chartqa,m3,50,50,False,44,Trajectory Platt (5D),4.250655382638797,5.154561082134022,0.7659634917252646,0.0812780953432536,0.0425065538263879,0.0515456108213402
chartqa,m3,50,50,False,44,VCPS-5D (Our Method),5.89338694825411,5.638209355373523,0.8077988493500958,0.0800533588935022,0.0589338694825411,0.0563820935537352
chartqa,m3,50,50,False,45,Naive Confidence (NC),71.02881964776337,71.02881964776336,0.8071595994033667,0.6151007746587842,0.7102881964776336,0.7102881964776335
chartqa,m3,50,50,False,45,Temperature Scaling (TS),44.467392062085054,44.46739206208505,0.8071595994033667,0.2782103278546681,0.4446739206208505,0.4446739206208505
chartqa,m3,50,50,False,45,Platt Scaling (1D),3.958781568433344,2.472925941617246,0.8071595994033667,0.0755550127606419,0.0395878156843334,0.0247292594161724
chartqa,m3,50,50,False,45,Trajectory Platt (5D),5.577765071531758,3.287986798444763,0.7739896299453086,0.076042331798117,0.0557776507153175,0.0328798679844476
chartqa,m3,50,50,False,45,VCPS-5D (Our Method),3.730352163933105,3.412355413090462,0.8123446267490588,0.0734372397087289,0.037303521639331,0.0341235541309046
chartqa,m3,50,50,False,46,Naive Confidence (NC),71.02881964776337,71.02881964776336,0.8071595994033667,0.6151007746587842,0.7102881964776336,0.7102881964776335
chartqa,m3,50,50,False,46,Temperature Scaling (TS),44.467392062085054,44.46739206208505,0.8071595994033667,0.2782103278546681,0.4446739206208505,0.4446739206208505
chartqa,m3,50,50,False,46,Platt Scaling (1D),6.078057867073201,4.98999217589982,0.8071595994033667,0.0807886456418841,0.060780578670732,0.0498999217589982
chartqa,m3,50,50,False,46,Trajectory Platt (5D),3.948033112566919,5.074255916755647,0.8103558491370126,0.0761961717818208,0.0394803311256691,0.0507425591675564
chartqa,m3,50,50,False,46,VCPS-5D (Our Method),4.881059174093514,4.28587168702311,0.8112081823993181,0.0787902932705692,0.0488105917409351,0.0428587168702311
chartqa,m3,100,100,False,42,Naive Confidence (NC),71.02881964776337,71.02881964776336,0.8071595994033667,0.6151007746587842,0.7102881964776336,0.7102881964776335
chartqa,m3,100,100,False,42,Temperature Scaling (TS),44.467392062085054,44.46739206208505,0.8071595994033667,0.2782103278546681,0.4446739206208505,0.4446739206208505
chartqa,m3,100,100,False,42,Platt Scaling (1D),5.1636222810796815,5.405298684247429,0.8071595994033667,0.0793089841555911,0.0516362228107968,0.0540529868424742
chartqa,m3,100,100,False,42,Trajectory Platt (5D),5.1895558463293145,4.768813371949364,0.804247460757156,0.0781289228937359,0.0518955584632931,0.0476881337194936
chartqa,m3,100,100,False,42,VCPS-5D (Our Method),5.914524934801985,4.608967288853484,0.8071595994033668,0.0797275076493717,0.0591452493480198,0.0460896728885348
chartqa,m3,100,100,False,43,Naive Confidence (NC),71.02881964776337,71.02881964776336,0.8071595994033667,0.6151007746587842,0.7102881964776336,0.7102881964776335
chartqa,m3,100,100,False,43,Temperature Scaling (TS),44.467392062085054,44.46739206208505,0.8071595994033667,0.2782103278546681,0.4446739206208505,0.4446739206208505
chartqa,m3,100,100,False,43,Platt Scaling (1D),4.8664493769741535,4.343364690462178,0.8071595994033667,0.0768701980607336,0.0486644937697415,0.0434336469046217
chartqa,m3,100,100,False,43,Trajectory Platt (5D),6.2125285150832505,5.600173842220101,0.7408196604872506,0.085928034470298,0.0621252851508325,0.056001738422201
chartqa,m3,100,100,False,43,VCPS-5D (Our Method),5.455178720566675,4.474040615184373,0.7963633780808296,0.0823290487085916,0.0545517872056667,0.0447404061518437
chartqa,m3,100,100,False,44,Naive Confidence (NC),71.02881964776337,71.02881964776336,0.8071595994033667,0.6151007746587842,0.7102881964776336,0.7102881964776335
chartqa,m3,100,100,False,44,Temperature Scaling (TS),44.467392062085054,44.46739206208505,0.8071595994033667,0.2782103278546681,0.4446739206208505,0.4446739206208505
chartqa,m3,100,100,False,44,Platt Scaling (1D),6.030737445616858,4.542914807417719,0.8071595994033667,0.0812772311399225,0.0603073744561685,0.0454291480741771
chartqa,m3,100,100,False,44,Trajectory Platt (5D),6.419251640909351,4.892972178640776,0.7896867675261027,0.0815744752245913,0.0641925164090935,0.0489297217864077
chartqa,m3,100,100,False,44,VCPS-5D (Our Method),5.711864205054342,4.496629363941579,0.8109950990837417,0.0820065152652089,0.0571186420505434,0.0449662936394157
chartqa,m3,100,100,False,45,Naive Confidence (NC),71.02881964776337,71.02881964776336,0.8071595994033667,0.6151007746587842,0.7102881964776336,0.7102881964776335
chartqa,m3,100,100,False,45,Temperature Scaling (TS),44.467392062085054,44.46739206208505,0.8071595994033667,0.2782103278546681,0.4446739206208505,0.4446739206208505
chartqa,m3,100,100,False,45,Platt Scaling (1D),3.5161623018951738,2.270464118922747,0.8071595994033667,0.0751777129354544,0.0351616230189517,0.0227046411892274
chartqa,m3,100,100,False,45,Trajectory Platt (5D),4.73105653480161,3.424422197858803,0.7896867675261028,0.0807014156417642,0.0473105653480161,0.034244221978588
chartqa,m3,100,100,False,45,VCPS-5D (Our Method),3.605634670186381,2.386338592888278,0.8040343774415797,0.076266128695672,0.0360563467018638,0.0238633859288827
chartqa,m3,100,100,False,46,Naive Confidence (NC),71.02881964776337,71.02881964776336,0.8071595994033667,0.6151007746587842,0.7102881964776336,0.7102881964776335
chartqa,m3,100,100,False,46,Temperature Scaling (TS),44.467392062085054,44.46739206208505,0.8071595994033667,0.2782103278546681,0.4446739206208505,0.4446739206208505
chartqa,m3,100,100,False,46,Platt Scaling (1D),7.060504150601623,6.429831157718315,0.8071595994033667,0.0850359638018767,0.0706050415060162,0.0642983115771831
chartqa,m3,100,100,False,46,Trajectory Platt (5D),5.809350167837692,3.9720080368861086,0.8037502663541445,0.083481796702378,0.0580935016783769,0.039720080368861
chartqa,m3,100,100,False,46,VCPS-5D (Our Method),6.761985350802995,5.541164555518825,0.8076567938063783,0.0864141012453605,0.0676198535080299,0.0554116455551882
chartqa,m3,200,200,False,42,Naive Confidence (NC),71.02881964776337,71.02881964776336,0.8071595994033667,0.6151007746587842,0.7102881964776336,0.7102881964776335
chartqa,m3,200,200,False,42,Temperature Scaling (TS),44.467392062085054,44.46739206208505,0.8071595994033667,0.2782103278546681,0.4446739206208505,0.4446739206208505
chartqa,m3,200,200,False,42,Platt Scaling (1D),4.672877522559621,4.080906905149457,0.8071595994033667,0.0775181707463348,0.0467287752255962,0.0408090690514945
chartqa,m3,200,200,False,42,Trajectory Platt (5D),3.0379938852274786,2.5421841706847768,0.8204417927409616,0.0755061992304824,0.0303799388522747,0.0254218417068477
chartqa,m3,200,200,False,42,VCPS-5D (Our Method),4.09028796308567,4.181155141170495,0.8088642659279778,0.0764917534790814,0.0409028796308566,0.0418115514117049
chartqa,m3,200,200,False,43,Naive Confidence (NC),71.02881964776337,71.02881964776336,0.8071595994033667,0.6151007746587842,0.7102881964776336,0.7102881964776335
chartqa,m3,200,200,False,43,Temperature Scaling (TS),44.467392062085054,44.46739206208505,0.8071595994033667,0.2782103278546681,0.4446739206208505,0.4446739206208505
chartqa,m3,200,200,False,43,Platt Scaling (1D),4.12406893895055,3.1618649791926328,0.8071595994033667,0.0757049928028348,0.0412406893895054,0.0316186497919263
chartqa,m3,200,200,False,43,Trajectory Platt (5D),5.01600787579082,5.623704354045913,0.753604659421834,0.0815362487616267,0.0501600787579082,0.0562370435404591
chartqa,m3,200,200,False,43,VCPS-5D (Our Method),3.27716301180939,3.56557933739451,0.8064493216847787,0.0757351568690447,0.0327716301180939,0.0356557933739451
chartqa,m3,200,200,False,44,Naive Confidence (NC),71.02881964776337,71.02881964776336,0.8071595994033667,0.6151007746587842,0.7102881964776336,0.7102881964776335
chartqa,m3,200,200,False,44,Temperature Scaling (TS),44.467392062085054,44.46739206208505,0.8071595994033667,0.2782103278546681,0.4446739206208505,0.4446739206208505
chartqa,m3,200,200,False,44,Platt Scaling (1D),5.489619247451901,4.062210889385419,0.8071595994033667,0.0791779008178097,0.054896192474519,0.0406221088938541
chartqa,m3,200,200,False,44,Trajectory Platt (5D),5.274317283183335,4.1340988809242845,0.7728531855955678,0.0809431330061021,0.0527431728318333,0.0413409888092428
chartqa,m3,200,200,False,44,VCPS-5D (Our Method),6.024781491592399,4.926318949465837,0.8113502379430357,0.0798694299633563,0.0602478149159239,0.0492631894946583
chartqa,m3,200,200,False,45,Naive Confidence (NC),71.02881964776337,71.02881964776336,0.8071595994033667,0.6151007746587842,0.7102881964776336,0.7102881964776335
chartqa,m3,200,200,False,45,Temperature Scaling (TS),44.467392062085054,44.46739206208505,0.8071595994033667,0.2782103278546681,0.4446739206208505,0.4446739206208505
chartqa,m3,200,200,False,45,Platt Scaling (1D),3.254675599420092,2.8426118208663613,0.8071595994033667,0.075053367168218,0.0325467559942009,0.0284261182086636
chartqa,m3,200,200,False,45,Trajectory Platt (5D),4.393576645641588,3.518554289476016,0.7870587399673272,0.0808610059337112,0.0439357664564158,0.0351855428947601
chartqa,m3,200,200,False,45,VCPS-5D (Our Method),3.81593721342987,3.514252093281008,0.8033951274948505,0.0767856213898816,0.0381593721342987,0.03514252093281
chartqa,m3,200,200,False,46,Naive Confidence (NC),71.02881964776337,71.02881964776336,0.8071595994033667,0.6151007746587842,0.7102881964776336,0.7102881964776335
chartqa,m3,200,200,False,46,Temperature Scaling (TS),44.467392062085054,44.46739206208505,0.8071595994033667,0.2782103278546681,0.4446739206208505,0.4446739206208505
chartqa,m3,200,200,False,46,Platt Scaling (1D),4.051737001622303,3.2942410349443265,0.8071595994033667,0.0761470734360576,0.040517370016223,0.0329424103494432
chartqa,m3,200,200,False,46,Trajectory Platt (5D),3.84043710376136,4.431170295691119,0.8127707933802116,0.0762484199780758,0.0384043710376136,0.0443117029569111
chartqa,m3,200,200,False,46,VCPS-5D (Our Method),4.297884964711917,5.035363209623702,0.8061652105973435,0.0771206060798882,0.0429788496471191,0.050353632096237
chartqa,m3,500,500,False,42,Naive Confidence (NC),71.02881964776337,71.02881964776336,0.8071595994033667,0.6151007746587842,0.7102881964776336,0.7102881964776335
chartqa,m3,500,500,False,42,Temperature Scaling (TS),44.467392062085054,44.46739206208505,0.8071595994033667,0.2782103278546681,0.4446739206208505,0.4446739206208505
chartqa,m3,500,500,False,42,Platt Scaling (1D),3.423393997825145,3.342358774186186,0.8071595994033667,0.0752323159442923,0.0342339399782514,0.0334235877418618
chartqa,m3,500,500,False,42,Trajectory Platt (5D),4.103530554100872,3.541006325744093,0.8073016549470844,0.0793849504098024,0.0410353055410087,0.0354100632574409
chartqa,m3,500,500,False,42,VCPS-5D (Our Method),3.655788744918444,4.918982357605457,0.8054549328787556,0.0762930786069366,0.0365578874491844,0.0491898235760545
chartqa,m3,500,500,False,43,Naive Confidence (NC),71.02881964776337,71.02881964776336,0.8071595994033667,0.6151007746587842,0.7102881964776336,0.7102881964776335
chartqa,m3,500,500,False,43,Temperature Scaling (TS),44.467392062085054,44.46739206208505,0.8071595994033667,0.2782103278546681,0.4446739206208505,0.4446739206208505
chartqa,m3,500,500,False,43,Platt Scaling (1D),3.1687408022175205,2.458537369708714,0.8071595994033667,0.0750573666850432,0.0316874080221752,0.0245853736970871
chartqa,m3,500,500,False,43,Trajectory Platt (5D),2.9120181757025425,1.2468267004005609,0.7956531003622417,0.0762371138591332,0.0291201817570254,0.0124682670040056
chartqa,m3,500,500,False,43,VCPS-5D (Our Method),3.3994878031121347,1.840374208845763,0.8064493216847788,0.0752007814284284,0.0339948780311213,0.0184037420884576
chartqa,m3,500,500,False,44,Naive Confidence (NC),71.02881964776337,71.02881964776336,0.8071595994033667,0.6151007746587842,0.7102881964776336,0.7102881964776335
chartqa,m3,500,500,False,44,Temperature Scaling (TS),44.467392062085054,44.46739206208505,0.8071595994033667,0.2782103278546681,0.4446739206208505,0.4446739206208505
chartqa,m3,500,500,False,44,Platt Scaling (1D),3.7505167458081248,2.654225636232884,0.8071595994033667,0.0755513845777434,0.0375051674580812,0.0265422563623288
chartqa,m3,500,500,False,44,Trajectory Platt (5D),3.878721170127393,2.959741652943194,0.7862064067050216,0.0746336354956673,0.0387872117012739,0.0295974165294319
chartqa,m3,500,500,False,44,VCPS-5D (Our Method),3.7722481520132263,3.0041355965778416,0.8097165991902834,0.0744546348138155,0.0377224815201322,0.0300413559657784
chartqa,m3,500,500,False,45,Naive Confidence (NC),71.02881964776337,71.02881964776336,0.8071595994033667,0.6151007746587842,0.7102881964776336,0.7102881964776335
chartqa,m3,500,500,False,45,Temperature Scaling (TS),44.467392062085054,44.46739206208505,0.8071595994033667,0.2782103278546681,0.4446739206208505,0.4446739206208505
chartqa,m3,500,500,False,45,Platt Scaling (1D),4.151045225485948,3.284201033217625,0.8071595994033667,0.0759886468335445,0.0415104522548594,0.0328420103321762
chartqa,m3,500,500,False,45,Trajectory Platt (5D),3.328617439838126,2.340288105187938,0.798281127921017,0.07674864288405,0.0332861743983812,0.0234028810518793
chartqa,m3,500,500,False,45,VCPS-5D (Our Method),4.5911837396437845,3.44310247704109,0.8068044605440728,0.0761253182236144,0.0459118373964378,0.0344310247704109
chartqa,m3,500,500,False,46,Naive Confidence (NC),71.02881964776337,71.02881964776336,0.8071595994033667,0.6151007746587842,0.7102881964776336,0.7102881964776335
chartqa,m3,500,500,False,46,Temperature Scaling (TS),44.467392062085054,44.46739206208505,0.8071595994033667,0.2782103278546681,0.4446739206208505,0.4446739206208505
chartqa,m3,500,500,False,46,Platt Scaling (1D),3.588530399003594,3.1043824672079863,0.8071595994033667,0.07540074710252,0.0358853039900359,0.0310438246720798
chartqa,m3,500,500,False,46,Trajectory Platt (5D),4.765750930411741,5.318081469042227,0.8173165707791746,0.0765613235663172,0.0476575093041174,0.0531808146904222
chartqa,m3,500,500,False,46,VCPS-5D (Our Method),3.80563638121847,3.946484564926004,0.8069465160877902,0.0758929167773412,0.0380563638121847,0.03946484564926
chartqa,m3,1000,1000,False,42,Naive Confidence (NC),71.02881964776337,71.02881964776336,0.8071595994033667,0.6151007746587842,0.7102881964776336,0.7102881964776335
chartqa,m3,1000,1000,False,42,Temperature Scaling (TS),44.467392062085054,44.46739206208505,0.8071595994033667,0.2782103278546681,0.4446739206208505,0.4446739206208505
chartqa,m3,1000,1000,False,42,Platt Scaling (1D),3.963723817522655,3.610911666826605,0.8071595994033667,0.0758239148296885,0.0396372381752265,0.036109116668266
chartqa,m3,1000,1000,False,42,Trajectory Platt (5D),3.355906624579802,3.5847105525899683,0.8106399602244477,0.0775723825360489,0.033559066245798,0.0358471055258996
chartqa,m3,1000,1000,False,42,VCPS-5D (Our Method),4.3057368492084285,3.676924774389084,0.8075147382626606,0.0761523070225995,0.0430573684920842,0.0367692477438908
chartqa,m3,1000,1000,False,43,Naive Confidence (NC),71.02881964776337,71.02881964776336,0.8071595994033667,0.6151007746587842,0.7102881964776336,0.7102881964776335
chartqa,m3,1000,1000,False,43,Temperature Scaling (TS),44.467392062085054,44.46739206208505,0.8071595994033667,0.2782103278546681,0.4446739206208505,0.4446739206208505
chartqa,m3,1000,1000,False,43,Platt Scaling (1D),3.3031085522772035,2.806611999779656,0.8071595994033667,0.0750959677773425,0.033031085522772,0.0280661199977965
chartqa,m3,1000,1000,False,43,Trajectory Platt (5D),2.533360094064846,2.677763225743547,0.8060941828254847,0.0752074728652737,0.0253336009406484,0.0267776322574354
chartqa,m3,1000,1000,False,43,VCPS-5D (Our Method),3.2793081957735484,2.6606367337655765,0.8075147382626607,0.0751650001122422,0.0327930819577354,0.0266063673376557
chartqa,m3,1000,1000,False,44,Naive Confidence (NC),71.02881964776337,71.02881964776336,0.8071595994033667,0.6151007746587842,0.7102881964776336,0.7102881964776335
chartqa,m3,1000,1000,False,44,Temperature Scaling (TS),44.467392062085054,44.46739206208505,0.8071595994033667,0.2782103278546681,0.4446739206208505,0.4446739206208505
chartqa,m3,1000,1000,False,44,Platt Scaling (1D),3.531474836479401,3.439967167288404,0.8071595994033667,0.0753461512537128,0.035314748364794,0.034399671672884
chartqa,m3,1000,1000,False,44,Trajectory Platt (5D),2.9919619502034043,2.0631992055568844,0.8078698771219547,0.0750997359189157,0.029919619502034,0.0206319920555688
chartqa,m3,1000,1000,False,44,VCPS-5D (Our Method),4.086339336736765,2.6228870320248547,0.8079409048938134,0.0750489547974852,0.0408633933673676,0.0262288703202485
chartqa,m3,1000,1000,False,45,Naive Confidence (NC),71.02881964776337,71.02881964776336,0.8071595994033667,0.6151007746587842,0.7102881964776336,0.7102881964776335
chartqa,m3,1000,1000,False,45,Temperature Scaling (TS),44.467392062085054,44.46739206208505,0.8071595994033667,0.2782103278546681,0.4446739206208505,0.4446739206208505
chartqa,m3,1000,1000,False,45,Platt Scaling (1D),4.047749860255173,3.393238275043991,0.8071595994033667,0.0760391302848352,0.0404774986025517,0.0339323827504399
chartqa,m3,1000,1000,False,45,Trajectory Platt (5D),3.7923115164740007,2.3177574631990865,0.815114709851552,0.0769959347465966,0.03792311516474,0.0231775746319908
chartqa,m3,1000,1000,False,45,VCPS-5D (Our Method),4.100775171277691,3.2506942534436223,0.8075857660345195,0.076073170606206,0.0410077517127769,0.0325069425344362
chartqa,m3,1000,1000,False,46,Naive Confidence (NC),71.02881964776337,71.02881964776336,0.8071595994033667,0.6151007746587842,0.7102881964776336,0.7102881964776335
chartqa,m3,1000,1000,False,46,Temperature Scaling (TS),44.467392062085054,44.46739206208505,0.8071595994033667,0.2782103278546681,0.4446739206208505,0.4446739206208505
chartqa,m3,1000,1000,False,46,Platt Scaling (1D),3.373064706940242,3.03776435286574,0.8071595994033667,0.0751744695939594,0.0337306470694024,0.0303776435286574
chartqa,m3,1000,1000,False,46,Trajectory Platt (5D),3.072042054031044,3.628734331112355,0.8188791817600682,0.0757391876685653,0.0307204205403104,0.0362873433111235
chartqa,m3,1000,1000,False,46,VCPS-5D (Our Method),3.618844804555801,3.125841283552764,0.8070175438596491,0.0754577034036751,0.036188448045558,0.0312584128355276
chartqa,m3,1500,1500,False,42,Naive Confidence (NC),71.02881964776337,71.02881964776336,0.8071595994033667,0.6151007746587842,0.7102881964776336,0.7102881964776335
chartqa,m3,1500,1500,False,42,Temperature Scaling (TS),44.467392062085054,44.46739206208505,0.8071595994033667,0.2782103278546681,0.4446739206208505,0.4446739206208505
chartqa,m3,1500,1500,False,42,Platt Scaling (1D),3.5693811630887224,3.279241362329726,0.8071595994033667,0.0753923529706592,0.0356938116308872,0.0327924136232972
chartqa,m3,1500,1500,False,42,Trajectory Platt (5D),2.890889244852588,2.77913807774894,0.8177427374103275,0.0751599869741894,0.0289088924485258,0.0277913807774893
chartqa,m3,1500,1500,False,42,VCPS-5D (Our Method),4.0628764124286825,3.715827635406648,0.8076567938063783,0.0752391874115097,0.0406287641242868,0.0371582763540664
chartqa,m3,1500,1500,False,43,Naive Confidence (NC),71.02881964776337,71.02881964776336,0.8071595994033667,0.6151007746587842,0.7102881964776336,0.7102881964776335
chartqa,m3,1500,1500,False,43,Temperature Scaling (TS),44.467392062085054,44.46739206208505,0.8071595994033667,0.2782103278546681,0.4446739206208505,0.4446739206208505
chartqa,m3,1500,1500,False,43,Platt Scaling (1D),3.569611495060439,3.296604796514962,0.8071595994033667,0.0754034457044588,0.0356961149506043,0.0329660479651496
chartqa,m3,1500,1500,False,43,Trajectory Platt (5D),2.931820613332093,2.770319009199739,0.8190212373037858,0.0750396226904075,0.0293182061333209,0.0277031900919973
chartqa,m3,1500,1500,False,43,VCPS-5D (Our Method),4.056690139231665,3.4335769608700204,0.8079409048938134,0.075143059481658,0.0405669013923166,0.0343357696087002
chartqa,m3,1500,1500,False,44,Naive Confidence (NC),71.02881964776337,71.02881964776336,0.8071595994033667,0.6151007746587842,0.7102881964776336,0.7102881964776335
chartqa,m3,1500,1500,False,44,Temperature Scaling (TS),44.467392062085054,44.46739206208505,0.8071595994033667,0.2782103278546681,0.4446739206208505,0.4446739206208505
chartqa,m3,1500,1500,False,44,Platt Scaling (1D),3.548188985659119,3.486281509650952,0.8071595994033667,0.0753942591163999,0.0354818898565911,0.0348628150965095
chartqa,m3,1500,1500,False,44,Trajectory Platt (5D),2.9790429375134413,2.488731079269201,0.8173875985510334,0.0748400220787093,0.0297904293751344,0.024887310792692
chartqa,m3,1500,1500,False,44,VCPS-5D (Our Method),4.292540858515765,3.217983900734636,0.8080119326656722,0.0750356437434709,0.0429254085851576,0.0321798390073463
chartqa,m3,1500,1500,False,45,Naive Confidence (NC),71.02881964776337,71.02881964776336,0.8071595994033667,0.6151007746587842,0.7102881964776336,0.7102881964776335
chartqa,m3,1500,1500,False,45,Temperature Scaling (TS),44.467392062085054,44.46739206208505,0.8071595994033667,0.2782103278546681,0.4446739206208505,0.4446739206208505
chartqa,m3,1500,1500,False,45,Platt Scaling (1D),3.841930912805118,3.1105857569578927,0.8071595994033667,0.0756982096582526,0.0384193091280511,0.0311058575695789
chartqa,m3,1500,1500,False,45,Trajectory Platt (5D),3.226062193047255,2.92425454640761,0.814404432132964,0.075882997776054,0.0322606219304725,0.0292425454640761
chartqa,m3,1500,1500,False,45,VCPS-5D (Our Method),3.947254438443113,2.926292559919825,0.8081539882093899,0.0755324000146188,0.0394725443844311,0.0292629255991982
chartqa,m3,1500,1500,False,46,Naive Confidence (NC),71.02881964776337,71.02881964776336,0.8071595994033667,0.6151007746587842,0.7102881964776336,0.7102881964776335
chartqa,m3,1500,1500,False,46,Temperature Scaling (TS),44.467392062085054,44.46739206208505,0.8071595994033667,0.2782103278546681,0.4446739206208505,0.4446739206208505
chartqa,m3,1500,1500,False,46,Platt Scaling (1D),3.567524198786261,3.450401434658513,0.8071595994033667,0.0753879300737049,0.0356752419878626,0.0345040143465851
chartqa,m3,1500,1500,False,46,Trajectory Platt (5D),3.1869413815438743,3.9239884344860902,0.8200156261098089,0.0753522166356568,0.0318694138154387,0.0392398843448609
chartqa,m3,1500,1500,False,46,VCPS-5D (Our Method),4.065389112634656,3.553733550163808,0.8073016549470843,0.0752956227368206,0.0406538911263465,0.035537335501638
chartqa,m3,Full,1600,True,42,Naive Confidence (NC),71.02881964776337,71.02881964776336,0.8071595994033667,0.6151007746587842,0.7102881964776336,0.7102881964776335
chartqa,m3,Full,1600,True,42,Temperature Scaling (TS),44.467392062085054,44.46739206208505,0.8071595994033667,0.2782103278546681,0.4446739206208505,0.4446739206208505
chartqa,m3,Full,1600,True,42,Platt Scaling (1D),3.621487069936613,3.231294959109261,0.8071595994033667,0.0754568695051227,0.0362148706993661,0.0323129495910926
chartqa,m3,Full,1600,True,42,Trajectory Platt (5D),2.8844345258548856,3.308638752438128,0.8182399318133391,0.0751886832475444,0.0288443452585488,0.0330863875243812
chartqa,m3,Full,1600,True,42,VCPS-5D (Our Method),4.100255646519231,3.046040381241048,0.8074437104908018,0.0752550008091546,0.0410025564651923,0.0304604038124104
chartqa,m3,Full,1600,True,43,Naive Confidence (NC),71.02881964776337,71.02881964776336,0.8071595994033667,0.6151007746587842,0.7102881964776336,0.7102881964776335
chartqa,m3,Full,1600,True,43,Temperature Scaling (TS),44.467392062085054,44.46739206208505,0.8071595994033667,0.2782103278546681,0.4446739206208505,0.4446739206208505
chartqa,m3,Full,1600,True,43,Platt Scaling (1D),3.621487069936613,3.231294959109261,0.8071595994033667,0.0754568695051227,0.0362148706993661,0.0323129495910926
chartqa,m3,Full,1600,True,43,Trajectory Platt (5D),2.8844345258548856,3.308638752438128,0.8182399318133391,0.0751886832475444,0.0288443452585488,0.0330863875243812
chartqa,m3,Full,1600,True,43,VCPS-5D (Our Method),4.100255646519231,3.046040381241048,0.8074437104908018,0.0752550008091546,0.0410025564651923,0.0304604038124104
chartqa,m3,Full,1600,True,44,Naive Confidence (NC),71.02881964776337,71.02881964776336,0.8071595994033667,0.6151007746587842,0.7102881964776336,0.7102881964776335
chartqa,m3,Full,1600,True,44,Temperature Scaling (TS),44.467392062085054,44.46739206208505,0.8071595994033667,0.2782103278546681,0.4446739206208505,0.4446739206208505
chartqa,m3,Full,1600,True,44,Platt Scaling (1D),3.621487069936613,3.231294959109261,0.8071595994033667,0.0754568695051227,0.0362148706993661,0.0323129495910926
chartqa,m3,Full,1600,True,44,Trajectory Platt (5D),2.8844345258548856,3.308638752438128,0.8182399318133391,0.0751886832475444,0.0288443452585488,0.0330863875243812
chartqa,m3,Full,1600,True,44,VCPS-5D (Our Method),4.100255646519231,3.046040381241048,0.8074437104908018,0.0752550008091546,0.0410025564651923,0.0304604038124104
chartqa,m3,Full,1600,True,45,Naive Confidence (NC),71.02881964776337,71.02881964776336,0.8071595994033667,0.6151007746587842,0.7102881964776336,0.7102881964776335
chartqa,m3,Full,1600,True,45,Temperature Scaling (TS),44.467392062085054,44.46739206208505,0.8071595994033667,0.2782103278546681,0.4446739206208505,0.4446739206208505
chartqa,m3,Full,1600,True,45,Platt Scaling (1D),3.621487069936613,3.231294959109261,0.8071595994033667,0.0754568695051227,0.0362148706993661,0.0323129495910926
chartqa,m3,Full,1600,True,45,Trajectory Platt (5D),2.8844345258548856,3.308638752438128,0.8182399318133391,0.0751886832475444,0.0288443452585488,0.0330863875243812
chartqa,m3,Full,1600,True,45,VCPS-5D (Our Method),4.100255646519231,3.046040381241048,0.8074437104908018,0.0752550008091546,0.0410025564651923,0.0304604038124104
chartqa,m3,Full,1600,True,46,Naive Confidence (NC),71.02881964776337,71.02881964776336,0.8071595994033667,0.6151007746587842,0.7102881964776336,0.7102881964776335
chartqa,m3,Full,1600,True,46,Temperature Scaling (TS),44.467392062085054,44.46739206208505,0.8071595994033667,0.2782103278546681,0.4446739206208505,0.4446739206208505
chartqa,m3,Full,1600,True,46,Platt Scaling (1D),3.621487069936613,3.231294959109261,0.8071595994033667,0.0754568695051227,0.0362148706993661,0.0323129495910926
chartqa,m3,Full,1600,True,46,Trajectory Platt (5D),2.8844345258548856,3.308638752438128,0.8182399318133391,0.0751886832475444,0.0288443452585488,0.0330863875243812
chartqa,m3,Full,1600,True,46,VCPS-5D (Our Method),4.100255646519231,3.046040381241048,0.8074437104908018,0.0752550008091546,0.0410025564651923,0.0304604038124104
docvqa,m3,50,50,False,42,Naive Confidence (NC),74.56704132817687,74.56704132817687,0.8449680046538686,0.6430371250358768,0.7456704132817686,0.7456704132817686
docvqa,m3,50,50,False,42,Temperature Scaling (TS),48.88637476492044,48.886374764920426,0.8449680046538686,0.2795655946700819,0.4888637476492043,0.4888637476492042
docvqa,m3,50,50,False,42,Platt Scaling (1D),3.734051281081702,3.317434652908317,0.8449680046538686,0.0446630956634635,0.037340512810817,0.0331743465290831
docvqa,m3,50,50,False,42,Trajectory Platt (5D),2.694255135647836,1.973478196494398,0.8273705642815591,0.0411814035651185,0.0269425513564783,0.0197347819649439
docvqa,m3,50,50,False,42,VCPS-5D (Our Method),4.825089599736966,5.132949069113373,0.8298429319371727,0.0505723837930234,0.0482508959973696,0.0513294906911337
docvqa,m3,50,50,False,43,Naive Confidence (NC),74.56704132817687,74.56704132817687,0.8449680046538686,0.6430371250358768,0.7456704132817686,0.7456704132817686
docvqa,m3,50,50,False,43,Temperature Scaling (TS),48.88637476492044,48.886374764920426,0.8449680046538686,0.2795655946700819,0.4888637476492043,0.4888637476492042
docvqa,m3,50,50,False,43,Platt Scaling (1D),2.478252419241403,1.6906707156480325,0.8449680046538686,0.0407461568530011,0.024782524192414,0.0169067071564803
docvqa,m3,50,50,False,43,Trajectory Platt (5D),4.038463197881356,2.896317573031411,0.8142815590459569,0.0443297733841215,0.0403846319788135,0.0289631757303141
docvqa,m3,50,50,False,43,VCPS-5D (Our Method),10.91175953617232,11.903969289036404,0.8602385107620709,0.1164645559829379,0.1091175953617232,0.119039692890364
docvqa,m3,50,50,False,44,Naive Confidence (NC),74.56704132817687,74.56704132817687,0.8449680046538686,0.6430371250358768,0.7456704132817686,0.7456704132817686
docvqa,m3,50,50,False,44,Temperature Scaling (TS),48.88637476492044,48.886374764920426,0.8449680046538686,0.2795655946700819,0.4888637476492043,0.4888637476492042
docvqa,m3,50,50,False,44,Platt Scaling (1D),3.3785641852490973,0.779723967047536,0.8449680046538686,0.041263606682649,0.0337856418524909,0.0077972396704753
docvqa,m3,50,50,False,44,Trajectory Platt (5D),4.656767151975146,4.505908845150771,0.6217277486910995,0.0471204615247573,0.0465676715197514,0.0450590884515077
docvqa,m3,50,50,False,44,VCPS-5D (Our Method),6.048908566312836,6.021656595508594,0.8209714950552647,0.0625613064844679,0.0604890856631283,0.0602165659550859
docvqa,m3,50,50,False,45,Naive Confidence (NC),74.56704132817687,74.56704132817687,0.8449680046538686,0.6430371250358768,0.7456704132817686,0.7456704132817686
docvqa,m3,50,50,False,45,Temperature Scaling (TS),48.88637476492044,48.886374764920426,0.8449680046538686,0.2795655946700819,0.4888637476492043,0.4888637476492042
docvqa,m3,50,50,False,45,Platt Scaling (1D),2.6050514838576304,2.448131421934635,0.8449680046538686,0.0406169674630432,0.0260505148385763,0.0244813142193463
docvqa,m3,50,50,False,45,Trajectory Platt (5D),2.3350719560985453,1.651746723160613,0.8186445607911577,0.0411802129542536,0.0233507195609854,0.0165174672316061
docvqa,m3,50,50,False,45,VCPS-5D (Our Method),3.124625904192871,2.061270624482366,0.8200988947062245,0.0435795407960914,0.0312462590419287,0.0206127062448236
docvqa,m3,50,50,False,46,Naive Confidence (NC),74.56704132817687,74.56704132817687,0.8449680046538686,0.6430371250358768,0.7456704132817686,0.7456704132817686
docvqa,m3,50,50,False,46,Temperature Scaling (TS),48.88637476492044,48.886374764920426,0.8449680046538686,0.2795655946700819,0.4888637476492043,0.4888637476492042
docvqa,m3,50,50,False,46,Platt Scaling (1D),2.576779166343101,3.358824985925969,0.8449680046538686,0.0421039808067712,0.025767791663431,0.0335882498592596
docvqa,m3,50,50,False,46,Trajectory Platt (5D),2.9712854225622323,2.660612772687728,0.7974112856311809,0.0390070655154982,0.0297128542256223,0.0266061277268772
docvqa,m3,50,50,False,46,VCPS-5D (Our Method),5.026304410001017,5.986794841498598,0.8583478766724839,0.0589361094432566,0.0502630441000101,0.0598679484149859
docvqa,m3,100,100,False,42,Naive Confidence (NC),74.56704132817687,74.56704132817687,0.8449680046538686,0.6430371250358768,0.7456704132817686,0.7456704132817686
docvqa,m3,100,100,False,42,Temperature Scaling (TS),48.88637476492044,48.886374764920426,0.8449680046538686,0.2795655946700819,0.4888637476492043,0.4888637476492042
docvqa,m3,100,100,False,42,Platt Scaling (1D),5.317671074306468,4.601848400375804,0.8449680046538686,0.0529908379804578,0.0531767107430646,0.046018484003758
docvqa,m3,100,100,False,42,Trajectory Platt (5D),4.0585685421374365,3.544621124618061,0.8230075625363583,0.0483139269556503,0.0405856854213743,0.0354462112461806
docvqa,m3,100,100,False,42,VCPS-5D (Our Method),7.309610231161917,6.986121274374549,0.8295520651541594,0.0688789256741564,0.0730961023116191,0.0698612127437454
docvqa,m3,100,100,False,43,Naive Confidence (NC),74.56704132817687,74.56704132817687,0.8449680046538686,0.6430371250358768,0.7456704132817686,0.7456704132817686
docvqa,m3,100,100,False,43,Temperature Scaling (TS),48.88637476492044,48.886374764920426,0.8449680046538686,0.2795655946700819,0.4888637476492043,0.4888637476492042
docvqa,m3,100,100,False,43,Platt Scaling (1D),2.9654387833750078,2.9914289609258864,0.8449680046538686,0.0416208848014317,0.02965438783375,0.0299142896092588
docvqa,m3,100,100,False,43,Trajectory Platt (5D),1.4211809896951306,0.9473217112099518,0.8688190808609657,0.0381396967018081,0.0142118098969513,0.0094732171120995
docvqa,m3,100,100,False,43,VCPS-5D (Our Method),1.608260940290985,1.7175498884666254,0.8715823152995927,0.0411182587295742,0.0160826094029098,0.0171754988846662
docvqa,m3,100,100,False,44,Naive Confidence (NC),74.56704132817687,74.56704132817687,0.8449680046538686,0.6430371250358768,0.7456704132817686,0.7456704132817686
docvqa,m3,100,100,False,44,Temperature Scaling (TS),48.88637476492044,48.886374764920426,0.8449680046538686,0.2795655946700819,0.4888637476492043,0.4888637476492042
docvqa,m3,100,100,False,44,Platt Scaling (1D),2.7453905130336,3.166890711223892,0.8449680046538686,0.0404001142443874,0.0274539051303359,0.0316689071122389
docvqa,m3,100,100,False,44,Trajectory Platt (5D),5.170297217402095,4.550000801529222,0.8173356602675974,0.0522920727952732,0.0517029721740209,0.0455000080152922
docvqa,m3,100,100,False,44,VCPS-5D (Our Method),4.42158481048763,3.896588101110112,0.870564281559046,0.0462548871736526,0.0442158481048763,0.0389658810111011
docvqa,m3,100,100,False,45,Naive Confidence (NC),74.56704132817687,74.56704132817687,0.8449680046538686,0.6430371250358768,0.7456704132817686,0.7456704132817686
docvqa,m3,100,100,False,45,Temperature Scaling (TS),48.88637476492044,48.886374764920426,0.8449680046538686,0.2795655946700819,0.4888637476492043,0.4888637476492042
docvqa,m3,100,100,False,45,Platt Scaling (1D),2.5900267426069647,2.2408498821424634,0.8449680046538686,0.0405076894247732,0.0259002674260696,0.0224084988214246
docvqa,m3,100,100,False,45,Trajectory Platt (5D),2.2779637943312987,2.125799738831119,0.8390052356020943,0.0418972126405759,0.0227796379433129,0.0212579973883111
docvqa,m3,100,100,False,45,VCPS-5D (Our Method),2.299954990029497,2.59263078819644,0.8592204770215242,0.0400252743846849,0.0229995499002949,0.0259263078819644
docvqa,m3,100,100,False,46,Naive Confidence (NC),74.56704132817687,74.56704132817687,0.8449680046538686,0.6430371250358768,0.7456704132817686,0.7456704132817686
docvqa,m3,100,100,False,46,Temperature Scaling (TS),48.88637476492044,48.886374764920426,0.8449680046538686,0.2795655946700819,0.4888637476492043,0.4888637476492042
docvqa,m3,100,100,False,46,Platt Scaling (1D),3.3535983252986146,1.9656454674665769,0.8449680046538686,0.0411049007825553,0.0335359832529861,0.0196564546746657
docvqa,m3,100,100,False,46,Trajectory Platt (5D),2.8838047527387967,2.8540790042461595,0.7529086678301338,0.0408253937012052,0.0288380475273879,0.0285407900424615
docvqa,m3,100,100,False,46,VCPS-5D (Our Method),2.757321019792905,1.9391418806888492,0.87434554973822,0.0394931002266439,0.027573210197929,0.0193914188068884
docvqa,m3,200,200,False,42,Naive Confidence (NC),74.56704132817687,74.56704132817687,0.8449680046538686,0.6430371250358768,0.7456704132817686,0.7456704132817686
docvqa,m3,200,200,False,42,Temperature Scaling (TS),48.88637476492044,48.886374764920426,0.8449680046538686,0.2795655946700819,0.4888637476492043,0.4888637476492042
docvqa,m3,200,200,False,42,Platt Scaling (1D),2.7475131376662785,1.9486936543708404,0.8449680046538686,0.0413462173788492,0.0274751313766627,0.0194869365437084
docvqa,m3,200,200,False,42,Trajectory Platt (5D),2.53299545533082,2.6026386410085247,0.8768179173938336,0.038450302929541,0.0253299545533082,0.0260263864100852
docvqa,m3,200,200,False,42,VCPS-5D (Our Method),2.939242639673726,1.97057365603874,0.8551483420593368,0.040950523538351,0.0293924263967372,0.0197057365603874
docvqa,m3,200,200,False,43,Naive Confidence (NC),74.56704132817687,74.56704132817687,0.8449680046538686,0.6430371250358768,0.7456704132817686,0.7456704132817686
docvqa,m3,200,200,False,43,Temperature Scaling (TS),48.88637476492044,48.886374764920426,0.8449680046538686,0.2795655946700819,0.4888637476492043,0.4888637476492042
docvqa,m3,200,200,False,43,Platt Scaling (1D),2.6443862168040804,2.798873078022428,0.8449680046538686,0.0408435079220053,0.0264438621680408,0.0279887307802242
docvqa,m3,200,200,False,43,Trajectory Platt (5D),1.3917697119431978,1.737645161887485,0.8538394415357766,0.0386622573083322,0.0139176971194319,0.0173764516188748
docvqa,m3,200,200,False,43,VCPS-5D (Our Method),1.7990725026098566,2.7906239287326917,0.8641652123327515,0.0411132027451746,0.0179907250260985,0.0279062392873269
docvqa,m3,200,200,False,44,Naive Confidence (NC),74.56704132817687,74.56704132817687,0.8449680046538686,0.6430371250358768,0.7456704132817686,0.7456704132817686
docvqa,m3,200,200,False,44,Temperature Scaling (TS),48.88637476492044,48.886374764920426,0.8449680046538686,0.2795655946700819,0.4888637476492043,0.4888637476492042
docvqa,m3,200,200,False,44,Platt Scaling (1D),3.307682681297999,3.422939179497108,0.8449680046538686,0.0408358348980051,0.0330768268129799,0.034229391794971
docvqa,m3,200,200,False,44,Trajectory Platt (5D),3.416524099120579,2.169868790013424,0.7559627690517743,0.0425103762059675,0.0341652409912057,0.0216986879001342
docvqa,m3,200,200,False,44,VCPS-5D (Our Method),2.888950855205327,2.5419307727692364,0.8627108784176847,0.0399709827461765,0.0288895085520532,0.0254193077276923
docvqa,m3,200,200,False,45,Naive Confidence (NC),74.56704132817687,74.56704132817687,0.8449680046538686,0.6430371250358768,0.7456704132817686,0.7456704132817686
docvqa,m3,200,200,False,45,Temperature Scaling (TS),48.88637476492044,48.886374764920426,0.8449680046538686,0.2795655946700819,0.4888637476492043,0.4888637476492042
docvqa,m3,200,200,False,45,Platt Scaling (1D),2.629383977876003,1.903729142875704,0.8449680046538686,0.0410596806695398,0.02629383977876,0.019037291428757
docvqa,m3,200,200,False,45,Trajectory Platt (5D),3.3173925505543598,3.068343369144714,0.8455497382198952,0.0436631737821154,0.0331739255055435,0.0306834336914471
docvqa,m3,200,200,False,45,VCPS-5D (Our Method),2.2531760390907207,2.0417162625136243,0.8660558464223386,0.0412389260625913,0.0225317603909072,0.0204171626251362
docvqa,m3,200,200,False,46,Naive Confidence (NC),74.56704132817687,74.56704132817687,0.8449680046538686,0.6430371250358768,0.7456704132817686,0.7456704132817686
docvqa,m3,200,200,False,46,Temperature Scaling (TS),48.88637476492044,48.886374764920426,0.8449680046538686,0.2795655946700819,0.4888637476492043,0.4888637476492042
docvqa,m3,200,200,False,46,Platt Scaling (1D),2.362067301336493,2.5864729072697683,0.8449680046538686,0.0405023550920753,0.0236206730133649,0.0258647290726976
docvqa,m3,200,200,False,46,Trajectory Platt (5D),2.4773745106940623,1.853034460771596,0.8647469458987783,0.0393947499408812,0.0247737451069406,0.0185303446077159
docvqa,m3,200,200,False,46,VCPS-5D (Our Method),2.45349469367882,1.6036033279283777,0.8631471785922047,0.0404861911865979,0.0245349469367881,0.0160360332792837
docvqa,m3,500,500,False,42,Naive Confidence (NC),74.56704132817687,74.56704132817687,0.8449680046538686,0.6430371250358768,0.7456704132817686,0.7456704132817686
docvqa,m3,500,500,False,42,Temperature Scaling (TS),48.88637476492044,48.886374764920426,0.8449680046538686,0.2795655946700819,0.4888637476492043,0.4888637476492042
docvqa,m3,500,500,False,42,Platt Scaling (1D),2.67602473987242,2.0207975871675914,0.8449680046538686,0.0411476670783061,0.0267602473987242,0.0202079758716759
docvqa,m3,500,500,False,42,Trajectory Platt (5D),2.0716742205186165,1.6042480899704972,0.8913612565445027,0.0366276148405847,0.0207167422051861,0.0160424808997049
docvqa,m3,500,500,False,42,VCPS-5D (Our Method),2.348031970234113,1.6750070766185676,0.8646015125072717,0.0401682465095231,0.0234803197023411,0.0167500707661856
docvqa,m3,500,500,False,43,Naive Confidence (NC),74.56704132817687,74.56704132817687,0.8449680046538686,0.6430371250358768,0.7456704132817686,0.7456704132817686
docvqa,m3,500,500,False,43,Temperature Scaling (TS),48.88637476492044,48.886374764920426,0.8449680046538686,0.2795655946700819,0.4888637476492043,0.4888637476492042
docvqa,m3,500,500,False,43,Platt Scaling (1D),2.5675092827685333,2.795762338404617,0.8449680046538686,0.0403766982024722,0.0256750928276853,0.0279576233840461
docvqa,m3,500,500,False,43,Trajectory Platt (5D),2.0814235273574018,2.4855551419605035,0.8727457824316464,0.0374825472653224,0.020814235273574,0.024855551419605
docvqa,m3,500,500,False,43,VCPS-5D (Our Method),2.2022983538335104,1.989409480316839,0.8622745782431646,0.0396519359617833,0.0220229835383351,0.0198940948031683
docvqa,m3,500,500,False,44,Naive Confidence (NC),74.56704132817687,74.56704132817687,0.8449680046538686,0.6430371250358768,0.7456704132817686,0.7456704132817686
docvqa,m3,500,500,False,44,Temperature Scaling (TS),48.88637476492044,48.886374764920426,0.8449680046538686,0.2795655946700819,0.4888637476492043,0.4888637476492042
docvqa,m3,500,500,False,44,Platt Scaling (1D),2.6582306574443595,2.86213686263816,0.8449680046538686,0.0407900152217941,0.0265823065744435,0.0286213686263815
docvqa,m3,500,500,False,44,Trajectory Platt (5D),2.2736296040238813,1.666450283606537,0.8739092495636999,0.0382219996747008,0.0227362960402388,0.0166645028360653
docvqa,m3,500,500,False,44,VCPS-5D (Our Method),2.111078384503412,1.9225110460871917,0.8667830133798721,0.0401420825771406,0.0211107838450341,0.0192251104608719
docvqa,m3,500,500,False,45,Naive Confidence (NC),74.56704132817687,74.56704132817687,0.8449680046538686,0.6430371250358768,0.7456704132817686,0.7456704132817686
docvqa,m3,500,500,False,45,Temperature Scaling (TS),48.88637476492044,48.886374764920426,0.8449680046538686,0.2795655946700819,0.4888637476492043,0.4888637476492042
docvqa,m3,500,500,False,45,Platt Scaling (1D),2.6044750455856143,2.3481931826706144,0.8449680046538686,0.0409027471786407,0.0260447504558561,0.0234819318267061
docvqa,m3,500,500,False,45,Trajectory Platt (5D),2.690385268091632,2.756256241329538,0.8807446189645143,0.0387288411094791,0.0269038526809163,0.0275625624132953
docvqa,m3,500,500,False,45,VCPS-5D (Our Method),2.3554072676495705,2.2143529580783983,0.8711460151250727,0.0404806937707113,0.0235540726764957,0.0221435295807839
docvqa,m3,500,500,False,46,Naive Confidence (NC),74.56704132817687,74.56704132817687,0.8449680046538686,0.6430371250358768,0.7456704132817686,0.7456704132817686
docvqa,m3,500,500,False,46,Temperature Scaling (TS),48.88637476492044,48.886374764920426,0.8449680046538686,0.2795655946700819,0.4888637476492043,0.4888637476492042
docvqa,m3,500,500,False,46,Platt Scaling (1D),2.441982486006862,1.5716752089988653,0.8449680046538686,0.0405562476040525,0.0244198248600686,0.0157167520899886
docvqa,m3,500,500,False,46,Trajectory Platt (5D),1.5512235166970645,2.151474443497136,0.8835078534031413,0.038962278958694,0.0155122351669706,0.0215147444349713
docvqa,m3,500,500,False,46,VCPS-5D (Our Method),1.815437926670067,2.243888644237876,0.8615474112856312,0.0401547552183864,0.0181543792667006,0.0224388864423787
docvqa,m3,1000,1000,False,42,Naive Confidence (NC),74.56704132817687,74.56704132817687,0.8449680046538686,0.6430371250358768,0.7456704132817686,0.7456704132817686
docvqa,m3,1000,1000,False,42,Temperature Scaling (TS),48.88637476492044,48.886374764920426,0.8449680046538686,0.2795655946700819,0.4888637476492043,0.4888637476492042
docvqa,m3,1000,1000,False,42,Platt Scaling (1D),2.5039795829391776,2.6210505470926573,0.8449680046538686,0.0405035151486296,0.0250397958293917,0.0262105054709265
docvqa,m3,1000,1000,False,42,Trajectory Platt (5D),1.5651415477332191,2.1037205450993497,0.8662012798138452,0.0386562608366148,0.0156514154773321,0.0210372054509934
docvqa,m3,1000,1000,False,42,VCPS-5D (Our Method),1.8630948499996745,2.265534245579509,0.8621291448516579,0.0398902342553575,0.0186309484999967,0.022655342455795
docvqa,m3,1000,1000,False,43,Naive Confidence (NC),74.56704132817687,74.56704132817687,0.8449680046538686,0.6430371250358768,0.7456704132817686,0.7456704132817686
docvqa,m3,1000,1000,False,43,Temperature Scaling (TS),48.88637476492044,48.886374764920426,0.8449680046538686,0.2795655946700819,0.4888637476492043,0.4888637476492042
docvqa,m3,1000,1000,False,43,Platt Scaling (1D),2.504377345162633,2.354961010663679,0.8449680046538686,0.040455913126659,0.0250437734516263,0.0235496101066367
docvqa,m3,1000,1000,False,43,Trajectory Platt (5D),2.227891335642198,2.2439922750054397,0.8964514252472366,0.0368028452597358,0.0222789133564219,0.0224399227500543
docvqa,m3,1000,1000,False,43,VCPS-5D (Our Method),1.93273805085699,2.0736199988622506,0.8651832460732986,0.0397020085109051,0.0193273805085699,0.0207361999886225
docvqa,m3,1000,1000,False,44,Naive Confidence (NC),74.56704132817687,74.56704132817687,0.8449680046538686,0.6430371250358768,0.7456704132817686,0.7456704132817686
docvqa,m3,1000,1000,False,44,Temperature Scaling (TS),48.88637476492044,48.886374764920426,0.8449680046538686,0.2795655946700819,0.4888637476492043,0.4888637476492042
docvqa,m3,1000,1000,False,44,Platt Scaling (1D),2.6342693235844235,2.837606959494008,0.8449680046538686,0.040760031064197,0.0263426932358442,0.02837606959494
docvqa,m3,1000,1000,False,44,Trajectory Platt (5D),2.1469796584860887,1.6172160483838522,0.8832169866201279,0.0383009332601336,0.0214697965848608,0.0161721604838385
docvqa,m3,1000,1000,False,44,VCPS-5D (Our Method),2.098586539449097,2.432659393090018,0.8647469458987783,0.0402737880052906,0.0209858653944909,0.0243265939309001
docvqa,m3,1000,1000,False,45,Naive Confidence (NC),74.56704132817687,74.56704132817687,0.8449680046538686,0.6430371250358768,0.7456704132817686,0.7456704132817686
docvqa,m3,1000,1000,False,45,Temperature Scaling (TS),48.88637476492044,48.886374764920426,0.8449680046538686,0.2795655946700819,0.4888637476492043,0.4888637476492042
docvqa,m3,1000,1000,False,45,Platt Scaling (1D),2.5708851723735227,2.19856813687096,0.8449680046538686,0.0406582287862038,0.0257088517237352,0.0219856813687096
docvqa,m3,1000,1000,False,45,Trajectory Platt (5D),1.327392394567141,1.8900855285173748,0.882780686445608,0.0382136887390568,0.0132739239456714,0.0189008552851737
docvqa,m3,1000,1000,False,45,VCPS-5D (Our Method),1.8722775556600768,2.4630000402733945,0.8627108784176847,0.0400395157372369,0.0187227755566007,0.0246300004027339
docvqa,m3,1000,1000,False,46,Naive Confidence (NC),74.56704132817687,74.56704132817687,0.8449680046538686,0.6430371250358768,0.7456704132817686,0.7456704132817686
docvqa,m3,1000,1000,False,46,Temperature Scaling (TS),48.88637476492044,48.886374764920426,0.8449680046538686,0.2795655946700819,0.4888637476492043,0.4888637476492042
docvqa,m3,1000,1000,False,46,Platt Scaling (1D),2.471007832306393,2.458604732339819,0.8449680046538686,0.0404434377422758,0.0247100783230639,0.0245860473233981
docvqa,m3,1000,1000,False,46,Trajectory Platt (5D),2.0541871616733265,1.6573992844787424,0.8807446189645143,0.0387687406642515,0.0205418716167332,0.0165739928447874
docvqa,m3,1000,1000,False,46,VCPS-5D (Our Method),1.8023802253281545,2.670478155797703,0.8609656777196045,0.0399148969622688,0.0180238022532815,0.026704781557977
docvqa,m3,1500,1500,False,42,Naive Confidence (NC),74.56704132817687,74.56704132817687,0.8449680046538686,0.6430371250358768,0.7456704132817686,0.7456704132817686
docvqa,m3,1500,1500,False,42,Temperature Scaling (TS),48.88637476492044,48.886374764920426,0.8449680046538686,0.2795655946700819,0.4888637476492043,0.4888637476492042
docvqa,m3,1500,1500,False,42,Platt Scaling (1D),2.5324232671185696,2.1744679030327125,0.8449680046538686,0.0405232939835972,0.0253242326711856,0.0217446790303271
docvqa,m3,1500,1500,False,42,Trajectory Platt (5D),1.6691315682837744,2.350259279482998,0.8888888888888888,0.0377705495015591,0.0166913156828377,0.0235025927948299
docvqa,m3,1500,1500,False,42,VCPS-5D (Our Method),1.8828340067247813,2.229184432911456,0.8632926119837113,0.0398854930479086,0.0188283400672478,0.0222918443291145
docvqa,m3,1500,1500,False,43,Naive Confidence (NC),74.56704132817687,74.56704132817687,0.8449680046538686,0.6430371250358768,0.7456704132817686,0.7456704132817686
docvqa,m3,1500,1500,False,43,Temperature Scaling (TS),48.88637476492044,48.886374764920426,0.8449680046538686,0.2795655946700819,0.4888637476492043,0.4888637476492042
docvqa,m3,1500,1500,False,43,Platt Scaling (1D),2.508674040624764,2.3435905187697803,0.8449680046538686,0.0404451837906641,0.0250867404062476,0.0234359051876978
docvqa,m3,1500,1500,False,43,Trajectory Platt (5D),1.825762745691464,1.9462938753422352,0.8871436881908086,0.0378347299675527,0.0182576274569146,0.0194629387534223
docvqa,m3,1500,1500,False,43,VCPS-5D (Our Method),1.952833461510716,2.217226334792573,0.8635834787667248,0.0397869705158841,0.0195283346151071,0.0221722633479257
docvqa,m3,1500,1500,False,44,Naive Confidence (NC),74.56704132817687,74.56704132817687,0.8449680046538686,0.6430371250358768,0.7456704132817686,0.7456704132817686
docvqa,m3,1500,1500,False,44,Temperature Scaling (TS),48.88637476492044,48.886374764920426,0.8449680046538686,0.2795655946700819,0.4888637476492043,0.4888637476492042
docvqa,m3,1500,1500,False,44,Platt Scaling (1D),2.5205335996877034,2.6691490131585303,0.8449680046538686,0.0405048138667892,0.025205335996877,0.0266914901315853
docvqa,m3,1500,1500,False,44,Trajectory Platt (5D),1.732045530137839,1.899421624635579,0.8832169866201279,0.0378427040585231,0.0173204553013783,0.0189942162463557
docvqa,m3,1500,1500,False,44,VCPS-5D (Our Method),1.88947984986338,2.397751132671316,0.8638743455497382,0.0398663256185435,0.0188947984986338,0.0239775113267131
docvqa,m3,1500,1500,False,45,Naive Confidence (NC),74.56704132817687,74.56704132817687,0.8449680046538686,0.6430371250358768,0.7456704132817686,0.7456704132817686
docvqa,m3,1500,1500,False,45,Temperature Scaling (TS),48.88637476492044,48.886374764920426,0.8449680046538686,0.2795655946700819,0.4888637476492043,0.4888637476492042
docvqa,m3,1500,1500,False,45,Platt Scaling (1D),2.527600774467277,2.6664389992661044,0.8449680046538686,0.0404864276434106,0.0252760077446727,0.026664389992661
docvqa,m3,1500,1500,False,45,Trajectory Platt (5D),1.819607955490938,1.942275885579875,0.883653286794648,0.0378215726948294,0.0181960795549093,0.0194227588557987
docvqa,m3,1500,1500,False,45,VCPS-5D (Our Method),1.8920016618276907,2.231634299599592,0.8631471785922047,0.0398259498654806,0.0189200166182769,0.0223163429959959
docvqa,m3,1500,1500,False,46,Naive Confidence (NC),74.56704132817687,74.56704132817687,0.8449680046538686,0.6430371250358768,0.7456704132817686,0.7456704132817686
docvqa,m3,1500,1500,False,46,Temperature Scaling (TS),48.88637476492044,48.886374764920426,0.8449680046538686,0.2795655946700819,0.4888637476492043,0.4888637476492042
docvqa,m3,1500,1500,False,46,Platt Scaling (1D),2.49883446796999,2.371557692134449,0.8449680046538686,0.0404445790841284,0.0249883446796999,0.0237155769213444
docvqa,m3,1500,1500,False,46,Trajectory Platt (5D),2.384780959953787,1.9689756415609736,0.8928155904595695,0.0374641191808299,0.0238478095995378,0.0196897564156097
docvqa,m3,1500,1500,False,46,VCPS-5D (Our Method),1.9716242157805777,2.27074927298562,0.8635834787667247,0.0397753034283997,0.0197162421578057,0.0227074927298561
docvqa,m3,Full,1600,True,42,Naive Confidence (NC),74.56704132817687,74.56704132817687,0.8449680046538686,0.6430371250358768,0.7456704132817686,0.7456704132817686
docvqa,m3,Full,1600,True,42,Temperature Scaling (TS),48.88637476492044,48.886374764920426,0.8449680046538686,0.2795655946700819,0.4888637476492043,0.4888637476492042
docvqa,m3,Full,1600,True,42,Platt Scaling (1D),2.520666481352701,2.620430292575468,0.8449680046538686,0.0404660874680699,0.025206664813527,0.0262043029257546
docvqa,m3,Full,1600,True,42,Trajectory Platt (5D),1.8124417102371808,1.866713849682128,0.8875799883653287,0.0377092924260084,0.0181244171023718,0.0186671384968212
docvqa,m3,Full,1600,True,42,VCPS-5D (Our Method),1.926505807821487,2.216123733694004,0.8637289121582314,0.0398013136705677,0.0192650580782148,0.02216123733694
docvqa,m3,Full,1600,True,43,Naive Confidence (NC),74.56704132817687,74.56704132817687,0.8449680046538686,0.6430371250358768,0.7456704132817686,0.7456704132817686
docvqa,m3,Full,1600,True,43,Temperature Scaling (TS),48.88637476492044,48.886374764920426,0.8449680046538686,0.2795655946700819,0.4888637476492043,0.4888637476492042
docvqa,m3,Full,1600,True,43,Platt Scaling (1D),2.520666481352701,2.620430292575468,0.8449680046538686,0.0404660874680699,0.025206664813527,0.0262043029257546
docvqa,m3,Full,1600,True,43,Trajectory Platt (5D),1.8124417102371808,1.866713849682128,0.8875799883653287,0.0377092924260084,0.0181244171023718,0.0186671384968212
docvqa,m3,Full,1600,True,43,VCPS-5D (Our Method),1.926505807821487,2.216123733694004,0.8637289121582314,0.0398013136705677,0.0192650580782148,0.02216123733694
docvqa,m3,Full,1600,True,44,Naive Confidence (NC),74.56704132817687,74.56704132817687,0.8449680046538686,0.6430371250358768,0.7456704132817686,0.7456704132817686
docvqa,m3,Full,1600,True,44,Temperature Scaling (TS),48.88637476492044,48.886374764920426,0.8449680046538686,0.2795655946700819,0.4888637476492043,0.4888637476492042
docvqa,m3,Full,1600,True,44,Platt Scaling (1D),2.520666481352701,2.620430292575468,0.8449680046538686,0.0404660874680699,0.025206664813527,0.0262043029257546
docvqa,m3,Full,1600,True,44,Trajectory Platt (5D),1.8124417102371808,1.866713849682128,0.8875799883653287,0.0377092924260084,0.0181244171023718,0.0186671384968212
docvqa,m3,Full,1600,True,44,VCPS-5D (Our Method),1.926505807821487,2.216123733694004,0.8637289121582314,0.0398013136705677,0.0192650580782148,0.02216123733694
docvqa,m3,Full,1600,True,45,Naive Confidence (NC),74.56704132817687,74.56704132817687,0.8449680046538686,0.6430371250358768,0.7456704132817686,0.7456704132817686
docvqa,m3,Full,1600,True,45,Temperature Scaling (TS),48.88637476492044,48.886374764920426,0.8449680046538686,0.2795655946700819,0.4888637476492043,0.4888637476492042
docvqa,m3,Full,1600,True,45,Platt Scaling (1D),2.520666481352701,2.620430292575468,0.8449680046538686,0.0404660874680699,0.025206664813527,0.0262043029257546
docvqa,m3,Full,1600,True,45,Trajectory Platt (5D),1.8124417102371808,1.866713849682128,0.8875799883653287,0.0377092924260084,0.0181244171023718,0.0186671384968212
docvqa,m3,Full,1600,True,45,VCPS-5D (Our Method),1.926505807821487,2.216123733694004,0.8637289121582314,0.0398013136705677,0.0192650580782148,0.02216123733694
docvqa,m3,Full,1600,True,46,Naive Confidence (NC),74.56704132817687,74.56704132817687,0.8449680046538686,0.6430371250358768,0.7456704132817686,0.7456704132817686
docvqa,m3,Full,1600,True,46,Temperature Scaling (TS),48.88637476492044,48.886374764920426,0.8449680046538686,0.2795655946700819,0.4888637476492043,0.4888637476492042
docvqa,m3,Full,1600,True,46,Platt Scaling (1D),2.520666481352701,2.620430292575468,0.8449680046538686,0.0404660874680699,0.025206664813527,0.0262043029257546
docvqa,m3,Full,1600,True,46,Trajectory Platt (5D),1.8124417102371808,1.866713849682128,0.8875799883653287,0.0377092924260084,0.0181244171023718,0.0186671384968212
docvqa,m3,Full,1600,True,46,VCPS-5D (Our Method),1.926505807821487,2.216123733694004,0.8637289121582314,0.0398013136705677,0.0192650580782148,0.02216123733694
gqa,m3,50,50,False,42,Naive Confidence (NC),32.554075359702004,32.554075359702004,0.6829573934837093,0.3223305070184981,0.32554075359702,0.32554075359702
gqa,m3,50,50,False,42,Temperature Scaling (TS),10.9688766869477,9.133547439944882,0.6829573934837093,0.2082119388571624,0.109688766869477,0.0913354743994488
gqa,m3,50,50,False,42,Platt Scaling (1D),10.434359722449615,8.897841331542109,0.6829573934837093,0.2066512389962226,0.1043435972244961,0.0889784133154211
gqa,m3,50,50,False,42,Trajectory Platt (5D),8.23846427819808,7.7837792160280515,0.6931654980146997,0.2082885008660227,0.0823846427819808,0.0778377921602805
gqa,m3,50,50,False,42,VCPS-5D (Our Method),9.761617784171204,10.02728004347555,0.715299484666723,0.2049582685263627,0.097616177841712,0.1002728004347554
gqa,m3,50,50,False,43,Naive Confidence (NC),32.554075359702004,32.554075359702004,0.6829573934837093,0.3223305070184981,0.32554075359702,0.32554075359702
gqa,m3,50,50,False,43,Temperature Scaling (TS),10.993031037313846,9.54716187957725,0.6829573934837093,0.2082568870389491,0.1099303103731384,0.0954716187957724
gqa,m3,50,50,False,43,Platt Scaling (1D),7.478030732394942,4.608721713107968,0.6829573934837093,0.2002427071258423,0.0747803073239494,0.0460872171310796
gqa,m3,50,50,False,43,Trajectory Platt (5D),11.22516826755782,11.208024839232166,0.676973332206922,0.2155742585102357,0.1122516826755782,0.1120802483923216
gqa,m3,50,50,False,43,VCPS-5D (Our Method),11.991753443297448,10.164609036192534,0.6896173016811692,0.2129630399348953,0.1199175344329744,0.1016460903619253
gqa,m3,50,50,False,44,Naive Confidence (NC),32.554075359702004,32.554075359702004,0.6829573934837093,0.3223305070184981,0.32554075359702,0.32554075359702
gqa,m3,50,50,False,44,Temperature Scaling (TS),11.750664277434767,10.736984470985794,0.6829573934837093,0.2107496171788834,0.1175066427743476,0.1073698447098579
gqa,m3,50,50,False,44,Platt Scaling (1D),12.067716342242512,12.735822413213455,0.6829573934837093,0.2142374378926018,0.1206771634224251,0.1273582241321345
gqa,m3,50,50,False,44,Trajectory Platt (5D),14.056770374645335,11.55571704136287,0.6662724226296077,0.2209231392277174,0.1405677037464533,0.1155571704136287
gqa,m3,50,50,False,44,VCPS-5D (Our Method),13.398464065967666,14.621124971204766,0.7005716538537354,0.2171653045401553,0.1339846406596766,0.1462112497120476
gqa,m3,50,50,False,45,Naive Confidence (NC),32.554075359702004,32.554075359702004,0.6829573934837093,0.3223305070184981,0.32554075359702,0.32554075359702
gqa,m3,50,50,False,45,Temperature Scaling (TS),10.802988042556317,6.606170920886411,0.6829573934837093,0.208288158318201,0.1080298804255631,0.0660617092088641
gqa,m3,50,50,False,45,Platt Scaling (1D),8.022112286024642,7.044396264320968,0.6829573934837093,0.2003292390485793,0.0802211228602464,0.0704439626432096
gqa,m3,50,50,False,45,Trajectory Platt (5D),7.923091432079675,6.863484891131519,0.6868435132775759,0.2016351572181936,0.0792309143207967,0.0686348489113151
gqa,m3,50,50,False,45,VCPS-5D (Our Method),7.146755933736676,7.533995533247816,0.7049646588381066,0.1979839026148188,0.0714675593373667,0.0753399553324781
gqa,m3,50,50,False,46,Naive Confidence (NC),32.554075359702004,32.554075359702004,0.6829573934837093,0.3223305070184981,0.32554075359702,0.32554075359702
gqa,m3,50,50,False,46,Temperature Scaling (TS),11.05263450564672,11.374215537425762,0.6829573934837093,0.208419001834325,0.1105263450564671,0.1137421553742576
gqa,m3,50,50,False,46,Platt Scaling (1D),7.009858553789288,6.426001902687243,0.6829573934837093,0.2005396013193451,0.0700985855378928,0.0642600190268724
gqa,m3,50,50,False,46,Trajectory Platt (5D),12.799280295148495,11.662766667082904,0.6912787586944891,0.2142326484553567,0.1279928029514849,0.116627666670829
gqa,m3,50,50,False,46,VCPS-5D (Our Method),11.215726397916988,9.5622631390355,0.7072456421953761,0.2042693919946007,0.1121572639791698,0.095622631390355
gqa,m3,100,100,False,42,Naive Confidence (NC),32.554075359702004,32.554075359702004,0.6829573934837093,0.3223305070184981,0.32554075359702,0.32554075359702
gqa,m3,100,100,False,42,Temperature Scaling (TS),10.856368571727636,7.806631856139992,0.6829573934837093,0.2081822603848812,0.1085636857172763,0.0780663185613999
gqa,m3,100,100,False,42,Platt Scaling (1D),6.853439863888101,5.471418516011632,0.6829573934837093,0.1990643528099939,0.068534398638881,0.0547141851601163
gqa,m3,100,100,False,42,Trajectory Platt (5D),9.115414024330676,6.808174029923975,0.6904057897552871,0.207045518691187,0.0911541402433067,0.0680817402992397
gqa,m3,100,100,False,42,VCPS-5D (Our Method),5.100199964124378,4.430127007943,0.7127932190025625,0.1951927414644146,0.0510019996412437,0.0443012700794299
gqa,m3,100,100,False,43,Naive Confidence (NC),32.554075359702004,32.554075359702004,0.6829573934837093,0.3223305070184981,0.32554075359702,0.32554075359702
gqa,m3,100,100,False,43,Temperature Scaling (TS),10.99734836287536,9.22670736357082,0.6829573934837093,0.2082662238457813,0.1099734836287536,0.0922670736357082
gqa,m3,100,100,False,43,Platt Scaling (1D),6.553623818139505,7.071305320004889,0.6829573934837093,0.20018242571442,0.065536238181395,0.0707130532000488
gqa,m3,100,100,False,43,Trajectory Platt (5D),12.384856575160486,10.758241333990556,0.6712286333812059,0.2190673013810235,0.1238485657516048,0.1075824133399055
gqa,m3,100,100,False,43,VCPS-5D (Our Method),9.481566924241882,10.200487658813554,0.6992762805891133,0.2045077593954972,0.0948156692424188,0.1020048765881355
gqa,m3,100,100,False,44,Naive Confidence (NC),32.554075359702004,32.554075359702004,0.6829573934837093,0.3223305070184981,0.32554075359702,0.32554075359702
gqa,m3,100,100,False,44,Temperature Scaling (TS),10.756818262227288,7.506168851654136,0.6829573934837093,0.2084550974234333,0.1075681826222728,0.0750616885165413
gqa,m3,100,100,False,44,Platt Scaling (1D),7.016005552282246,6.9863035549402905,0.6829573934837093,0.1989738123108327,0.0701600555228224,0.0698630355494029
gqa,m3,100,100,False,44,Trajectory Platt (5D),10.920358424074946,8.934978547506034,0.6724958463574666,0.2056399057474958,0.1092035842407494,0.0893497854750603
gqa,m3,100,100,False,44,VCPS-5D (Our Method),7.254152547582636,5.864321384631992,0.7071330010419307,0.1946732299189292,0.0725415254758263,0.0586432138463199
gqa,m3,100,100,False,45,Naive Confidence (NC),32.554075359702004,32.554075359702004,0.6829573934837093,0.3223305070184981,0.32554075359702,0.32554075359702
gqa,m3,100,100,False,45,Temperature Scaling (TS),10.879099993066948,8.828049988368148,0.6829573934837093,0.2089282106571995,0.1087909999306694,0.0882804998836814
gqa,m3,100,100,False,45,Platt Scaling (1D),9.272711622899758,9.94611469912228,0.6829573934837093,0.2037658802456437,0.0927271162289975,0.0994611469912228
gqa,m3,100,100,False,45,Trajectory Platt (5D),9.647507760673763,8.090660776942968,0.7107234378080033,0.2004275290739827,0.0964750776067376,0.0809066077694296
gqa,m3,100,100,False,45,VCPS-5D (Our Method),8.737550834176018,8.539013915778757,0.7113852045844951,0.1999127165760438,0.0873755083417601,0.0853901391577875
gqa,m3,100,100,False,46,Naive Confidence (NC),32.554075359702004,32.554075359702004,0.6829573934837093,0.3223305070184981,0.32554075359702,0.32554075359702
gqa,m3,100,100,False,46,Temperature Scaling (TS),10.90271981694867,8.37019834807714,0.6829573934837093,0.2081562725597118,0.1090271981694867,0.0837019834807714
gqa,m3,100,100,False,46,Platt Scaling (1D),6.585626984604705,6.549851593548908,0.6829573934837093,0.1996943131766059,0.065856269846047,0.065498515935489
gqa,m3,100,100,False,46,Trajectory Platt (5D),9.545664736182516,10.310723015219992,0.6405339190673314,0.2203978442865199,0.0954566473618251,0.1031072301521999
gqa,m3,100,100,False,46,VCPS-5D (Our Method),4.622730980838073,4.001153444742654,0.6947424741629354,0.1978264671855131,0.0462273098083807,0.0400115344474265
gqa,m3,200,200,False,42,Naive Confidence (NC),32.554075359702004,32.554075359702004,0.6829573934837093,0.3223305070184981,0.32554075359702,0.32554075359702
gqa,m3,200,200,False,42,Temperature Scaling (TS),10.943319950442804,8.873274277735367,0.6829573934837093,0.2081783233285108,0.109433199504428,0.0887327427773536
gqa,m3,200,200,False,42,Platt Scaling (1D),6.412318535691081,5.474042369426388,0.6829573934837093,0.1997450301640828,0.0641231853569108,0.0547404236942638
gqa,m3,200,200,False,42,Trajectory Platt (5D),7.431915199384097,4.302728103473781,0.6889977753372195,0.1995996404785578,0.0743191519938409,0.0430272810347378
gqa,m3,200,200,False,42,VCPS-5D (Our Method),7.135716500294774,6.556057987843965,0.7101743121849567,0.1945360512578486,0.0713571650029477,0.0655605798784396
gqa,m3,200,200,False,43,Naive Confidence (NC),32.554075359702004,32.554075359702004,0.6829573934837093,0.3223305070184981,0.32554075359702,0.32554075359702
gqa,m3,200,200,False,43,Temperature Scaling (TS),10.827601082134557,7.137125042051793,0.6829573934837093,0.2082285320189823,0.1082760108213455,0.0713712504205179
gqa,m3,200,200,False,43,Platt Scaling (1D),7.477448197040229,7.135534254193098,0.6829573934837093,0.1993191841784401,0.0747744819704022,0.0713553425419309
gqa,m3,200,200,False,43,Trajectory Platt (5D),8.805140296739411,9.078605214876005,0.6877024020725973,0.2102394419989225,0.0880514029673941,0.09078605214876
gqa,m3,200,200,False,43,VCPS-5D (Our Method),8.704823330070967,8.206808641166546,0.7029934386528118,0.2009315556716654,0.0870482333007096,0.0820680864116654
gqa,m3,200,200,False,44,Naive Confidence (NC),32.554075359702004,32.554075359702004,0.6829573934837093,0.3223305070184981,0.32554075359702,0.32554075359702
gqa,m3,200,200,False,44,Temperature Scaling (TS),10.780340040765946,6.432071077896012,0.6829573934837093,0.2083606121134628,0.1078034004076594,0.0643207107789601
gqa,m3,200,200,False,44,Platt Scaling (1D),7.176905423216108,7.428661061038519,0.6829573934837093,0.1989387938020939,0.071769054232161,0.0742866106103851
gqa,m3,200,200,False,44,Trajectory Platt (5D),11.35680723330006,9.500972772482784,0.6968263355016756,0.201550400631198,0.1135680723330005,0.0950097277248278
gqa,m3,200,200,False,44,VCPS-5D (Our Method),7.945369256092373,7.590184020633065,0.7086254963250824,0.1945672024282502,0.0794536925609237,0.0759018402063306
gqa,m3,200,200,False,45,Naive Confidence (NC),32.554075359702004,32.554075359702004,0.6829573934837093,0.3223305070184981,0.32554075359702,0.32554075359702
gqa,m3,200,200,False,45,Temperature Scaling (TS),10.828239065393127,7.141087325677463,0.6829573934837093,0.2082272387011369,0.1082823906539312,0.0714108732567746
gqa,m3,200,200,False,45,Platt Scaling (1D),7.763474134159503,5.666826107987715,0.6829573934837093,0.1999318568368103,0.077634741341595,0.0566682610798771
gqa,m3,200,200,False,45,Trajectory Platt (5D),8.17787332367152,7.413140232674779,0.7096111064177297,0.2008961500580638,0.0817787332367152,0.0741314023267478
gqa,m3,200,200,False,45,VCPS-5D (Our Method),7.881860172674887,6.105938879178715,0.714736278899496,0.1956495807088114,0.0788186017267488,0.0610593887917871
gqa,m3,200,200,False,46,Naive Confidence (NC),32.554075359702004,32.554075359702004,0.6829573934837093,0.3223305070184981,0.32554075359702,0.32554075359702
gqa,m3,200,200,False,46,Temperature Scaling (TS),10.7564896805696,7.772860843091256,0.6829573934837093,0.2084565635167858,0.1075648968056959,0.0777286084309125
gqa,m3,200,200,False,46,Platt Scaling (1D),7.752209677574701,7.44680699349352,0.6829573934837093,0.1995634677936001,0.077522096775747,0.0744680699349352
gqa,m3,200,200,False,46,Trajectory Platt (5D),8.014523212113996,9.107347022494652,0.6927430936892794,0.2033666109416259,0.0801452321211399,0.0910734702249465
gqa,m3,200,200,False,46,VCPS-5D (Our Method),7.431824426295661,6.65634080438296,0.7018670271183577,0.1979631947729656,0.0743182442629566,0.0665634080438296
gqa,m3,500,500,False,42,Naive Confidence (NC),32.554075359702004,32.554075359702004,0.6829573934837093,0.3223305070184981,0.32554075359702,0.32554075359702
gqa,m3,500,500,False,42,Temperature Scaling (TS),10.853527170733187,7.624195882231937,0.6829573934837093,0.2081857591341614,0.1085352717073318,0.0762419588223193
gqa,m3,500,500,False,42,Platt Scaling (1D),6.839686703695325,6.230237359316944,0.6829573934837093,0.1992104296923896,0.0683968670369532,0.0623023735931694
gqa,m3,500,500,False,42,Trajectory Platt (5D),7.6033701486885565,4.942054960876704,0.7105403959336545,0.1976620224970599,0.0760337014868855,0.049420549608767
gqa,m3,500,500,False,42,VCPS-5D (Our Method),5.87142518675048,4.666133124176794,0.7144828363042437,0.1932296591630754,0.0587142518675048,0.0466613312417679
gqa,m3,500,500,False,43,Naive Confidence (NC),32.554075359702004,32.554075359702004,0.6829573934837093,0.3223305070184981,0.32554075359702,0.32554075359702
gqa,m3,500,500,False,43,Temperature Scaling (TS),10.857041577606765,7.64363345010475,0.6829573934837093,0.2081814651878659,0.1085704157760676,0.0764363345010475
gqa,m3,500,500,False,43,Platt Scaling (1D),6.879612104508559,5.960535423912732,0.6829573934837093,0.1989729750287696,0.0687961210450855,0.0596053542391273
gqa,m3,500,500,False,43,Trajectory Platt (5D),7.432765311095864,6.061236412730067,0.7021486300019713,0.20208456714565,0.0743276531109586,0.0606123641273006
gqa,m3,500,500,False,43,VCPS-5D (Our Method),5.091064174091327,5.381501345791688,0.7126805778491171,0.1939604366997329,0.0509106417409132,0.0538150134579168
gqa,m3,500,500,False,44,Naive Confidence (NC),32.554075359702004,32.554075359702004,0.6829573934837093,0.3223305070184981,0.32554075359702,0.32554075359702
gqa,m3,500,500,False,44,Temperature Scaling (TS),10.83456149359406,7.513461730091753,0.6829573934837093,0.208215090199097,0.1083456149359406,0.0751346173009175
gqa,m3,500,500,False,44,Platt Scaling (1D),6.974996597639111,7.193133134005018,0.6829573934837093,0.1989376548335219,0.0697499659763911,0.0719313313400501
gqa,m3,500,500,False,44,Trajectory Platt (5D),6.28592874109745,5.989419102668763,0.7020923094252486,0.1990029825690243,0.0628592874109745,0.0598941910266876
gqa,m3,500,500,False,44,VCPS-5D (Our Method),5.708419521985019,5.971667657137816,0.711863929486638,0.193884312568953,0.0570841952198501,0.0597166765713781
gqa,m3,500,500,False,45,Naive Confidence (NC),32.554075359702004,32.554075359702004,0.6829573934837093,0.3223305070184981,0.32554075359702,0.32554075359702
gqa,m3,500,500,False,45,Temperature Scaling (TS),10.84672344741507,8.252494065506436,0.6829573934837093,0.2081950750113563,0.1084672344741507,0.0825249406550643
gqa,m3,500,500,False,45,Platt Scaling (1D),6.974178630134549,6.865425861995861,0.6829573934837093,0.1989227445477799,0.0697417863013454,0.0686542586199586
gqa,m3,500,500,False,45,Trajectory Platt (5D),7.705276699736715,6.709019077941777,0.7032750415364253,0.200085335408903,0.0770527669973671,0.0670901907794177
gqa,m3,500,500,False,45,VCPS-5D (Our Method),6.896142758844482,5.430343984509714,0.7138069893835712,0.1934377006934762,0.0689614275884448,0.0543034398450971
gqa,m3,500,500,False,46,Naive Confidence (NC),32.554075359702004,32.554075359702004,0.6829573934837093,0.3223305070184981,0.32554075359702,0.32554075359702
gqa,m3,500,500,False,46,Temperature Scaling (TS),10.879304584108626,7.925591746460999,0.6829573934837093,0.208162235592398,0.1087930458410862,0.07925591746461
gqa,m3,500,500,False,46,Platt Scaling (1D),6.802055164559192,6.015983010415636,0.6829573934837093,0.199018635315835,0.0680205516455919,0.0601598301041563
gqa,m3,500,500,False,46,Trajectory Platt (5D),7.132222745567561,5.536369990557434,0.7091323815155867,0.1987248716781464,0.0713222274556756,0.0553636999055743
gqa,m3,500,500,False,46,VCPS-5D (Our Method),7.378550794429962,6.372305190644713,0.7156374081270593,0.1930830370411658,0.0737855079442996,0.0637230519064471
gqa,m3,1000,1000,False,42,Naive Confidence (NC),32.554075359702004,32.554075359702004,0.6829573934837093,0.3223305070184981,0.32554075359702,0.32554075359702
gqa,m3,1000,1000,False,42,Temperature Scaling (TS),10.848399777191922,7.762082482370423,0.6829573934837093,0.2081926559801975,0.1084839977719192,0.0776208248237042
gqa,m3,1000,1000,False,42,Platt Scaling (1D),6.852302422543315,5.934040116152919,0.6829573934837093,0.1991404361727581,0.0685230242254331,0.0593404011615291
gqa,m3,1000,1000,False,42,Trajectory Platt (5D),4.992645121179522,6.062391483224928,0.7074146039255442,0.1968560145396269,0.0499264512117952,0.0606239148322492
gqa,m3,1000,1000,False,42,VCPS-5D (Our Method),6.551791002177938,5.5311073066216805,0.7136380276534032,0.1933155262512328,0.0655179100217793,0.0553110730662168
gqa,m3,1000,1000,False,43,Naive Confidence (NC),32.554075359702004,32.554075359702004,0.6829573934837093,0.3223305070184981,0.32554075359702,0.32554075359702
gqa,m3,1000,1000,False,43,Temperature Scaling (TS),10.866521033587242,8.02725054181489,0.6829573934837093,0.2081716127191084,0.1086652103358724,0.0802725054181489
gqa,m3,1000,1000,False,43,Platt Scaling (1D),6.82173359787767,7.113781786030169,0.6829573934837093,0.1997843777273883,0.0682173359787767,0.0711378178603017
gqa,m3,1000,1000,False,43,Trajectory Platt (5D),6.68314596824348,5.27426243759692,0.7063867534003548,0.1982785627197225,0.0668314596824348,0.0527426243759692
gqa,m3,1000,1000,False,43,VCPS-5D (Our Method),6.67638943718104,5.447525901077432,0.7138914702486554,0.1935848035067372,0.0667638943718104,0.0544752590107743
gqa,m3,1000,1000,False,44,Naive Confidence (NC),32.554075359702004,32.554075359702004,0.6829573934837093,0.3223305070184981,0.32554075359702,0.32554075359702
gqa,m3,1000,1000,False,44,Temperature Scaling (TS),10.84322094078652,8.065204061218019,0.6829573934837093,0.2082003928782597,0.1084322094078652,0.0806520406121801
gqa,m3,1000,1000,False,44,Platt Scaling (1D),6.932418984421703,5.702036592567169,0.6829573934837093,0.1989762405634306,0.069324189844217,0.0570203659256716
gqa,m3,1000,1000,False,44,Trajectory Platt (5D),6.369784094393251,5.742128830403092,0.7070203598884852,0.1978839388187075,0.0636978409439325,0.0574212883040309
gqa,m3,1000,1000,False,44,VCPS-5D (Our Method),5.32241256540814,5.904879550547499,0.7130748218861762,0.1935682345072488,0.0532241256540814,0.0590487955054749
gqa,m3,1000,1000,False,45,Naive Confidence (NC),32.554075359702004,32.554075359702004,0.6829573934837093,0.3223305070184981,0.32554075359702,0.32554075359702
gqa,m3,1000,1000,False,45,Temperature Scaling (TS),10.89249824929784,8.156032905100652,0.6829573934837093,0.2081571287902473,0.1089249824929784,0.0815603290510065
gqa,m3,1000,1000,False,45,Platt Scaling (1D),6.703056842762881,5.524598284927721,0.6829573934837093,0.1991893547362314,0.0670305684276288,0.0552459828492772
gqa,m3,1000,1000,False,45,Trajectory Platt (5D),6.683912044391037,5.982709290459754,0.7028526372110051,0.2005606500997709,0.0668391204439103,0.0598270929045975
gqa,m3,1000,1000,False,45,VCPS-5D (Our Method),8.19114995043445,5.794597781183628,0.7143138745740757,0.1932615083270505,0.0819114995043445,0.0579459778118362
gqa,m3,1000,1000,False,46,Naive Confidence (NC),32.554075359702004,32.554075359702004,0.6829573934837093,0.3223305070184981,0.32554075359702,0.32554075359702
gqa,m3,1000,1000,False,46,Temperature Scaling (TS),10.814222312214936,6.103582143508,0.6829573934837093,0.2082585571699059,0.1081422231221493,0.06103582143508
gqa,m3,1000,1000,False,46,Platt Scaling (1D),7.039069868699621,7.12469823126954,0.6829573934837093,0.1989092459005788,0.0703906986869962,0.0712469823126954
gqa,m3,1000,1000,False,46,Trajectory Platt (5D),7.367672434076668,6.901409348472952,0.7076117259440737,0.1986141417150698,0.0736767243407666,0.0690140934847295
gqa,m3,1000,1000,False,46,VCPS-5D (Our Method),8.13480044423101,5.691536244361565,0.7154402861085298,0.1932297877836178,0.08134800444231,0.0569153624436156
gqa,m3,1500,1500,False,42,Naive Confidence (NC),32.554075359702004,32.554075359702004,0.6829573934837093,0.3223305070184981,0.32554075359702,0.32554075359702
gqa,m3,1500,1500,False,42,Temperature Scaling (TS),10.84782949835014,7.758850979411286,0.6829573934837093,0.2081934697949489,0.1084782949835013,0.0775885097941128
gqa,m3,1500,1500,False,42,Platt Scaling (1D),6.8829228718413615,5.736049278153022,0.6829573934837093,0.1990341957952292,0.0688292287184136,0.0573604927815302
gqa,m3,1500,1500,False,42,Trajectory Platt (5D),7.210255610756578,5.8910932959988696,0.7072597223395568,0.19768031746017,0.0721025561075657,0.0589109329599887
gqa,m3,1500,1500,False,42,VCPS-5D (Our Method),5.124592222122141,6.239876797882705,0.7133001041930669,0.1933978870293504,0.0512459222212214,0.062398767978827
gqa,m3,1500,1500,False,43,Naive Confidence (NC),32.554075359702004,32.554075359702004,0.6829573934837093,0.3223305070184981,0.32554075359702,0.32554075359702
gqa,m3,1500,1500,False,43,Temperature Scaling (TS),10.83736406276832,8.03035035306159,0.6829573934837093,0.2082100899155648,0.1083736406276832,0.0803035035306159
gqa,m3,1500,1500,False,43,Platt Scaling (1D),6.921165002231063,5.696331854344915,0.6829573934837093,0.1990394780800856,0.0692116500223106,0.0569633185434491
gqa,m3,1500,1500,False,43,Trajectory Platt (5D),7.503330294974149,6.223338532261549,0.7076539663766157,0.1971807701031983,0.0750333029497414,0.0622333853226154
gqa,m3,1500,1500,False,43,VCPS-5D (Our Method),5.0675935374299526,5.011028152580069,0.7133282644814283,0.1933910692348469,0.0506759353742995,0.0501102815258006
gqa,m3,1500,1500,False,44,Naive Confidence (NC),32.554075359702004,32.554075359702004,0.6829573934837093,0.3223305070184981,0.32554075359702,0.32554075359702
gqa,m3,1500,1500,False,44,Temperature Scaling (TS),10.853063562412398,7.621601742535517,0.6829573934837093,0.2081863517786122,0.1085306356241239,0.0762160174253551
gqa,m3,1500,1500,False,44,Platt Scaling (1D),6.857656188366755,5.9205682576366,0.6829573934837093,0.1991222847781732,0.0685765618836675,0.059205682576366
gqa,m3,1500,1500,False,44,Trajectory Platt (5D),6.223113137297332,5.672812757082286,0.7069077187350398,0.1975810612540364,0.0622311313729733,0.0567281275708228
gqa,m3,1500,1500,False,44,VCPS-5D (Our Method),7.228750689039648,5.945202374537104,0.7147644391878574,0.193260115111744,0.0722875068903964,0.059452023745371
gqa,m3,1500,1500,False,45,Naive Confidence (NC),32.554075359702004,32.554075359702004,0.6829573934837093,0.3223305070184981,0.32554075359702,0.32554075359702
gqa,m3,1500,1500,False,45,Temperature Scaling (TS),10.875797671079033,7.908184356655851,0.6829573934837093,0.2081643681575725,0.1087579767107903,0.0790818435665585
gqa,m3,1500,1500,False,45,Platt Scaling (1D),6.762095046343236,5.721220815366997,0.6829573934837093,0.1992049537999579,0.0676209504634323,0.0572122081536699
gqa,m3,1500,1500,False,45,Trajectory Platt (5D),7.116082357242705,6.867616424337028,0.7062881923910901,0.1981807032937689,0.071160823572427,0.0686761642433702
gqa,m3,1500,1500,False,45,VCPS-5D (Our Method),6.330630056232546,6.460388950479985,0.7143701951507984,0.1933031576943418,0.0633063005623254,0.0646038895047998
gqa,m3,1500,1500,False,46,Naive Confidence (NC),32.554075359702004,32.554075359702004,0.6829573934837093,0.3223305070184981,0.32554075359702,0.32554075359702
gqa,m3,1500,1500,False,46,Temperature Scaling (TS),10.844400507000596,8.40551252428729,0.6829573934837093,0.2081985619810728,0.1084440050700059,0.0840551252428729
gqa,m3,1500,1500,False,46,Platt Scaling (1D),6.896510616963203,5.985657512573277,0.6829573934837093,0.1990084701708114,0.068965106169632,0.0598565751257327
gqa,m3,1500,1500,False,46,Trajectory Platt (5D),6.653395971283314,8.70492639951408,0.7070626003210272,0.1979261598175316,0.0665339597128331,0.0870492639951408
gqa,m3,1500,1500,False,46,VCPS-5D (Our Method),6.477335634216014,5.332076384631373,0.7146236377460505,0.1932782505282126,0.0647733563421601,0.0533207638463137
gqa,m3,Full,1600,True,42,Naive Confidence (NC),32.554075359702004,32.554075359702004,0.6829573934837093,0.3223305070184981,0.32554075359702,0.32554075359702
gqa,m3,Full,1600,True,42,Temperature Scaling (TS),10.845646614147974,8.412839252147702,0.6829573934837093,0.2081966719223091,0.1084564661414797,0.084128392521477
gqa,m3,Full,1600,True,42,Platt Scaling (1D),6.885659491862405,5.904084968375485,0.6829573934837093,0.1990704770203628,0.068856594918624,0.0590408496837548
gqa,m3,Full,1600,True,42,Trajectory Platt (5D),6.504274373874069,7.606075884774327,0.7074990847906283,0.1977622450312161,0.0650427437387407,0.0760607588477432
gqa,m3,Full,1600,True,42,VCPS-5D (Our Method),6.985223905849522,5.547895335970372,0.7145673171693279,0.193301310045136,0.0698522390584952,0.0554789533597037
gqa,m3,Full,1600,True,43,Naive Confidence (NC),32.554075359702004,32.554075359702004,0.6829573934837093,0.3223305070184981,0.32554075359702,0.32554075359702
gqa,m3,Full,1600,True,43,Temperature Scaling (TS),10.845646614147974,8.412839252147702,0.6829573934837093,0.2081966719223091,0.1084564661414797,0.084128392521477
gqa,m3,Full,1600,True,43,Platt Scaling (1D),6.885659491862405,5.904084968375485,0.6829573934837093,0.1990704770203628,0.068856594918624,0.0590408496837548
gqa,m3,Full,1600,True,43,Trajectory Platt (5D),6.504274373874069,7.606075884774327,0.7074990847906283,0.1977622450312161,0.0650427437387407,0.0760607588477432
gqa,m3,Full,1600,True,43,VCPS-5D (Our Method),6.985223905849522,5.547895335970372,0.7145673171693279,0.193301310045136,0.0698522390584952,0.0554789533597037
gqa,m3,Full,1600,True,44,Naive Confidence (NC),32.554075359702004,32.554075359702004,0.6829573934837093,0.3223305070184981,0.32554075359702,0.32554075359702
gqa,m3,Full,1600,True,44,Temperature Scaling (TS),10.845646614147974,8.412839252147702,0.6829573934837093,0.2081966719223091,0.1084564661414797,0.084128392521477
gqa,m3,Full,1600,True,44,Platt Scaling (1D),6.885659491862405,5.904084968375485,0.6829573934837093,0.1990704770203628,0.068856594918624,0.0590408496837548
gqa,m3,Full,1600,True,44,Trajectory Platt (5D),6.504274373874069,7.606075884774327,0.7074990847906283,0.1977622450312161,0.0650427437387407,0.0760607588477432
gqa,m3,Full,1600,True,44,VCPS-5D (Our Method),6.985223905849522,5.547895335970372,0.7145673171693279,0.193301310045136,0.0698522390584952,0.0554789533597037
gqa,m3,Full,1600,True,45,Naive Confidence (NC),32.554075359702004,32.554075359702004,0.6829573934837093,0.3223305070184981,0.32554075359702,0.32554075359702
gqa,m3,Full,1600,True,45,Temperature Scaling (TS),10.845646614147974,8.412839252147702,0.6829573934837093,0.2081966719223091,0.1084564661414797,0.084128392521477
gqa,m3,Full,1600,True,45,Platt Scaling (1D),6.885659491862405,5.904084968375485,0.6829573934837093,0.1990704770203628,0.068856594918624,0.0590408496837548
gqa,m3,Full,1600,True,45,Trajectory Platt (5D),6.504274373874069,7.606075884774327,0.7074990847906283,0.1977622450312161,0.0650427437387407,0.0760607588477432
gqa,m3,Full,1600,True,45,VCPS-5D (Our Method),6.985223905849522,5.547895335970372,0.7145673171693279,0.193301310045136,0.0698522390584952,0.0554789533597037
gqa,m3,Full,1600,True,46,Naive Confidence (NC),32.554075359702004,32.554075359702004,0.6829573934837093,0.3223305070184981,0.32554075359702,0.32554075359702
gqa,m3,Full,1600,True,46,Temperature Scaling (TS),10.845646614147974,8.412839252147702,0.6829573934837093,0.2081966719223091,0.1084564661414797,0.084128392521477
gqa,m3,Full,1600,True,46,Platt Scaling (1D),6.885659491862405,5.904084968375485,0.6829573934837093,0.1990704770203628,0.068856594918624,0.0590408496837548
gqa,m3,Full,1600,True,46,Trajectory Platt (5D),6.504274373874069,7.606075884774327,0.7074990847906283,0.1977622450312161,0.0650427437387407,0.0760607588477432
gqa,m3,Full,1600,True,46,VCPS-5D (Our Method),6.985223905849522,5.547895335970372,0.7145673171693279,0.193301310045136,0.0698522390584952,0.0554789533597037
infographicvqa,m3,50,50,False,42,Naive Confidence (NC),85.32299963012339,85.32299963012338,0.3333333333333333,0.7760739349223753,0.853229996301234,0.8532299963012338
infographicvqa,m3,50,50,False,42,Temperature Scaling (TS),54.00419476757944,54.00419476757943,0.3333333333333333,0.3005956059563763,0.5400419476757944,0.5400419476757943
infographicvqa,m3,50,50,False,42,Platt Scaling (1D),1.7721596092221883,1.2755770237348167,0.6666666666666666,0.0079155955887906,0.0177215960922218,0.0127557702373481
infographicvqa,m3,50,50,False,42,Trajectory Platt (5D),2.274883934966056,1.2706794652331157,0.4575986565910999,0.0081202223168531,0.0227488393496605,0.0127067946523311
infographicvqa,m3,50,50,False,42,VCPS-5D (Our Method),1.9698843473421244,1.2246855765692466,0.3408900083963055,0.007619641677796,0.0196988434734212,0.0122468557656924
infographicvqa,m3,50,50,False,43,Naive Confidence (NC),85.32299963012339,85.32299963012338,0.3333333333333333,0.7760739349223753,0.853229996301234,0.8532299963012338
infographicvqa,m3,50,50,False,43,Temperature Scaling (TS),54.00419476757944,54.00419476757943,0.3333333333333333,0.3005956059563763,0.5400419476757944,0.5400419476757943
infographicvqa,m3,50,50,False,43,Platt Scaling (1D),1.7862550533217658,1.2019897880603447,0.6666666666666666,0.0076909488928551,0.0178625505332176,0.0120198978806034
infographicvqa,m3,50,50,False,43,Trajectory Platt (5D),1.642369266890455,0.8930147656355987,0.5407220822837951,0.0075877169209357,0.0164236926689045,0.0089301476563559
infographicvqa,m3,50,50,False,43,VCPS-5D (Our Method),2.014456963529156,1.2546466281405482,0.3677581863979848,0.007628079043089,0.0201445696352915,0.0125464662814054
infographicvqa,m3,50,50,False,44,Naive Confidence (NC),85.32299963012339,85.32299963012338,0.3333333333333333,0.7760739349223753,0.853229996301234,0.8532299963012338
infographicvqa,m3,50,50,False,44,Temperature Scaling (TS),54.00419476757944,54.00419476757943,0.3333333333333333,0.3005956059563763,0.5400419476757944,0.5400419476757943
infographicvqa,m3,50,50,False,44,Platt Scaling (1D),1.4488224438061204,0.8297534502715371,0.6666666666666666,0.0075653684672091,0.0144882244380612,0.0082975345027153
infographicvqa,m3,50,50,False,44,Trajectory Platt (5D),2.1121163683055784,1.4509274179945348,0.6120906801007557,0.0086426536722817,0.0211211636830557,0.0145092741799453
infographicvqa,m3,50,50,False,44,VCPS-5D (Our Method),2.009811751153592,1.2989094374880017,0.4214945424013433,0.0076352282404004,0.0200981175115359,0.01298909437488
infographicvqa,m3,50,50,False,45,Naive Confidence (NC),85.32299963012339,85.32299963012338,0.3333333333333333,0.7760739349223753,0.853229996301234,0.8532299963012338
infographicvqa,m3,50,50,False,45,Temperature Scaling (TS),54.00419476757944,54.00419476757943,0.3333333333333333,0.3005956059563763,0.5400419476757944,0.5400419476757943
infographicvqa,m3,50,50,False,45,Platt Scaling (1D),1.899866041592891,1.0533747500941075,0.6666666666666666,0.0075569686112032,0.0189986604159289,0.010533747500941
infographicvqa,m3,50,50,False,45,Trajectory Platt (5D),1.6385642290115354,1.1261911606416108,0.635600335852225,0.0075652244787093,0.0163856422901153,0.0112619116064161
infographicvqa,m3,50,50,False,45,VCPS-5D (Our Method),2.016679227256274,1.2787796379235798,0.3476070528967254,0.0076321414225335,0.0201667922725627,0.0127877963792358
infographicvqa,m3,50,50,False,46,Naive Confidence (NC),85.32299963012339,85.32299963012338,0.3333333333333333,0.7760739349223753,0.853229996301234,0.8532299963012338
infographicvqa,m3,50,50,False,46,Temperature Scaling (TS),54.00419476757944,54.00419476757943,0.3333333333333333,0.3005956059563763,0.5400419476757944,0.5400419476757943
infographicvqa,m3,50,50,False,46,Platt Scaling (1D),2.4474354730076024,1.9580616744875805,0.6666666666666666,0.0084138751482111,0.024474354730076,0.0195806167448758
infographicvqa,m3,50,50,False,46,Trajectory Platt (5D),2.0705688633024693,1.6223528566770256,0.6431570109151972,0.0077828972552156,0.0207056886330246,0.0162235285667702
infographicvqa,m3,50,50,False,46,VCPS-5D (Our Method),2.190982442090246,1.216323041173397,0.3576826196473552,0.0076144084840443,0.0219098244209024,0.0121632304117339
infographicvqa,m3,100,100,False,42,Naive Confidence (NC),85.32299963012339,85.32299963012338,0.3333333333333333,0.7760739349223753,0.853229996301234,0.8532299963012338
infographicvqa,m3,100,100,False,42,Temperature Scaling (TS),54.00419476757944,54.00419476757943,0.3333333333333333,0.3005956059563763,0.5400419476757944,0.5400419476757943
infographicvqa,m3,100,100,False,42,Platt Scaling (1D),1.4668810425611043,0.2372148108362698,0.3333333333333333,0.00748120160729,0.014668810425611,0.0023721481083626
infographicvqa,m3,100,100,False,42,Trajectory Platt (5D),1.3439368655963335,0.2690009844081941,0.5994962216624685,0.0075028117778886,0.0134393686559633,0.0026900098440819
infographicvqa,m3,100,100,False,42,VCPS-5D (Our Method),1.3942123521536138,0.2319464854161707,0.3400503778337531,0.0074924008547626,0.0139421235215361,0.0023194648541617
infographicvqa,m3,100,100,False,43,Naive Confidence (NC),85.32299963012339,85.32299963012338,0.3333333333333333,0.7760739349223753,0.853229996301234,0.8532299963012338
infographicvqa,m3,100,100,False,43,Temperature Scaling (TS),54.00419476757944,54.00419476757943,0.3333333333333333,0.3005956059563763,0.5400419476757944,0.5400419476757943
infographicvqa,m3,100,100,False,43,Platt Scaling (1D),1.257199802955717,0.1862682289153412,0.6666666666666666,0.0073880886840135,0.0125719980295571,0.0018626822891534
infographicvqa,m3,100,100,False,43,Trajectory Platt (5D),1.0091842278488912,0.0294943150365725,0.5230898404701931,0.0074055902218095,0.0100918422784889,0.0002949431503657
infographicvqa,m3,100,100,False,43,VCPS-5D (Our Method),1.382644501393849,0.2575525529976257,0.3534844668345928,0.0074616697374308,0.0138264450139384,0.0025755255299762
infographicvqa,m3,100,100,False,44,Naive Confidence (NC),85.32299963012339,85.32299963012338,0.3333333333333333,0.7760739349223753,0.853229996301234,0.8532299963012338
infographicvqa,m3,100,100,False,44,Temperature Scaling (TS),54.00419476757944,54.00419476757943,0.3333333333333333,0.3005956059563763,0.5400419476757944,0.5400419476757943
infographicvqa,m3,100,100,False,44,Platt Scaling (1D),1.3001808212220505,0.1225542442264224,0.6666666666666666,0.0073992405281021,0.0130018082122205,0.0012255424422642
infographicvqa,m3,100,100,False,44,Trajectory Platt (5D),1.4078093047137374,0.2243357543484307,0.6658270361041142,0.0073936048102444,0.0140780930471373,0.0022433575434843
infographicvqa,m3,100,100,False,44,VCPS-5D (Our Method),1.394643872958676,0.2822177940032184,0.3476070528967254,0.007462438625894,0.0139464387295867,0.0028221779400321
infographicvqa,m3,100,100,False,45,Naive Confidence (NC),85.32299963012339,85.32299963012338,0.3333333333333333,0.7760739349223753,0.853229996301234,0.8532299963012338
infographicvqa,m3,100,100,False,45,Temperature Scaling (TS),54.00419476757944,54.00419476757943,0.3333333333333333,0.3005956059563763,0.5400419476757944,0.5400419476757943
infographicvqa,m3,100,100,False,45,Platt Scaling (1D),1.3740605148373874,0.1689978169691259,0.6666666666666666,0.007412309928697,0.0137406051483738,0.0016899781696912
infographicvqa,m3,100,100,False,45,Trajectory Platt (5D),1.5734371722792275,0.2735299056512303,0.3778337531486146,0.0075786713263368,0.0157343717227922,0.0027352990565123
infographicvqa,m3,100,100,False,45,VCPS-5D (Our Method),1.49243453272272,0.2690204851458178,0.3333333333333333,0.0074629267713246,0.0149243453272271,0.0026902048514581
infographicvqa,m3,100,100,False,46,Naive Confidence (NC),85.32299963012339,85.32299963012338,0.3333333333333333,0.7760739349223753,0.853229996301234,0.8532299963012338
infographicvqa,m3,100,100,False,46,Temperature Scaling (TS),54.00419476757944,54.00419476757943,0.3333333333333333,0.3005956059563763,0.5400419476757944,0.5400419476757943
infographicvqa,m3,100,100,False,46,Platt Scaling (1D),1.2749868298813931,0.2397432292358616,0.6666666666666666,0.0073917510276701,0.0127498682988139,0.0023974322923586
infographicvqa,m3,100,100,False,46,Trajectory Platt (5D),1.1242645535385236,0.1993625649483875,0.5155331654072208,0.0074596730598101,0.0112426455353852,0.0019936256494838
infographicvqa,m3,100,100,False,46,VCPS-5D (Our Method),1.383443170760242,0.2586861464524493,0.3593618807724601,0.0074613683666733,0.0138344317076024,0.0025868614645244
infographicvqa,m3,200,200,False,42,Naive Confidence (NC),85.32299963012339,85.32299963012338,0.3333333333333333,0.7760739349223753,0.853229996301234,0.8532299963012338
infographicvqa,m3,200,200,False,42,Temperature Scaling (TS),54.00419476757944,54.00419476757943,0.3333333333333333,0.3005956059563763,0.5400419476757944,0.5400419476757943
infographicvqa,m3,200,200,False,42,Platt Scaling (1D),1.460803867400708,0.2354288069390003,0.6666666666666666,0.0074318617438183,0.014608038674007,0.00235428806939
infographicvqa,m3,200,200,False,42,Trajectory Platt (5D),1.4516155337332748,0.2298556706518866,0.6330814441645676,0.0074331375021277,0.0145161553373327,0.0022985567065188
infographicvqa,m3,200,200,False,42,VCPS-5D (Our Method),1.4905487259039838,0.2603082254091695,0.3526448362720402,0.0074612141436735,0.0149054872590398,0.0026030822540916
infographicvqa,m3,200,200,False,43,Naive Confidence (NC),85.32299963012339,85.32299963012338,0.3333333333333333,0.7760739349223753,0.853229996301234,0.8532299963012338
infographicvqa,m3,200,200,False,43,Temperature Scaling (TS),54.00419476757944,54.00419476757943,0.3333333333333333,0.3005956059563763,0.5400419476757944,0.5400419476757943
infographicvqa,m3,200,200,False,43,Platt Scaling (1D),1.3144335379804435,0.21660310465214,0.6666666666666666,0.0073955361430745,0.0131443353798044,0.0021660310465214
infographicvqa,m3,200,200,False,43,Trajectory Platt (5D),1.311799865157809,0.2476795999682509,0.4206549118387909,0.0074930419987695,0.013117998651578,0.0024767959996825
infographicvqa,m3,200,200,False,43,VCPS-5D (Our Method),1.4915729661516306,0.2571575098287258,0.3308144416456759,0.0074618427627076,0.0149157296615163,0.0025715750982872
infographicvqa,m3,200,200,False,44,Naive Confidence (NC),85.32299963012339,85.32299963012338,0.3333333333333333,0.7760739349223753,0.853229996301234,0.8532299963012338
infographicvqa,m3,200,200,False,44,Temperature Scaling (TS),54.00419476757944,54.00419476757943,0.3333333333333333,0.3005956059563763,0.5400419476757944,0.5400419476757943
infographicvqa,m3,200,200,False,44,Platt Scaling (1D),1.336566649405334,0.1151167338350446,0.6666666666666666,0.0074109945717156,0.0133656664940533,0.0011511673383504
infographicvqa,m3,200,200,False,44,Trajectory Platt (5D),1.378431006742176,0.1653147115721367,0.4273719563392107,0.0075024045339668,0.0137843100674217,0.0016531471157213
infographicvqa,m3,200,200,False,44,VCPS-5D (Our Method),1.400928740422065,0.2900751570402607,0.3366918555835432,0.0074639136389124,0.0140092874042206,0.0029007515704026
infographicvqa,m3,200,200,False,45,Naive Confidence (NC),85.32299963012339,85.32299963012338,0.3333333333333333,0.7760739349223753,0.853229996301234,0.8532299963012338
infographicvqa,m3,200,200,False,45,Temperature Scaling (TS),54.00419476757944,54.00419476757943,0.3333333333333333,0.3005956059563763,0.5400419476757944,0.5400419476757943
infographicvqa,m3,200,200,False,45,Platt Scaling (1D),1.0600336938910242,0.289773971004392,0.6666666666666666,0.0074268618919399,0.0106003369389102,0.0028977397100439
infographicvqa,m3,200,200,False,45,Trajectory Platt (5D),1.1072828244359696,0.2651325002370868,0.4030226700251889,0.007492648394867,0.0110728282443596,0.0026513250023708
infographicvqa,m3,200,200,False,45,VCPS-5D (Our Method),1.125324734843466,0.2402733494017687,0.3341729638958858,0.0074546806654711,0.0112532473484346,0.0024027334940176
infographicvqa,m3,200,200,False,46,Naive Confidence (NC),85.32299963012339,85.32299963012338,0.3333333333333333,0.7760739349223753,0.853229996301234,0.8532299963012338
infographicvqa,m3,200,200,False,46,Temperature Scaling (TS),54.00419476757944,54.00419476757943,0.3333333333333333,0.3005956059563763,0.5400419476757944,0.5400419476757943
infographicvqa,m3,200,200,False,46,Platt Scaling (1D),1.0208616499105023,0.2587473673391522,0.6666666666666666,0.0073975529686752,0.010208616499105,0.0025874736733915
infographicvqa,m3,200,200,False,46,Trajectory Platt (5D),0.9068665790109662,0.3153081413329346,0.4962216624685138,0.0074285831714301,0.0090686657901096,0.0031530814133293
infographicvqa,m3,200,200,False,46,VCPS-5D (Our Method),1.0630003974983324,0.2490282698248629,0.3442485306465154,0.007454913203458,0.0106300039749833,0.0024902826982486
infographicvqa,m3,500,500,False,42,Naive Confidence (NC),85.32299963012339,85.32299963012338,0.3333333333333333,0.7760739349223753,0.853229996301234,0.8532299963012338
infographicvqa,m3,500,500,False,42,Temperature Scaling (TS),54.00419476757944,54.00419476757943,0.3333333333333333,0.3005956059563763,0.5400419476757944,0.5400419476757943
infographicvqa,m3,500,500,False,42,Platt Scaling (1D),1.2469592411135877,0.0109917130694325,0.6666666666666666,0.0074041265520401,0.0124695924111358,0.0001099171306943
infographicvqa,m3,500,500,False,42,Trajectory Platt (5D),1.1878470743831713,0.0331733774801251,0.5365239294710328,0.007451573993879,0.0118784707438317,0.0003317337748012
infographicvqa,m3,500,500,False,42,VCPS-5D (Our Method),1.3442850054691713,0.0571956597123928,0.3392107472712006,0.0074524956665508,0.0134428500546917,0.0005719565971239
infographicvqa,m3,500,500,False,43,Naive Confidence (NC),85.32299963012339,85.32299963012338,0.3333333333333333,0.7760739349223753,0.853229996301234,0.8532299963012338
infographicvqa,m3,500,500,False,43,Temperature Scaling (TS),54.00419476757944,54.00419476757943,0.3333333333333333,0.3005956059563763,0.5400419476757944,0.5400419476757943
infographicvqa,m3,500,500,False,43,Platt Scaling (1D),1.1254066450054565,0.0014818147336627,0.6666666666666666,0.0073751290171879,0.0112540664500545,1.481814733662705e-05
infographicvqa,m3,500,500,False,43,Trajectory Platt (5D),1.118396773417771,0.028470795317844,0.4693534844668346,0.007480360576082,0.0111839677341777,0.0002847079531784
infographicvqa,m3,500,500,False,43,VCPS-5D (Our Method),1.3453750389585384,0.058792382137744,0.3333333333333332,0.0074527331799105,0.0134537503895853,0.0005879238213774
infographicvqa,m3,500,500,False,44,Naive Confidence (NC),85.32299963012339,85.32299963012338,0.3333333333333333,0.7760739349223753,0.853229996301234,0.8532299963012338
infographicvqa,m3,500,500,False,44,Temperature Scaling (TS),54.00419476757944,54.00419476757943,0.3333333333333333,0.3005956059563763,0.5400419476757944,0.5400419476757943
infographicvqa,m3,500,500,False,44,Platt Scaling (1D),1.143173725793293,0.0423408619084803,0.6666666666666666,0.0073841918517464,0.0114317372579329,0.0004234086190848
infographicvqa,m3,500,500,False,44,Trajectory Platt (5D),1.3169006445095877,0.0628219006466679,0.4853064651553316,0.0075668779135535,0.0131690064450958,0.0006282190064666
infographicvqa,m3,500,500,False,44,VCPS-5D (Our Method),1.2585254236834158,0.0628609055437339,0.3366918555835432,0.00745289306361,0.0125852542368341,0.0006286090554373
infographicvqa,m3,500,500,False,45,Naive Confidence (NC),85.32299963012339,85.32299963012338,0.3333333333333333,0.7760739349223753,0.853229996301234,0.8532299963012338
infographicvqa,m3,500,500,False,45,Temperature Scaling (TS),54.00419476757944,54.00419476757943,0.3333333333333333,0.3005956059563763,0.5400419476757944,0.5400419476757943
infographicvqa,m3,500,500,False,45,Platt Scaling (1D),1.3061890241794178,0.0330141760129088,0.6666666666666666,0.0074229970184536,0.0130618902417941,0.000330141760129
infographicvqa,m3,500,500,False,45,Trajectory Platt (5D),1.4229874877491964,0.0717080470640212,0.3904282115869018,0.0074993768063159,0.0142298748774919,0.0007170804706402
infographicvqa,m3,500,500,False,45,VCPS-5D (Our Method),1.3450108559904717,0.0579491759669368,0.3350125944584383,0.0074528353103437,0.0134501085599047,0.0005794917596693
infographicvqa,m3,500,500,False,46,Naive Confidence (NC),85.32299963012339,85.32299963012338,0.3333333333333333,0.7760739349223753,0.853229996301234,0.8532299963012338
infographicvqa,m3,500,500,False,46,Temperature Scaling (TS),54.00419476757944,54.00419476757943,0.3333333333333333,0.3005956059563763,0.5400419476757944,0.5400419476757943
infographicvqa,m3,500,500,False,46,Platt Scaling (1D),1.3370603149159268,0.0501726770148897,0.6666666666666666,0.0074406705787809,0.0133706031491592,0.0005017267701488
infographicvqa,m3,500,500,False,46,Trajectory Platt (5D),1.261549116461538,0.0709532672772184,0.4508816120906801,0.0074607695700075,0.0126154911646153,0.0007095326727721
infographicvqa,m3,500,500,False,46,VCPS-5D (Our Method),1.255224062334214,0.0581089053298001,0.3383711167086482,0.0074526215517665,0.0125522406233421,0.000581089053298
infographicvqa,m3,1000,1000,False,42,Naive Confidence (NC),85.32299963012339,85.32299963012338,0.3333333333333333,0.7760739349223753,0.853229996301234,0.8532299963012338
infographicvqa,m3,1000,1000,False,42,Temperature Scaling (TS),54.00419476757944,54.00419476757943,0.3333333333333333,0.3005956059563763,0.5400419476757944,0.5400419476757943
infographicvqa,m3,1000,1000,False,42,Platt Scaling (1D),1.2829287143154342,0.0359453076985968,0.6666666666666666,0.0074109247891285,0.0128292871431543,0.0003594530769859
infographicvqa,m3,1000,1000,False,42,Trajectory Platt (5D),1.2521663440857085,0.0563720914069563,0.4643157010915197,0.0074763642885925,0.012521663440857,0.0005637209140695
infographicvqa,m3,1000,1000,False,42,VCPS-5D (Our Method),1.3427426328307512,0.0550691919992261,0.3350125944584383,0.0074525429276035,0.0134274263283075,0.0005506919199922
infographicvqa,m3,1000,1000,False,43,Naive Confidence (NC),85.32299963012339,85.32299963012338,0.3333333333333333,0.7760739349223753,0.853229996301234,0.8532299963012338
infographicvqa,m3,1000,1000,False,43,Temperature Scaling (TS),54.00419476757944,54.00419476757943,0.3333333333333333,0.3005956059563763,0.5400419476757944,0.5400419476757943
infographicvqa,m3,1000,1000,False,43,Platt Scaling (1D),1.225214101398768,0.016481756657436,0.6666666666666666,0.0073961329762144,0.0122521410139876,0.0001648175665743
infographicvqa,m3,1000,1000,False,43,Trajectory Platt (5D),1.1971538094221617,0.024801115039736,0.5071368597816961,0.00748637202114,0.0119715380942216,0.0002480111503973
infographicvqa,m3,1000,1000,False,43,VCPS-5D (Our Method),1.342842254497142,0.0551709600726622,0.3358522250209907,0.0074525492600642,0.0134284225449714,0.0005517096007266
infographicvqa,m3,1000,1000,False,44,Naive Confidence (NC),85.32299963012339,85.32299963012338,0.3333333333333333,0.7760739349223753,0.853229996301234,0.8532299963012338
infographicvqa,m3,1000,1000,False,44,Temperature Scaling (TS),54.00419476757944,54.00419476757943,0.3333333333333333,0.3005956059563763,0.5400419476757944,0.5400419476757943
infographicvqa,m3,1000,1000,False,44,Platt Scaling (1D),1.2771211275529823,0.0297906836122846,0.6666666666666666,0.0074103428421811,0.0127712112755298,0.0002979068361228
infographicvqa,m3,1000,1000,False,44,Trajectory Platt (5D),1.2107172579562755,0.0709211809153204,0.5415617128463476,0.007468789736227,0.0121071725795627,0.0007092118091532
infographicvqa,m3,1000,1000,False,44,VCPS-5D (Our Method),1.253771180880684,0.0557726562580246,0.3400503778337531,0.0074525108059737,0.0125377118088068,0.0005577265625802
infographicvqa,m3,1000,1000,False,45,Naive Confidence (NC),85.32299963012339,85.32299963012338,0.3333333333333333,0.7760739349223753,0.853229996301234,0.8532299963012338
infographicvqa,m3,1000,1000,False,45,Temperature Scaling (TS),54.00419476757944,54.00419476757943,0.3333333333333333,0.3005956059563763,0.5400419476757944,0.5400419476757943
infographicvqa,m3,1000,1000,False,45,Platt Scaling (1D),1.1972296853834183,0.0793013315974277,0.6666666666666666,0.0074104156471727,0.0119722968538341,0.0007930133159742
infographicvqa,m3,1000,1000,False,45,Trajectory Platt (5D),1.180627747118706,0.04623498141882,0.4945424013434089,0.0074677540169078,0.011806277471187,0.0004623498141882
infographicvqa,m3,1000,1000,False,45,VCPS-5D (Our Method),1.2701084752168217,0.0435934245118912,0.3375314861460957,0.0074512307306648,0.0127010847521682,0.0004359342451189
infographicvqa,m3,1000,1000,False,46,Naive Confidence (NC),85.32299963012339,85.32299963012338,0.3333333333333333,0.7760739349223753,0.853229996301234,0.8532299963012338
infographicvqa,m3,1000,1000,False,46,Temperature Scaling (TS),54.00419476757944,54.00419476757943,0.3333333333333333,0.3005956059563763,0.5400419476757944,0.5400419476757943
infographicvqa,m3,1000,1000,False,46,Platt Scaling (1D),1.2307928497749556,0.0651793450711857,0.6666666666666666,0.0074215652028999,0.0123079284977495,0.0006517934507118
infographicvqa,m3,1000,1000,False,46,Trajectory Platt (5D),1.204740343586309,0.0337068450462538,0.4869857262804365,0.0074759339604806,0.012047403435863,0.0003370684504625
infographicvqa,m3,1000,1000,False,46,VCPS-5D (Our Method),1.1916725022008772,0.0436984809173293,0.3366918555835432,0.0074513355792567,0.0119167250220087,0.0004369848091732
infographicvqa,m3,1500,1500,False,42,Naive Confidence (NC),85.32299963012339,85.32299963012338,0.3333333333333333,0.7760739349223753,0.853229996301234,0.8532299963012338
infographicvqa,m3,1500,1500,False,42,Temperature Scaling (TS),54.00419476757944,54.00419476757943,0.3333333333333333,0.3005956059563763,0.5400419476757944,0.5400419476757943
infographicvqa,m3,1500,1500,False,42,Platt Scaling (1D),1.21981190460505,0.0402358036776995,0.6666666666666666,0.0074076611976381,0.0121981190460505,0.0004023580367769
infographicvqa,m3,1500,1500,False,42,Trajectory Platt (5D),1.3583815286838214,0.0100287180539453,0.4844668345927791,0.0074940710628714,0.0135838152868382,0.0001002871805394
infographicvqa,m3,1500,1500,False,42,VCPS-5D (Our Method),1.2936095745279228,0.0116938031663688,0.3358522250209907,0.0074514768504094,0.0129360957452792,0.0001169380316636
infographicvqa,m3,1500,1500,False,43,Naive Confidence (NC),85.32299963012339,85.32299963012338,0.3333333333333333,0.7760739349223753,0.853229996301234,0.8532299963012338
infographicvqa,m3,1500,1500,False,43,Temperature Scaling (TS),54.00419476757944,54.00419476757943,0.3333333333333333,0.3005956059563763,0.5400419476757944,0.5400419476757943
infographicvqa,m3,1500,1500,False,43,Platt Scaling (1D),1.2081097234570353,0.0494225665549073,0.6666666666666666,0.0074057598420916,0.0120810972345703,0.000494225665549
infographicvqa,m3,1500,1500,False,43,Trajectory Platt (5D),1.1905442503630186,0.0291774366050958,0.4861460957178841,0.0074794799062838,0.0119054425036301,0.0002917743660509
infographicvqa,m3,1500,1500,False,43,VCPS-5D (Our Method),1.294732048243987,0.0101650812985147,0.3341729638958858,0.0074514668752812,0.0129473204824398,0.0001016508129851
infographicvqa,m3,1500,1500,False,44,Naive Confidence (NC),85.32299963012339,85.32299963012338,0.3333333333333333,0.7760739349223753,0.853229996301234,0.8532299963012338
infographicvqa,m3,1500,1500,False,44,Temperature Scaling (TS),54.00419476757944,54.00419476757943,0.3333333333333333,0.3005956059563763,0.5400419476757944,0.5400419476757943
infographicvqa,m3,1500,1500,False,44,Platt Scaling (1D),1.2087966110973782,0.0405787443214104,0.6666666666666666,0.0074036117778044,0.0120879661109737,0.0004057874432141
infographicvqa,m3,1500,1500,False,44,Trajectory Platt (5D),1.1532154279120732,0.0217296182236168,0.5214105793450882,0.0074610995479524,0.0115321542791207,0.0002172961822361
infographicvqa,m3,1500,1500,False,44,VCPS-5D (Our Method),1.2935661126145528,0.0117519304673477,0.3392107472712006,0.0074513941398618,0.0129356611261455,0.0001175193046734
infographicvqa,m3,1500,1500,False,45,Naive Confidence (NC),85.32299963012339,85.32299963012338,0.3333333333333333,0.7760739349223753,0.853229996301234,0.8532299963012338
infographicvqa,m3,1500,1500,False,45,Temperature Scaling (TS),54.00419476757944,54.00419476757943,0.3333333333333333,0.3005956059563763,0.5400419476757944,0.5400419476757943
infographicvqa,m3,1500,1500,False,45,Platt Scaling (1D),1.219409808047898,0.0427151785850661,0.6666666666666666,0.0074082264977769,0.0121940980804789,0.0004271517858506
infographicvqa,m3,1500,1500,False,45,Trajectory Platt (5D),1.1937113064777805,0.0208457548142177,0.5096557514693535,0.0074633123584629,0.0119371130647778,0.0002084575481421
infographicvqa,m3,1500,1500,False,45,VCPS-5D (Our Method),1.2940355995254522,0.0111224027306599,0.3375314861460957,0.0074514251706705,0.0129403559952545,0.0001112240273065
infographicvqa,m3,1500,1500,False,46,Naive Confidence (NC),85.32299963012339,85.32299963012338,0.3333333333333333,0.7760739349223753,0.853229996301234,0.8532299963012338
infographicvqa,m3,1500,1500,False,46,Temperature Scaling (TS),54.00419476757944,54.00419476757943,0.3333333333333333,0.3005956059563763,0.5400419476757944,0.5400419476757943
infographicvqa,m3,1500,1500,False,46,Platt Scaling (1D),1.2181109473574914,0.045149443463847,0.6666666666666666,0.0074084280324455,0.0121811094735749,0.0004514944346384
infographicvqa,m3,1500,1500,False,46,Trajectory Platt (5D),1.1946102116489783,0.0206817084108478,0.5054575986565911,0.0074646378457821,0.0119461021164897,0.0002068170841084
infographicvqa,m3,1500,1500,False,46,VCPS-5D (Our Method),1.294681300401664,0.0102451491549585,0.3392107472712006,0.00745143806939,0.0129468130040166,0.0001024514915495
infographicvqa,m3,Full,1600,True,42,Naive Confidence (NC),85.32299963012339,85.32299963012338,0.3333333333333333,0.7760739349223753,0.853229996301234,0.8532299963012338
infographicvqa,m3,Full,1600,True,42,Temperature Scaling (TS),54.00419476757944,54.00419476757943,0.3333333333333333,0.3005956059563763,0.5400419476757944,0.5400419476757943
infographicvqa,m3,Full,1600,True,42,Platt Scaling (1D),1.216172325553488,0.030214527972909,0.6666666666666666,0.0074035640204841,0.0121617232555348,0.000302145279729
infographicvqa,m3,Full,1600,True,42,Trajectory Platt (5D),1.198729503012146,0.0083433718682499,0.5012594458438286,0.007474156027023,0.0119872950301214,8.343371868249974e-05
infographicvqa,m3,Full,1600,True,42,VCPS-5D (Our Method),1.3067265357260167,0.0061367495826035,0.3341729638958858,0.007451624938639,0.0130672653572601,6.136749582603528e-05
infographicvqa,m3,Full,1600,True,43,Naive Confidence (NC),85.32299963012339,85.32299963012338,0.3333333333333333,0.7760739349223753,0.853229996301234,0.8532299963012338
infographicvqa,m3,Full,1600,True,43,Temperature Scaling (TS),54.00419476757944,54.00419476757943,0.3333333333333333,0.3005956059563763,0.5400419476757944,0.5400419476757943
infographicvqa,m3,Full,1600,True,43,Platt Scaling (1D),1.216172325553488,0.030214527972909,0.6666666666666666,0.0074035640204841,0.0121617232555348,0.000302145279729
infographicvqa,m3,Full,1600,True,43,Trajectory Platt (5D),1.198729503012146,0.0083433718682499,0.5012594458438286,0.007474156027023,0.0119872950301214,8.343371868249974e-05
infographicvqa,m3,Full,1600,True,43,VCPS-5D (Our Method),1.3067265357260167,0.0061367495826035,0.3341729638958858,0.007451624938639,0.0130672653572601,6.136749582603528e-05
infographicvqa,m3,Full,1600,True,44,Naive Confidence (NC),85.32299963012339,85.32299963012338,0.3333333333333333,0.7760739349223753,0.853229996301234,0.8532299963012338
infographicvqa,m3,Full,1600,True,44,Temperature Scaling (TS),54.00419476757944,54.00419476757943,0.3333333333333333,0.3005956059563763,0.5400419476757944,0.5400419476757943
infographicvqa,m3,Full,1600,True,44,Platt Scaling (1D),1.216172325553488,0.030214527972909,0.6666666666666666,0.0074035640204841,0.0121617232555348,0.000302145279729
infographicvqa,m3,Full,1600,True,44,Trajectory Platt (5D),1.198729503012146,0.0083433718682499,0.5012594458438286,0.007474156027023,0.0119872950301214,8.343371868249974e-05
infographicvqa,m3,Full,1600,True,44,VCPS-5D (Our Method),1.3067265357260167,0.0061367495826035,0.3341729638958858,0.007451624938639,0.0130672653572601,6.136749582603528e-05
infographicvqa,m3,Full,1600,True,45,Naive Confidence (NC),85.32299963012339,85.32299963012338,0.3333333333333333,0.7760739349223753,0.853229996301234,0.8532299963012338
infographicvqa,m3,Full,1600,True,45,Temperature Scaling (TS),54.00419476757944,54.00419476757943,0.3333333333333333,0.3005956059563763,0.5400419476757944,0.5400419476757943
infographicvqa,m3,Full,1600,True,45,Platt Scaling (1D),1.216172325553488,0.030214527972909,0.6666666666666666,0.0074035640204841,0.0121617232555348,0.000302145279729
infographicvqa,m3,Full,1600,True,45,Trajectory Platt (5D),1.198729503012146,0.0083433718682499,0.5012594458438286,0.007474156027023,0.0119872950301214,8.343371868249974e-05
infographicvqa,m3,Full,1600,True,45,VCPS-5D (Our Method),1.3067265357260167,0.0061367495826035,0.3341729638958858,0.007451624938639,0.0130672653572601,6.136749582603528e-05
infographicvqa,m3,Full,1600,True,46,Naive Confidence (NC),85.32299963012339,85.32299963012338,0.3333333333333333,0.7760739349223753,0.853229996301234,0.8532299963012338
infographicvqa,m3,Full,1600,True,46,Temperature Scaling (TS),54.00419476757944,54.00419476757943,0.3333333333333333,0.3005956059563763,0.5400419476757944,0.5400419476757943
infographicvqa,m3,Full,1600,True,46,Platt Scaling (1D),1.216172325553488,0.030214527972909,0.6666666666666666,0.0074035640204841,0.0121617232555348,0.000302145279729
infographicvqa,m3,Full,1600,True,46,Trajectory Platt (5D),1.198729503012146,0.0083433718682499,0.5012594458438286,0.007474156027023,0.0119872950301214,8.343371868249974e-05
infographicvqa,m3,Full,1600,True,46,VCPS-5D (Our Method),1.3067265357260167,0.0061367495826035,0.3341729638958858,0.007451624938639,0.0130672653572601,6.136749582603528e-05
lego-puzzles,m3,50,50,False,42,Naive Confidence (NC),73.15902764146978,73.15902764146978,0.4765764817349194,0.7314117786904458,0.7315902764146978,0.7315902764146978
lego-puzzles,m3,50,50,False,42,Temperature Scaling (TS),34.71143626017258,34.7114362601726,0.4765764817349194,0.3159597132332273,0.3471143626017258,0.3471143626017259
lego-puzzles,m3,50,50,False,42,Platt Scaling (1D),12.354674030386423,2.285729211388064,0.4765764817349194,0.1956215737537019,0.1235467403038642,0.0228572921138806
lego-puzzles,m3,50,50,False,42,Trajectory Platt (5D),7.10237174548886,6.303473799066111,0.5636382777134435,0.1924735452970432,0.0710237174548886,0.0630347379906611
lego-puzzles,m3,50,50,False,42,VCPS-5D (Our Method),10.20524844483766,7.70858268280894,0.5206863880408464,0.1945439414582732,0.1020524844483766,0.0770858268280894
lego-puzzles,m3,50,50,False,43,Naive Confidence (NC),73.15902764146978,73.15902764146978,0.4765764817349194,0.7314117786904458,0.7315902764146978,0.7315902764146978
lego-puzzles,m3,50,50,False,43,Temperature Scaling (TS),34.71143626017258,34.7114362601726,0.4765764817349194,0.3159597132332273,0.3471143626017258,0.3471143626017259
lego-puzzles,m3,50,50,False,43,Platt Scaling (1D),12.553558582932956,9.583218374687592,0.4765764817349194,0.1960643652801601,0.1255355858293295,0.0958321837468759
lego-puzzles,m3,50,50,False,43,Trajectory Platt (5D),8.783951000395145,10.62479752539234,0.5203705653226656,0.194102638708294,0.0878395100039514,0.1062479752539233
lego-puzzles,m3,50,50,False,43,VCPS-5D (Our Method),12.290258445996177,10.87611327427241,0.5052110748499843,0.199245219836358,0.1229025844599617,0.108761132742724
lego-puzzles,m3,50,50,False,44,Naive Confidence (NC),73.15902764146978,73.15902764146978,0.4765764817349194,0.7314117786904458,0.7315902764146978,0.7315902764146978
lego-puzzles,m3,50,50,False,44,Temperature Scaling (TS),34.71143626017258,34.7114362601726,0.4765764817349194,0.3159597132332273,0.3471143626017258,0.3471143626017259
lego-puzzles,m3,50,50,False,44,Platt Scaling (1D),13.14475459028411,12.493826246209712,0.4765764817349194,0.1983111532192371,0.1314475459028411,0.1249382624620971
lego-puzzles,m3,50,50,False,44,Trajectory Platt (5D),9.125546437095512,7.26810041815042,0.5733235077376566,0.192312007507983,0.0912554643709551,0.0726810041815042
lego-puzzles,m3,50,50,False,44,VCPS-5D (Our Method),10.748785557869253,11.43808600088422,0.5596378566164859,0.1968692888141007,0.1074878555786925,0.1143808600088422
lego-puzzles,m3,50,50,False,45,Naive Confidence (NC),73.15902764146978,73.15902764146978,0.4765764817349194,0.7314117786904458,0.7315902764146978,0.7315902764146978
lego-puzzles,m3,50,50,False,45,Temperature Scaling (TS),34.71143626017258,34.7114362601726,0.4765764817349194,0.3159597132332273,0.3471143626017258,0.3471143626017259
lego-puzzles,m3,50,50,False,45,Platt Scaling (1D),10.591235962997056,7.787709059470687,0.5234235182650806,0.2033785857985174,0.1059123596299705,0.0778770905947068
lego-puzzles,m3,50,50,False,45,Trajectory Platt (5D),8.78313766623085,6.224886968054555,0.576271186440678,0.2012904941838932,0.0878313766623085,0.0622488696805455
lego-puzzles,m3,50,50,False,45,VCPS-5D (Our Method),6.985173029200423,2.620411052337237,0.5493209811559111,0.1935180922000733,0.0698517302920042,0.0262041105233723
lego-puzzles,m3,50,50,False,46,Naive Confidence (NC),73.15902764146978,73.15902764146978,0.4765764817349194,0.7314117786904458,0.7315902764146978,0.7315902764146978
lego-puzzles,m3,50,50,False,46,Temperature Scaling (TS),34.71143626017258,34.7114362601726,0.4765764817349194,0.3159597132332273,0.3471143626017258,0.3471143626017259
lego-puzzles,m3,50,50,False,46,Platt Scaling (1D),9.970162617198325,1.9830764858953107,0.5234235182650806,0.1974642436822854,0.0997016261719832,0.0198307648589531
lego-puzzles,m3,50,50,False,46,Trajectory Platt (5D),12.203742382539945,12.69608819518577,0.5459522054953153,0.2076328560491784,0.1220374238253994,0.1269608819518577
lego-puzzles,m3,50,50,False,46,VCPS-5D (Our Method),9.374184160878738,1.9795321601532312,0.534372039162017,0.1957861621079938,0.0937418416087873,0.0197953216015323
lego-puzzles,m3,100,100,False,42,Naive Confidence (NC),73.15902764146978,73.15902764146978,0.4765764817349194,0.7314117786904458,0.7315902764146978,0.7315902764146978
lego-puzzles,m3,100,100,False,42,Temperature Scaling (TS),34.71143626017258,34.7114362601726,0.4765764817349194,0.3159597132332273,0.3471143626017258,0.3471143626017259
lego-puzzles,m3,100,100,False,42,Platt Scaling (1D),11.88895620385694,3.5371278705712177,0.4765764817349194,0.1955920741467448,0.1188895620385693,0.0353712787057121
lego-puzzles,m3,100,100,False,42,Trajectory Platt (5D),8.778631328181785,7.142140953378245,0.6039583114012002,0.1926293988391179,0.0877863132818178,0.0714214095337824
lego-puzzles,m3,100,100,False,42,VCPS-5D (Our Method),9.5369589282854,8.658531602596337,0.5082640277923991,0.1931504367603704,0.095369589282854,0.0865853160259633
lego-puzzles,m3,100,100,False,43,Naive Confidence (NC),73.15902764146978,73.15902764146978,0.4765764817349194,0.7314117786904458,0.7315902764146978,0.7315902764146978
lego-puzzles,m3,100,100,False,43,Temperature Scaling (TS),34.71143626017258,34.7114362601726,0.4765764817349194,0.3159597132332273,0.3471143626017258,0.3471143626017259
lego-puzzles,m3,100,100,False,43,Platt Scaling (1D),12.42075193099903,11.091702925373118,0.4765764817349194,0.1961020154323533,0.1242075193099903,0.1109170292537311
lego-puzzles,m3,100,100,False,43,Trajectory Platt (5D),11.738821943713855,10.043782867829908,0.5326876513317191,0.1950142884508676,0.1173882194371385,0.100437828678299
lego-puzzles,m3,100,100,False,43,VCPS-5D (Our Method),13.140153962612594,10.707538531095668,0.518580903252974,0.19762472942793,0.1314015396261259,0.1070753853109566
lego-puzzles,m3,100,100,False,44,Naive Confidence (NC),73.15902764146978,73.15902764146978,0.4765764817349194,0.7314117786904458,0.7315902764146978,0.7315902764146978
lego-puzzles,m3,100,100,False,44,Temperature Scaling (TS),34.71143626017258,34.7114362601726,0.4765764817349194,0.3159597132332273,0.3471143626017258,0.3471143626017259
lego-puzzles,m3,100,100,False,44,Platt Scaling (1D),11.872330761145507,2.696956137294257,0.4765764817349194,0.1957410336385427,0.118723307611455,0.0269695613729425
lego-puzzles,m3,100,100,False,44,Trajectory Platt (5D),10.55529902604493,5.722572905096139,0.6080640067375513,0.1956989363527032,0.1055529902604493,0.0572257290509613
lego-puzzles,m3,100,100,False,44,VCPS-5D (Our Method),11.695223557204324,3.716610263254899,0.508053479313612,0.1952994428445458,0.1169522355720432,0.0371661026325489
lego-puzzles,m3,100,100,False,45,Naive Confidence (NC),73.15902764146978,73.15902764146978,0.4765764817349194,0.7314117786904458,0.7315902764146978,0.7315902764146978
lego-puzzles,m3,100,100,False,45,Temperature Scaling (TS),34.71143626017258,34.7114362601726,0.4765764817349194,0.3159597132332273,0.3471143626017258,0.3471143626017259
lego-puzzles,m3,100,100,False,45,Platt Scaling (1D),10.22906503054224,7.792837090153896,0.5234235182650806,0.1998712148949727,0.1022906503054223,0.0779283709015389
lego-puzzles,m3,100,100,False,45,Trajectory Platt (5D),11.258188987320118,8.60393394123424,0.6026950205284768,0.1967290818756026,0.1125818898732011,0.0860393394123424
lego-puzzles,m3,100,100,False,45,VCPS-5D (Our Method),8.902393262262672,0.7846936974906568,0.5488998841983366,0.1936900628611879,0.0890239326226267,0.0078469369749065
lego-puzzles,m3,100,100,False,46,Naive Confidence (NC),73.15902764146978,73.15902764146978,0.4765764817349194,0.7314117786904458,0.7315902764146978,0.7315902764146978
lego-puzzles,m3,100,100,False,46,Temperature Scaling (TS),34.71143626017258,34.7114362601726,0.4765764817349194,0.3159597132332273,0.3471143626017258,0.3471143626017259
lego-puzzles,m3,100,100,False,46,Platt Scaling (1D),12.285320041069063,10.171654006811922,0.4765764817349194,0.1959850052681976,0.1228532004106906,0.1017165400681192
lego-puzzles,m3,100,100,False,46,Trajectory Platt (5D),9.625618147917772,6.316358066079292,0.5677439730497946,0.1966324260780803,0.0962561814791777,0.0631635806607929
lego-puzzles,m3,100,100,False,46,VCPS-5D (Our Method),11.39258581929072,9.471494711240211,0.5573218233498263,0.2007138623506695,0.1139258581929072,0.0947149471124021
lego-puzzles,m3,200,200,False,42,Naive Confidence (NC),73.15902764146978,73.15902764146978,0.4765764817349194,0.7314117786904458,0.7315902764146978,0.7315902764146978
lego-puzzles,m3,200,200,False,42,Temperature Scaling (TS),34.71143626017258,34.7114362601726,0.4765764817349194,0.3159597132332273,0.3471143626017258,0.3471143626017259
lego-puzzles,m3,200,200,False,42,Platt Scaling (1D),11.879713921490024,1.3464554498969032,0.4765764817349194,0.1957726892069386,0.1187971392149002,0.013464554498969
lego-puzzles,m3,200,200,False,42,Trajectory Platt (5D),12.16365913775834,6.532167921012098,0.5866933361406463,0.193249853047933,0.1216365913775834,0.0653216792101209
lego-puzzles,m3,200,200,False,42,VCPS-5D (Our Method),11.904370313738555,2.640917050872616,0.5319507316559638,0.1943414978959119,0.1190437031373855,0.0264091705087261
lego-puzzles,m3,200,200,False,43,Naive Confidence (NC),73.15902764146978,73.15902764146978,0.4765764817349194,0.7314117786904458,0.7315902764146978,0.7315902764146978
lego-puzzles,m3,200,200,False,43,Temperature Scaling (TS),34.71143626017258,34.7114362601726,0.4765764817349194,0.3159597132332273,0.3471143626017258,0.3471143626017259
lego-puzzles,m3,200,200,False,43,Platt Scaling (1D),12.50438266591814,10.58762851275164,0.4765764817349194,0.1961927439501453,0.1250438266591814,0.1058762851275163
lego-puzzles,m3,200,200,False,43,Trajectory Platt (5D),9.415560368109832,9.94155401871963,0.5566901779134645,0.1911760503329624,0.0941556036810983,0.0994155401871963
lego-puzzles,m3,200,200,False,43,VCPS-5D (Our Method),10.438975917195634,10.204983547188116,0.531319086219602,0.1942470858969173,0.1043897591719563,0.1020498354718811
lego-puzzles,m3,200,200,False,44,Naive Confidence (NC),73.15902764146978,73.15902764146978,0.4765764817349194,0.7314117786904458,0.7315902764146978,0.7315902764146978
lego-puzzles,m3,200,200,False,44,Temperature Scaling (TS),34.71143626017258,34.7114362601726,0.4765764817349194,0.3159597132332273,0.3471143626017258,0.3471143626017259
lego-puzzles,m3,200,200,False,44,Platt Scaling (1D),9.7686864459216,3.302259678262378,0.5234235182650806,0.1967442245527155,0.097686864459216,0.0330225967826237
lego-puzzles,m3,200,200,False,44,Trajectory Platt (5D),9.2927498370409,7.20289443704215,0.6081692809769449,0.1934218656732033,0.092927498370409,0.0720289443704215
lego-puzzles,m3,200,200,False,44,VCPS-5D (Our Method),8.02864162818326,0.7237585739715988,0.5297399726286978,0.1945075093435573,0.0802864162818326,0.0072375857397159
lego-puzzles,m3,200,200,False,45,Naive Confidence (NC),73.15902764146978,73.15902764146978,0.4765764817349194,0.7314117786904458,0.7315902764146978,0.7315902764146978
lego-puzzles,m3,200,200,False,45,Temperature Scaling (TS),34.71143626017258,34.7114362601726,0.4765764817349194,0.3159597132332273,0.3471143626017258,0.3471143626017259
lego-puzzles,m3,200,200,False,45,Platt Scaling (1D),9.75604934894231,1.2975345654851784,0.5234235182650806,0.1966581889337935,0.0975604934894231,0.0129753456548517
lego-puzzles,m3,200,200,False,45,Trajectory Platt (5D),9.463272074406795,3.085682155056432,0.5190020002105485,0.195250389241938,0.0946327207440679,0.0308568215505643
lego-puzzles,m3,200,200,False,45,VCPS-5D (Our Method),9.393632368144411,0.6378701816403923,0.5095273186651226,0.1947959955763344,0.0939363236814441,0.0063787018164039
lego-puzzles,m3,200,200,False,46,Naive Confidence (NC),73.15902764146978,73.15902764146978,0.4765764817349194,0.7314117786904458,0.7315902764146978,0.7315902764146978
lego-puzzles,m3,200,200,False,46,Temperature Scaling (TS),34.71143626017258,34.7114362601726,0.4765764817349194,0.3159597132332273,0.3471143626017258,0.3471143626017259
lego-puzzles,m3,200,200,False,46,Platt Scaling (1D),12.110377656456134,9.80984524554552,0.4765764817349194,0.1954556488733396,0.1211037765645613,0.0980984524554552
lego-puzzles,m3,200,200,False,46,Trajectory Platt (5D),8.262392702427777,7.4460318278182624,0.5783766712285504,0.1915484806373737,0.0826239270242777,0.0744603182781826
lego-puzzles,m3,200,200,False,46,VCPS-5D (Our Method),9.318544964358862,9.659765487129,0.5164754184651015,0.1932555514933275,0.0931854496435886,0.09659765487129
lego-puzzles,m3,500,500,False,42,Naive Confidence (NC),73.15902764146978,73.15902764146978,0.4765764817349194,0.7314117786904458,0.7315902764146978,0.7315902764146978
lego-puzzles,m3,500,500,False,42,Temperature Scaling (TS),34.71143626017258,34.7114362601726,0.4765764817349194,0.3159597132332273,0.3471143626017258,0.3471143626017259
lego-puzzles,m3,500,500,False,42,Platt Scaling (1D),11.867833146766957,2.543460969397352,0.4765764817349194,0.1956526712838059,0.1186783314676695,0.0254346096939735
lego-puzzles,m3,500,500,False,42,Trajectory Platt (5D),9.068540683524173,4.408711584454234,0.5997473418254553,0.1932737496849614,0.0906854068352417,0.0440871158445423
lego-puzzles,m3,500,500,False,42,VCPS-5D (Our Method),13.572354676028164,10.083231682413214,0.5301610695862722,0.1938969497192149,0.1357235467602816,0.1008323168241321
lego-puzzles,m3,500,500,False,43,Naive Confidence (NC),73.15902764146978,73.15902764146978,0.4765764817349194,0.7314117786904458,0.7315902764146978,0.7315902764146978
lego-puzzles,m3,500,500,False,43,Temperature Scaling (TS),34.71143626017258,34.7114362601726,0.4765764817349194,0.3159597132332273,0.3471143626017258,0.3471143626017259
lego-puzzles,m3,500,500,False,43,Platt Scaling (1D),11.859287056556358,3.316331377231408,0.4765764817349194,0.1956159424441953,0.1185928705655635,0.033163313772314
lego-puzzles,m3,500,500,False,43,Trajectory Platt (5D),6.45038478076458,2.2887341068549585,0.5915359511527529,0.1912767723747289,0.0645038478076458,0.0228873410685495
lego-puzzles,m3,500,500,False,43,VCPS-5D (Our Method),10.94735148846743,9.819302104372984,0.5380566375407938,0.1930168056910218,0.1094735148846743,0.0981930210437298
lego-puzzles,m3,500,500,False,44,Naive Confidence (NC),73.15902764146978,73.15902764146978,0.4765764817349194,0.7314117786904458,0.7315902764146978,0.7315902764146978
lego-puzzles,m3,500,500,False,44,Temperature Scaling (TS),34.71143626017258,34.7114362601726,0.4765764817349194,0.3159597132332273,0.3471143626017258,0.3471143626017259
lego-puzzles,m3,500,500,False,44,Platt Scaling (1D),11.886364893303728,0.3421709599872808,0.4765764817349194,0.19586028659679,0.1188636489330372,0.0034217095998728
lego-puzzles,m3,500,500,False,44,Trajectory Platt (5D),10.59579934586178,3.7495437128977342,0.6002737130224234,0.1909910488401848,0.1059579934586178,0.0374954371289773
lego-puzzles,m3,500,500,False,44,VCPS-5D (Our Method),8.328958949531879,0.1426929090822001,0.5145804821560165,0.1945140704144785,0.0832895894953187,0.001426929090822
lego-puzzles,m3,500,500,False,45,Naive Confidence (NC),73.15902764146978,73.15902764146978,0.4765764817349194,0.7314117786904458,0.7315902764146978,0.7315902764146978
lego-puzzles,m3,500,500,False,45,Temperature Scaling (TS),34.71143626017258,34.7114362601726,0.4765764817349194,0.3159597132332273,0.3471143626017258,0.3471143626017259
lego-puzzles,m3,500,500,False,45,Platt Scaling (1D),11.869533188116431,2.529013017037728,0.4765764817349194,0.1957045808744361,0.1186953318811643,0.0252901301703772
lego-puzzles,m3,500,500,False,45,Trajectory Platt (5D),10.42965252968398,4.707357917319643,0.5885882724497316,0.1925580354524055,0.1042965252968397,0.0470735791731964
lego-puzzles,m3,500,500,False,45,VCPS-5D (Our Method),8.294125946531421,0.5238334948792439,0.5173176123802506,0.1945084521678461,0.0829412594653142,0.0052383349487924
lego-puzzles,m3,500,500,False,46,Naive Confidence (NC),73.15902764146978,73.15902764146978,0.4765764817349194,0.7314117786904458,0.7315902764146978,0.7315902764146978
lego-puzzles,m3,500,500,False,46,Temperature Scaling (TS),34.71143626017258,34.7114362601726,0.4765764817349194,0.3159597132332273,0.3471143626017258,0.3471143626017259
lego-puzzles,m3,500,500,False,46,Platt Scaling (1D),11.854030210775033,3.678966668130992,0.4765764817349194,0.195606109764496,0.1185403021077503,0.0367896666813099
lego-puzzles,m3,500,500,False,46,Trajectory Platt (5D),9.4926757839593,3.3441033282063213,0.5938519844194126,0.1903877577389629,0.094926757839593,0.0334410332820632
lego-puzzles,m3,500,500,False,46,VCPS-5D (Our Method),11.437848941215345,7.63611750660185,0.5198441941256975,0.1930176486542502,0.1143784894121534,0.0763611750660185
lego-puzzles,m3,1000,880,True,42,Naive Confidence (NC),73.15902764146978,73.15902764146978,0.4765764817349194,0.7314117786904458,0.7315902764146978,0.7315902764146978
lego-puzzles,m3,1000,880,True,42,Temperature Scaling (TS),34.71143626017258,34.7114362601726,0.4765764817349194,0.3159597132332273,0.3471143626017258,0.3471143626017259
lego-puzzles,m3,1000,880,True,42,Platt Scaling (1D),11.887064325075317,0.7149639433918543,0.4765764817349194,0.1958362149333257,0.1188706432507531,0.0071496394339185
lego-puzzles,m3,1000,880,True,42,Trajectory Platt (5D),9.402365068143062,4.146909977902066,0.6010106326981787,0.1913787749317488,0.0940236506814306,0.0414690997790206
lego-puzzles,m3,1000,880,True,42,VCPS-5D (Our Method),8.899762443077194,1.6109494685746812,0.5296346983893041,0.1944309975543495,0.0889976244307719,0.0161094946857468
lego-puzzles,m3,1000,880,True,43,Naive Confidence (NC),73.15902764146978,73.15902764146978,0.4765764817349194,0.7314117786904458,0.7315902764146978,0.7315902764146978
lego-puzzles,m3,1000,880,True,43,Temperature Scaling (TS),34.71143626017258,34.7114362601726,0.4765764817349194,0.3159597132332273,0.3471143626017258,0.3471143626017259
lego-puzzles,m3,1000,880,True,43,Platt Scaling (1D),11.887064325075317,0.7149639433918543,0.4765764817349194,0.1958362149333257,0.1188706432507531,0.0071496394339185
lego-puzzles,m3,1000,880,True,43,Trajectory Platt (5D),9.402365068143062,4.146909977902066,0.6010106326981787,0.1913787749317488,0.0940236506814306,0.0414690997790206
lego-puzzles,m3,1000,880,True,43,VCPS-5D (Our Method),8.899762443077194,1.6109494685746812,0.5296346983893041,0.1944309975543495,0.0889976244307719,0.0161094946857468
lego-puzzles,m3,1000,880,True,44,Naive Confidence (NC),73.15902764146978,73.15902764146978,0.4765764817349194,0.7314117786904458,0.7315902764146978,0.7315902764146978
lego-puzzles,m3,1000,880,True,44,Temperature Scaling (TS),34.71143626017258,34.7114362601726,0.4765764817349194,0.3159597132332273,0.3471143626017258,0.3471143626017259
lego-puzzles,m3,1000,880,True,44,Platt Scaling (1D),11.887064325075317,0.7149639433918543,0.4765764817349194,0.1958362149333257,0.1188706432507531,0.0071496394339185
lego-puzzles,m3,1000,880,True,44,Trajectory Platt (5D),9.402365068143062,4.146909977902066,0.6010106326981787,0.1913787749317488,0.0940236506814306,0.0414690997790206
lego-puzzles,m3,1000,880,True,44,VCPS-5D (Our Method),8.899762443077194,1.6109494685746812,0.5296346983893041,0.1944309975543495,0.0889976244307719,0.0161094946857468
lego-puzzles,m3,1000,880,True,45,Naive Confidence (NC),73.15902764146978,73.15902764146978,0.4765764817349194,0.7314117786904458,0.7315902764146978,0.7315902764146978
lego-puzzles,m3,1000,880,True,45,Temperature Scaling (TS),34.71143626017258,34.7114362601726,0.4765764817349194,0.3159597132332273,0.3471143626017258,0.3471143626017259
lego-puzzles,m3,1000,880,True,45,Platt Scaling (1D),11.887064325075317,0.7149639433918543,0.4765764817349194,0.1958362149333257,0.1188706432507531,0.0071496394339185
lego-puzzles,m3,1000,880,True,45,Trajectory Platt (5D),9.402365068143062,4.146909977902066,0.6010106326981787,0.1913787749317488,0.0940236506814306,0.0414690997790206
lego-puzzles,m3,1000,880,True,45,VCPS-5D (Our Method),8.899762443077194,1.6109494685746812,0.5296346983893041,0.1944309975543495,0.0889976244307719,0.0161094946857468
lego-puzzles,m3,1000,880,True,46,Naive Confidence (NC),73.15902764146978,73.15902764146978,0.4765764817349194,0.7314117786904458,0.7315902764146978,0.7315902764146978
lego-puzzles,m3,1000,880,True,46,Temperature Scaling (TS),34.71143626017258,34.7114362601726,0.4765764817349194,0.3159597132332273,0.3471143626017258,0.3471143626017259
lego-puzzles,m3,1000,880,True,46,Platt Scaling (1D),11.887064325075317,0.7149639433918543,0.4765764817349194,0.1958362149333257,0.1188706432507531,0.0071496394339185
lego-puzzles,m3,1000,880,True,46,Trajectory Platt (5D),9.402365068143062,4.146909977902066,0.6010106326981787,0.1913787749317488,0.0940236506814306,0.0414690997790206
lego-puzzles,m3,1000,880,True,46,VCPS-5D (Our Method),8.899762443077194,1.6109494685746812,0.5296346983893041,0.1944309975543495,0.0889976244307719,0.0161094946857468
lego-puzzles,m3,1500,880,True,42,Naive Confidence (NC),73.15902764146978,73.15902764146978,0.4765764817349194,0.7314117786904458,0.7315902764146978,0.7315902764146978
lego-puzzles,m3,1500,880,True,42,Temperature Scaling (TS),34.71143626017258,34.7114362601726,0.4765764817349194,0.3159597132332273,0.3471143626017258,0.3471143626017259
lego-puzzles,m3,1500,880,True,42,Platt Scaling (1D),11.887064325075317,0.7149639433918543,0.4765764817349194,0.1958362149333257,0.1188706432507531,0.0071496394339185
lego-puzzles,m3,1500,880,True,42,Trajectory Platt (5D),9.402365068143062,4.146909977902066,0.6010106326981787,0.1913787749317488,0.0940236506814306,0.0414690997790206
lego-puzzles,m3,1500,880,True,42,VCPS-5D (Our Method),8.899762443077194,1.6109494685746812,0.5296346983893041,0.1944309975543495,0.0889976244307719,0.0161094946857468
lego-puzzles,m3,1500,880,True,43,Naive Confidence (NC),73.15902764146978,73.15902764146978,0.4765764817349194,0.7314117786904458,0.7315902764146978,0.7315902764146978
lego-puzzles,m3,1500,880,True,43,Temperature Scaling (TS),34.71143626017258,34.7114362601726,0.4765764817349194,0.3159597132332273,0.3471143626017258,0.3471143626017259
lego-puzzles,m3,1500,880,True,43,Platt Scaling (1D),11.887064325075317,0.7149639433918543,0.4765764817349194,0.1958362149333257,0.1188706432507531,0.0071496394339185
lego-puzzles,m3,1500,880,True,43,Trajectory Platt (5D),9.402365068143062,4.146909977902066,0.6010106326981787,0.1913787749317488,0.0940236506814306,0.0414690997790206
lego-puzzles,m3,1500,880,True,43,VCPS-5D (Our Method),8.899762443077194,1.6109494685746812,0.5296346983893041,0.1944309975543495,0.0889976244307719,0.0161094946857468
lego-puzzles,m3,1500,880,True,44,Naive Confidence (NC),73.15902764146978,73.15902764146978,0.4765764817349194,0.7314117786904458,0.7315902764146978,0.7315902764146978
lego-puzzles,m3,1500,880,True,44,Temperature Scaling (TS),34.71143626017258,34.7114362601726,0.4765764817349194,0.3159597132332273,0.3471143626017258,0.3471143626017259
lego-puzzles,m3,1500,880,True,44,Platt Scaling (1D),11.887064325075317,0.7149639433918543,0.4765764817349194,0.1958362149333257,0.1188706432507531,0.0071496394339185
lego-puzzles,m3,1500,880,True,44,Trajectory Platt (5D),9.402365068143062,4.146909977902066,0.6010106326981787,0.1913787749317488,0.0940236506814306,0.0414690997790206
lego-puzzles,m3,1500,880,True,44,VCPS-5D (Our Method),8.899762443077194,1.6109494685746812,0.5296346983893041,0.1944309975543495,0.0889976244307719,0.0161094946857468
lego-puzzles,m3,1500,880,True,45,Naive Confidence (NC),73.15902764146978,73.15902764146978,0.4765764817349194,0.7314117786904458,0.7315902764146978,0.7315902764146978
lego-puzzles,m3,1500,880,True,45,Temperature Scaling (TS),34.71143626017258,34.7114362601726,0.4765764817349194,0.3159597132332273,0.3471143626017258,0.3471143626017259
lego-puzzles,m3,1500,880,True,45,Platt Scaling (1D),11.887064325075317,0.7149639433918543,0.4765764817349194,0.1958362149333257,0.1188706432507531,0.0071496394339185
lego-puzzles,m3,1500,880,True,45,Trajectory Platt (5D),9.402365068143062,4.146909977902066,0.6010106326981787,0.1913787749317488,0.0940236506814306,0.0414690997790206
lego-puzzles,m3,1500,880,True,45,VCPS-5D (Our Method),8.899762443077194,1.6109494685746812,0.5296346983893041,0.1944309975543495,0.0889976244307719,0.0161094946857468
lego-puzzles,m3,1500,880,True,46,Naive Confidence (NC),73.15902764146978,73.15902764146978,0.4765764817349194,0.7314117786904458,0.7315902764146978,0.7315902764146978
lego-puzzles,m3,1500,880,True,46,Temperature Scaling (TS),34.71143626017258,34.7114362601726,0.4765764817349194,0.3159597132332273,0.3471143626017258,0.3471143626017259
lego-puzzles,m3,1500,880,True,46,Platt Scaling (1D),11.887064325075317,0.7149639433918543,0.4765764817349194,0.1958362149333257,0.1188706432507531,0.0071496394339185
lego-puzzles,m3,1500,880,True,46,Trajectory Platt (5D),9.402365068143062,4.146909977902066,0.6010106326981787,0.1913787749317488,0.0940236506814306,0.0414690997790206
lego-puzzles,m3,1500,880,True,46,VCPS-5D (Our Method),8.899762443077194,1.6109494685746812,0.5296346983893041,0.1944309975543495,0.0889976244307719,0.0161094946857468
lego-puzzles,m3,Full,880,True,42,Naive Confidence (NC),73.15902764146978,73.15902764146978,0.4765764817349194,0.7314117786904458,0.7315902764146978,0.7315902764146978
lego-puzzles,m3,Full,880,True,42,Temperature Scaling (TS),34.71143626017258,34.7114362601726,0.4765764817349194,0.3159597132332273,0.3471143626017258,0.3471143626017259
lego-puzzles,m3,Full,880,True,42,Platt Scaling (1D),11.887064325075317,0.7149639433918543,0.4765764817349194,0.1958362149333257,0.1188706432507531,0.0071496394339185
lego-puzzles,m3,Full,880,True,42,Trajectory Platt (5D),9.402365068143062,4.146909977902066,0.6010106326981787,0.1913787749317488,0.0940236506814306,0.0414690997790206
lego-puzzles,m3,Full,880,True,42,VCPS-5D (Our Method),8.899762443077194,1.6109494685746812,0.5296346983893041,0.1944309975543495,0.0889976244307719,0.0161094946857468
lego-puzzles,m3,Full,880,True,43,Naive Confidence (NC),73.15902764146978,73.15902764146978,0.4765764817349194,0.7314117786904458,0.7315902764146978,0.7315902764146978
lego-puzzles,m3,Full,880,True,43,Temperature Scaling (TS),34.71143626017258,34.7114362601726,0.4765764817349194,0.3159597132332273,0.3471143626017258,0.3471143626017259
lego-puzzles,m3,Full,880,True,43,Platt Scaling (1D),11.887064325075317,0.7149639433918543,0.4765764817349194,0.1958362149333257,0.1188706432507531,0.0071496394339185
lego-puzzles,m3,Full,880,True,43,Trajectory Platt (5D),9.402365068143062,4.146909977902066,0.6010106326981787,0.1913787749317488,0.0940236506814306,0.0414690997790206
lego-puzzles,m3,Full,880,True,43,VCPS-5D (Our Method),8.899762443077194,1.6109494685746812,0.5296346983893041,0.1944309975543495,0.0889976244307719,0.0161094946857468
lego-puzzles,m3,Full,880,True,44,Naive Confidence (NC),73.15902764146978,73.15902764146978,0.4765764817349194,0.7314117786904458,0.7315902764146978,0.7315902764146978
lego-puzzles,m3,Full,880,True,44,Temperature Scaling (TS),34.71143626017258,34.7114362601726,0.4765764817349194,0.3159597132332273,0.3471143626017258,0.3471143626017259
lego-puzzles,m3,Full,880,True,44,Platt Scaling (1D),11.887064325075317,0.7149639433918543,0.4765764817349194,0.1958362149333257,0.1188706432507531,0.0071496394339185
lego-puzzles,m3,Full,880,True,44,Trajectory Platt (5D),9.402365068143062,4.146909977902066,0.6010106326981787,0.1913787749317488,0.0940236506814306,0.0414690997790206
lego-puzzles,m3,Full,880,True,44,VCPS-5D (Our Method),8.899762443077194,1.6109494685746812,0.5296346983893041,0.1944309975543495,0.0889976244307719,0.0161094946857468
lego-puzzles,m3,Full,880,True,45,Naive Confidence (NC),73.15902764146978,73.15902764146978,0.4765764817349194,0.7314117786904458,0.7315902764146978,0.7315902764146978
lego-puzzles,m3,Full,880,True,45,Temperature Scaling (TS),34.71143626017258,34.7114362601726,0.4765764817349194,0.3159597132332273,0.3471143626017258,0.3471143626017259
lego-puzzles,m3,Full,880,True,45,Platt Scaling (1D),11.887064325075317,0.7149639433918543,0.4765764817349194,0.1958362149333257,0.1188706432507531,0.0071496394339185
lego-puzzles,m3,Full,880,True,45,Trajectory Platt (5D),9.402365068143062,4.146909977902066,0.6010106326981787,0.1913787749317488,0.0940236506814306,0.0414690997790206
lego-puzzles,m3,Full,880,True,45,VCPS-5D (Our Method),8.899762443077194,1.6109494685746812,0.5296346983893041,0.1944309975543495,0.0889976244307719,0.0161094946857468
lego-puzzles,m3,Full,880,True,46,Naive Confidence (NC),73.15902764146978,73.15902764146978,0.4765764817349194,0.7314117786904458,0.7315902764146978,0.7315902764146978
lego-puzzles,m3,Full,880,True,46,Temperature Scaling (TS),34.71143626017258,34.7114362601726,0.4765764817349194,0.3159597132332273,0.3471143626017258,0.3471143626017259
lego-puzzles,m3,Full,880,True,46,Platt Scaling (1D),11.887064325075317,0.7149639433918543,0.4765764817349194,0.1958362149333257,0.1188706432507531,0.0071496394339185
lego-puzzles,m3,Full,880,True,46,Trajectory Platt (5D),9.402365068143062,4.146909977902066,0.6010106326981787,0.1913787749317488,0.0940236506814306,0.0414690997790206
lego-puzzles,m3,Full,880,True,46,VCPS-5D (Our Method),8.899762443077194,1.6109494685746812,0.5296346983893041,0.1944309975543495,0.0889976244307719,0.0161094946857468
mmbench,m3,50,50,False,42,Naive Confidence (NC),26.99592857550583,26.99592857550584,0.6082255200405885,0.269999354460788,0.2699592857550583,0.2699592857550583
mmbench,m3,50,50,False,42,Temperature Scaling (TS),7.887675218797313,6.780522076810488,0.6082255200405885,0.1956361746284058,0.0788767521879731,0.0678052207681048
mmbench,m3,50,50,False,42,Platt Scaling (1D),7.397178222770287,5.980514874950494,0.6082255200405885,0.1954388366513798,0.0739717822277028,0.0598051487495049
mmbench,m3,50,50,False,42,Trajectory Platt (5D),10.741623128938956,8.317889864731116,0.5956684424150177,0.198766315815689,0.1074162312893895,0.0831788986473111
mmbench,m3,50,50,False,42,VCPS-5D (Our Method),8.230158308433053,6.016022041593623,0.6497970573313039,0.1945974780217011,0.0823015830843305,0.0601602204159362
mmbench,m3,50,50,False,43,Naive Confidence (NC),26.99592857550583,26.99592857550584,0.6082255200405885,0.269999354460788,0.2699592857550583,0.2699592857550583
mmbench,m3,50,50,False,43,Temperature Scaling (TS),7.823071077737865,6.129697758212646,0.6082255200405885,0.1955476949218521,0.0782307107773786,0.0612969775821264
mmbench,m3,50,50,False,43,Platt Scaling (1D),7.1817080634304045,5.190020792679155,0.6082255200405885,0.1956855641002149,0.071817080634304,0.0519002079267915
mmbench,m3,50,50,False,43,Trajectory Platt (5D),13.382252145710424,11.603698928060965,0.4740772450532725,0.2242512012589181,0.1338225214571042,0.1160369892806096
mmbench,m3,50,50,False,43,VCPS-5D (Our Method),11.640116509703264,9.027482805521403,0.5318207762557078,0.2121757583791773,0.1164011650970326,0.090274828055214
mmbench,m3,50,50,False,44,Naive Confidence (NC),26.99592857550583,26.99592857550584,0.6082255200405885,0.269999354460788,0.2699592857550583,0.2699592857550583
mmbench,m3,50,50,False,44,Temperature Scaling (TS),8.043852657472215,2.3030109102352934,0.6082255200405885,0.1961230555491364,0.0804385265747221,0.0230301091023529
mmbench,m3,50,50,False,44,Platt Scaling (1D),17.419390529767632,17.04487389035247,0.3917744799594115,0.2224317478657448,0.1741939052976763,0.1704487389035247
mmbench,m3,50,50,False,44,Trajectory Platt (5D),17.907528700003798,16.64943176663893,0.504978437341451,0.2399349203187722,0.179075287000038,0.1664943176663893
mmbench,m3,50,50,False,44,VCPS-5D (Our Method),8.402428426636389,5.518948558449083,0.6614662607813294,0.1976634231980885,0.0840242842663639,0.0551894855844908
mmbench,m3,50,50,False,45,Naive Confidence (NC),26.99592857550583,26.99592857550584,0.6082255200405885,0.269999354460788,0.2699592857550583,0.2699592857550583
mmbench,m3,50,50,False,45,Temperature Scaling (TS),7.846466632556635,7.331975489704797,0.6082255200405885,0.1955605446727412,0.0784646663255663,0.0733197548970479
mmbench,m3,50,50,False,45,Platt Scaling (1D),7.419356070979221,4.492630539344975,0.6082255200405885,0.199604383034422,0.0741935607097922,0.0449263053934497
mmbench,m3,50,50,False,45,Trajectory Platt (5D),14.282561907544729,13.037778964266176,0.6063546423135464,0.2087284141327167,0.1428256190754472,0.1303777896426617
mmbench,m3,50,50,False,45,VCPS-5D (Our Method),12.161066366395518,10.260487476179694,0.6267123287671234,0.206199911292808,0.1216106636639551,0.1026048747617969
mmbench,m3,50,50,False,46,Naive Confidence (NC),26.99592857550583,26.99592857550584,0.6082255200405885,0.269999354460788,0.2699592857550583,0.2699592857550583
mmbench,m3,50,50,False,46,Temperature Scaling (TS),7.74251082805768,5.305649462786488,0.6082255200405885,0.1956790883865557,0.0774251082805768,0.0530564946278648
mmbench,m3,50,50,False,46,Platt Scaling (1D),10.159702062664486,10.546568417331054,0.6082255200405885,0.2134199712645734,0.1015970206266448,0.1054656841733105
mmbench,m3,50,50,False,46,Trajectory Platt (5D),13.068528986303138,12.148938334314154,0.6580733130390665,0.2032017379694794,0.1306852898630313,0.1214893833431415
mmbench,m3,50,50,False,46,VCPS-5D (Our Method),12.755346115180629,13.555543738963545,0.6549657534246576,0.2089431559094887,0.1275534611518062,0.1355554373896354
mmbench,m3,100,100,False,42,Naive Confidence (NC),26.99592857550583,26.99592857550584,0.6082255200405885,0.269999354460788,0.2699592857550583,0.2699592857550583
mmbench,m3,100,100,False,42,Temperature Scaling (TS),7.797428646255977,6.062570403221497,0.6082255200405885,0.1955594428143069,0.0779742864625597,0.0606257040322149
mmbench,m3,100,100,False,42,Platt Scaling (1D),6.9221778577437245,4.967360196821045,0.6082255200405885,0.1963566509129753,0.0692217785774372,0.0496736019682104
mmbench,m3,100,100,False,42,Trajectory Platt (5D),8.813673995173303,7.248804740345803,0.6545852359208523,0.1962586386729763,0.088136739951733,0.072488047403458
mmbench,m3,100,100,False,42,VCPS-5D (Our Method),7.271335678455906,7.2602345135401345,0.6511605783866058,0.1948024393448552,0.072713356784559,0.0726023451354013
mmbench,m3,100,100,False,43,Naive Confidence (NC),26.99592857550583,26.99592857550584,0.6082255200405885,0.269999354460788,0.2699592857550583,0.2699592857550583
mmbench,m3,100,100,False,43,Temperature Scaling (TS),7.78020988134904,6.39523234195021,0.6082255200405885,0.1955828644559429,0.0778020988134904,0.0639523234195021
mmbench,m3,100,100,False,43,Platt Scaling (1D),7.148221720307546,4.285199187117244,0.6082255200405885,0.1958038015975341,0.0714822172030754,0.0428519918711724
mmbench,m3,100,100,False,43,Trajectory Platt (5D),10.09866813253808,7.113527868503808,0.6270769913749366,0.2006928602570628,0.1009866813253808,0.071135278685038
mmbench,m3,100,100,False,43,VCPS-5D (Our Method),9.452129219293202,6.328107138511601,0.6430270167427701,0.1955269252514016,0.094521292192932,0.063281071385116
mmbench,m3,100,100,False,44,Naive Confidence (NC),26.99592857550583,26.99592857550584,0.6082255200405885,0.269999354460788,0.2699592857550583,0.2699592857550583
mmbench,m3,100,100,False,44,Temperature Scaling (TS),7.868130374044966,7.6888493223011585,0.6082255200405885,0.1955920031895216,0.0786813037404496,0.0768884932230115
mmbench,m3,100,100,False,44,Platt Scaling (1D),10.291181184394212,3.650150045630797,0.3917744799594115,0.1974867995326863,0.1029118118439421,0.0365015004563079
mmbench,m3,100,100,False,44,Trajectory Platt (5D),15.30785353246756,13.974157927070337,0.5033929477422628,0.2112153184436032,0.1530785353246756,0.1397415792707033
mmbench,m3,100,100,False,44,VCPS-5D (Our Method),8.011592082921448,4.392000337305954,0.6597539320142058,0.1904374512325988,0.0801159208292144,0.0439200033730595
mmbench,m3,100,100,False,45,Naive Confidence (NC),26.99592857550583,26.99592857550584,0.6082255200405885,0.269999354460788,0.2699592857550583,0.2699592857550583
mmbench,m3,100,100,False,45,Temperature Scaling (TS),7.792678172859864,6.046370582842456,0.6082255200405885,0.195564643743791,0.0779267817285986,0.0604637058284245
mmbench,m3,100,100,False,45,Platt Scaling (1D),7.234299576471797,5.348963778770852,0.6082255200405885,0.1990235007763859,0.0723429957647179,0.0534896377877085
mmbench,m3,100,100,False,45,Trajectory Platt (5D),10.80738934247296,9.164967612610267,0.6133466514459665,0.2033020057838284,0.1080738934247296,0.0916496761261026
mmbench,m3,100,100,False,45,VCPS-5D (Our Method),9.420810335692703,7.0898770130296,0.6351154236428209,0.2006626819486544,0.094208103356927,0.070898770130296
mmbench,m3,100,100,False,46,Naive Confidence (NC),26.99592857550583,26.99592857550584,0.6082255200405885,0.269999354460788,0.2699592857550583,0.2699592857550583
mmbench,m3,100,100,False,46,Temperature Scaling (TS),7.770319583950509,2.807234074566983,0.6082255200405885,0.1958909351196246,0.0777031958395051,0.0280723407456698
mmbench,m3,100,100,False,46,Platt Scaling (1D),9.201407109732306,8.514355730523318,0.6082255200405885,0.2067111604057857,0.092014071097323,0.0851435573052331
mmbench,m3,100,100,False,46,Trajectory Platt (5D),11.132222801912578,10.3188378890045,0.6431697108066972,0.1994323851310379,0.1113222280191257,0.1031883788900449
mmbench,m3,100,100,False,46,VCPS-5D (Our Method),10.470803802304868,10.27435456419682,0.6407280568239473,0.2028947409344398,0.1047080380230486,0.1027435456419681
mmbench,m3,200,200,False,42,Naive Confidence (NC),26.99592857550583,26.99592857550584,0.6082255200405885,0.269999354460788,0.2699592857550583,0.2699592857550583
mmbench,m3,200,200,False,42,Temperature Scaling (TS),7.799579643452523,6.069901628657283,0.6082255200405885,0.1955574015497637,0.0779957964345252,0.0606990162865728
mmbench,m3,200,200,False,42,Platt Scaling (1D),7.039519039454484,4.464307663061853,0.6082255200405885,0.195929377945204,0.0703951903945448,0.0446430766306185
mmbench,m3,200,200,False,42,Trajectory Platt (5D),7.220406688749792,3.7222255244851095,0.6735318366311517,0.1862270799887791,0.0722040668874979,0.037222255244851
mmbench,m3,200,200,False,42,VCPS-5D (Our Method),6.242607208587652,5.231241660331244,0.665144596651446,0.1885044647163059,0.0624260720858765,0.0523124166033124
mmbench,m3,200,200,False,43,Naive Confidence (NC),26.99592857550583,26.99592857550584,0.6082255200405885,0.269999354460788,0.2699592857550583,0.2699592857550583
mmbench,m3,200,200,False,43,Temperature Scaling (TS),7.792255898294324,6.044929973422727,0.6082255200405885,0.1955651523452911,0.0779225589829432,0.0604492997342272
mmbench,m3,200,200,False,43,Platt Scaling (1D),7.130928128483048,4.547151090846263,0.6082255200405885,0.1957666370225743,0.0713092812848304,0.0454715109084626
mmbench,m3,200,200,False,43,Trajectory Platt (5D),9.69663105066866,4.936125031672421,0.6405060882800608,0.1918979696269965,0.0969663105066866,0.0493612503167242
mmbench,m3,200,200,False,43,VCPS-5D (Our Method),5.788302227711465,4.558041483447703,0.6467846270928462,0.1905326780424939,0.0578830222771146,0.045580414834477
mmbench,m3,200,200,False,44,Naive Confidence (NC),26.99592857550583,26.99592857550584,0.6082255200405885,0.269999354460788,0.2699592857550583,0.2699592857550583
mmbench,m3,200,200,False,44,Temperature Scaling (TS),7.8041325400100146,6.252317405229621,0.6082255200405885,0.1955537231326051,0.0780413254001001,0.0625231740522962
mmbench,m3,200,200,False,44,Platt Scaling (1D),7.068066472701982,4.523329692148517,0.6082255200405885,0.1958000697498153,0.0706806647270198,0.0452332969214851
mmbench,m3,200,200,False,44,Trajectory Platt (5D),8.54453853517771,7.734200648963449,0.6417427701674276,0.1961400766807272,0.085445385351777,0.0773420064896344
mmbench,m3,200,200,False,44,VCPS-5D (Our Method),6.6301324655986775,4.442429188426908,0.6572171486555048,0.1911782086098914,0.0663013246559867,0.044424291884269
mmbench,m3,200,200,False,45,Naive Confidence (NC),26.99592857550583,26.99592857550584,0.6082255200405885,0.269999354460788,0.2699592857550583,0.2699592857550583
mmbench,m3,200,200,False,45,Temperature Scaling (TS),7.814362789100159,6.112078678323846,0.6082255200405885,0.1955486200266142,0.0781436278910015,0.0611207867832384
mmbench,m3,200,200,False,45,Platt Scaling (1D),6.962888280876934,4.730022099078371,0.6082255200405885,0.1960609790463467,0.0696288828087693,0.0473002209907837
mmbench,m3,200,200,False,45,Trajectory Platt (5D),9.660136926152024,7.8891436934249715,0.6396974885844748,0.1977125677855564,0.0966013692615202,0.0788914369342497
mmbench,m3,200,200,False,45,VCPS-5D (Our Method),7.790027058263591,7.0327850373880425,0.6504312531709793,0.194142562286105,0.0779002705826359,0.0703278503738804
mmbench,m3,200,200,False,46,Naive Confidence (NC),26.99592857550583,26.99592857550584,0.6082255200405885,0.269999354460788,0.2699592857550583,0.2699592857550583
mmbench,m3,200,200,False,46,Temperature Scaling (TS),7.730963124190436,4.451701986203917,0.6082255200405885,0.1957570520517872,0.0773096312419043,0.0445170198620391
mmbench,m3,200,200,False,46,Platt Scaling (1D),8.289999740448517,6.983783654794534,0.6082255200405885,0.203514586842872,0.0828999974044851,0.0698378365479453
mmbench,m3,200,200,False,46,Trajectory Platt (5D),8.230581659823658,6.638382200151681,0.644533231861999,0.1944847872961116,0.0823058165982365,0.0663838220015168
mmbench,m3,200,200,False,46,VCPS-5D (Our Method),6.959632948083493,7.344461644888657,0.6441844241501775,0.1950173739987683,0.0695963294808349,0.0734446164488865
mmbench,m3,500,500,False,42,Naive Confidence (NC),26.99592857550583,26.99592857550584,0.6082255200405885,0.269999354460788,0.2699592857550583,0.2699592857550583
mmbench,m3,500,500,False,42,Temperature Scaling (TS),7.793951152922045,6.050712829329371,0.6082255200405885,0.1955631563126791,0.0779395115292204,0.0605071282932937
mmbench,m3,500,500,False,42,Platt Scaling (1D),7.079859722990787,4.581421512726388,0.6082255200405885,0.1958718061006377,0.0707985972299078,0.0458142151272638
mmbench,m3,500,500,False,42,Trajectory Platt (5D),8.482218410819772,7.071437302976847,0.6562024353120244,0.1917463349194105,0.0848221841081977,0.0707143730297684
mmbench,m3,500,500,False,42,VCPS-5D (Our Method),8.003216395793949,5.182784520664248,0.6638762049720953,0.1904548462042004,0.0800321639579395,0.0518278452066424
mmbench,m3,500,500,False,43,Naive Confidence (NC),26.99592857550583,26.99592857550584,0.6082255200405885,0.269999354460788,0.2699592857550583,0.2699592857550583
mmbench,m3,500,500,False,43,Temperature Scaling (TS),7.800882275427861,6.241065158607737,0.6082255200405885,0.1955562601452855,0.0780088227542786,0.0624106515860773
mmbench,m3,500,500,False,43,Platt Scaling (1D),7.213138666734678,4.817628495684448,0.6082255200405885,0.1954736257254923,0.0721313866673467,0.0481762849568444
mmbench,m3,500,500,False,43,Trajectory Platt (5D),7.350088990293443,6.1360580837354055,0.662052891933029,0.1881585104785158,0.0735008899029344,0.061360580837354
mmbench,m3,500,500,False,43,VCPS-5D (Our Method),5.6222411928399065,3.401128023776258,0.6595319634703196,0.1882881452023463,0.056222411928399,0.0340112802377625
mmbench,m3,500,500,False,44,Naive Confidence (NC),26.99592857550583,26.99592857550584,0.6082255200405885,0.269999354460788,0.2699592857550583,0.2699592857550583
mmbench,m3,500,500,False,44,Temperature Scaling (TS),7.796634634559786,6.059863552169573,0.6082255200405885,0.1955602456593667,0.0779663463455978,0.0605986355216957
mmbench,m3,500,500,False,44,Platt Scaling (1D),7.054664094052771,4.541828149778194,0.6082255200405885,0.1959260055283516,0.0705466409405277,0.0454182814977819
mmbench,m3,500,500,False,44,Trajectory Platt (5D),9.015950933798647,6.0820445648873855,0.6491311516996447,0.1975509870597566,0.0901595093379864,0.0608204456488738
mmbench,m3,500,500,False,44,VCPS-5D (Our Method),7.097444340616751,4.886537804341382,0.6571220192795536,0.1920639356300104,0.0709744434061675,0.0488653780434138
mmbench,m3,500,500,False,45,Naive Confidence (NC),26.99592857550583,26.99592857550584,0.6082255200405885,0.269999354460788,0.2699592857550583,0.2699592857550583
mmbench,m3,500,500,False,45,Temperature Scaling (TS),7.813160887908786,6.109646809804257,0.6082255200405885,0.1955489938090316,0.0781316088790878,0.0610964680980425
mmbench,m3,500,500,False,45,Platt Scaling (1D),7.151095016661971,4.711562719314653,0.6082255200405885,0.1955319811307358,0.0715109501666197,0.0471156271931465
mmbench,m3,500,500,False,45,Trajectory Platt (5D),7.089162958145606,6.458728221536145,0.6534595383054287,0.1891172517040699,0.070891629581456,0.0645872822153614
mmbench,m3,500,500,False,45,VCPS-5D (Our Method),5.18237446978603,4.892737273760985,0.6557267884322678,0.1888255648880942,0.0518237446978603,0.0489273727376098
mmbench,m3,500,500,False,46,Naive Confidence (NC),26.99592857550583,26.99592857550584,0.6082255200405885,0.269999354460788,0.2699592857550583,0.2699592857550583
mmbench,m3,500,500,False,46,Temperature Scaling (TS),7.75414764140476,6.020265021766996,0.6082255200405885,0.1956426890735927,0.0775414764140476,0.0602026502176699
mmbench,m3,500,500,False,46,Platt Scaling (1D),7.361695995637396,5.383504293982295,0.6082255200405885,0.1989420953123164,0.0736169599563739,0.0538350429398229
mmbench,m3,500,500,False,46,Trajectory Platt (5D),8.573315693298355,7.959952859440822,0.6438990360223236,0.1940201427148905,0.0857331569329835,0.0795995285944082
mmbench,m3,500,500,False,46,VCPS-5D (Our Method),6.366855595678055,4.915508828897841,0.6471968543886353,0.192895494454893,0.0636685559567805,0.0491550882889784
mmbench,m3,1000,1000,False,42,Naive Confidence (NC),26.99592857550583,26.99592857550584,0.6082255200405885,0.269999354460788,0.2699592857550583,0.2699592857550583
mmbench,m3,1000,1000,False,42,Temperature Scaling (TS),7.798222981672693,6.065278018883551,0.6082255200405885,0.1955586662769594,0.0779822298167269,0.0606527801888355
mmbench,m3,1000,1000,False,42,Platt Scaling (1D),7.055620367825521,4.536398693304873,0.6082255200405885,0.1959289795110509,0.0705562036782552,0.0453639869330487
mmbench,m3,1000,1000,False,42,Trajectory Platt (5D),7.229755819775166,4.911777735687794,0.6568207762557077,0.1886352328503189,0.0722975581977516,0.0491177773568779
mmbench,m3,1000,1000,False,42,VCPS-5D (Our Method),6.330308698569985,4.558826581177482,0.6582635717909691,0.1890399581617325,0.0633030869856998,0.0455882658117748
mmbench,m3,1000,1000,False,43,Naive Confidence (NC),26.99592857550583,26.99592857550584,0.6082255200405885,0.269999354460788,0.2699592857550583,0.2699592857550583
mmbench,m3,1000,1000,False,43,Temperature Scaling (TS),7.800373694886291,6.239303939964644,0.6082255200405885,0.1955566972804289,0.0780037369488629,0.0623930393996464
mmbench,m3,1000,1000,False,43,Platt Scaling (1D),7.066735779500784,4.600033910784822,0.6082255200405885,0.1958714860013993,0.0706673577950078,0.0460003391078482
mmbench,m3,1000,1000,False,43,Trajectory Platt (5D),5.96225260733627,6.045201530447229,0.6633371385083714,0.1881134431316277,0.0596225260733627,0.0604520153044722
mmbench,m3,1000,1000,False,43,VCPS-5D (Our Method),7.057605318737285,4.604083173221064,0.6650177574835109,0.1888473407109887,0.0705760531873728,0.0460408317322106
mmbench,m3,1000,1000,False,44,Naive Confidence (NC),26.99592857550583,26.99592857550584,0.6082255200405885,0.269999354460788,0.2699592857550583,0.2699592857550583
mmbench,m3,1000,1000,False,44,Temperature Scaling (TS),7.798431088370345,6.065987326901541,0.6082255200405885,0.1955584672342016,0.0779843108837034,0.0606598732690154
mmbench,m3,1000,1000,False,44,Platt Scaling (1D),7.016204308084307,4.625764269817728,0.6082255200405885,0.1960598995973516,0.070162043080843,0.0462576426981772
mmbench,m3,1000,1000,False,44,Trajectory Platt (5D),6.296537515707314,6.425289792008701,0.6581208777270422,0.1882984628294698,0.0629653751570731,0.064252897920087
mmbench,m3,1000,1000,False,44,VCPS-5D (Our Method),5.971270911092972,4.007024846950242,0.6558853373921867,0.1890829375065973,0.0597127091109297,0.0400702484695024
mmbench,m3,1000,1000,False,45,Naive Confidence (NC),26.99592857550583,26.99592857550584,0.6082255200405885,0.269999354460788,0.2699592857550583,0.2699592857550583
mmbench,m3,1000,1000,False,45,Temperature Scaling (TS),7.787949475663488,6.030232875743091,0.6082255200405885,0.1955707722010728,0.0778794947566348,0.0603023287574309
mmbench,m3,1000,1000,False,45,Platt Scaling (1D),6.924745008891279,4.469748797521742,0.6082255200405885,0.1968938125796702,0.0692474500889128,0.0446974879752174
mmbench,m3,1000,1000,False,45,Trajectory Platt (5D),7.269217729917727,5.753553651622494,0.6599759005580923,0.1892894647480661,0.0726921772991772,0.0575355365162249
mmbench,m3,1000,1000,False,45,VCPS-5D (Our Method),7.1752740463956775,3.814995686130003,0.6584221207508878,0.1899460518431259,0.0717527404639567,0.0381499568613
mmbench,m3,1000,1000,False,46,Naive Confidence (NC),26.99592857550583,26.99592857550584,0.6082255200405885,0.269999354460788,0.2699592857550583,0.2699592857550583
mmbench,m3,1000,1000,False,46,Temperature Scaling (TS),7.778837883270634,6.388764314049175,0.6082255200405885,0.1955852765489361,0.0777883788327063,0.0638876431404917
mmbench,m3,1000,1000,False,46,Platt Scaling (1D),7.1423265805041405,5.444777398011523,0.6082255200405885,0.1984594132630139,0.0714232658050414,0.0544477739801152
mmbench,m3,1000,1000,False,46,Trajectory Platt (5D),8.042952373856679,7.278256818884985,0.6444063926940639,0.1935527816061193,0.0804295237385668,0.0727825681888498
mmbench,m3,1000,1000,False,46,VCPS-5D (Our Method),7.024888422336441,4.496990756774114,0.6472602739726028,0.192164094158758,0.0702488842233644,0.0449699075677411
mmbench,m3,1500,1500,False,42,Naive Confidence (NC),26.99592857550583,26.99592857550584,0.6082255200405885,0.269999354460788,0.2699592857550583,0.2699592857550583
mmbench,m3,1500,1500,False,42,Temperature Scaling (TS),7.790273856622506,6.038166852015457,0.6082255200405885,0.1955676408350454,0.077902738566225,0.0603816685201545
mmbench,m3,1500,1500,False,42,Platt Scaling (1D),6.912750202373863,4.5691225934724615,0.6082255200405885,0.1967235287970812,0.0691275020237386,0.0456912259347246
mmbench,m3,1500,1500,False,42,Trajectory Platt (5D),7.057695684488863,6.986248498316855,0.6599917554540843,0.1887644376023394,0.0705769568448886,0.0698624849831685
mmbench,m3,1500,1500,False,42,VCPS-5D (Our Method),6.94202626731735,4.333053384921008,0.6575659563673262,0.1895603724289493,0.0694202626731735,0.04333053384921
mmbench,m3,1500,1500,False,43,Naive Confidence (NC),26.99592857550583,26.99592857550584,0.6082255200405885,0.269999354460788,0.2699592857550583,0.2699592857550583
mmbench,m3,1500,1500,False,43,Temperature Scaling (TS),7.788652663940043,6.0326334297522,0.6082255200405885,0.1955698005790629,0.0778865266394004,0.0603263342975219
mmbench,m3,1500,1500,False,43,Platt Scaling (1D),6.915543388830056,4.532751243898129,0.6082255200405885,0.1967769675748499,0.0691554338883005,0.0453275124389812
mmbench,m3,1500,1500,False,43,Trajectory Platt (5D),6.459505865350365,6.851440364494916,0.6601185946220193,0.1887548056618976,0.0645950586535036,0.0685144036449491
mmbench,m3,1500,1500,False,43,VCPS-5D (Our Method),6.38292723318703,4.363314604870087,0.6577562151192289,0.1895561111291319,0.0638292723318703,0.0436331460487008
mmbench,m3,1500,1500,False,44,Naive Confidence (NC),26.99592857550583,26.99592857550584,0.6082255200405885,0.269999354460788,0.2699592857550583,0.2699592857550583
mmbench,m3,1500,1500,False,44,Temperature Scaling (TS),7.785539901849224,6.420340583785684,0.6082255200405885,0.1955742617598469,0.0778553990184922,0.0642034058378568
mmbench,m3,1500,1500,False,44,Platt Scaling (1D),6.934271628818244,4.5864397053311965,0.6082255200405885,0.1970413213056704,0.0693427162881824,0.0458643970533119
mmbench,m3,1500,1500,False,44,Trajectory Platt (5D),6.591896320693196,6.475214297883213,0.6611650177574835,0.1887826931759891,0.0659189632069319,0.0647521429788321
mmbench,m3,1500,1500,False,44,VCPS-5D (Our Method),7.337022815755295,4.636428123655652,0.6619736174530695,0.1897367177114949,0.0733702281575529,0.0463642812365565
mmbench,m3,1500,1500,False,45,Naive Confidence (NC),26.99592857550583,26.99592857550584,0.6082255200405885,0.269999354460788,0.2699592857550583,0.2699592857550583
mmbench,m3,1500,1500,False,45,Temperature Scaling (TS),7.786689644712001,6.42575272969296,0.6082255200405885,0.1955725657424759,0.07786689644712,0.0642575272969296
mmbench,m3,1500,1500,False,45,Platt Scaling (1D),6.954764775733574,3.900332848295095,0.6082255200405885,0.1972631418705211,0.0695476477573357,0.0390033284829509
mmbench,m3,1500,1500,False,45,Trajectory Platt (5D),6.499362116563134,5.878136513638309,0.6591038812785388,0.1891183219711387,0.0649936211656313,0.058781365136383
mmbench,m3,1500,1500,False,45,VCPS-5D (Our Method),7.070856732502532,4.662924961221821,0.6574074074074074,0.1900987484036198,0.0707085673250253,0.0466292496122182
mmbench,m3,1500,1500,False,46,Naive Confidence (NC),26.99592857550583,26.99592857550584,0.6082255200405885,0.269999354460788,0.2699592857550583,0.2699592857550583
mmbench,m3,1500,1500,False,46,Temperature Scaling (TS),7.78050602501395,6.396628190229318,0.6082255200405885,0.1955823544502703,0.0778050602501395,0.0639662819022931
mmbench,m3,1500,1500,False,46,Platt Scaling (1D),7.030545885392983,4.643854602674188,0.6082255200405885,0.1977588664257248,0.0703054588539298,0.0464385460267418
mmbench,m3,1500,1500,False,46,Trajectory Platt (5D),7.430200138129295,5.620707438327374,0.6585489599188229,0.1894337196321452,0.0743020013812929,0.0562070743832737
mmbench,m3,1500,1500,False,46,VCPS-5D (Our Method),7.075425601755447,5.154330997776527,0.6564244038559107,0.1904635046008149,0.0707542560175544,0.0515433099777652
mmbench,m3,Full,1600,True,42,Naive Confidence (NC),26.99592857550583,26.99592857550584,0.6082255200405885,0.269999354460788,0.2699592857550583,0.2699592857550583
mmbench,m3,Full,1600,True,42,Temperature Scaling (TS),7.786777163227808,6.426164645158107,0.6082255200405885,0.1955724389564823,0.077867771632278,0.064261646451581
mmbench,m3,Full,1600,True,42,Platt Scaling (1D),6.935838072768681,4.601254094576252,0.6082255200405885,0.1970325010241639,0.0693583807276868,0.0460125409457625
mmbench,m3,Full,1600,True,42,Trajectory Platt (5D),6.540363528300078,6.619566232431678,0.6598649162861491,0.1889711328952599,0.0654036352830007,0.0661956623243167
mmbench,m3,Full,1600,True,42,VCPS-5D (Our Method),6.526408857674412,4.366112655751773,0.6576610857432774,0.1898396133024929,0.0652640885767441,0.0436611265575177
mmbench,m3,Full,1600,True,43,Naive Confidence (NC),26.99592857550583,26.99592857550584,0.6082255200405885,0.269999354460788,0.2699592857550583,0.2699592857550583
mmbench,m3,Full,1600,True,43,Temperature Scaling (TS),7.786777163227808,6.426164645158107,0.6082255200405885,0.1955724389564823,0.077867771632278,0.064261646451581
mmbench,m3,Full,1600,True,43,Platt Scaling (1D),6.935838072768681,4.601254094576252,0.6082255200405885,0.1970325010241639,0.0693583807276868,0.0460125409457625
mmbench,m3,Full,1600,True,43,Trajectory Platt (5D),6.540363528300078,6.619566232431678,0.6598649162861491,0.1889711328952599,0.0654036352830007,0.0661956623243167
mmbench,m3,Full,1600,True,43,VCPS-5D (Our Method),6.526408857674412,4.366112655751773,0.6576610857432774,0.1898396133024929,0.0652640885767441,0.0436611265575177
mmbench,m3,Full,1600,True,44,Naive Confidence (NC),26.99592857550583,26.99592857550584,0.6082255200405885,0.269999354460788,0.2699592857550583,0.2699592857550583
mmbench,m3,Full,1600,True,44,Temperature Scaling (TS),7.786777163227808,6.426164645158107,0.6082255200405885,0.1955724389564823,0.077867771632278,0.064261646451581
mmbench,m3,Full,1600,True,44,Platt Scaling (1D),6.935838072768681,4.601254094576252,0.6082255200405885,0.1970325010241639,0.0693583807276868,0.0460125409457625
mmbench,m3,Full,1600,True,44,Trajectory Platt (5D),6.540363528300078,6.619566232431678,0.6598649162861491,0.1889711328952599,0.0654036352830007,0.0661956623243167
mmbench,m3,Full,1600,True,44,VCPS-5D (Our Method),6.526408857674412,4.366112655751773,0.6576610857432774,0.1898396133024929,0.0652640885767441,0.0436611265575177
mmbench,m3,Full,1600,True,45,Naive Confidence (NC),26.99592857550583,26.99592857550584,0.6082255200405885,0.269999354460788,0.2699592857550583,0.2699592857550583
mmbench,m3,Full,1600,True,45,Temperature Scaling (TS),7.786777163227808,6.426164645158107,0.6082255200405885,0.1955724389564823,0.077867771632278,0.064261646451581
mmbench,m3,Full,1600,True,45,Platt Scaling (1D),6.935838072768681,4.601254094576252,0.6082255200405885,0.1970325010241639,0.0693583807276868,0.0460125409457625
mmbench,m3,Full,1600,True,45,Trajectory Platt (5D),6.540363528300078,6.619566232431678,0.6598649162861491,0.1889711328952599,0.0654036352830007,0.0661956623243167
mmbench,m3,Full,1600,True,45,VCPS-5D (Our Method),6.526408857674412,4.366112655751773,0.6576610857432774,0.1898396133024929,0.0652640885767441,0.0436611265575177
mmbench,m3,Full,1600,True,46,Naive Confidence (NC),26.99592857550583,26.99592857550584,0.6082255200405885,0.269999354460788,0.2699592857550583,0.2699592857550583
mmbench,m3,Full,1600,True,46,Temperature Scaling (TS),7.786777163227808,6.426164645158107,0.6082255200405885,0.1955724389564823,0.077867771632278,0.064261646451581
mmbench,m3,Full,1600,True,46,Platt Scaling (1D),6.935838072768681,4.601254094576252,0.6082255200405885,0.1970325010241639,0.0693583807276868,0.0460125409457625
mmbench,m3,Full,1600,True,46,Trajectory Platt (5D),6.540363528300078,6.619566232431678,0.6598649162861491,0.1889711328952599,0.0654036352830007,0.0661956623243167
mmbench,m3,Full,1600,True,46,VCPS-5D (Our Method),6.526408857674412,4.366112655751773,0.6576610857432774,0.1898396133024929,0.0652640885767441,0.0436611265575177
mmmu,m3,50,50,False,42,Naive Confidence (NC),78.75887090556844,78.75887090556843,0.6390532544378698,0.6888725684559812,0.7875887090556845,0.7875887090556843
mmmu,m3,50,50,False,42,Temperature Scaling (TS),52.20540595754262,52.20540595754262,0.6390532544378698,0.2907526174610168,0.5220540595754262,0.5220540595754262
mmmu,m3,50,50,False,42,Platt Scaling (1D),3.3134967366610897,0.2429870921515912,0.3609467455621301,0.0177769896979916,0.0331349673666108,0.0024298709215159
mmmu,m3,50,50,False,42,Trajectory Platt (5D),3.4043372121401307,0.3244763841246104,0.3431952662721893,0.0178620137576183,0.0340433721214013,0.0032447638412461
mmmu,m3,50,50,False,42,VCPS-5D (Our Method),2.9792283910434767,0.2883416834458471,0.6331360946745561,0.0171403301842345,0.0297922839104347,0.0028834168344584
mmmu,m3,50,50,False,43,Naive Confidence (NC),78.75887090556844,78.75887090556843,0.6390532544378698,0.6888725684559812,0.7875887090556845,0.7875887090556843
mmmu,m3,50,50,False,43,Temperature Scaling (TS),52.20540595754262,52.20540595754262,0.6390532544378698,0.2907526174610168,0.5220540595754262,0.5220540595754262
mmmu,m3,50,50,False,43,Platt Scaling (1D),3.3659815296366427,1.551605979838566,0.6390532544378698,0.0197782197060646,0.0336598152963664,0.0155160597983856
mmmu,m3,50,50,False,43,Trajectory Platt (5D),3.020006327938592,0.764819647613263,0.5147928994082841,0.0177491278357317,0.0302000632793859,0.0076481964761326
mmmu,m3,50,50,False,43,VCPS-5D (Our Method),3.6819355665194577,2.339358456054794,0.6449704142011834,0.0223037288801194,0.0368193556651945,0.0233935845605479
mmmu,m3,50,50,False,44,Naive Confidence (NC),78.75887090556844,78.75887090556843,0.6390532544378698,0.6888725684559812,0.7875887090556845,0.7875887090556843
mmmu,m3,50,50,False,44,Temperature Scaling (TS),52.20540595754262,52.20540595754262,0.6390532544378698,0.2907526174610168,0.5220540595754262,0.5220540595754262
mmmu,m3,50,50,False,44,Platt Scaling (1D),3.2283890871723577,2.590601496287409,0.6390532544378698,0.024964645026152,0.0322838908717235,0.025906014962874
mmmu,m3,50,50,False,44,Trajectory Platt (5D),2.657559995680268,1.2934085157656563,0.6213017751479291,0.0182837690867632,0.0265755999568026,0.0129340851576565
mmmu,m3,50,50,False,44,VCPS-5D (Our Method),3.319389132193076,3.291777986472769,0.6390532544378698,0.0302080008301193,0.0331938913219307,0.0329177798647276
mmmu,m3,50,50,False,45,Naive Confidence (NC),78.75887090556844,78.75887090556843,0.6390532544378698,0.6888725684559812,0.7875887090556845,0.7875887090556843
mmmu,m3,50,50,False,45,Temperature Scaling (TS),52.20540595754262,52.20540595754262,0.6390532544378698,0.2907526174610168,0.5220540595754262,0.5220540595754262
mmmu,m3,50,50,False,45,Platt Scaling (1D),4.193050827608228,2.947514273832334,0.6390532544378698,0.0256838205335602,0.0419305082760822,0.0294751427383233
mmmu,m3,50,50,False,45,Trajectory Platt (5D),3.763974791624161,1.836719510563768,0.6390532544378698,0.0212006987654928,0.0376397479162416,0.0183671951056376
mmmu,m3,50,50,False,45,VCPS-5D (Our Method),6.407556555584212,6.369219269374366,0.650887573964497,0.06382099181687,0.0640755655558421,0.0636921926937436
mmmu,m3,50,50,False,46,Naive Confidence (NC),78.75887090556844,78.75887090556843,0.6390532544378698,0.6888725684559812,0.7875887090556845,0.7875887090556843
mmmu,m3,50,50,False,46,Temperature Scaling (TS),52.20540595754262,52.20540595754262,0.6390532544378698,0.2907526174610168,0.5220540595754262,0.5220540595754262
mmmu,m3,50,50,False,46,Platt Scaling (1D),3.614186650051252,3.1340720407233063,0.6390532544378698,0.0281939918397735,0.0361418665005125,0.031340720407233
mmmu,m3,50,50,False,46,Trajectory Platt (5D),3.1347529919172348,1.649460041517159,0.5325443786982248,0.0188187300896944,0.0313475299191723,0.0164946004151715
mmmu,m3,50,50,False,46,VCPS-5D (Our Method),3.680532148455348,3.678125499011945,0.6390532544378698,0.0351047183342948,0.0368053214845534,0.0367812549901194
mmmu,m3,100,100,False,42,Naive Confidence (NC),78.75887090556844,78.75887090556843,0.6390532544378698,0.6888725684559812,0.7875887090556845,0.7875887090556843
mmmu,m3,100,100,False,42,Temperature Scaling (TS),52.20540595754262,52.20540595754262,0.6390532544378698,0.2907526174610168,0.5220540595754262,0.5220540595754262
mmmu,m3,100,100,False,42,Platt Scaling (1D),3.220113978186318,0.9115009785972832,0.6390532544378698,0.0185204021767527,0.0322011397818631,0.0091150097859728
mmmu,m3,100,100,False,42,Trajectory Platt (5D),3.1367962351840446,0.7457343509168971,0.4378698224852071,0.0179450918530257,0.0313679623518404,0.0074573435091689
mmmu,m3,100,100,False,42,VCPS-5D (Our Method),3.185461415041132,1.085463777193154,0.641025641025641,0.0186141897204632,0.0318546141504113,0.0108546377719315
mmmu,m3,100,100,False,43,Naive Confidence (NC),78.75887090556844,78.75887090556843,0.6390532544378698,0.6888725684559812,0.7875887090556845,0.7875887090556843
mmmu,m3,100,100,False,43,Temperature Scaling (TS),52.20540595754262,52.20540595754262,0.6390532544378698,0.2907526174610168,0.5220540595754262,0.5220540595754262
mmmu,m3,100,100,False,43,Platt Scaling (1D),2.987315099154597,0.2580088948805323,0.6390532544378698,0.0175384658755284,0.0298731509915459,0.0025800889488053
mmmu,m3,100,100,False,43,Trajectory Platt (5D),3.0756930500501767,0.1115754956709827,0.5364891518737672,0.017373699645247,0.0307569305005017,0.0011157549567098
mmmu,m3,100,100,False,43,VCPS-5D (Our Method),3.0047672858689545,0.3138685262398142,0.6351084812623274,0.0176517770006733,0.0300476728586895,0.0031386852623981
mmmu,m3,100,100,False,44,Naive Confidence (NC),78.75887090556844,78.75887090556843,0.6390532544378698,0.6888725684559812,0.7875887090556845,0.7875887090556843
mmmu,m3,100,100,False,44,Temperature Scaling (TS),52.20540595754262,52.20540595754262,0.6390532544378698,0.2907526174610168,0.5220540595754262,0.5220540595754262
mmmu,m3,100,100,False,44,Platt Scaling (1D),3.949219188782183,2.4474920115268985,0.6390532544378698,0.0239139650793329,0.0394921918878218,0.0244749201152689
mmmu,m3,100,100,False,44,Trajectory Platt (5D),3.099228367805048,1.1864194037327758,0.6291913214990138,0.0185531105666096,0.0309922836780504,0.0118641940373277
mmmu,m3,100,100,False,44,VCPS-5D (Our Method),3.750836655673455,2.4294347200632065,0.6410256410256411,0.0228122163317736,0.0375083665567345,0.024294347200632
mmmu,m3,100,100,False,45,Naive Confidence (NC),78.75887090556844,78.75887090556843,0.6390532544378698,0.6888725684559812,0.7875887090556845,0.7875887090556843
mmmu,m3,100,100,False,45,Temperature Scaling (TS),52.20540595754262,52.20540595754262,0.6390532544378698,0.2907526174610168,0.5220540595754262,0.5220540595754262
mmmu,m3,100,100,False,45,Platt Scaling (1D),2.978367996016682,0.331582023820016,0.6390532544378698,0.0171778821264853,0.0297836799601668,0.0033158202382001
mmmu,m3,100,100,False,45,Trajectory Platt (5D),2.8758464626112388,0.3365400925462763,0.6646942800788954,0.0172741365632317,0.0287584646261123,0.0033654009254627
mmmu,m3,100,100,False,45,VCPS-5D (Our Method),2.9953312968079526,0.3600467839172936,0.6390532544378698,0.0172139818771722,0.0299533129680795,0.0036004678391729
mmmu,m3,100,100,False,46,Naive Confidence (NC),78.75887090556844,78.75887090556843,0.6390532544378698,0.6888725684559812,0.7875887090556845,0.7875887090556843
mmmu,m3,100,100,False,46,Temperature Scaling (TS),52.20540595754262,52.20540595754262,0.6390532544378698,0.2907526174610168,0.5220540595754262,0.5220540595754262
mmmu,m3,100,100,False,46,Platt Scaling (1D),3.4015794292672035,1.9066097325557796,0.6390532544378698,0.0210566305094861,0.034015794292672,0.0190660973255577
mmmu,m3,100,100,False,46,Trajectory Platt (5D),3.140208950867947,1.110209023757962,0.52465483234714,0.0182149215050461,0.0314020895086794,0.0111020902375796
mmmu,m3,100,100,False,46,VCPS-5D (Our Method),3.241915774789049,1.9562727957035653,0.6390532544378698,0.0200489815793018,0.0324191577478904,0.0195627279570356
mmmu,m3,200,200,False,42,Naive Confidence (NC),78.75887090556844,78.75887090556843,0.6390532544378698,0.6888725684559812,0.7875887090556845,0.7875887090556843
mmmu,m3,200,200,False,42,Temperature Scaling (TS),52.20540595754262,52.20540595754262,0.6390532544378698,0.2907526174610168,0.5220540595754262,0.5220540595754262
mmmu,m3,200,200,False,42,Platt Scaling (1D),3.014468316054077,0.3513638065876293,0.6390532544378698,0.0173834855828627,0.0301446831605407,0.0035136380658762
mmmu,m3,200,200,False,42,Trajectory Platt (5D),2.9870322711906545,0.1927507216879709,0.5404339250493098,0.0174995615430689,0.0298703227119065,0.0019275072168797
mmmu,m3,200,200,False,42,VCPS-5D (Our Method),3.0414728716141823,0.3619670795265304,0.6351084812623274,0.0175148045793444,0.0304147287161418,0.0036196707952653
mmmu,m3,200,200,False,43,Naive Confidence (NC),78.75887090556844,78.75887090556843,0.6390532544378698,0.6888725684559812,0.7875887090556845,0.7875887090556843
mmmu,m3,200,200,False,43,Temperature Scaling (TS),52.20540595754262,52.20540595754262,0.6390532544378698,0.2907526174610168,0.5220540595754262,0.5220540595754262
mmmu,m3,200,200,False,43,Platt Scaling (1D),3.796587547599055,2.4552915589315165,0.6390532544378698,0.0234184924335223,0.0379658754759905,0.0245529155893151
mmmu,m3,200,200,False,43,Trajectory Platt (5D),3.42212522090724,1.673660151268556,0.603550295857988,0.019492068501995,0.0342212522090724,0.0167366015126855
mmmu,m3,200,200,False,43,VCPS-5D (Our Method),3.803024672348849,2.587991585663187,0.6370808678500985,0.0237637047054037,0.0380302467234884,0.0258799158566318
mmmu,m3,200,200,False,44,Naive Confidence (NC),78.75887090556844,78.75887090556843,0.6390532544378698,0.6888725684559812,0.7875887090556845,0.7875887090556843
mmmu,m3,200,200,False,44,Temperature Scaling (TS),52.20540595754262,52.20540595754262,0.6390532544378698,0.2907526174610168,0.5220540595754262,0.5220540595754262
mmmu,m3,200,200,False,44,Platt Scaling (1D),3.4897846956412444,1.5744362504555771,0.6390532544378698,0.0198519560470093,0.0348978469564124,0.0157443625045557
mmmu,m3,200,200,False,44,Trajectory Platt (5D),3.470690809474543,1.1688546417687131,0.621301775147929,0.0190099296143426,0.0347069080947454,0.0116885464176871
mmmu,m3,200,200,False,44,VCPS-5D (Our Method),3.4727094552296425,1.5029501650593882,0.6390532544378698,0.0198374260556238,0.0347270945522964,0.0150295016505938
mmmu,m3,200,200,False,45,Naive Confidence (NC),78.75887090556844,78.75887090556843,0.6390532544378698,0.6888725684559812,0.7875887090556845,0.7875887090556843
mmmu,m3,200,200,False,45,Temperature Scaling (TS),52.20540595754262,52.20540595754262,0.6390532544378698,0.2907526174610168,0.5220540595754262,0.5220540595754262
mmmu,m3,200,200,False,45,Platt Scaling (1D),3.4809300800156056,2.047498159169568,0.6390532544378698,0.0212772211267092,0.034809300800156,0.0204749815916956
mmmu,m3,200,200,False,45,Trajectory Platt (5D),3.2514668466742584,1.4197900223608,0.6252465483234714,0.0195220003734095,0.0325146684667425,0.014197900223608
mmmu,m3,200,200,False,45,VCPS-5D (Our Method),3.461339900781055,2.069764406065909,0.6429980276134122,0.021425340238661,0.0346133990078105,0.020697644060659
mmmu,m3,200,200,False,46,Naive Confidence (NC),78.75887090556844,78.75887090556843,0.6390532544378698,0.6888725684559812,0.7875887090556845,0.7875887090556843
mmmu,m3,200,200,False,46,Temperature Scaling (TS),52.20540595754262,52.20540595754262,0.6390532544378698,0.2907526174610168,0.5220540595754262,0.5220540595754262
mmmu,m3,200,200,False,46,Platt Scaling (1D),3.5052410106094203,1.860047777015389,0.6390532544378698,0.0206009802146535,0.0350524101060942,0.0186004777701538
mmmu,m3,200,200,False,46,Trajectory Platt (5D),3.626560924647832,1.309396854810265,0.5759368836291913,0.0188893550419402,0.0362656092464783,0.0130939685481026
mmmu,m3,200,200,False,46,VCPS-5D (Our Method),3.5280720555998712,1.955847836030756,0.6429980276134122,0.0208689451162925,0.0352807205559987,0.0195584783603075
mmmu,m3,500,500,False,42,Naive Confidence (NC),78.75887090556844,78.75887090556843,0.6390532544378698,0.6888725684559812,0.7875887090556845,0.7875887090556843
mmmu,m3,500,500,False,42,Temperature Scaling (TS),52.20540595754262,52.20540595754262,0.6390532544378698,0.2907526174610168,0.5220540595754262,0.5220540595754262
mmmu,m3,500,500,False,42,Platt Scaling (1D),3.0849946548071943,0.652554655949198,0.6390532544378698,0.0181116519895218,0.0308499465480719,0.0065255465594919
mmmu,m3,500,500,False,42,Trajectory Platt (5D),3.242510410572597,0.799498111848871,0.5680473372781065,0.0177918705231426,0.0324251041057259,0.0079949811184887
mmmu,m3,500,500,False,42,VCPS-5D (Our Method),3.1082809637706506,0.7946060190387013,0.641025641025641,0.0182471737863986,0.0310828096377065,0.007946060190387
mmmu,m3,500,500,False,43,Naive Confidence (NC),78.75887090556844,78.75887090556843,0.6390532544378698,0.6888725684559812,0.7875887090556845,0.7875887090556843
mmmu,m3,500,500,False,43,Temperature Scaling (TS),52.20540595754262,52.20540595754262,0.6390532544378698,0.2907526174610168,0.5220540595754262,0.5220540595754262
mmmu,m3,500,500,False,43,Platt Scaling (1D),3.714274754491187,2.749302693335572,0.6390532544378698,0.0246205257192492,0.0371427475449118,0.0274930269333557
mmmu,m3,500,500,False,43,Trajectory Platt (5D),3.657375141931901,2.4223901408668307,0.6351084812623273,0.0233151763510315,0.036573751419319,0.0242239014086683
mmmu,m3,500,500,False,43,VCPS-5D (Our Method),3.7169524203672464,2.734403161312792,0.6390532544378698,0.0248324631730932,0.0371695242036724,0.0273440316131279
mmmu,m3,500,500,False,44,Naive Confidence (NC),78.75887090556844,78.75887090556843,0.6390532544378698,0.6888725684559812,0.7875887090556845,0.7875887090556843
mmmu,m3,500,500,False,44,Temperature Scaling (TS),52.20540595754262,52.20540595754262,0.6390532544378698,0.2907526174610168,0.5220540595754262,0.5220540595754262
mmmu,m3,500,500,False,44,Platt Scaling (1D),3.1479259823587915,1.1343770494510654,0.6390532544378698,0.0188569966334179,0.0314792598235879,0.0113437704945106
mmmu,m3,500,500,False,44,Trajectory Platt (5D),3.089149688847017,1.1633277356321383,0.5897435897435898,0.0182759697679626,0.0308914968884701,0.0116332773563213
mmmu,m3,500,500,False,44,VCPS-5D (Our Method),3.1521869709286414,1.1550125052148978,0.6351084812623274,0.0188552093041942,0.0315218697092864,0.0115501250521489
mmmu,m3,500,500,False,45,Naive Confidence (NC),78.75887090556844,78.75887090556843,0.6390532544378698,0.6888725684559812,0.7875887090556845,0.7875887090556843
mmmu,m3,500,500,False,45,Temperature Scaling (TS),52.20540595754262,52.20540595754262,0.6390532544378698,0.2907526174610168,0.5220540595754262,0.5220540595754262
mmmu,m3,500,500,False,45,Platt Scaling (1D),3.263103737383154,1.537170801536697,0.6390532544378698,0.0199706907444986,0.0326310373738315,0.0153717080153669
mmmu,m3,500,500,False,45,Trajectory Platt (5D),3.32302807083727,1.526772261287226,0.6351084812623273,0.0196155896176777,0.0332302807083727,0.0152677226128722
mmmu,m3,500,500,False,45,VCPS-5D (Our Method),3.2945899050885727,1.6700020021921422,0.641025641025641,0.0202317863690563,0.0329458990508857,0.0167000200219214
mmmu,m3,500,500,False,46,Naive Confidence (NC),78.75887090556844,78.75887090556843,0.6390532544378698,0.6888725684559812,0.7875887090556845,0.7875887090556843
mmmu,m3,500,500,False,46,Temperature Scaling (TS),52.20540595754262,52.20540595754262,0.6390532544378698,0.2907526174610168,0.5220540595754262,0.5220540595754262
mmmu,m3,500,500,False,46,Platt Scaling (1D),4.071071176355847,3.135713497811869,0.6390532544378698,0.0270653226662776,0.0407107117635584,0.0313571349781186
mmmu,m3,500,500,False,46,Trajectory Platt (5D),3.958120236015824,2.727965674347256,0.6390532544378698,0.0251965879895938,0.0395812023601582,0.0272796567434725
mmmu,m3,500,500,False,46,VCPS-5D (Our Method),4.099683301126161,3.226924294839556,0.6390532544378698,0.0276192422867428,0.0409968330112616,0.0322692429483955
mmmu,m3,1000,685,True,42,Naive Confidence (NC),78.75887090556844,78.75887090556843,0.6390532544378698,0.6888725684559812,0.7875887090556845,0.7875887090556843
mmmu,m3,1000,685,True,42,Temperature Scaling (TS),52.20540595754262,52.20540595754262,0.6390532544378698,0.2907526174610168,0.5220540595754262,0.5220540595754262
mmmu,m3,1000,685,True,42,Platt Scaling (1D),3.440230959989602,1.8125896004211437,0.6390532544378698,0.0204712050357764,0.034402309599896,0.0181258960042114
mmmu,m3,1000,685,True,42,Trajectory Platt (5D),3.557775176243944,1.683233389062374,0.6232741617357003,0.0198432528878628,0.0355777517624394,0.0168323338906237
mmmu,m3,1000,685,True,42,VCPS-5D (Our Method),3.4644561140670764,1.972450413062572,0.641025641025641,0.0206942205372233,0.0346445611406707,0.0197245041306257
mmmu,m3,1000,685,True,43,Naive Confidence (NC),78.75887090556844,78.75887090556843,0.6390532544378698,0.6888725684559812,0.7875887090556845,0.7875887090556843
mmmu,m3,1000,685,True,43,Temperature Scaling (TS),52.20540595754262,52.20540595754262,0.6390532544378698,0.2907526174610168,0.5220540595754262,0.5220540595754262
mmmu,m3,1000,685,True,43,Platt Scaling (1D),3.440230959989602,1.8125896004211437,0.6390532544378698,0.0204712050357764,0.034402309599896,0.0181258960042114
mmmu,m3,1000,685,True,43,Trajectory Platt (5D),3.557775176243944,1.683233389062374,0.6232741617357003,0.0198432528878628,0.0355777517624394,0.0168323338906237
mmmu,m3,1000,685,True,43,VCPS-5D (Our Method),3.4644561140670764,1.972450413062572,0.641025641025641,0.0206942205372233,0.0346445611406707,0.0197245041306257
mmmu,m3,1000,685,True,44,Naive Confidence (NC),78.75887090556844,78.75887090556843,0.6390532544378698,0.6888725684559812,0.7875887090556845,0.7875887090556843
mmmu,m3,1000,685,True,44,Temperature Scaling (TS),52.20540595754262,52.20540595754262,0.6390532544378698,0.2907526174610168,0.5220540595754262,0.5220540595754262
mmmu,m3,1000,685,True,44,Platt Scaling (1D),3.440230959989602,1.8125896004211437,0.6390532544378698,0.0204712050357764,0.034402309599896,0.0181258960042114
mmmu,m3,1000,685,True,44,Trajectory Platt (5D),3.557775176243944,1.683233389062374,0.6232741617357003,0.0198432528878628,0.0355777517624394,0.0168323338906237
mmmu,m3,1000,685,True,44,VCPS-5D (Our Method),3.4644561140670764,1.972450413062572,0.641025641025641,0.0206942205372233,0.0346445611406707,0.0197245041306257
mmmu,m3,1000,685,True,45,Naive Confidence (NC),78.75887090556844,78.75887090556843,0.6390532544378698,0.6888725684559812,0.7875887090556845,0.7875887090556843
mmmu,m3,1000,685,True,45,Temperature Scaling (TS),52.20540595754262,52.20540595754262,0.6390532544378698,0.2907526174610168,0.5220540595754262,0.5220540595754262
mmmu,m3,1000,685,True,45,Platt Scaling (1D),3.440230959989602,1.8125896004211437,0.6390532544378698,0.0204712050357764,0.034402309599896,0.0181258960042114
mmmu,m3,1000,685,True,45,Trajectory Platt (5D),3.557775176243944,1.683233389062374,0.6232741617357003,0.0198432528878628,0.0355777517624394,0.0168323338906237
mmmu,m3,1000,685,True,45,VCPS-5D (Our Method),3.4644561140670764,1.972450413062572,0.641025641025641,0.0206942205372233,0.0346445611406707,0.0197245041306257
mmmu,m3,1000,685,True,46,Naive Confidence (NC),78.75887090556844,78.75887090556843,0.6390532544378698,0.6888725684559812,0.7875887090556845,0.7875887090556843
mmmu,m3,1000,685,True,46,Temperature Scaling (TS),52.20540595754262,52.20540595754262,0.6390532544378698,0.2907526174610168,0.5220540595754262,0.5220540595754262
mmmu,m3,1000,685,True,46,Platt Scaling (1D),3.440230959989602,1.8125896004211437,0.6390532544378698,0.0204712050357764,0.034402309599896,0.0181258960042114
mmmu,m3,1000,685,True,46,Trajectory Platt (5D),3.557775176243944,1.683233389062374,0.6232741617357003,0.0198432528878628,0.0355777517624394,0.0168323338906237
mmmu,m3,1000,685,True,46,VCPS-5D (Our Method),3.4644561140670764,1.972450413062572,0.641025641025641,0.0206942205372233,0.0346445611406707,0.0197245041306257
mmmu,m3,1500,685,True,42,Naive Confidence (NC),78.75887090556844,78.75887090556843,0.6390532544378698,0.6888725684559812,0.7875887090556845,0.7875887090556843
mmmu,m3,1500,685,True,42,Temperature Scaling (TS),52.20540595754262,52.20540595754262,0.6390532544378698,0.2907526174610168,0.5220540595754262,0.5220540595754262
mmmu,m3,1500,685,True,42,Platt Scaling (1D),3.440230959989602,1.8125896004211437,0.6390532544378698,0.0204712050357764,0.034402309599896,0.0181258960042114
mmmu,m3,1500,685,True,42,Trajectory Platt (5D),3.557775176243944,1.683233389062374,0.6232741617357003,0.0198432528878628,0.0355777517624394,0.0168323338906237
mmmu,m3,1500,685,True,42,VCPS-5D (Our Method),3.4644561140670764,1.972450413062572,0.641025641025641,0.0206942205372233,0.0346445611406707,0.0197245041306257
mmmu,m3,1500,685,True,43,Naive Confidence (NC),78.75887090556844,78.75887090556843,0.6390532544378698,0.6888725684559812,0.7875887090556845,0.7875887090556843
mmmu,m3,1500,685,True,43,Temperature Scaling (TS),52.20540595754262,52.20540595754262,0.6390532544378698,0.2907526174610168,0.5220540595754262,0.5220540595754262
mmmu,m3,1500,685,True,43,Platt Scaling (1D),3.440230959989602,1.8125896004211437,0.6390532544378698,0.0204712050357764,0.034402309599896,0.0181258960042114
mmmu,m3,1500,685,True,43,Trajectory Platt (5D),3.557775176243944,1.683233389062374,0.6232741617357003,0.0198432528878628,0.0355777517624394,0.0168323338906237
mmmu,m3,1500,685,True,43,VCPS-5D (Our Method),3.4644561140670764,1.972450413062572,0.641025641025641,0.0206942205372233,0.0346445611406707,0.0197245041306257
mmmu,m3,1500,685,True,44,Naive Confidence (NC),78.75887090556844,78.75887090556843,0.6390532544378698,0.6888725684559812,0.7875887090556845,0.7875887090556843
mmmu,m3,1500,685,True,44,Temperature Scaling (TS),52.20540595754262,52.20540595754262,0.6390532544378698,0.2907526174610168,0.5220540595754262,0.5220540595754262
mmmu,m3,1500,685,True,44,Platt Scaling (1D),3.440230959989602,1.8125896004211437,0.6390532544378698,0.0204712050357764,0.034402309599896,0.0181258960042114
mmmu,m3,1500,685,True,44,Trajectory Platt (5D),3.557775176243944,1.683233389062374,0.6232741617357003,0.0198432528878628,0.0355777517624394,0.0168323338906237
mmmu,m3,1500,685,True,44,VCPS-5D (Our Method),3.4644561140670764,1.972450413062572,0.641025641025641,0.0206942205372233,0.0346445611406707,0.0197245041306257
mmmu,m3,1500,685,True,45,Naive Confidence (NC),78.75887090556844,78.75887090556843,0.6390532544378698,0.6888725684559812,0.7875887090556845,0.7875887090556843
mmmu,m3,1500,685,True,45,Temperature Scaling (TS),52.20540595754262,52.20540595754262,0.6390532544378698,0.2907526174610168,0.5220540595754262,0.5220540595754262
mmmu,m3,1500,685,True,45,Platt Scaling (1D),3.440230959989602,1.8125896004211437,0.6390532544378698,0.0204712050357764,0.034402309599896,0.0181258960042114
mmmu,m3,1500,685,True,45,Trajectory Platt (5D),3.557775176243944,1.683233389062374,0.6232741617357003,0.0198432528878628,0.0355777517624394,0.0168323338906237
mmmu,m3,1500,685,True,45,VCPS-5D (Our Method),3.4644561140670764,1.972450413062572,0.641025641025641,0.0206942205372233,0.0346445611406707,0.0197245041306257
mmmu,m3,1500,685,True,46,Naive Confidence (NC),78.75887090556844,78.75887090556843,0.6390532544378698,0.6888725684559812,0.7875887090556845,0.7875887090556843
mmmu,m3,1500,685,True,46,Temperature Scaling (TS),52.20540595754262,52.20540595754262,0.6390532544378698,0.2907526174610168,0.5220540595754262,0.5220540595754262
mmmu,m3,1500,685,True,46,Platt Scaling (1D),3.440230959989602,1.8125896004211437,0.6390532544378698,0.0204712050357764,0.034402309599896,0.0181258960042114
mmmu,m3,1500,685,True,46,Trajectory Platt (5D),3.557775176243944,1.683233389062374,0.6232741617357003,0.0198432528878628,0.0355777517624394,0.0168323338906237
mmmu,m3,1500,685,True,46,VCPS-5D (Our Method),3.4644561140670764,1.972450413062572,0.641025641025641,0.0206942205372233,0.0346445611406707,0.0197245041306257
mmmu,m3,Full,685,True,42,Naive Confidence (NC),78.75887090556844,78.75887090556843,0.6390532544378698,0.6888725684559812,0.7875887090556845,0.7875887090556843
mmmu,m3,Full,685,True,42,Temperature Scaling (TS),52.20540595754262,52.20540595754262,0.6390532544378698,0.2907526174610168,0.5220540595754262,0.5220540595754262
mmmu,m3,Full,685,True,42,Platt Scaling (1D),3.440230959989602,1.8125896004211437,0.6390532544378698,0.0204712050357764,0.034402309599896,0.0181258960042114
mmmu,m3,Full,685,True,42,Trajectory Platt (5D),3.557775176243944,1.683233389062374,0.6232741617357003,0.0198432528878628,0.0355777517624394,0.0168323338906237
mmmu,m3,Full,685,True,42,VCPS-5D (Our Method),3.4644561140670764,1.972450413062572,0.641025641025641,0.0206942205372233,0.0346445611406707,0.0197245041306257
mmmu,m3,Full,685,True,43,Naive Confidence (NC),78.75887090556844,78.75887090556843,0.6390532544378698,0.6888725684559812,0.7875887090556845,0.7875887090556843
mmmu,m3,Full,685,True,43,Temperature Scaling (TS),52.20540595754262,52.20540595754262,0.6390532544378698,0.2907526174610168,0.5220540595754262,0.5220540595754262
mmmu,m3,Full,685,True,43,Platt Scaling (1D),3.440230959989602,1.8125896004211437,0.6390532544378698,0.0204712050357764,0.034402309599896,0.0181258960042114
mmmu,m3,Full,685,True,43,Trajectory Platt (5D),3.557775176243944,1.683233389062374,0.6232741617357003,0.0198432528878628,0.0355777517624394,0.0168323338906237
mmmu,m3,Full,685,True,43,VCPS-5D (Our Method),3.4644561140670764,1.972450413062572,0.641025641025641,0.0206942205372233,0.0346445611406707,0.0197245041306257
mmmu,m3,Full,685,True,44,Naive Confidence (NC),78.75887090556844,78.75887090556843,0.6390532544378698,0.6888725684559812,0.7875887090556845,0.7875887090556843
mmmu,m3,Full,685,True,44,Temperature Scaling (TS),52.20540595754262,52.20540595754262,0.6390532544378698,0.2907526174610168,0.5220540595754262,0.5220540595754262
mmmu,m3,Full,685,True,44,Platt Scaling (1D),3.440230959989602,1.8125896004211437,0.6390532544378698,0.0204712050357764,0.034402309599896,0.0181258960042114
mmmu,m3,Full,685,True,44,Trajectory Platt (5D),3.557775176243944,1.683233389062374,0.6232741617357003,0.0198432528878628,0.0355777517624394,0.0168323338906237
mmmu,m3,Full,685,True,44,VCPS-5D (Our Method),3.4644561140670764,1.972450413062572,0.641025641025641,0.0206942205372233,0.0346445611406707,0.0197245041306257
mmmu,m3,Full,685,True,45,Naive Confidence (NC),78.75887090556844,78.75887090556843,0.6390532544378698,0.6888725684559812,0.7875887090556845,0.7875887090556843
mmmu,m3,Full,685,True,45,Temperature Scaling (TS),52.20540595754262,52.20540595754262,0.6390532544378698,0.2907526174610168,0.5220540595754262,0.5220540595754262
mmmu,m3,Full,685,True,45,Platt Scaling (1D),3.440230959989602,1.8125896004211437,0.6390532544378698,0.0204712050357764,0.034402309599896,0.0181258960042114
mmmu,m3,Full,685,True,45,Trajectory Platt (5D),3.557775176243944,1.683233389062374,0.6232741617357003,0.0198432528878628,0.0355777517624394,0.0168323338906237
mmmu,m3,Full,685,True,45,VCPS-5D (Our Method),3.4644561140670764,1.972450413062572,0.641025641025641,0.0206942205372233,0.0346445611406707,0.0197245041306257
mmmu,m3,Full,685,True,46,Naive Confidence (NC),78.75887090556844,78.75887090556843,0.6390532544378698,0.6888725684559812,0.7875887090556845,0.7875887090556843
mmmu,m3,Full,685,True,46,Temperature Scaling (TS),52.20540595754262,52.20540595754262,0.6390532544378698,0.2907526174610168,0.5220540595754262,0.5220540595754262
mmmu,m3,Full,685,True,46,Platt Scaling (1D),3.440230959989602,1.8125896004211437,0.6390532544378698,0.0204712050357764,0.034402309599896,0.0181258960042114
mmmu,m3,Full,685,True,46,Trajectory Platt (5D),3.557775176243944,1.683233389062374,0.6232741617357003,0.0198432528878628,0.0355777517624394,0.0168323338906237
mmmu,m3,Full,685,True,46,VCPS-5D (Our Method),3.4644561140670764,1.972450413062572,0.641025641025641,0.0206942205372233,0.0346445611406707,0.0197245041306257
pope,m3,50,50,False,42,Naive Confidence (NC),4.401373377414336,3.4492825639658977,0.7385311871227364,0.0882241661907834,0.0440137337741433,0.0344928256396589
pope,m3,50,50,False,42,Temperature Scaling (TS),5.07266431404397,5.694503535051106,0.7385311871227364,0.088720219624501,0.0507266431404397,0.056945035350511
pope,m3,50,50,False,42,Platt Scaling (1D),5.00145233508888,5.436958495739488,0.7385311871227364,0.0884696073520512,0.0500145233508887,0.0543695849573948
pope,m3,50,50,False,42,Trajectory Platt (5D),5.606249189675789,4.687579167673952,0.7079476861167002,0.0920338890650699,0.0560624918967578,0.0468757916767395
pope,m3,50,50,False,42,VCPS-5D (Our Method),6.183943205362966,4.543564377452188,0.7374245472837022,0.0888451505928219,0.0618394320536296,0.0454356437745218
pope,m3,50,50,False,43,Naive Confidence (NC),4.401373377414336,3.4492825639658977,0.7385311871227364,0.0882241661907834,0.0440137337741433,0.0344928256396589
pope,m3,50,50,False,43,Temperature Scaling (TS),4.448926436652092,4.064467140136792,0.7385311871227364,0.0888972878433243,0.0444892643665209,0.0406446714013679
pope,m3,50,50,False,43,Platt Scaling (1D),4.499220775106935,2.732675907911835,0.7385311871227364,0.0883275818934992,0.0449922077510693,0.0273267590791183
pope,m3,50,50,False,43,Trajectory Platt (5D),3.628285831792227,1.5983278287989195,0.7254527162977867,0.0914878763880414,0.0362828583179222,0.0159832782879891
pope,m3,50,50,False,43,VCPS-5D (Our Method),4.635011266728608,3.2301135862673074,0.7488933601609659,0.0881360226475177,0.046350112667286,0.032301135862673
pope,m3,50,50,False,44,Naive Confidence (NC),4.401373377414336,3.4492825639658977,0.7385311871227364,0.0882241661907834,0.0440137337741433,0.0344928256396589
pope,m3,50,50,False,44,Temperature Scaling (TS),4.531943145613687,5.440143187282627,0.7385311871227364,0.0883480851998189,0.0453194314561368,0.0544014318728262
pope,m3,50,50,False,44,Platt Scaling (1D),4.789994694993518,3.979383030972376,0.7385311871227364,0.0882844938990354,0.0478999469499351,0.0397938303097237
pope,m3,50,50,False,44,Trajectory Platt (5D),4.95334979508738,5.10878095806206,0.7120724346076458,0.0892864438775258,0.0495334979508738,0.0510878095806206
pope,m3,50,50,False,44,VCPS-5D (Our Method),4.581051345920222,5.214740230066786,0.7425553319919518,0.088258795650257,0.0458105134592022,0.0521474023006678
pope,m3,50,50,False,45,Naive Confidence (NC),4.401373377414336,3.4492825639658977,0.7385311871227364,0.0882241661907834,0.0440137337741433,0.0344928256396589
pope,m3,50,50,False,45,Temperature Scaling (TS),4.828917459067146,4.32979295471765,0.7385311871227364,0.090057020491731,0.0482891745906714,0.0432979295471765
pope,m3,50,50,False,45,Platt Scaling (1D),5.941906233478344,4.650836504015615,0.7385311871227364,0.092193045616311,0.0594190623347834,0.0465083650401561
pope,m3,50,50,False,45,Trajectory Platt (5D),6.5202824374351405,1.9669404597865352,0.6865191146881287,0.0952687793310368,0.0652028243743514,0.0196694045978653
pope,m3,50,50,False,45,VCPS-5D (Our Method),6.942754408529376,3.5345538582949256,0.7528169014084507,0.0910133695343131,0.0694275440852937,0.0353455385829492
pope,m3,50,50,False,46,Naive Confidence (NC),4.401373377414336,3.4492825639658977,0.7385311871227364,0.0882241661907834,0.0440137337741433,0.0344928256396589
pope,m3,50,50,False,46,Temperature Scaling (TS),4.547343231356976,5.1908196417805,0.7385311871227364,0.0883558419284988,0.0454734323135697,0.051908196417805
pope,m3,50,50,False,46,Platt Scaling (1D),4.3343925159053525,4.339676553629633,0.7385311871227364,0.088154577142309,0.0433439251590535,0.0433967655362963
pope,m3,50,50,False,46,Trajectory Platt (5D),6.3746473912535055,7.225545157085767,0.730281690140845,0.0930733621704308,0.063746473912535,0.0722554515708576
pope,m3,50,50,False,46,VCPS-5D (Our Method),5.047880813199804,6.09656358896251,0.7497987927565393,0.0890157882754795,0.050478808131998,0.0609656358896251
pope,m3,100,100,False,42,Naive Confidence (NC),4.401373377414336,3.4492825639658977,0.7385311871227364,0.0882241661907834,0.0440137337741433,0.0344928256396589
pope,m3,100,100,False,42,Temperature Scaling (TS),4.386368505667815,4.545637233450394,0.7385311871227364,0.0884397053939459,0.0438636850566781,0.0454563723345039
pope,m3,100,100,False,42,Platt Scaling (1D),4.333675466371578,3.166540205750179,0.7385311871227364,0.0881285329104883,0.0433367546637157,0.0316654020575017
pope,m3,100,100,False,42,Trajectory Platt (5D),5.688375253288723,3.5308665803233623,0.7222334004024145,0.0924448508896141,0.0568837525328872,0.0353086658032336
pope,m3,100,100,False,42,VCPS-5D (Our Method),4.494482119220344,4.145106679684012,0.7440643863179075,0.0881338549287629,0.0449448211922034,0.0414510667968401
pope,m3,100,100,False,43,Naive Confidence (NC),4.401373377414336,3.4492825639658977,0.7385311871227364,0.0882241661907834,0.0440137337741433,0.0344928256396589
pope,m3,100,100,False,43,Temperature Scaling (TS),4.43090501724552,4.346728418574921,0.7385311871227364,0.0887078808588965,0.0443090501724552,0.0434672841857492
pope,m3,100,100,False,43,Platt Scaling (1D),4.435554211593554,2.7217600444304817,0.7385311871227364,0.0882025668012701,0.0443555421159355,0.0272176004443048
pope,m3,100,100,False,43,Trajectory Platt (5D),5.194918451638058,5.200531153843323,0.6842052313883299,0.0931749667976804,0.0519491845163805,0.0520053115384332
pope,m3,100,100,False,43,VCPS-5D (Our Method),4.44582815848397,3.005435023198492,0.7452716297786721,0.0882059106997263,0.0444582815848396,0.0300543502319849
pope,m3,100,100,False,44,Naive Confidence (NC),4.401373377414336,3.4492825639658977,0.7385311871227364,0.0882241661907834,0.0440137337741433,0.0344928256396589
pope,m3,100,100,False,44,Temperature Scaling (TS),4.413524832026321,4.455461217312038,0.7385311871227364,0.0885794339038556,0.0441352483202632,0.0445546121731203
pope,m3,100,100,False,44,Platt Scaling (1D),4.441476400923064,4.362407240716338,0.7385311871227364,0.0887288224730858,0.0444147640092306,0.0436240724071633
pope,m3,100,100,False,44,Trajectory Platt (5D),5.126872341087244,3.8852917643550033,0.7455734406438632,0.0886266798627576,0.0512687234108724,0.03885291764355
pope,m3,100,100,False,44,VCPS-5D (Our Method),5.4437010731595095,5.138988446406661,0.7538229376257546,0.0886520223946483,0.054437010731595,0.0513898844640666
pope,m3,100,100,False,45,Naive Confidence (NC),4.401373377414336,3.4492825639658977,0.7385311871227364,0.0882241661907834,0.0440137337741433,0.0344928256396589
pope,m3,100,100,False,45,Temperature Scaling (TS),4.436160394223134,4.326904251338297,0.7385311871227364,0.0887556712612596,0.0443616039422313,0.0432690425133829
pope,m3,100,100,False,45,Platt Scaling (1D),4.54450930441285,3.1533344962037946,0.7385311871227364,0.0882688492402618,0.0454450930441285,0.0315333449620379
pope,m3,100,100,False,45,Trajectory Platt (5D),4.267063718230748,1.83096457985128,0.7381287726358149,0.08939672121758,0.0426706371823074,0.0183096457985127
pope,m3,100,100,False,45,VCPS-5D (Our Method),5.061600095975793,3.3388106091381355,0.7487927565392354,0.0877601057815416,0.0506160009597579,0.0333881060913813
pope,m3,100,100,False,46,Naive Confidence (NC),4.401373377414336,3.4492825639658977,0.7385311871227364,0.0882241661907834,0.0440137337741433,0.0344928256396589
pope,m3,100,100,False,46,Temperature Scaling (TS),4.929702166131865,5.318781444345183,0.7385311871227364,0.0886082051324274,0.0492970216613186,0.0531878144434518
pope,m3,100,100,False,46,Platt Scaling (1D),4.708521924681397,5.02074642968471,0.7385311871227364,0.0885014970044286,0.0470852192468139,0.050207464296847
pope,m3,100,100,False,46,Trajectory Platt (5D),5.272806839883143,5.9166971699197495,0.7396378269617706,0.0917017004021089,0.0527280683988314,0.0591669716991975
pope,m3,100,100,False,46,VCPS-5D (Our Method),6.012393950817898,7.194729391448587,0.7522132796780684,0.0891999635160158,0.0601239395081789,0.0719472939144858
pope,m3,200,200,False,42,Naive Confidence (NC),4.401373377414336,3.4492825639658977,0.7385311871227364,0.0882241661907834,0.0440137337741433,0.0344928256396589
pope,m3,200,200,False,42,Temperature Scaling (TS),4.384693433309497,3.6841343889451856,0.7385311871227364,0.088254971873961,0.0438469343330949,0.0368413438894518
pope,m3,200,200,False,42,Platt Scaling (1D),4.368323221341564,4.26729948793141,0.7385311871227364,0.0882730866614738,0.0436832322134156,0.0426729948793141
pope,m3,200,200,False,42,Trajectory Platt (5D),4.600188509797602,4.525168908053429,0.7429577464788732,0.0896387367656979,0.046001885097976,0.0452516890805342
pope,m3,200,200,False,42,VCPS-5D (Our Method),4.557730216035,4.940219391797392,0.75,0.0882505488884086,0.04557730216035,0.0494021939179739
pope,m3,200,200,False,43,Naive Confidence (NC),4.401373377414336,3.4492825639658977,0.7385311871227364,0.0882241661907834,0.0440137337741433,0.0344928256396589
pope,m3,200,200,False,43,Temperature Scaling (TS),4.410083867213417,4.4685627524497455,0.7385311871227364,0.0885582533672984,0.0441008386721341,0.0446856275244974
pope,m3,200,200,False,43,Platt Scaling (1D),4.395121008349471,3.0453825653912623,0.7385311871227364,0.0881248064997096,0.0439512100834947,0.0304538256539126
pope,m3,200,200,False,43,Trajectory Platt (5D),5.996033409172464,4.624356502275858,0.7134808853118714,0.0923288739825481,0.0599603340917246,0.0462435650227585
pope,m3,200,200,False,43,VCPS-5D (Our Method),4.693829300767984,2.805070452066327,0.7445674044265594,0.087992289287604,0.0469382930076798,0.0280507045206632
pope,m3,200,200,False,44,Naive Confidence (NC),4.401373377414336,3.4492825639658977,0.7385311871227364,0.0882241661907834,0.0440137337741433,0.0344928256396589
pope,m3,200,200,False,44,Temperature Scaling (TS),4.364179753837899,4.226331134554264,0.7385311871227364,0.0883271687367946,0.0436417975383789,0.0422633113455426
pope,m3,200,200,False,44,Platt Scaling (1D),4.253485937858004,3.590935315349253,0.7385311871227364,0.0881265539049021,0.04253485937858,0.0359093531534925
pope,m3,200,200,False,44,Trajectory Platt (5D),5.321811545978893,3.1058265684540376,0.7535211267605634,0.0886919238456335,0.0532181154597889,0.0310582656845403
pope,m3,200,200,False,44,VCPS-5D (Our Method),4.727825662811863,5.640963020850699,0.75261569416499,0.0878318277915636,0.0472782566281186,0.0564096302085069
pope,m3,200,200,False,45,Naive Confidence (NC),4.401373377414336,3.4492825639658977,0.7385311871227364,0.0882241661907834,0.0440137337741433,0.0344928256396589
pope,m3,200,200,False,45,Temperature Scaling (TS),4.434089029429095,4.334952324106022,0.7385311871227364,0.0887362300984787,0.0443408902942909,0.0433495232410602
pope,m3,200,200,False,45,Platt Scaling (1D),4.411268440646555,2.855589784021908,0.7385311871227364,0.0881808907421612,0.0441126844064655,0.028555897840219
pope,m3,200,200,False,45,Trajectory Platt (5D),3.871278301301796,3.519094429419704,0.7531187122736418,0.0881039716030482,0.0387127830130179,0.035190944294197
pope,m3,200,200,False,45,VCPS-5D (Our Method),4.56497889767148,3.84720033531966,0.7458752515090543,0.0878560021665022,0.0456497889767148,0.0384720033531966
pope,m3,200,200,False,46,Naive Confidence (NC),4.401373377414336,3.4492825639658977,0.7385311871227364,0.0882241661907834,0.0440137337741433,0.0344928256396589
pope,m3,200,200,False,46,Temperature Scaling (TS),4.720460041606815,5.2959896926706325,0.7385311871227364,0.088460411054968,0.0472046004160681,0.0529598969267063
pope,m3,200,200,False,46,Platt Scaling (1D),4.6948401195711735,5.526846618081188,0.7385311871227364,0.0885342296788472,0.0469484011957117,0.0552684661808118
pope,m3,200,200,False,46,Trajectory Platt (5D),4.6513655062379495,4.300816165616145,0.7380281690140845,0.0895400739542831,0.0465136550623794,0.0430081616561614
pope,m3,200,200,False,46,VCPS-5D (Our Method),4.819115904187113,6.4682453214419455,0.7483903420523139,0.0886418944482181,0.0481911590418711,0.0646824532144194
pope,m3,500,500,False,42,Naive Confidence (NC),4.401373377414336,3.4492825639658977,0.7385311871227364,0.0882241661907834,0.0440137337741433,0.0344928256396589
pope,m3,500,500,False,42,Temperature Scaling (TS),4.368208684043871,4.1794520369375245,0.7385311871227364,0.0883736235205692,0.0436820868404387,0.0417945203693752
pope,m3,500,500,False,42,Platt Scaling (1D),4.255017799488176,3.563973864258062,0.7385311871227364,0.0881370641986762,0.0425501779948817,0.0356397386425806
pope,m3,500,500,False,42,Trajectory Platt (5D),5.762784197038994,2.913909048122304,0.7489939637826961,0.0883383332543854,0.0576278419703899,0.029139090481223
pope,m3,500,500,False,42,VCPS-5D (Our Method),4.297373263049259,5.227141432892444,0.7495975855130785,0.0878763042626341,0.0429737326304925,0.0522714143289244
pope,m3,500,500,False,43,Naive Confidence (NC),4.401373377414336,3.4492825639658977,0.7385311871227364,0.0882241661907834,0.0440137337741433,0.0344928256396589
pope,m3,500,500,False,43,Temperature Scaling (TS),4.377874450590896,4.284464210930241,0.7385311871227364,0.0882777103910369,0.0437787445059089,0.0428446421093024
pope,m3,500,500,False,43,Platt Scaling (1D),4.279282163851661,4.131259134206748,0.7385311871227364,0.0881923213380128,0.0427928216385166,0.0413125913420674
pope,m3,500,500,False,43,Trajectory Platt (5D),5.207924848439925,4.280228216820002,0.7449698189134809,0.089933214517852,0.0520792484843992,0.0428022821682
pope,m3,500,500,False,43,VCPS-5D (Our Method),4.737374002408956,5.513562358740489,0.7512072434607646,0.0879498243631396,0.0473737400240895,0.0551356235874048
pope,m3,500,500,False,44,Naive Confidence (NC),4.401373377414336,3.4492825639658977,0.7385311871227364,0.0882241661907834,0.0440137337741433,0.0344928256396589
pope,m3,500,500,False,44,Temperature Scaling (TS),4.376313475845882,4.277435116268484,0.7385311871227364,0.0882831328784181,0.0437631347584588,0.0427743511626848
pope,m3,500,500,False,44,Platt Scaling (1D),4.269336596678342,3.711862378941394,0.7385311871227364,0.0880942863810992,0.0426933659667834,0.0371186237894139
pope,m3,500,500,False,44,Trajectory Platt (5D),4.540995847095146,3.048281189416272,0.7507042253521127,0.0883333286590219,0.0454099584709514,0.0304828118941627
pope,m3,500,500,False,44,VCPS-5D (Our Method),4.644789974278295,5.655819985574101,0.7497987927565393,0.0877646164385393,0.0464478997427829,0.056558199855741
pope,m3,500,500,False,45,Naive Confidence (NC),4.401373377414336,3.4492825639658977,0.7385311871227364,0.0882241661907834,0.0440137337741433,0.0344928256396589
pope,m3,500,500,False,45,Temperature Scaling (TS),4.385922815904148,3.647494375363278,0.7385311871227364,0.0882510794574638,0.0438592281590414,0.0364749437536327
pope,m3,500,500,False,45,Platt Scaling (1D),4.297016160586006,4.135871852002997,0.7385311871227364,0.0881771219455034,0.04297016160586,0.0413587185200299
pope,m3,500,500,False,45,Trajectory Platt (5D),5.402257440605882,3.630004678400333,0.7458752515090543,0.0891690706538319,0.0540225744060588,0.0363000467840033
pope,m3,500,500,False,45,VCPS-5D (Our Method),4.835756177781717,3.810296853034556,0.7475855130784709,0.0879749686974257,0.0483575617778171,0.0381029685303455
pope,m3,500,500,False,46,Naive Confidence (NC),4.401373377414336,3.4492825639658977,0.7385311871227364,0.0882241661907834,0.0440137337741433,0.0344928256396589
pope,m3,500,500,False,46,Temperature Scaling (TS),4.401245075597231,4.030521157560887,0.7385311871227364,0.0882351384067122,0.0440124507559723,0.0403052115756088
pope,m3,500,500,False,46,Platt Scaling (1D),4.742661351356659,5.211262399751719,0.7385311871227364,0.0886530328770936,0.0474266135135665,0.0521126239975171
pope,m3,500,500,False,46,Trajectory Platt (5D),6.845345364468974,3.935853973451449,0.7430583501006036,0.0885291691225701,0.0684534536446897,0.0393585397345144
pope,m3,500,500,False,46,VCPS-5D (Our Method),4.537430993576493,5.313399441015595,0.7459758551307848,0.0885665293300355,0.0453743099357649,0.0531339944101559
pope,m3,1000,1000,False,42,Naive Confidence (NC),4.401373377414336,3.4492825639658977,0.7385311871227364,0.0882241661907834,0.0440137337741433,0.0344928256396589
pope,m3,1000,1000,False,42,Temperature Scaling (TS),4.359410386770787,4.207526304845829,0.7385311871227364,0.0883451764328217,0.0435941038677078,0.0420752630484582
pope,m3,1000,1000,False,42,Platt Scaling (1D),4.224405807193883,3.994038513172521,0.7385311871227364,0.0881916217191277,0.0422440580719388,0.0399403851317252
pope,m3,1000,1000,False,42,Trajectory Platt (5D),6.323665744832317,4.780727391332666,0.7485915492957746,0.0882680884225548,0.0632366574483231,0.0478072739133266
pope,m3,1000,1000,False,42,VCPS-5D (Our Method),4.242114274962548,4.803579014768519,0.7484909456740443,0.0879062315827578,0.0424211427496254,0.0480357901476851
pope,m3,1000,1000,False,43,Naive Confidence (NC),4.401373377414336,3.4492825639658977,0.7385311871227364,0.0882241661907834,0.0440137337741433,0.0344928256396589
pope,m3,1000,1000,False,43,Temperature Scaling (TS),4.380722201191198,3.669511320551988,0.7385311871227364,0.0882680076230495,0.0438072220119119,0.0366951132055198
pope,m3,1000,1000,False,43,Platt Scaling (1D),4.409673207863453,4.331471868687788,0.7385311871227364,0.088309050252075,0.0440967320786345,0.0433147186868778
pope,m3,1000,1000,False,43,Trajectory Platt (5D),5.9426782086351455,4.701175379528895,0.7502012072434607,0.0886773243085333,0.0594267820863514,0.0470117537952889
pope,m3,1000,1000,False,43,VCPS-5D (Our Method),4.205031068980408,4.319786599698544,0.7507042253521127,0.0880334565898415,0.042050310689804,0.0431978659969854
pope,m3,1000,1000,False,44,Naive Confidence (NC),4.401373377414336,3.4492825639658977,0.7385311871227364,0.0882241661907834,0.0440137337741433,0.0344928256396589
pope,m3,1000,1000,False,44,Temperature Scaling (TS),4.359908565461292,4.203785032907555,0.7385311871227364,0.0883488625966326,0.0435990856546129,0.0420378503290755
pope,m3,1000,1000,False,44,Platt Scaling (1D),4.265923626546164,2.9093458516598165,0.7385311871227364,0.0881089483076306,0.0426592362654616,0.0290934585165981
pope,m3,1000,1000,False,44,Trajectory Platt (5D),5.895978997119916,4.055399375275755,0.7489939637826961,0.0881047600709956,0.0589597899711991,0.0405539937527575
pope,m3,1000,1000,False,44,VCPS-5D (Our Method),4.225350012283062,5.359517076186809,0.7502012072434608,0.0877869582770676,0.0422535001228306,0.053595170761868
pope,m3,1000,1000,False,45,Naive Confidence (NC),4.401373377414336,3.4492825639658977,0.7385311871227364,0.0882241661907834,0.0440137337741433,0.0344928256396589
pope,m3,1000,1000,False,45,Temperature Scaling (TS),4.38055930341801,4.5616364296091785,0.7385311871227364,0.0884166044257987,0.04380559303418,0.0456163642960917
pope,m3,1000,1000,False,45,Platt Scaling (1D),4.2139439288555325,3.6329397820583633,0.7385311871227364,0.0882096332321064,0.0421394392885553,0.0363293978205836
pope,m3,1000,1000,False,45,Trajectory Platt (5D),5.607270437721922,4.019248139895614,0.7494969818913481,0.0891200451712351,0.0560727043772192,0.0401924813989561
pope,m3,1000,1000,False,45,VCPS-5D (Our Method),4.956736525038895,5.380410247890488,0.7511066398390341,0.0879272614789184,0.0495673652503889,0.0538041024789048
pope,m3,1000,1000,False,46,Naive Confidence (NC),4.401373377414336,3.4492825639658977,0.7385311871227364,0.0882241661907834,0.0440137337741433,0.0344928256396589
pope,m3,1000,1000,False,46,Temperature Scaling (TS),4.387523128421715,3.657724823265329,0.7385311871227364,0.0882461358361368,0.0438752312842171,0.0365772482326532
pope,m3,1000,1000,False,46,Platt Scaling (1D),4.399202132314,3.377112286019611,0.7385311871227364,0.0882645067957204,0.04399202132314,0.0337711228601961
pope,m3,1000,1000,False,46,Trajectory Platt (5D),5.821745616141531,5.246359184617906,0.7509054325955734,0.089061478382712,0.0582174561614153,0.052463591846179
pope,m3,1000,1000,False,46,VCPS-5D (Our Method),4.7931221430096125,4.757795623271446,0.749195171026157,0.0880626335500369,0.0479312214300961,0.0475779562327144
pope,m3,1500,1276,True,42,Naive Confidence (NC),4.401373377414336,3.4492825639658977,0.7385311871227364,0.0882241661907834,0.0440137337741433,0.0344928256396589
pope,m3,1500,1276,True,42,Temperature Scaling (TS),4.37429397651731,4.268523292461976,0.7385311871227364,0.0882902443753891,0.0437429397651731,0.0426852329246197
pope,m3,1500,1276,True,42,Platt Scaling (1D),4.3170979063977,4.185224922530998,0.7385311871227364,0.0882341299954266,0.0431709790639769,0.0418522492253099
pope,m3,1500,1276,True,42,Trajectory Platt (5D),6.618610491573252,4.823040037319577,0.7514084507042252,0.0886765446660969,0.0661861049157325,0.0482304003731957
pope,m3,1500,1276,True,42,VCPS-5D (Our Method),4.222095861628341,4.4782182066562575,0.7496981891348088,0.0879595577829571,0.0422209586162834,0.0447821820665625
pope,m3,1500,1276,True,43,Naive Confidence (NC),4.401373377414336,3.4492825639658977,0.7385311871227364,0.0882241661907834,0.0440137337741433,0.0344928256396589
pope,m3,1500,1276,True,43,Temperature Scaling (TS),4.37429397651731,4.268523292461976,0.7385311871227364,0.0882902443753891,0.0437429397651731,0.0426852329246197
pope,m3,1500,1276,True,43,Platt Scaling (1D),4.3170979063977,4.185224922530998,0.7385311871227364,0.0882341299954266,0.0431709790639769,0.0418522492253099
pope,m3,1500,1276,True,43,Trajectory Platt (5D),6.618610491573252,4.823040037319577,0.7514084507042252,0.0886765446660969,0.0661861049157325,0.0482304003731957
pope,m3,1500,1276,True,43,VCPS-5D (Our Method),4.222095861628341,4.4782182066562575,0.7496981891348088,0.0879595577829571,0.0422209586162834,0.0447821820665625
pope,m3,1500,1276,True,44,Naive Confidence (NC),4.401373377414336,3.4492825639658977,0.7385311871227364,0.0882241661907834,0.0440137337741433,0.0344928256396589
pope,m3,1500,1276,True,44,Temperature Scaling (TS),4.37429397651731,4.268523292461976,0.7385311871227364,0.0882902443753891,0.0437429397651731,0.0426852329246197
pope,m3,1500,1276,True,44,Platt Scaling (1D),4.3170979063977,4.185224922530998,0.7385311871227364,0.0882341299954266,0.0431709790639769,0.0418522492253099
pope,m3,1500,1276,True,44,Trajectory Platt (5D),6.618610491573252,4.823040037319577,0.7514084507042252,0.0886765446660969,0.0661861049157325,0.0482304003731957
pope,m3,1500,1276,True,44,VCPS-5D (Our Method),4.222095861628341,4.4782182066562575,0.7496981891348088,0.0879595577829571,0.0422209586162834,0.0447821820665625
pope,m3,1500,1276,True,45,Naive Confidence (NC),4.401373377414336,3.4492825639658977,0.7385311871227364,0.0882241661907834,0.0440137337741433,0.0344928256396589
pope,m3,1500,1276,True,45,Temperature Scaling (TS),4.37429397651731,4.268523292461976,0.7385311871227364,0.0882902443753891,0.0437429397651731,0.0426852329246197
pope,m3,1500,1276,True,45,Platt Scaling (1D),4.3170979063977,4.185224922530998,0.7385311871227364,0.0882341299954266,0.0431709790639769,0.0418522492253099
pope,m3,1500,1276,True,45,Trajectory Platt (5D),6.618610491573252,4.823040037319577,0.7514084507042252,0.0886765446660969,0.0661861049157325,0.0482304003731957
pope,m3,1500,1276,True,45,VCPS-5D (Our Method),4.222095861628341,4.4782182066562575,0.7496981891348088,0.0879595577829571,0.0422209586162834,0.0447821820665625
pope,m3,1500,1276,True,46,Naive Confidence (NC),4.401373377414336,3.4492825639658977,0.7385311871227364,0.0882241661907834,0.0440137337741433,0.0344928256396589
pope,m3,1500,1276,True,46,Temperature Scaling (TS),4.37429397651731,4.268523292461976,0.7385311871227364,0.0882902443753891,0.0437429397651731,0.0426852329246197
pope,m3,1500,1276,True,46,Platt Scaling (1D),4.3170979063977,4.185224922530998,0.7385311871227364,0.0882341299954266,0.0431709790639769,0.0418522492253099
pope,m3,1500,1276,True,46,Trajectory Platt (5D),6.618610491573252,4.823040037319577,0.7514084507042252,0.0886765446660969,0.0661861049157325,0.0482304003731957
pope,m3,1500,1276,True,46,VCPS-5D (Our Method),4.222095861628341,4.4782182066562575,0.7496981891348088,0.0879595577829571,0.0422209586162834,0.0447821820665625
pope,m3,Full,1276,True,42,Naive Confidence (NC),4.401373377414336,3.4492825639658977,0.7385311871227364,0.0882241661907834,0.0440137337741433,0.0344928256396589
pope,m3,Full,1276,True,42,Temperature Scaling (TS),4.37429397651731,4.268523292461976,0.7385311871227364,0.0882902443753891,0.0437429397651731,0.0426852329246197
pope,m3,Full,1276,True,42,Platt Scaling (1D),4.3170979063977,4.185224922530998,0.7385311871227364,0.0882341299954266,0.0431709790639769,0.0418522492253099
pope,m3,Full,1276,True,42,Trajectory Platt (5D),6.618610491573252,4.823040037319577,0.7514084507042252,0.0886765446660969,0.0661861049157325,0.0482304003731957
pope,m3,Full,1276,True,42,VCPS-5D (Our Method),4.222095861628341,4.4782182066562575,0.7496981891348088,0.0879595577829571,0.0422209586162834,0.0447821820665625
pope,m3,Full,1276,True,43,Naive Confidence (NC),4.401373377414336,3.4492825639658977,0.7385311871227364,0.0882241661907834,0.0440137337741433,0.0344928256396589
pope,m3,Full,1276,True,43,Temperature Scaling (TS),4.37429397651731,4.268523292461976,0.7385311871227364,0.0882902443753891,0.0437429397651731,0.0426852329246197
pope,m3,Full,1276,True,43,Platt Scaling (1D),4.3170979063977,4.185224922530998,0.7385311871227364,0.0882341299954266,0.0431709790639769,0.0418522492253099
pope,m3,Full,1276,True,43,Trajectory Platt (5D),6.618610491573252,4.823040037319577,0.7514084507042252,0.0886765446660969,0.0661861049157325,0.0482304003731957
pope,m3,Full,1276,True,43,VCPS-5D (Our Method),4.222095861628341,4.4782182066562575,0.7496981891348088,0.0879595577829571,0.0422209586162834,0.0447821820665625
pope,m3,Full,1276,True,44,Naive Confidence (NC),4.401373377414336,3.4492825639658977,0.7385311871227364,0.0882241661907834,0.0440137337741433,0.0344928256396589
pope,m3,Full,1276,True,44,Temperature Scaling (TS),4.37429397651731,4.268523292461976,0.7385311871227364,0.0882902443753891,0.0437429397651731,0.0426852329246197
pope,m3,Full,1276,True,44,Platt Scaling (1D),4.3170979063977,4.185224922530998,0.7385311871227364,0.0882341299954266,0.0431709790639769,0.0418522492253099
pope,m3,Full,1276,True,44,Trajectory Platt (5D),6.618610491573252,4.823040037319577,0.7514084507042252,0.0886765446660969,0.0661861049157325,0.0482304003731957
pope,m3,Full,1276,True,44,VCPS-5D (Our Method),4.222095861628341,4.4782182066562575,0.7496981891348088,0.0879595577829571,0.0422209586162834,0.0447821820665625
pope,m3,Full,1276,True,45,Naive Confidence (NC),4.401373377414336,3.4492825639658977,0.7385311871227364,0.0882241661907834,0.0440137337741433,0.0344928256396589
pope,m3,Full,1276,True,45,Temperature Scaling (TS),4.37429397651731,4.268523292461976,0.7385311871227364,0.0882902443753891,0.0437429397651731,0.0426852329246197
pope,m3,Full,1276,True,45,Platt Scaling (1D),4.3170979063977,4.185224922530998,0.7385311871227364,0.0882341299954266,0.0431709790639769,0.0418522492253099
pope,m3,Full,1276,True,45,Trajectory Platt (5D),6.618610491573252,4.823040037319577,0.7514084507042252,0.0886765446660969,0.0661861049157325,0.0482304003731957
pope,m3,Full,1276,True,45,VCPS-5D (Our Method),4.222095861628341,4.4782182066562575,0.7496981891348088,0.0879595577829571,0.0422209586162834,0.0447821820665625
pope,m3,Full,1276,True,46,Naive Confidence (NC),4.401373377414336,3.4492825639658977,0.7385311871227364,0.0882241661907834,0.0440137337741433,0.0344928256396589
pope,m3,Full,1276,True,46,Temperature Scaling (TS),4.37429397651731,4.268523292461976,0.7385311871227364,0.0882902443753891,0.0437429397651731,0.0426852329246197
pope,m3,Full,1276,True,46,Platt Scaling (1D),4.3170979063977,4.185224922530998,0.7385311871227364,0.0882341299954266,0.0431709790639769,0.0418522492253099
pope,m3,Full,1276,True,46,Trajectory Platt (5D),6.618610491573252,4.823040037319577,0.7514084507042252,0.0886765446660969,0.0661861049157325,0.0482304003731957
pope,m3,Full,1276,True,46,VCPS-5D (Our Method),4.222095861628341,4.4782182066562575,0.7496981891348088,0.0879595577829571,0.0422209586162834,0.0447821820665625
scienceqa,m3,50,50,False,42,Naive Confidence (NC),21.92671763151884,22.15753873437643,0.8067412771560236,0.2368041303501034,0.2192671763151883,0.2215753873437643
scienceqa,m3,50,50,False,42,Temperature Scaling (TS),12.889114903876312,12.93200936492305,0.8067412771560236,0.1915317067294953,0.1288911490387631,0.1293200936492305
scienceqa,m3,50,50,False,42,Platt Scaling (1D),6.518663218487484,6.906138209046253,0.8067412771560236,0.1744962412545461,0.0651866321848748,0.0690613820904625
scienceqa,m3,50,50,False,42,Trajectory Platt (5D),11.392072379821911,11.424706086749213,0.7819618169848586,0.1943316556852256,0.1139207237982191,0.1142470608674921
scienceqa,m3,50,50,False,42,VCPS-5D (Our Method),5.374374618137697,6.507249993823841,0.8060829493087558,0.1735002401136228,0.0537437461813769,0.0650724999382384
scienceqa,m3,50,50,False,43,Naive Confidence (NC),21.92671763151884,22.15753873437643,0.8067412771560236,0.2368041303501034,0.2192671763151883,0.2215753873437643
scienceqa,m3,50,50,False,43,Temperature Scaling (TS),12.683898361180754,13.170690476961507,0.8067412771560236,0.1924322631601931,0.1268389836118075,0.131706904769615
scienceqa,m3,50,50,False,43,Platt Scaling (1D),4.766629102438745,5.902662361118277,0.8067412771560236,0.1732452597259172,0.0476662910243874,0.0590266236111827
scienceqa,m3,50,50,False,43,Trajectory Platt (5D),8.470666552428158,8.909659529570492,0.7979196840026332,0.1814703416679382,0.0847066655242815,0.0890965952957049
scienceqa,m3,50,50,False,43,VCPS-5D (Our Method),6.945938701404007,6.133296113236479,0.8120078999341673,0.1730185857998396,0.06945938701404,0.0613329611323648
scienceqa,m3,50,50,False,44,Naive Confidence (NC),21.92671763151884,22.15753873437643,0.8067412771560236,0.2368041303501034,0.2192671763151883,0.2215753873437643
scienceqa,m3,50,50,False,44,Temperature Scaling (TS),12.811556644271436,12.471740363299752,0.8067412771560236,0.1943531400341384,0.1281155664427143,0.1247174036329975
scienceqa,m3,50,50,False,44,Platt Scaling (1D),9.29931676094548,10.608620956318603,0.8067412771560236,0.1818809043355735,0.0929931676094548,0.106086209563186
scienceqa,m3,50,50,False,44,Trajectory Platt (5D),6.988379079848525,6.549618992954493,0.8000263331138908,0.1796721501420853,0.0698837907984852,0.0654961899295449
scienceqa,m3,50,50,False,44,VCPS-5D (Our Method),11.43868276307421,13.13484310296327,0.8050822909809086,0.1905517680019705,0.1143868276307421,0.1313484310296327
scienceqa,m3,50,50,False,45,Naive Confidence (NC),21.92671763151884,22.15753873437643,0.8067412771560236,0.2368041303501034,0.2192671763151883,0.2215753873437643
scienceqa,m3,50,50,False,45,Temperature Scaling (TS),13.506026093787929,13.66998577482684,0.8067412771560236,0.1921031315589129,0.1350602609378793,0.1366998577482684
scienceqa,m3,50,50,False,45,Platt Scaling (1D),9.878906115795354,9.840949411770763,0.8067412771560236,0.181952257738103,0.0987890611579535,0.0984094941177076
scienceqa,m3,50,50,False,45,Trajectory Platt (5D),9.498755313456062,10.22661156207323,0.7802764976958525,0.187964686712284,0.0949875531345606,0.1022661156207323
scienceqa,m3,50,50,False,45,VCPS-5D (Our Method),7.132340210186877,6.37148579000214,0.8045556287030942,0.1773387731603729,0.0713234021018687,0.0637148579000214
scienceqa,m3,50,50,False,46,Naive Confidence (NC),21.92671763151884,22.15753873437643,0.8067412771560236,0.2368041303501034,0.2192671763151883,0.2215753873437643
scienceqa,m3,50,50,False,46,Temperature Scaling (TS),12.693204318987044,13.719328632154282,0.8067412771560236,0.192630553196,0.1269320431898704,0.1371932863215428
scienceqa,m3,50,50,False,46,Platt Scaling (1D),5.407535222674191,6.677139676343212,0.8067412771560236,0.1744236834938646,0.0540753522267419,0.0667713967634321
scienceqa,m3,50,50,False,46,Trajectory Platt (5D),7.924832604825498,5.714819528162478,0.7766161948650427,0.1878809567207849,0.0792483260482549,0.0571481952816247
scienceqa,m3,50,50,False,46,VCPS-5D (Our Method),7.742934136533948,7.4298192006386845,0.8051876234364714,0.1774570795097318,0.0774293413653394,0.0742981920063868
scienceqa,m3,100,100,False,42,Naive Confidence (NC),21.92671763151884,22.15753873437643,0.8067412771560236,0.2368041303501034,0.2192671763151883,0.2215753873437643
scienceqa,m3,100,100,False,42,Temperature Scaling (TS),12.668137292345536,12.857300206336708,0.8067412771560236,0.1919216019515662,0.1266813729234553,0.128573002063367
scienceqa,m3,100,100,False,42,Platt Scaling (1D),4.946124808442726,5.467195649151906,0.8067412771560236,0.1727742041571468,0.0494612480844272,0.054671956491519
scienceqa,m3,100,100,False,42,Trajectory Platt (5D),7.252291671000421,7.69877800438553,0.810533245556287,0.1747943399571435,0.0725229167100042,0.0769877800438553
scienceqa,m3,100,100,False,42,VCPS-5D (Our Method),8.511567164666033,7.189147380652881,0.8090322580645162,0.172161253158401,0.0851156716466603,0.0718914738065288
scienceqa,m3,100,100,False,43,Naive Confidence (NC),21.92671763151884,22.15753873437643,0.8067412771560236,0.2368041303501034,0.2192671763151883,0.2215753873437643
scienceqa,m3,100,100,False,43,Temperature Scaling (TS),12.680828206167485,13.129970276724508,0.8067412771560236,0.1923597069766413,0.1268082820616748,0.1312997027672451
scienceqa,m3,100,100,False,43,Platt Scaling (1D),4.901416808608761,5.156699338842568,0.8067412771560236,0.1731669991192728,0.0490141680860876,0.0515669933884256
scienceqa,m3,100,100,False,43,Trajectory Platt (5D),7.607506342232227,7.23267378658056,0.7993943383805134,0.179418507564689,0.0760750634223222,0.0723267378658056
scienceqa,m3,100,100,False,43,VCPS-5D (Our Method),5.30663200777071,5.72149688909297,0.8086109282422647,0.1738632174013138,0.0530663200777071,0.0572149688909296
scienceqa,m3,100,100,False,44,Naive Confidence (NC),21.92671763151884,22.15753873437643,0.8067412771560236,0.2368041303501034,0.2192671763151883,0.2215753873437643
scienceqa,m3,100,100,False,44,Temperature Scaling (TS),12.958061714277294,13.221468074836556,0.8067412771560236,0.1950319428160537,0.1295806171427729,0.1322146807483655
scienceqa,m3,100,100,False,44,Platt Scaling (1D),7.6604722389644015,8.211940307749698,0.8067412771560236,0.1789273764045385,0.076604722389644,0.0821194030774969
scienceqa,m3,100,100,False,44,Trajectory Platt (5D),8.387833923101425,8.3358413875103,0.8082422646477947,0.1764509927513261,0.0838783392310142,0.083358413875103
scienceqa,m3,100,100,False,44,VCPS-5D (Our Method),7.918612908778002,9.239109699694207,0.8085055957867018,0.1795072217505229,0.07918612908778,0.092391096996942
scienceqa,m3,100,100,False,45,Naive Confidence (NC),21.92671763151884,22.15753873437643,0.8067412771560236,0.2368041303501034,0.2192671763151883,0.2215753873437643
scienceqa,m3,100,100,False,45,Temperature Scaling (TS),13.910206667565978,12.859893656423104,0.8067412771560236,0.193187049527456,0.1391020666756597,0.128598936564231
scienceqa,m3,100,100,False,45,Platt Scaling (1D),10.81849812160537,9.88408091331162,0.8067412771560236,0.1841035935195294,0.1081849812160536,0.0988408091331162
scienceqa,m3,100,100,False,45,Trajectory Platt (5D),7.146716725081206,6.920635659247637,0.7543647136273864,0.1943238264400739,0.071467167250812,0.0692063565924763
scienceqa,m3,100,100,False,45,VCPS-5D (Our Method),9.21353429448728,8.332336735527912,0.8038973008558261,0.1815686583986407,0.0921353429448728,0.0833233673552791
scienceqa,m3,100,100,False,46,Naive Confidence (NC),21.92671763151884,22.15753873437643,0.8067412771560236,0.2368041303501034,0.2192671763151883,0.2215753873437643
scienceqa,m3,100,100,False,46,Temperature Scaling (TS),12.670346666983198,13.36805105098073,0.8067412771560236,0.1920431760985397,0.1267034666698319,0.1336805105098073
scienceqa,m3,100,100,False,46,Platt Scaling (1D),5.338417593848776,6.996079007078043,0.8067412771560236,0.1744989041085674,0.0533841759384877,0.0699607900707804
scienceqa,m3,100,100,False,46,Trajectory Platt (5D),6.855594824999571,7.104914132505652,0.8013166556945359,0.1763022731055714,0.0685559482499957,0.0710491413250565
scienceqa,m3,100,100,False,46,VCPS-5D (Our Method),7.469524421596133,7.794991417151617,0.8063199473337723,0.1769846004954868,0.0746952442159613,0.0779499141715161
scienceqa,m3,200,200,False,42,Naive Confidence (NC),21.92671763151884,22.15753873437643,0.8067412771560236,0.2368041303501034,0.2192671763151883,0.2215753873437643
scienceqa,m3,200,200,False,42,Temperature Scaling (TS),12.676517930056344,13.018240956327109,0.8067412771560236,0.1922477685444326,0.1267651793005634,0.130182409563271
scienceqa,m3,200,200,False,42,Platt Scaling (1D),4.901061395819927,6.058905688761686,0.8067412771560236,0.1730904886798682,0.0490106139581992,0.0605890568876168
scienceqa,m3,200,200,False,42,Trajectory Platt (5D),7.045320060104132,7.262042973190547,0.8103752468729427,0.1727642864338436,0.0704532006010413,0.0726204297319054
scienceqa,m3,200,200,False,42,VCPS-5D (Our Method),6.813203515157586,7.507606993274273,0.8092165898617512,0.1722189839267173,0.0681320351515758,0.0750760699327427
scienceqa,m3,200,200,False,43,Naive Confidence (NC),21.92671763151884,22.15753873437643,0.8067412771560236,0.2368041303501034,0.2192671763151883,0.2215753873437643
scienceqa,m3,200,200,False,43,Temperature Scaling (TS),12.667907105853429,13.254370437410715,0.8067412771560236,0.1919007373206273,0.1266790710585343,0.1325437043741071
scienceqa,m3,200,200,False,43,Platt Scaling (1D),5.535370248975655,5.017405856416521,0.8067412771560236,0.1735072338445649,0.0553537024897565,0.0501740585641652
scienceqa,m3,200,200,False,43,Trajectory Platt (5D),5.616614308208226,4.620469596236946,0.7967873601053326,0.1786798658321325,0.0561661430820822,0.0462046959623694
scienceqa,m3,200,200,False,43,VCPS-5D (Our Method),7.325693827366811,6.2721730934326105,0.8099802501645821,0.1721854656436094,0.0732569382736681,0.0627217309343261
scienceqa,m3,200,200,False,44,Naive Confidence (NC),21.92671763151884,22.15753873437643,0.8067412771560236,0.2368041303501034,0.2192671763151883,0.2215753873437643
scienceqa,m3,200,200,False,44,Temperature Scaling (TS),12.720811322615758,13.266025455736491,0.8067412771560236,0.1931261396913195,0.1272081132261575,0.1326602545573649
scienceqa,m3,200,200,False,44,Platt Scaling (1D),5.678343216226359,6.5202552911333935,0.8067412771560236,0.174952527396169,0.0567834321622635,0.0652025529113339
scienceqa,m3,200,200,False,44,Trajectory Platt (5D),7.599918983876703,8.04743506759405,0.8075839368005266,0.1775716642053494,0.075999189838767,0.0804743506759405
scienceqa,m3,200,200,False,44,VCPS-5D (Our Method),7.586876268377199,7.752954460801664,0.8079526003949967,0.1764770435847689,0.0758687626837719,0.0775295446080166
scienceqa,m3,200,200,False,45,Naive Confidence (NC),21.92671763151884,22.15753873437643,0.8067412771560236,0.2368041303501034,0.2192671763151883,0.2215753873437643
scienceqa,m3,200,200,False,45,Temperature Scaling (TS),12.818995854047074,12.559991782036189,0.8067412771560236,0.1915847463749269,0.1281899585404707,0.1255999178203618
scienceqa,m3,200,200,False,45,Platt Scaling (1D),6.202296558191085,5.85013912546639,0.8067412771560236,0.1742768961363684,0.0620229655819108,0.0585013912546638
scienceqa,m3,200,200,False,45,Trajectory Platt (5D),6.856904745101932,6.170531459152699,0.7905200789993416,0.1804593396542283,0.0685690474510193,0.0617053145915269
scienceqa,m3,200,200,False,45,VCPS-5D (Our Method),5.639066887736638,5.489171969517797,0.8081632653061224,0.1735121377281751,0.0563906688773663,0.0548917196951779
scienceqa,m3,200,200,False,46,Naive Confidence (NC),21.92671763151884,22.15753873437643,0.8067412771560236,0.2368041303501034,0.2192671763151883,0.2215753873437643
scienceqa,m3,200,200,False,46,Temperature Scaling (TS),12.707912413046962,13.1966980161242,0.8067412771560236,0.1929061465093083,0.1270791241304696,0.131966980161242
scienceqa,m3,200,200,False,46,Platt Scaling (1D),5.816838517921105,7.29866043942577,0.8067412771560236,0.1752219502435638,0.058168385179211,0.0729866043942577
scienceqa,m3,200,200,False,46,Trajectory Platt (5D),7.6285920850932625,6.707891810685396,0.805029624753127,0.1760271835601901,0.0762859208509326,0.0670789181068539
scienceqa,m3,200,200,False,46,VCPS-5D (Our Method),6.769536948378168,7.434911107813392,0.8074786043449638,0.1758240808481703,0.0676953694837816,0.0743491110781339
scienceqa,m3,500,500,False,42,Naive Confidence (NC),21.92671763151884,22.15753873437643,0.8067412771560236,0.2368041303501034,0.2192671763151883,0.2215753873437643
scienceqa,m3,500,500,False,42,Temperature Scaling (TS),12.68067134811484,13.129594257092824,0.8067412771560236,0.1923558652273396,0.1268067134811484,0.1312959425709282
scienceqa,m3,500,500,False,42,Platt Scaling (1D),5.150417513097397,6.463497418735892,0.8067412771560236,0.1732650071828511,0.0515041751309739,0.0646349741873589
scienceqa,m3,500,500,False,42,Trajectory Platt (5D),8.33535260334611,7.563009593635797,0.8114022383146807,0.1725314984885675,0.083353526033461,0.0756300959363579
scienceqa,m3,500,500,False,42,VCPS-5D (Our Method),6.031972483901972,6.328738533576815,0.8090322580645162,0.1722884801797902,0.0603197248390197,0.0632873853357681
scienceqa,m3,500,500,False,43,Naive Confidence (NC),21.92671763151884,22.15753873437643,0.8067412771560236,0.2368041303501034,0.2192671763151883,0.2215753873437643
scienceqa,m3,500,500,False,43,Temperature Scaling (TS),12.846672667379632,12.544235657360725,0.8067412771560236,0.1915600150359061,0.1284667266737963,0.1254423565736072
scienceqa,m3,500,500,False,43,Platt Scaling (1D),5.3143323999685,4.866094131649644,0.8067412771560236,0.1727220424272563,0.053143323999685,0.0486609413164964
scienceqa,m3,500,500,False,43,Trajectory Platt (5D),5.299975899979475,6.397639403119683,0.8065832784726793,0.1740149348362147,0.0529997589997947,0.0639763940311968
scienceqa,m3,500,500,False,43,VCPS-5D (Our Method),7.847683259758009,5.994455439988805,0.8100592495062542,0.1715386158155213,0.07847683259758,0.059944554399888
scienceqa,m3,500,500,False,44,Naive Confidence (NC),21.92671763151884,22.15753873437643,0.8067412771560236,0.2368041303501034,0.2192671763151883,0.2215753873437643
scienceqa,m3,500,500,False,44,Temperature Scaling (TS),12.708919808334151,13.197185119624008,0.8067412771560236,0.1929239190422152,0.1270891980833415,0.13197185119624
scienceqa,m3,500,500,False,44,Platt Scaling (1D),5.089592879340583,5.9219148230433465,0.8067412771560236,0.1737477084388389,0.0508959287934058,0.0592191482304334
scienceqa,m3,500,500,False,44,Trajectory Platt (5D),7.161018535494806,6.75681146979332,0.8120342330480579,0.1741927166098575,0.071610185354948,0.0675681146979332
scienceqa,m3,500,500,False,44,VCPS-5D (Our Method),6.253542658840165,5.993700062915714,0.8104279131007243,0.1733452407859176,0.0625354265884016,0.0599370006291571
scienceqa,m3,500,500,False,45,Naive Confidence (NC),21.92671763151884,22.15753873437643,0.8067412771560236,0.2368041303501034,0.2192671763151883,0.2215753873437643
scienceqa,m3,500,500,False,45,Temperature Scaling (TS),12.673186544030557,13.073117945253973,0.8067412771560236,0.1921478225661788,0.1267318654403055,0.1307311794525397
scienceqa,m3,500,500,False,45,Platt Scaling (1D),4.970893153733327,5.173187543789083,0.8067412771560236,0.1730118244996005,0.0497089315373332,0.0517318754378908
scienceqa,m3,500,500,False,45,Trajectory Platt (5D),5.900765284895897,4.51415314525366,0.8123765635286373,0.171515770037208,0.0590076528489589,0.0451415314525366
scienceqa,m3,500,500,False,45,VCPS-5D (Our Method),6.05790091774286,5.985186142042287,0.8087162606978275,0.1723948020062613,0.0605790091774286,0.0598518614204228
scienceqa,m3,500,500,False,46,Naive Confidence (NC),21.92671763151884,22.15753873437643,0.8067412771560236,0.2368041303501034,0.2192671763151883,0.2215753873437643
scienceqa,m3,500,500,False,46,Temperature Scaling (TS),12.713517055205225,12.865488151318296,0.8067412771560236,0.1930036537018824,0.1271351705520522,0.1286548815131829
scienceqa,m3,500,500,False,46,Platt Scaling (1D),5.246316041232876,6.403178487723757,0.8067412771560236,0.1739613261455642,0.0524631604123287,0.0640317848772375
scienceqa,m3,500,500,False,46,Trajectory Platt (5D),6.796924106776717,6.8364261612296096,0.8121658986175115,0.1726184551979881,0.0679692410677671,0.0683642616122961
scienceqa,m3,500,500,False,46,VCPS-5D (Our Method),6.13844653351194,7.272803582461575,0.8090322580645162,0.1733057733782351,0.0613844653351194,0.0727280358246157
scienceqa,m3,1000,1000,False,42,Naive Confidence (NC),21.92671763151884,22.15753873437643,0.8067412771560236,0.2368041303501034,0.2192671763151883,0.2215753873437643
scienceqa,m3,1000,1000,False,42,Temperature Scaling (TS),12.689272745646834,13.447359699061137,0.8067412771560236,0.1925499312637155,0.1268927274564683,0.1344735969906113
scienceqa,m3,1000,1000,False,42,Platt Scaling (1D),4.828400661811044,5.645901864418993,0.8067412771560236,0.1731966227130108,0.0482840066181104,0.0564590186441899
scienceqa,m3,1000,1000,False,42,Trajectory Platt (5D),5.438588216900827,5.314064033329488,0.810717577353522,0.172512981219001,0.0543858821690082,0.0531406403332948
scienceqa,m3,1000,1000,False,42,VCPS-5D (Our Method),5.846498779332433,5.4116527171324025,0.809058591178407,0.1724026177401346,0.0584649877933243,0.054116527171324
scienceqa,m3,1000,1000,False,43,Naive Confidence (NC),21.92671763151884,22.15753873437643,0.8067412771560236,0.2368041303501034,0.2192671763151883,0.2215753873437643
scienceqa,m3,1000,1000,False,43,Temperature Scaling (TS),12.671362513007924,13.470300778424878,0.8067412771560236,0.1920838847597461,0.1267136251300792,0.1347030077842488
scienceqa,m3,1000,1000,False,43,Platt Scaling (1D),4.6901839231523175,6.022364404767334,0.8067412771560236,0.1729461141746281,0.0469018392315231,0.0602236440476733
scienceqa,m3,1000,1000,False,43,Trajectory Platt (5D),6.770725913345814,5.282457701861859,0.8138512179065175,0.1720847613605527,0.0677072591334581,0.0528245770186185
scienceqa,m3,1000,1000,False,43,VCPS-5D (Our Method),6.439830644131896,5.681326596578304,0.8097169190256748,0.1721094760162589,0.0643983064413189,0.056813265965783
scienceqa,m3,1000,1000,False,44,Naive Confidence (NC),21.92671763151884,22.15753873437643,0.8067412771560236,0.2368041303501034,0.2192671763151883,0.2215753873437643
scienceqa,m3,1000,1000,False,44,Temperature Scaling (TS),12.68142254541256,13.098065823383257,0.8067412771560236,0.1923741342129272,0.1268142254541256,0.1309806582338325
scienceqa,m3,1000,1000,False,44,Platt Scaling (1D),4.878829806984246,5.489492945855959,0.8067412771560236,0.1731643468354216,0.0487882980698424,0.0548949294585595
scienceqa,m3,1000,1000,False,44,Trajectory Platt (5D),5.708988070487976,5.33968073129654,0.8126135615536538,0.1720206306915475,0.0570898807048797,0.0533968073129654
scienceqa,m3,1000,1000,False,44,VCPS-5D (Our Method),6.619321506987649,5.443362956613379,0.8102172481895984,0.17216487574116,0.0661932150698765,0.0544336295661337
scienceqa,m3,1000,1000,False,45,Naive Confidence (NC),21.92671763151884,22.15753873437643,0.8067412771560236,0.2368041303501034,0.2192671763151883,0.2215753873437643
scienceqa,m3,1000,1000,False,45,Temperature Scaling (TS),12.68016789666716,13.128376772449789,0.8067412771560236,0.1923434338961162,0.1268016789666716,0.1312837677244978
scienceqa,m3,1000,1000,False,45,Platt Scaling (1D),4.8266761789686985,6.321902674445271,0.8067412771560236,0.1731208190298648,0.0482667617896869,0.0632190267444527
scienceqa,m3,1000,1000,False,45,Trajectory Platt (5D),6.155370272696016,4.923089087009432,0.8128768926925609,0.1714976920057901,0.0615537027269601,0.0492308908700943
scienceqa,m3,1000,1000,False,45,VCPS-5D (Our Method),5.721694803734675,6.258784573780191,0.8095325872284397,0.1723430722679926,0.0572169480373467,0.0625878457378019
scienceqa,m3,1000,1000,False,46,Naive Confidence (NC),21.92671763151884,22.15753873437643,0.8067412771560236,0.2368041303501034,0.2192671763151883,0.2215753873437643
scienceqa,m3,1000,1000,False,46,Temperature Scaling (TS),12.68558330133134,13.37418755064445,0.8067412771560236,0.1924702626430613,0.1268558330133134,0.1337418755064445
scienceqa,m3,1000,1000,False,46,Platt Scaling (1D),4.846466061529768,5.63770136916433,0.8067412771560236,0.1731573790149408,0.0484646606152976,0.0563770136916433
scienceqa,m3,1000,1000,False,46,Trajectory Platt (5D),6.86662057042122,5.69032084196806,0.8102699144173798,0.17233067929185,0.0686662057042122,0.0569032084196806
scienceqa,m3,1000,1000,False,46,VCPS-5D (Our Method),6.840211680819358,4.8783192460411335,0.8094799210006584,0.1724047658599221,0.0684021168081935,0.0487831924604113
scienceqa,m3,1500,1500,False,42,Naive Confidence (NC),21.92671763151884,22.15753873437643,0.8067412771560236,0.2368041303501034,0.2192671763151883,0.2215753873437643
scienceqa,m3,1500,1500,False,42,Temperature Scaling (TS),12.685865185436004,13.374701244868804,0.8067412771560236,0.1924765119007981,0.12685865185436,0.133747012448688
scienceqa,m3,1500,1500,False,42,Platt Scaling (1D),4.925006718107722,4.504645750755702,0.8067412771560236,0.173264280211001,0.0492500671810772,0.045046457507557
scienceqa,m3,1500,1500,False,42,Trajectory Platt (5D),6.054199919104575,5.336399197578431,0.8126925608953259,0.1721555324662449,0.0605419991910457,0.0533639919757843
scienceqa,m3,1500,1500,False,42,VCPS-5D (Our Method),5.874394598400865,5.56127855934766,0.809874917709019,0.1723311961408884,0.0587439459840086,0.0556127855934766
scienceqa,m3,1500,1500,False,43,Naive Confidence (NC),21.92671763151884,22.15753873437643,0.8067412771560236,0.2368041303501034,0.2192671763151883,0.2215753873437643
scienceqa,m3,1500,1500,False,43,Temperature Scaling (TS),12.677997783045443,13.022637103319362,0.8067412771560236,0.1922878725057418,0.1267799778304544,0.1302263710331936
scienceqa,m3,1500,1500,False,43,Platt Scaling (1D),4.966769424443036,5.083060568054942,0.8067412771560236,0.1731583055410416,0.0496676942444303,0.0508306056805494
scienceqa,m3,1500,1500,False,43,Trajectory Platt (5D),6.729443755000829,6.292961005121469,0.8127452271231074,0.1719526827717226,0.0672944375500082,0.0629296100512146
scienceqa,m3,1500,1500,False,43,VCPS-5D (Our Method),6.055389618236914,5.295992707142892,0.8102435813034892,0.1721665835633797,0.0605538961823691,0.0529599270714289
scienceqa,m3,1500,1500,False,44,Naive Confidence (NC),21.92671763151884,22.15753873437643,0.8067412771560236,0.2368041303501034,0.2192671763151883,0.2215753873437643
scienceqa,m3,1500,1500,False,44,Temperature Scaling (TS),12.684211455316936,13.171420152088253,0.8067412771560236,0.1924394117994767,0.1268421145531693,0.1317142015208825
scienceqa,m3,1500,1500,False,44,Platt Scaling (1D),5.020426782737641,4.615563920906465,0.8067412771560236,0.1732949880642355,0.0502042678273764,0.0461556392090646
scienceqa,m3,1500,1500,False,44,Trajectory Platt (5D),6.978633064776661,5.734754178673027,0.813245556287031,0.1717921116822446,0.0697863306477666,0.0573475417867302
scienceqa,m3,1500,1500,False,44,VCPS-5D (Our Method),6.060393838270625,5.61538294481109,0.8099275839368006,0.1723410993716464,0.0606039383827062,0.0561538294481109
scienceqa,m3,1500,1500,False,45,Naive Confidence (NC),21.92671763151884,22.15753873437643,0.8067412771560236,0.2368041303501034,0.2192671763151883,0.2215753873437643
scienceqa,m3,1500,1500,False,45,Temperature Scaling (TS),12.67731403746209,13.020637105149188,0.8067412771560236,0.1922695976061698,0.1267731403746209,0.1302063710514918
scienceqa,m3,1500,1500,False,45,Platt Scaling (1D),5.041477656620322,5.3770492689360285,0.8067412771560236,0.1731797089798523,0.0504147765662032,0.0537704926893602
scienceqa,m3,1500,1500,False,45,Trajectory Platt (5D),6.095072507858276,5.518023535609242,0.8124555628703095,0.171825643424853,0.0609507250785827,0.0551802353560924
scienceqa,m3,1500,1500,False,45,VCPS-5D (Our Method),6.276287567054093,5.798217925628918,0.8095589203423306,0.1722161397822596,0.0627628756705409,0.0579821792562891
scienceqa,m3,1500,1500,False,46,Naive Confidence (NC),21.92671763151884,22.15753873437643,0.8067412771560236,0.2368041303501034,0.2192671763151883,0.2215753873437643
scienceqa,m3,1500,1500,False,46,Temperature Scaling (TS),12.688737074043868,13.446458224168031,0.8067412771560236,0.1925386299764157,0.1268873707404386,0.1344645822416803
scienceqa,m3,1500,1500,False,46,Platt Scaling (1D),4.9676297185807865,5.066839297473035,0.8067412771560236,0.1733486691012272,0.0496762971858078,0.0506683929747303
scienceqa,m3,1500,1500,False,46,Trajectory Platt (5D),7.109752759337426,5.458155423402785,0.8130348913759052,0.171894426742285,0.0710975275933742,0.0545815542340278
scienceqa,m3,1500,1500,False,46,VCPS-5D (Our Method),5.88143741198211,5.5828173057842,0.8101382488479262,0.1723629927846164,0.0588143741198211,0.055828173057842
scienceqa,m3,Full,1600,True,42,Naive Confidence (NC),21.92671763151884,22.15753873437643,0.8067412771560236,0.2368041303501034,0.2192671763151883,0.2215753873437643
scienceqa,m3,Full,1600,True,42,Temperature Scaling (TS),12.681717785941505,13.098813070276927,0.8067412771560236,0.1923812277999033,0.126817177859415,0.1309881307027692
scienceqa,m3,Full,1600,True,42,Platt Scaling (1D),4.98647650667664,4.798593949687339,0.8067412771560236,0.1732356736205169,0.0498647650667664,0.0479859394968733
scienceqa,m3,Full,1600,True,42,Trajectory Platt (5D),6.154509384185077,5.1709082834422615,0.812771560236998,0.1718647042779582,0.0615450938418507,0.0517090828344226
scienceqa,m3,Full,1600,True,42,VCPS-5D (Our Method),5.761238032018085,5.672747781971125,0.8098749177090191,0.1722669815743788,0.0576123803201808,0.0567274778197112
scienceqa,m3,Full,1600,True,43,Naive Confidence (NC),21.92671763151884,22.15753873437643,0.8067412771560236,0.2368041303501034,0.2192671763151883,0.2215753873437643
scienceqa,m3,Full,1600,True,43,Temperature Scaling (TS),12.681717785941505,13.098813070276927,0.8067412771560236,0.1923812277999033,0.126817177859415,0.1309881307027692
scienceqa,m3,Full,1600,True,43,Platt Scaling (1D),4.98647650667664,4.798593949687339,0.8067412771560236,0.1732356736205169,0.0498647650667664,0.0479859394968733
scienceqa,m3,Full,1600,True,43,Trajectory Platt (5D),6.154509384185077,5.1709082834422615,0.812771560236998,0.1718647042779582,0.0615450938418507,0.0517090828344226
scienceqa,m3,Full,1600,True,43,VCPS-5D (Our Method),5.761238032018085,5.672747781971125,0.8098749177090191,0.1722669815743788,0.0576123803201808,0.0567274778197112
scienceqa,m3,Full,1600,True,44,Naive Confidence (NC),21.92671763151884,22.15753873437643,0.8067412771560236,0.2368041303501034,0.2192671763151883,0.2215753873437643
scienceqa,m3,Full,1600,True,44,Temperature Scaling (TS),12.681717785941505,13.098813070276927,0.8067412771560236,0.1923812277999033,0.126817177859415,0.1309881307027692
scienceqa,m3,Full,1600,True,44,Platt Scaling (1D),4.98647650667664,4.798593949687339,0.8067412771560236,0.1732356736205169,0.0498647650667664,0.0479859394968733
scienceqa,m3,Full,1600,True,44,Trajectory Platt (5D),6.154509384185077,5.1709082834422615,0.812771560236998,0.1718647042779582,0.0615450938418507,0.0517090828344226
scienceqa,m3,Full,1600,True,44,VCPS-5D (Our Method),5.761238032018085,5.672747781971125,0.8098749177090191,0.1722669815743788,0.0576123803201808,0.0567274778197112
scienceqa,m3,Full,1600,True,45,Naive Confidence (NC),21.92671763151884,22.15753873437643,0.8067412771560236,0.2368041303501034,0.2192671763151883,0.2215753873437643
scienceqa,m3,Full,1600,True,45,Temperature Scaling (TS),12.681717785941505,13.098813070276927,0.8067412771560236,0.1923812277999033,0.126817177859415,0.1309881307027692
scienceqa,m3,Full,1600,True,45,Platt Scaling (1D),4.98647650667664,4.798593949687339,0.8067412771560236,0.1732356736205169,0.0498647650667664,0.0479859394968733
scienceqa,m3,Full,1600,True,45,Trajectory Platt (5D),6.154509384185077,5.1709082834422615,0.812771560236998,0.1718647042779582,0.0615450938418507,0.0517090828344226
scienceqa,m3,Full,1600,True,45,VCPS-5D (Our Method),5.761238032018085,5.672747781971125,0.8098749177090191,0.1722669815743788,0.0576123803201808,0.0567274778197112
scienceqa,m3,Full,1600,True,46,Naive Confidence (NC),21.92671763151884,22.15753873437643,0.8067412771560236,0.2368041303501034,0.2192671763151883,0.2215753873437643
scienceqa,m3,Full,1600,True,46,Temperature Scaling (TS),12.681717785941505,13.098813070276927,0.8067412771560236,0.1923812277999033,0.126817177859415,0.1309881307027692
scienceqa,m3,Full,1600,True,46,Platt Scaling (1D),4.98647650667664,4.798593949687339,0.8067412771560236,0.1732356736205169,0.0498647650667664,0.0479859394968733
scienceqa,m3,Full,1600,True,46,Trajectory Platt (5D),6.154509384185077,5.1709082834422615,0.812771560236998,0.1718647042779582,0.0615450938418507,0.0517090828344226
scienceqa,m3,Full,1600,True,46,VCPS-5D (Our Method),5.761238032018085,5.672747781971125,0.8098749177090191,0.1722669815743788,0.0576123803201808,0.0567274778197112
seedbench,m3,50,50,False,42,Naive Confidence (NC),32.24991934814758,32.249919348147586,0.4827083154552475,0.3224992831139712,0.3224991934814757,0.3224991934814758
seedbench,m3,50,50,False,42,Temperature Scaling (TS),5.245692435552783,1.1495856474766732,0.4827083154552475,0.2184779001403499,0.0524569243555278,0.0114958564747667
seedbench,m3,50,50,False,42,Platt Scaling (1D),11.06808636812052,9.661190805377991,0.4827083154552475,0.2320234584693775,0.1106808636812052,0.0966119080537799
seedbench,m3,50,50,False,42,Trajectory Platt (5D),12.991162383928891,12.760288858786224,0.5217254498126377,0.2364046354846397,0.1299116238392889,0.1276028885878622
seedbench,m3,50,50,False,42,VCPS-5D (Our Method),19.8039418271006,16.85230613030147,0.5207814868846363,0.2591436084216694,0.198039418271006,0.1685230613030147
seedbench,m3,50,50,False,43,Naive Confidence (NC),32.24991934814758,32.249919348147586,0.4827083154552475,0.3224992831139712,0.3224991934814757,0.3224991934814758
seedbench,m3,50,50,False,43,Temperature Scaling (TS),5.367305616517873,1.3975529604918953,0.4827083154552475,0.2185697692313204,0.0536730561651787,0.0139755296049189
seedbench,m3,50,50,False,43,Platt Scaling (1D),11.464647018096576,10.480130600328325,0.4827083154552475,0.2320473911332879,0.1146464701809657,0.1048013060032832
seedbench,m3,50,50,False,43,Trajectory Platt (5D),9.416523674502969,6.177383197471501,0.5315083383391973,0.2248744096162594,0.0941652367450296,0.061773831974715
seedbench,m3,50,50,False,43,VCPS-5D (Our Method),10.01256517005146,8.202964883564261,0.5269887582596757,0.2301121945001326,0.1001256517005145,0.0820296488356426
seedbench,m3,50,50,False,44,Naive Confidence (NC),32.24991934814758,32.249919348147586,0.4827083154552475,0.3224992831139712,0.3224991934814757,0.3224991934814758
seedbench,m3,50,50,False,44,Temperature Scaling (TS),5.245428644891207,0.6584788555360671,0.4827083154552475,0.2184772438435871,0.052454286448912,0.0065847885553606
seedbench,m3,50,50,False,44,Platt Scaling (1D),8.378381115443673,3.5406379948955977,0.5172916845447524,0.2208985194719307,0.0837838111544367,0.0354063799489559
seedbench,m3,50,50,False,44,Trajectory Platt (5D),5.6769175231456765,5.910754084587098,0.6415515317943876,0.2090744851282004,0.0567691752314567,0.0591075408458709
seedbench,m3,50,50,False,44,VCPS-5D (Our Method),8.417562287961402,4.983837616472412,0.640378729368689,0.210689323683912,0.084175622879614,0.0498383761647241
seedbench,m3,50,50,False,45,Naive Confidence (NC),32.24991934814758,32.249919348147586,0.4827083154552475,0.3224992831139712,0.3224991934814757,0.3224991934814758
seedbench,m3,50,50,False,45,Temperature Scaling (TS),5.245428644891207,0.6584788555360671,0.4827083154552475,0.2184772438435871,0.052454286448912,0.0065847885553606
seedbench,m3,50,50,False,45,Platt Scaling (1D),8.15605552546109,3.3355059580866677,0.5172916845447524,0.2207579038592277,0.0815605552546109,0.0333550595808666
seedbench,m3,50,50,False,45,Trajectory Platt (5D),15.436683766543863,14.99474996328354,0.5000143024686061,0.2363313580722381,0.1543668376654386,0.1499474996328354
seedbench,m3,50,50,False,45,VCPS-5D (Our Method),9.546453683686558,0.7408765211056428,0.4948368088332046,0.2191439032052879,0.0954645368368655,0.0074087652110564
seedbench,m3,50,50,False,46,Naive Confidence (NC),32.24991934814758,32.249919348147586,0.4827083154552475,0.3224992831139712,0.3224991934814757,0.3224991934814758
seedbench,m3,50,50,False,46,Temperature Scaling (TS),5.245428644891207,0.6584788555360671,0.4827083154552475,0.2184772438435871,0.052454286448912,0.0065847885553606
seedbench,m3,50,50,False,46,Platt Scaling (1D),7.706677699158883,2.274245279894334,0.5172916845447524,0.2198231363437527,0.0770667769915888,0.0227424527989433
seedbench,m3,50,50,False,46,Trajectory Platt (5D),9.240577481687067,7.545918606221674,0.4648874395720702,0.2249442288298875,0.0924057748168706,0.0754591860622167
seedbench,m3,50,50,False,46,VCPS-5D (Our Method),10.543127249843971,2.2631406594319645,0.4216081695700677,0.2197636238310762,0.1054312724984397,0.0226314065943196
seedbench,m3,100,100,False,42,Naive Confidence (NC),32.24991934814758,32.249919348147586,0.4827083154552475,0.3224992831139712,0.3224991934814757,0.3224991934814758
seedbench,m3,100,100,False,42,Temperature Scaling (TS),5.245428644891207,0.6584788555360671,0.4827083154552475,0.2184772438435871,0.052454286448912,0.0065847885553606
seedbench,m3,100,100,False,42,Platt Scaling (1D),9.42650298462878,7.707129938362719,0.4827083154552475,0.2269119238389491,0.0942650298462878,0.0770712993836272
seedbench,m3,100,100,False,42,Trajectory Platt (5D),9.374907298013568,5.869425958022472,0.6203838782573872,0.217584334208467,0.0937490729801356,0.0586942595802247
seedbench,m3,100,100,False,42,VCPS-5D (Our Method),10.78425785818316,7.840894494056603,0.6011613604508138,0.2227017114909802,0.1078425785818315,0.078408944940566
seedbench,m3,100,100,False,43,Naive Confidence (NC),32.24991934814758,32.249919348147586,0.4827083154552475,0.3224992831139712,0.3224991934814757,0.3224991934814758
seedbench,m3,100,100,False,43,Temperature Scaling (TS),5.248149524663385,1.1869523425088455,0.4827083154552475,0.2184842374596889,0.0524814952466338,0.0118695234250884
seedbench,m3,100,100,False,43,Platt Scaling (1D),8.825329602809504,7.3539584794669715,0.4827083154552475,0.2240690561538608,0.088253296028095,0.0735395847946697
seedbench,m3,100,100,False,43,Trajectory Platt (5D),9.712950821965936,5.564421508461237,0.5686947567150089,0.2156174388365793,0.0971295082196593,0.0556442150846123
seedbench,m3,100,100,False,43,VCPS-5D (Our Method),8.960302683802091,4.0846979953048095,0.5746159787179267,0.2165159688450548,0.0896030268380209,0.0408469799530481
seedbench,m3,100,100,False,44,Naive Confidence (NC),32.24991934814758,32.249919348147586,0.4827083154552475,0.3224992831139712,0.3224991934814757,0.3224991934814758
seedbench,m3,100,100,False,44,Temperature Scaling (TS),5.245428644891207,0.6584788555360671,0.4827083154552475,0.2184772438435871,0.052454286448912,0.0065847885553606
seedbench,m3,100,100,False,44,Platt Scaling (1D),7.00813572003732,0.1879091766423757,0.5172916845447524,0.2187897810803216,0.0700813572003732,0.0018790917664237
seedbench,m3,100,100,False,44,Trajectory Platt (5D),7.570326682180167,5.037471529096362,0.6232443719786036,0.2114339922872563,0.0757032668218016,0.0503747152909636
seedbench,m3,100,100,False,44,VCPS-5D (Our Method),8.187448261591184,5.235769408732742,0.6178094339082926,0.2117922552157801,0.0818744826159118,0.0523576940873274
seedbench,m3,100,100,False,45,Naive Confidence (NC),32.24991934814758,32.249919348147586,0.4827083154552475,0.3224992831139712,0.3224991934814757,0.3224991934814758
seedbench,m3,100,100,False,45,Temperature Scaling (TS),5.245428644891207,0.6584788555360671,0.4827083154552475,0.2184772438435871,0.052454286448912,0.0065847885553606
seedbench,m3,100,100,False,45,Platt Scaling (1D),5.203719460452646,1.388059644211397,0.4827083154552475,0.2184528763421778,0.0520371946045264,0.0138805964421139
seedbench,m3,100,100,False,45,Trajectory Platt (5D),12.447944762185214,10.789689669385556,0.4925770187934438,0.2273864361701466,0.1244794476218521,0.1078968966938555
seedbench,m3,100,100,False,45,VCPS-5D (Our Method),10.1029860625776,4.976402793647539,0.5495866586572842,0.2202674853760347,0.101029860625776,0.0497640279364753
seedbench,m3,100,100,False,46,Naive Confidence (NC),32.24991934814758,32.249919348147586,0.4827083154552475,0.3224992831139712,0.3224991934814757,0.3224991934814758
seedbench,m3,100,100,False,46,Temperature Scaling (TS),5.245428644891207,0.6584788555360671,0.4827083154552475,0.2184772438435871,0.052454286448912,0.0065847885553606
seedbench,m3,100,100,False,46,Platt Scaling (1D),5.4401546066683615,0.251184171401464,0.4827083154552475,0.2184637254233817,0.0544015460666836,0.0025118417140146
seedbench,m3,100,100,False,46,Trajectory Platt (5D),8.732866898179058,6.986075058579444,0.6061386195257301,0.2119109064956968,0.0873286689817905,0.0698607505857944
seedbench,m3,100,100,False,46,VCPS-5D (Our Method),10.650850171264596,6.530482515644311,0.613833347635802,0.2151802167461116,0.1065085017126459,0.0653048251564431
seedbench,m3,200,200,False,42,Naive Confidence (NC),32.24991934814758,32.249919348147586,0.4827083154552475,0.3224992831139712,0.3224991934814757,0.3224991934814758
seedbench,m3,200,200,False,42,Temperature Scaling (TS),5.245428644891207,0.6584788555360671,0.4827083154552475,0.2184772438435871,0.052454286448912,0.0065847885553606
seedbench,m3,200,200,False,42,Platt Scaling (1D),8.130390517950199,6.715149097305612,0.4827083154552475,0.2232494266830136,0.0813039051795019,0.0671514909730561
seedbench,m3,200,200,False,42,Trajectory Platt (5D),9.88008357118815,5.697194556705654,0.608570039188764,0.2186720566039101,0.0988008357118815,0.0569719455670565
seedbench,m3,200,200,False,42,VCPS-5D (Our Method),9.880488747037472,8.37890771380891,0.6088560885608857,0.2172282123387507,0.0988048874703747,0.0837890771380891
seedbench,m3,200,200,False,43,Naive Confidence (NC),32.24991934814758,32.249919348147586,0.4827083154552475,0.3224992831139712,0.3224991934814757,0.3224991934814758
seedbench,m3,200,200,False,43,Temperature Scaling (TS),5.245428644891207,0.6584788555360671,0.4827083154552475,0.2184772438435871,0.052454286448912,0.0065847885553606
seedbench,m3,200,200,False,43,Platt Scaling (1D),7.234142432680643,6.248674767374972,0.4827083154552475,0.2209933393095782,0.0723414243268064,0.0624867476737497
seedbench,m3,200,200,False,43,Trajectory Platt (5D),7.909781247377396,3.845279246568684,0.6282216310535197,0.2098383652039838,0.0790978124737739,0.0384527924656868
seedbench,m3,200,200,False,43,VCPS-5D (Our Method),7.51009912695906,3.15116795229725,0.6195257301410223,0.2109188262570584,0.0751009912695906,0.0315116795229725
seedbench,m3,200,200,False,44,Naive Confidence (NC),32.24991934814758,32.249919348147586,0.4827083154552475,0.3224992831139712,0.3224991934814757,0.3224991934814758
seedbench,m3,200,200,False,44,Temperature Scaling (TS),5.245428644891207,0.6584788555360671,0.4827083154552475,0.2184772438435871,0.052454286448912,0.0065847885553606
seedbench,m3,200,200,False,44,Platt Scaling (1D),6.746891950750738,0.240372643425335,0.5172916845447524,0.2185687758932749,0.0674689195075073,0.0024037264342533
seedbench,m3,200,200,False,44,Trajectory Platt (5D),8.087678838521242,5.364061851054432,0.6404645441803254,0.2087988969699392,0.0808767883852124,0.0536406185105443
seedbench,m3,200,200,False,44,VCPS-5D (Our Method),8.099875097311807,5.162925713061011,0.6219285448668439,0.212520565733738,0.080998750973118,0.0516292571306101
seedbench,m3,200,200,False,45,Naive Confidence (NC),32.24991934814758,32.249919348147586,0.4827083154552475,0.3224992831139712,0.3224991934814757,0.3224991934814758
seedbench,m3,200,200,False,45,Temperature Scaling (TS),5.245428644891207,0.6584788555360671,0.4827083154552475,0.2184772438435871,0.052454286448912,0.0065847885553606
seedbench,m3,200,200,False,45,Platt Scaling (1D),6.901487381915522,0.2478637401825634,0.5172916845447524,0.2187063038239788,0.0690148738191552,0.0024786374018256
seedbench,m3,200,200,False,45,Trajectory Platt (5D),10.685482095926998,4.3746931068599215,0.5786778798020538,0.2155650489155577,0.1068548209592699,0.0437469310685992
seedbench,m3,200,200,False,45,VCPS-5D (Our Method),10.346442123204152,5.540470899885267,0.5920649904173461,0.2133879448322645,0.1034644212320415,0.0554047089988526
seedbench,m3,200,200,False,46,Naive Confidence (NC),32.24991934814758,32.249919348147586,0.4827083154552475,0.3224992831139712,0.3224991934814757,0.3224991934814758
seedbench,m3,200,200,False,46,Temperature Scaling (TS),5.245428644891207,0.6584788555360671,0.4827083154552475,0.2184772438435871,0.052454286448912,0.0065847885553606
seedbench,m3,200,200,False,46,Platt Scaling (1D),7.412495975593492,5.519814710810413,0.4827083154552475,0.2213817361644621,0.0741249597559349,0.0551981471081041
seedbench,m3,200,200,False,46,Trajectory Platt (5D),10.53222132474184,4.579075016081334,0.6032781258045139,0.2139751340985056,0.1053222132474183,0.0457907501608133
seedbench,m3,200,200,False,46,VCPS-5D (Our Method),12.259846148174494,4.49108169007295,0.5991876197831746,0.2149952919680599,0.1225984614817449,0.0449108169007295
seedbench,m3,500,500,False,42,Naive Confidence (NC),32.24991934814758,32.249919348147586,0.4827083154552475,0.3224992831139712,0.3224991934814757,0.3224991934814758
seedbench,m3,500,500,False,42,Temperature Scaling (TS),5.245428644891207,0.6584788555360671,0.4827083154552475,0.2184772438435871,0.052454286448912,0.0065847885553606
seedbench,m3,500,500,False,42,Platt Scaling (1D),6.516771333146458,2.304665727570069,0.4827083154552475,0.2196999287591921,0.0651677133314645,0.0230466572757006
seedbench,m3,500,500,False,42,Trajectory Platt (5D),7.471956484019755,2.4517519250512123,0.6355158900426213,0.2076127905789764,0.0747195648401975,0.0245175192505121
seedbench,m3,500,500,False,42,VCPS-5D (Our Method),9.33350435696942,2.783047297815261,0.6226722732343603,0.2094476137067212,0.0933350435696942,0.0278304729781526
seedbench,m3,500,500,False,43,Naive Confidence (NC),32.24991934814758,32.249919348147586,0.4827083154552475,0.3224992831139712,0.3224991934814757,0.3224991934814758
seedbench,m3,500,500,False,43,Temperature Scaling (TS),5.245428644891207,0.6584788555360671,0.4827083154552475,0.2184772438435871,0.052454286448912,0.0065847885553606
seedbench,m3,500,500,False,43,Platt Scaling (1D),5.7956537770615,0.9210553773684296,0.4827083154552475,0.218858053990312,0.057956537770615,0.0092105537736842
seedbench,m3,500,500,False,43,Trajectory Platt (5D),6.915282398462296,5.782955318689343,0.634915186361166,0.2081044342464065,0.0691528239846229,0.0578295531868934
seedbench,m3,500,500,False,43,VCPS-5D (Our Method),6.769239162452879,2.1729527864182527,0.6187820017735061,0.2103274289001125,0.0676923916245287,0.0217295278641825
seedbench,m3,500,500,False,44,Naive Confidence (NC),32.24991934814758,32.249919348147586,0.4827083154552475,0.3224992831139712,0.3224991934814757,0.3224991934814758
seedbench,m3,500,500,False,44,Temperature Scaling (TS),5.245428644891207,0.6584788555360671,0.4827083154552475,0.2184772438435871,0.052454286448912,0.0065847885553606
seedbench,m3,500,500,False,44,Platt Scaling (1D),5.326308209326519,0.1404099202575593,0.4827083154552475,0.2184448219861029,0.0532630820932651,0.0014040992025755
seedbench,m3,500,500,False,44,Trajectory Platt (5D),5.683654032647611,3.647517405450347,0.6331988901284362,0.2083413684345843,0.0568365403264761,0.0364751740545034
seedbench,m3,500,500,False,44,VCPS-5D (Our Method),9.266812239325931,5.564352491564225,0.6198975943247804,0.2138829507934267,0.0926681223932593,0.0556435249156422
seedbench,m3,500,500,False,45,Naive Confidence (NC),32.24991934814758,32.249919348147586,0.4827083154552475,0.3224992831139712,0.3224991934814757,0.3224991934814758
seedbench,m3,500,500,False,45,Temperature Scaling (TS),5.245428644891207,0.6584788555360671,0.4827083154552475,0.2184772438435871,0.052454286448912,0.0065847885553606
seedbench,m3,500,500,False,45,Platt Scaling (1D),7.0292204987143725,0.0859919968377198,0.5172916845447524,0.2188342597813915,0.0702922049871437,0.0008599199683771
seedbench,m3,500,500,False,45,Trajectory Platt (5D),7.19997950643301,4.105370394885543,0.6310249149003118,0.20794027424407,0.0719997950643301,0.0410537039488554
seedbench,m3,500,500,False,45,VCPS-5D (Our Method),10.678828627797952,5.65934582185931,0.6251036928973941,0.2139176749697789,0.1067882862779795,0.056593458218593
seedbench,m3,500,500,False,46,Naive Confidence (NC),32.24991934814758,32.249919348147586,0.4827083154552475,0.3224992831139712,0.3224991934814757,0.3224991934814758
seedbench,m3,500,500,False,46,Temperature Scaling (TS),5.245428644891207,0.6584788555360671,0.4827083154552475,0.2184772438435871,0.052454286448912,0.0065847885553606
seedbench,m3,500,500,False,46,Platt Scaling (1D),5.237708331946074,0.2526404696842701,0.4827083154552475,0.2184745951184672,0.0523770833194607,0.0025264046968427
seedbench,m3,500,500,False,46,Trajectory Platt (5D),6.786109283566476,3.075067251920704,0.6371177665265024,0.2075864454883368,0.0678610928356647,0.030750672519207
seedbench,m3,500,500,False,46,VCPS-5D (Our Method),7.601691807707134,2.631778444216012,0.6265339397580023,0.2096884400082255,0.0760169180770713,0.0263177844421601
seedbench,m3,1000,1000,False,42,Naive Confidence (NC),32.24991934814758,32.249919348147586,0.4827083154552475,0.3224992831139712,0.3224991934814757,0.3224991934814758
seedbench,m3,1000,1000,False,42,Temperature Scaling (TS),5.245428644891207,0.6584788555360671,0.4827083154552475,0.2184772438435871,0.052454286448912,0.0065847885553606
seedbench,m3,1000,1000,False,42,Platt Scaling (1D),5.271272031930736,0.3093204364919237,0.4827083154552475,0.2184861600639107,0.0527127203193073,0.0030932043649192
seedbench,m3,1000,1000,False,42,Trajectory Platt (5D),6.993092931807043,3.8385605588555354,0.6421951428816614,0.2070886311498194,0.0699309293180704,0.0383856055885553
seedbench,m3,1000,1000,False,42,VCPS-5D (Our Method),6.438044248224915,2.930451071927868,0.6240739151577562,0.2095542873369508,0.0643804424822491,0.0293045107192786
seedbench,m3,1000,1000,False,43,Naive Confidence (NC),32.24991934814758,32.249919348147586,0.4827083154552475,0.3224992831139712,0.3224991934814757,0.3224991934814758
seedbench,m3,1000,1000,False,43,Temperature Scaling (TS),5.245428644891207,0.6584788555360671,0.4827083154552475,0.2184772438435871,0.052454286448912,0.0065847885553606
seedbench,m3,1000,1000,False,43,Platt Scaling (1D),5.198861114494404,0.2411026844476047,0.4827083154552475,0.2184642779557076,0.051988611144944,0.002411026844476
seedbench,m3,1000,1000,False,43,Trajectory Platt (5D),7.813707329332828,4.052394501864906,0.6418947910409336,0.2071361572117117,0.0781370732933282,0.040523945018649
seedbench,m3,1000,1000,False,43,VCPS-5D (Our Method),6.70310883156837,3.108495709442434,0.6239308904716955,0.2094437955019712,0.0670310883156837,0.0310849570944243
seedbench,m3,1000,1000,False,44,Naive Confidence (NC),32.24991934814758,32.249919348147586,0.4827083154552475,0.3224992831139712,0.3224991934814757,0.3224991934814758
seedbench,m3,1000,1000,False,44,Temperature Scaling (TS),5.245428644891207,0.6584788555360671,0.4827083154552475,0.2184772438435871,0.052454286448912,0.0065847885553606
seedbench,m3,1000,1000,False,44,Platt Scaling (1D),5.203042649558674,0.2984610041070228,0.4827083154552475,0.2184621718712494,0.0520304264955867,0.0029846100410702
seedbench,m3,1000,1000,False,44,Trajectory Platt (5D),7.769029937684537,3.7813138291239694,0.6422094453502674,0.2066262218465178,0.0776902993768453,0.0378131382912397
seedbench,m3,1000,1000,False,44,VCPS-5D (Our Method),6.6190861291925165,4.122402181520831,0.6299379272862495,0.208274287653692,0.0661908612919251,0.0412240218152083
seedbench,m3,1000,1000,False,45,Naive Confidence (NC),32.24991934814758,32.249919348147586,0.4827083154552475,0.3224992831139712,0.3224991934814757,0.3224991934814758
seedbench,m3,1000,1000,False,45,Temperature Scaling (TS),5.245428644891207,0.6584788555360671,0.4827083154552475,0.2184772438435871,0.052454286448912,0.0065847885553606
seedbench,m3,1000,1000,False,45,Platt Scaling (1D),6.665450617418125,0.1473284028732258,0.5172916845447524,0.2185077127505275,0.0666545061741812,0.0014732840287322
seedbench,m3,1000,1000,False,45,Trajectory Platt (5D),6.180998526513576,3.619093589484692,0.6376040504591093,0.2082489017930574,0.0618099852651357,0.0361909358948469
seedbench,m3,1000,1000,False,45,VCPS-5D (Our Method),9.78217751634982,6.647459916624501,0.6174661746617466,0.214191051490344,0.0978217751634981,0.066474599166245
seedbench,m3,1000,1000,False,46,Naive Confidence (NC),32.24991934814758,32.249919348147586,0.4827083154552475,0.3224992831139712,0.3224991934814757,0.3224991934814758
seedbench,m3,1000,1000,False,46,Temperature Scaling (TS),5.245428644891207,0.6584788555360671,0.4827083154552475,0.2184772438435871,0.052454286448912,0.0065847885553606
seedbench,m3,1000,1000,False,46,Platt Scaling (1D),5.249607022273261,0.1711956431054939,0.4827083154552475,0.2184252822247466,0.0524960702227326,0.0017119564310549
seedbench,m3,1000,1000,False,46,Trajectory Platt (5D),4.762310162186624,3.937028706073761,0.6383906862324437,0.2066690758027218,0.0476231016218662,0.0393702870607376
seedbench,m3,1000,1000,False,46,VCPS-5D (Our Method),8.283660889662203,5.615882631647735,0.6295660631024915,0.2130071275648269,0.082836608896622,0.0561588263164773
seedbench,m3,1500,1500,False,42,Naive Confidence (NC),32.24991934814758,32.249919348147586,0.4827083154552475,0.3224992831139712,0.3224991934814757,0.3224991934814758
seedbench,m3,1500,1500,False,42,Temperature Scaling (TS),5.245428644891207,0.6584788555360671,0.4827083154552475,0.2184772438435871,0.052454286448912,0.0065847885553606
seedbench,m3,1500,1500,False,42,Platt Scaling (1D),5.217910342718487,0.857672109174967,0.4827083154552475,0.2184238789523959,0.0521791034271848,0.0085767210917496
seedbench,m3,1500,1500,False,42,Trajectory Platt (5D),7.988699391484262,4.177452847361564,0.6430961984038445,0.2072406498648826,0.0798869939148426,0.0417745284736156
seedbench,m3,1500,1500,False,42,VCPS-5D (Our Method),9.062867364269843,5.974525892685557,0.6196115449526589,0.2136578789561483,0.0906286736426984,0.0597452589268555
seedbench,m3,1500,1500,False,43,Naive Confidence (NC),32.24991934814758,32.249919348147586,0.4827083154552475,0.3224992831139712,0.3224991934814757,0.3224991934814758
seedbench,m3,1500,1500,False,43,Temperature Scaling (TS),5.245428644891207,0.6584788555360671,0.4827083154552475,0.2184772438435871,0.052454286448912,0.0065847885553606
seedbench,m3,1500,1500,False,43,Platt Scaling (1D),5.2005002767955695,0.4979823365597918,0.4827083154552475,0.2184335674695267,0.0520050027679556,0.0049798233655979
seedbench,m3,1500,1500,False,43,Trajectory Platt (5D),8.1933665946126,4.059866853058336,0.6420378157269945,0.2071699540016696,0.081933665946126,0.0405986685305833
seedbench,m3,1500,1500,False,43,VCPS-5D (Our Method),10.0623096000803,6.13393843628102,0.6245315941531508,0.2136150216249324,0.1006230960008029,0.0613393843628101
seedbench,m3,1500,1500,False,44,Naive Confidence (NC),32.24991934814758,32.249919348147586,0.4827083154552475,0.3224992831139712,0.3224991934814757,0.3224991934814758
seedbench,m3,1500,1500,False,44,Temperature Scaling (TS),5.245428644891207,0.6584788555360671,0.4827083154552475,0.2184772438435871,0.052454286448912,0.0065847885553606
seedbench,m3,1500,1500,False,44,Platt Scaling (1D),5.234551865266775,0.7369826472568712,0.4827083154552475,0.2184213253689728,0.0523455186526677,0.0073698264725687
seedbench,m3,1500,1500,False,44,Trajectory Platt (5D),7.38168204575777,4.223981700837616,0.6411224577362054,0.2071034247091081,0.0738168204575777,0.0422398170083761
seedbench,m3,1500,1500,False,44,VCPS-5D (Our Method),10.02362497508195,5.773069050442335,0.6248748533996968,0.2135015012257079,0.1002362497508194,0.0577306905044233
seedbench,m3,1500,1500,False,45,Naive Confidence (NC),32.24991934814758,32.249919348147586,0.4827083154552475,0.3224992831139712,0.3224991934814757,0.3224991934814758
seedbench,m3,1500,1500,False,45,Temperature Scaling (TS),5.245428644891207,0.6584788555360671,0.4827083154552475,0.2184772438435871,0.052454286448912,0.0065847885553606
seedbench,m3,1500,1500,False,45,Platt Scaling (1D),5.200871784931146,0.5030601889235847,0.4827083154552475,0.2184338096163307,0.0520087178493114,0.0050306018892358
seedbench,m3,1500,1500,False,45,Trajectory Platt (5D),8.164308197796348,4.05730805546045,0.6425527045968134,0.2070772136066003,0.0816430819779634,0.0405730805546045
seedbench,m3,1500,1500,False,45,VCPS-5D (Our Method),10.538873698991091,5.814724988183166,0.6246460139019995,0.2135583449546334,0.1053887369899109,0.0581472498818316
seedbench,m3,1500,1500,False,46,Naive Confidence (NC),32.24991934814758,32.249919348147586,0.4827083154552475,0.3224992831139712,0.3224991934814757,0.3224991934814758
seedbench,m3,1500,1500,False,46,Temperature Scaling (TS),5.245428644891207,0.6584788555360671,0.4827083154552475,0.2184772438435871,0.052454286448912,0.0065847885553606
seedbench,m3,1500,1500,False,46,Platt Scaling (1D),5.22922098159323,0.7172464872601301,0.4827083154552475,0.2184217233978003,0.0522922098159323,0.0071724648726013
seedbench,m3,1500,1500,False,46,Trajectory Platt (5D),8.483941055834295,3.932890243828297,0.6416659515432364,0.2071037490281805,0.0848394105583429,0.0393289024382829
seedbench,m3,1500,1500,False,46,VCPS-5D (Our Method),10.57749749215676,5.982406674081369,0.6244743842787266,0.2136628900313257,0.1057749749215676,0.0598240667408136
seedbench,m3,Full,1600,True,42,Naive Confidence (NC),32.24991934814758,32.249919348147586,0.4827083154552475,0.3224992831139712,0.3224991934814757,0.3224991934814758
seedbench,m3,Full,1600,True,42,Temperature Scaling (TS),5.245428644891207,0.6584788555360671,0.4827083154552475,0.2184772438435871,0.052454286448912,0.0065847885553606
seedbench,m3,Full,1600,True,42,Platt Scaling (1D),5.201621660849319,0.4840858066104266,0.4827083154552475,0.218432966636936,0.0520162166084931,0.0048408580661042
seedbench,m3,Full,1600,True,42,Trajectory Platt (5D),7.678931623697281,3.9435602873563744,0.641952000915358,0.2071006838235127,0.0767893162369728,0.0394356028735637
seedbench,m3,Full,1600,True,42,VCPS-5D (Our Method),10.57021478776615,6.122476504921588,0.6243599645298777,0.2136301301504057,0.1057021478776615,0.0612247650492158
seedbench,m3,Full,1600,True,43,Naive Confidence (NC),32.24991934814758,32.249919348147586,0.4827083154552475,0.3224992831139712,0.3224991934814757,0.3224991934814758
seedbench,m3,Full,1600,True,43,Temperature Scaling (TS),5.245428644891207,0.6584788555360671,0.4827083154552475,0.2184772438435871,0.052454286448912,0.0065847885553606
seedbench,m3,Full,1600,True,43,Platt Scaling (1D),5.201621660849319,0.4840858066104266,0.4827083154552475,0.218432966636936,0.0520162166084931,0.0048408580661042
seedbench,m3,Full,1600,True,43,Trajectory Platt (5D),7.678931623697281,3.9435602873563744,0.641952000915358,0.2071006838235127,0.0767893162369728,0.0394356028735637
seedbench,m3,Full,1600,True,43,VCPS-5D (Our Method),10.57021478776615,6.122476504921588,0.6243599645298777,0.2136301301504057,0.1057021478776615,0.0612247650492158
seedbench,m3,Full,1600,True,44,Naive Confidence (NC),32.24991934814758,32.249919348147586,0.4827083154552475,0.3224992831139712,0.3224991934814757,0.3224991934814758
seedbench,m3,Full,1600,True,44,Temperature Scaling (TS),5.245428644891207,0.6584788555360671,0.4827083154552475,0.2184772438435871,0.052454286448912,0.0065847885553606
seedbench,m3,Full,1600,True,44,Platt Scaling (1D),5.201621660849319,0.4840858066104266,0.4827083154552475,0.218432966636936,0.0520162166084931,0.0048408580661042
seedbench,m3,Full,1600,True,44,Trajectory Platt (5D),7.678931623697281,3.9435602873563744,0.641952000915358,0.2071006838235127,0.0767893162369728,0.0394356028735637
seedbench,m3,Full,1600,True,44,VCPS-5D (Our Method),10.57021478776615,6.122476504921588,0.6243599645298777,0.2136301301504057,0.1057021478776615,0.0612247650492158
seedbench,m3,Full,1600,True,45,Naive Confidence (NC),32.24991934814758,32.249919348147586,0.4827083154552475,0.3224992831139712,0.3224991934814757,0.3224991934814758
seedbench,m3,Full,1600,True,45,Temperature Scaling (TS),5.245428644891207,0.6584788555360671,0.4827083154552475,0.2184772438435871,0.052454286448912,0.0065847885553606
seedbench,m3,Full,1600,True,45,Platt Scaling (1D),5.201621660849319,0.4840858066104266,0.4827083154552475,0.218432966636936,0.0520162166084931,0.0048408580661042
seedbench,m3,Full,1600,True,45,Trajectory Platt (5D),7.678931623697281,3.9435602873563744,0.641952000915358,0.2071006838235127,0.0767893162369728,0.0394356028735637
seedbench,m3,Full,1600,True,45,VCPS-5D (Our Method),10.57021478776615,6.122476504921588,0.6243599645298777,0.2136301301504057,0.1057021478776615,0.0612247650492158
seedbench,m3,Full,1600,True,46,Naive Confidence (NC),32.24991934814758,32.249919348147586,0.4827083154552475,0.3224992831139712,0.3224991934814757,0.3224991934814758
seedbench,m3,Full,1600,True,46,Temperature Scaling (TS),5.245428644891207,0.6584788555360671,0.4827083154552475,0.2184772438435871,0.052454286448912,0.0065847885553606
seedbench,m3,Full,1600,True,46,Platt Scaling (1D),5.201621660849319,0.4840858066104266,0.4827083154552475,0.218432966636936,0.0520162166084931,0.0048408580661042
seedbench,m3,Full,1600,True,46,Trajectory Platt (5D),7.678931623697281,3.9435602873563744,0.641952000915358,0.2071006838235127,0.0767893162369728,0.0394356028735637
seedbench,m3,Full,1600,True,46,VCPS-5D (Our Method),10.57021478776615,6.122476504921588,0.6243599645298777,0.2136301301504057,0.1057021478776615,0.0612247650492158
textvqa,m3,50,50,False,42,Naive Confidence (NC),11.074268778028747,10.49808570682344,0.8388652482269503,0.1714169938865369,0.1107426877802875,0.1049808570682344
textvqa,m3,50,50,False,42,Temperature Scaling (TS),11.051846841359122,10.945837219074482,0.8388652482269503,0.1716686822995564,0.1105184684135912,0.1094583721907448
textvqa,m3,50,50,False,42,Platt Scaling (1D),7.224928078101504,8.819154940618972,0.8388652482269503,0.1601199573879448,0.072249280781015,0.0881915494061897
textvqa,m3,50,50,False,42,Trajectory Platt (5D),7.152478134259583,5.58543041162193,0.8285493230174081,0.1644527620605092,0.0715247813425958,0.0558543041162193
textvqa,m3,50,50,False,42,VCPS-5D (Our Method),7.014102457918024,7.616188315631588,0.8397163120567377,0.159530486543736,0.0701410245791802,0.0761618831563158
textvqa,m3,50,50,False,43,Naive Confidence (NC),11.074268778028747,10.49808570682344,0.8388652482269503,0.1714169938865369,0.1107426877802875,0.1049808570682344
textvqa,m3,50,50,False,43,Temperature Scaling (TS),11.690053349754262,12.155726030062365,0.8388652482269503,0.1744181099703404,0.1169005334975426,0.1215572603006236
textvqa,m3,50,50,False,43,Platt Scaling (1D),7.690036954458399,7.95630920739233,0.8388652482269503,0.1601992667410071,0.0769003695445839,0.0795630920739233
textvqa,m3,50,50,False,43,Trajectory Platt (5D),4.803842366673053,5.97435069922358,0.8263571889103805,0.1677161445891253,0.0480384236667305,0.0597435069922357
textvqa,m3,50,50,False,43,VCPS-5D (Our Method),7.274747652031961,7.8229379297282176,0.8387105093488072,0.1610450778699982,0.0727474765203196,0.0782293792972821
textvqa,m3,50,50,False,44,Naive Confidence (NC),11.074268778028747,10.49808570682344,0.8388652482269503,0.1714169938865369,0.1107426877802875,0.1049808570682344
textvqa,m3,50,50,False,44,Temperature Scaling (TS),12.045097424847718,11.459453915789751,0.8388652482269503,0.1738897096256004,0.1204509742484771,0.1145945391578975
textvqa,m3,50,50,False,44,Platt Scaling (1D),9.014521681299286,9.15772852627885,0.8388652482269503,0.1662855402435175,0.0901452168129928,0.0915772852627885
textvqa,m3,50,50,False,44,Trajectory Platt (5D),7.161538753658535,6.3833857625722885,0.7942488716956801,0.1833054317503666,0.0716153875365853,0.0638338576257228
textvqa,m3,50,50,False,44,VCPS-5D (Our Method),10.119030148976291,10.54682570744228,0.8370599613152804,0.1646324708866087,0.1011903014897629,0.1054682570744228
textvqa,m3,50,50,False,45,Naive Confidence (NC),11.074268778028747,10.49808570682344,0.8388652482269503,0.1714169938865369,0.1107426877802875,0.1049808570682344
textvqa,m3,50,50,False,45,Temperature Scaling (TS),11.266253287997964,11.642064299572027,0.8388652482269503,0.1716834626489154,0.1126625328799796,0.1164206429957202
textvqa,m3,50,50,False,45,Platt Scaling (1D),7.840487295907432,9.157272686385012,0.8388652482269503,0.1625080579316209,0.0784048729590743,0.0915727268638501
textvqa,m3,50,50,False,45,Trajectory Platt (5D),10.607349806930872,10.655976244714113,0.8133591231463572,0.1738280723096811,0.1060734980693087,0.1065597624471411
textvqa,m3,50,50,False,45,VCPS-5D (Our Method),9.047698401181629,9.276034734407483,0.839458413926499,0.1609723061997772,0.0904769840118163,0.0927603473440748
textvqa,m3,50,50,False,46,Naive Confidence (NC),11.074268778028747,10.49808570682344,0.8388652482269503,0.1714169938865369,0.1107426877802875,0.1049808570682344
textvqa,m3,50,50,False,46,Temperature Scaling (TS),11.098554978417852,10.851059043145144,0.8388652482269503,0.171260190410506,0.1109855497841785,0.1085105904314514
textvqa,m3,50,50,False,46,Platt Scaling (1D),8.227555453010044,8.555787009283764,0.8388652482269503,0.1615033048918207,0.0822755545301004,0.0855578700928376
textvqa,m3,50,50,False,46,Trajectory Platt (5D),7.439187087118623,7.252896491438151,0.8225918762088975,0.166414241891045,0.0743918708711862,0.0725289649143815
textvqa,m3,50,50,False,46,VCPS-5D (Our Method),6.815702287492242,8.304241823570061,0.8392520954223083,0.1591603039975622,0.0681570228749224,0.0830424182357006
textvqa,m3,100,100,False,42,Naive Confidence (NC),11.074268778028747,10.49808570682344,0.8388652482269503,0.1714169938865369,0.1107426877802875,0.1049808570682344
textvqa,m3,100,100,False,42,Temperature Scaling (TS),11.115077067676737,10.454988918672925,0.8388652482269503,0.1712132859796923,0.1111507706767673,0.1045498891867292
textvqa,m3,100,100,False,42,Platt Scaling (1D),8.201935906275331,8.238551318820155,0.8388652482269503,0.1614234845024547,0.0820193590627533,0.0823855131882015
textvqa,m3,100,100,False,42,Trajectory Platt (5D),6.443936097435652,7.36178990546614,0.8245261121856866,0.1654617766991295,0.0644393609743565,0.0736178990546614
textvqa,m3,100,100,False,42,VCPS-5D (Our Method),7.365748922861874,7.48045101257004,0.8391747259832367,0.1594067728367436,0.0736574892286187,0.0748045101257004
textvqa,m3,100,100,False,43,Naive Confidence (NC),11.074268778028747,10.49808570682344,0.8388652482269503,0.1714169938865369,0.1107426877802875,0.1049808570682344
textvqa,m3,100,100,False,43,Temperature Scaling (TS),11.06441108482242,10.739947956983498,0.8388652482269503,0.1715136511747582,0.1106441108482242,0.1073994795698349
textvqa,m3,100,100,False,43,Platt Scaling (1D),7.579160251793435,7.551586623833281,0.8388652482269503,0.1602252050002057,0.0757916025179343,0.0755158662383328
textvqa,m3,100,100,False,43,Trajectory Platt (5D),5.750386218540374,7.075817312113938,0.8339651837524176,0.1635620250346753,0.0575038621854037,0.0707581731211393
textvqa,m3,100,100,False,43,VCPS-5D (Our Method),7.020836126689788,7.887263806465561,0.8389941972920697,0.1598558812117726,0.0702083612668978,0.0788726380646556
textvqa,m3,100,100,False,44,Naive Confidence (NC),11.074268778028747,10.49808570682344,0.8388652482269503,0.1714169938865369,0.1107426877802875,0.1049808570682344
textvqa,m3,100,100,False,44,Temperature Scaling (TS),11.575373383073336,10.96780543598513,0.8388652482269503,0.1725501095498069,0.1157537338307333,0.1096780543598512
textvqa,m3,100,100,False,44,Platt Scaling (1D),8.953942606564308,9.27304175619951,0.8388652482269503,0.1657460155526984,0.089539426065643,0.092730417561995
textvqa,m3,100,100,False,44,Trajectory Platt (5D),7.949237488210202,7.3039467334747314,0.832495164410058,0.1674299980850926,0.079492374882102,0.0730394673347473
textvqa,m3,100,100,False,44,VCPS-5D (Our Method),8.728880811709127,8.658623237591897,0.8393294648613798,0.1644638132164615,0.0872888081170912,0.0865862323759189
textvqa,m3,100,100,False,45,Naive Confidence (NC),11.074268778028747,10.49808570682344,0.8388652482269503,0.1714169938865369,0.1107426877802875,0.1049808570682344
textvqa,m3,100,100,False,45,Temperature Scaling (TS),11.675097177384046,11.512403055388312,0.8388652482269503,0.1729394784965956,0.1167509717738404,0.1151240305538831
textvqa,m3,100,100,False,45,Platt Scaling (1D),8.683709436509883,9.205546209671237,0.8388652482269503,0.164869173170866,0.0868370943650988,0.0920554620967123
textvqa,m3,100,100,False,45,Trajectory Platt (5D),9.508971247822045,8.80748762562871,0.8196776273372017,0.1691997321914398,0.0950897124782204,0.0880748762562871
textvqa,m3,100,100,False,45,VCPS-5D (Our Method),9.05022138751693,9.09971561677304,0.8383236621534493,0.1628362524144522,0.0905022138751693,0.0909971561677304
textvqa,m3,100,100,False,46,Naive Confidence (NC),11.074268778028747,10.49808570682344,0.8388652482269503,0.1714169938865369,0.1107426877802875,0.1049808570682344
textvqa,m3,100,100,False,46,Temperature Scaling (TS),11.066868206615233,10.75898673050908,0.8388652482269503,0.1714876141211672,0.1106686820661523,0.1075898673050907
textvqa,m3,100,100,False,46,Platt Scaling (1D),8.486341521019577,9.492152468370785,0.8388652482269503,0.1616903030087552,0.0848634152101957,0.0949215246837078
textvqa,m3,100,100,False,46,Trajectory Platt (5D),7.213138750754299,7.671619714237751,0.8331656995486783,0.1647733643107807,0.0721313875075429,0.0767161971423775
textvqa,m3,100,100,False,46,VCPS-5D (Our Method),8.124510414990057,7.60149492606976,0.8398710509348807,0.1605401434473349,0.0812451041499005,0.0760149492606976
textvqa,m3,200,200,False,42,Naive Confidence (NC),11.074268778028747,10.49808570682344,0.8388652482269503,0.1714169938865369,0.1107426877802875,0.1049808570682344
textvqa,m3,200,200,False,42,Temperature Scaling (TS),11.167431762203432,10.021145174449412,0.8388652482269503,0.1713711816997379,0.1116743176220343,0.1002114517444941
textvqa,m3,200,200,False,42,Platt Scaling (1D),9.139187483109229,9.049409176445057,0.8388652482269503,0.1647936175889299,0.0913918748310922,0.0904940917644505
textvqa,m3,200,200,False,42,Trajectory Platt (5D),8.065610045567157,7.743434069678187,0.8170728562217924,0.1720779644796176,0.0806561004556715,0.0774343406967818
textvqa,m3,200,200,False,42,VCPS-5D (Our Method),8.939509408321115,7.829067083746112,0.8392005157962605,0.162215551328867,0.0893950940832111,0.0782906708374611
textvqa,m3,200,200,False,43,Naive Confidence (NC),11.074268778028747,10.49808570682344,0.8388652482269503,0.1714169938865369,0.1107426877802875,0.1049808570682344
textvqa,m3,200,200,False,43,Temperature Scaling (TS),11.127455779895731,10.645034146887353,0.8388652482269503,0.1712081484678994,0.1112745577989573,0.1064503414688735
textvqa,m3,200,200,False,43,Platt Scaling (1D),8.76016931001606,9.081344078554176,0.8388652482269503,0.1627920307382097,0.0876016931001606,0.0908134407855417
textvqa,m3,200,200,False,43,Trajectory Platt (5D),6.674325759522618,6.448415857739745,0.8296324951644101,0.1673356736728946,0.0667432575952261,0.0644841585773974
textvqa,m3,200,200,False,43,VCPS-5D (Our Method),7.937336046415335,9.38106076524203,0.8399226305609284,0.1615278378895668,0.0793733604641533,0.0938106076524202
textvqa,m3,200,200,False,44,Naive Confidence (NC),11.074268778028747,10.49808570682344,0.8388652482269503,0.1714169938865369,0.1107426877802875,0.1049808570682344
textvqa,m3,200,200,False,44,Temperature Scaling (TS),11.907325987458163,11.54988464193952,0.8388652482269503,0.1735899251731019,0.1190732598745816,0.1154988464193952
textvqa,m3,200,200,False,44,Platt Scaling (1D),10.116219749025474,10.920734673941933,0.8388652482269503,0.1690797222210028,0.1011621974902547,0.1092073467394193
textvqa,m3,200,200,False,44,Trajectory Platt (5D),6.627694170922041,6.404425848275425,0.8117343649258543,0.1755537438366146,0.0662769417092204,0.0640442584827542
textvqa,m3,200,200,False,44,VCPS-5D (Our Method),10.497544329139302,9.969017097394902,0.8390973565441653,0.1675926399501758,0.104975443291393,0.099690170973949
textvqa,m3,200,200,False,45,Naive Confidence (NC),11.074268778028747,10.49808570682344,0.8388652482269503,0.1714169938865369,0.1107426877802875,0.1049808570682344
textvqa,m3,200,200,False,45,Temperature Scaling (TS),11.53212985343596,11.224869632015592,0.8388652482269503,0.1723990003931913,0.1153212985343596,0.1122486963201559
textvqa,m3,200,200,False,45,Platt Scaling (1D),8.950733786682212,9.048640970669751,0.8388652482269503,0.1655275942669731,0.0895073378668221,0.0904864097066975
textvqa,m3,200,200,False,45,Trajectory Platt (5D),7.705993734300136,6.51056120544672,0.8252224371373309,0.1670882931660984,0.0770599373430013,0.0651056120544672
textvqa,m3,200,200,False,45,VCPS-5D (Our Method),8.02062418480677,8.365898530177597,0.8395357833655706,0.1632657044481725,0.0802062418480677,0.0836589853017759
textvqa,m3,200,200,False,46,Naive Confidence (NC),11.074268778028747,10.49808570682344,0.8388652482269503,0.1714169938865369,0.1107426877802875,0.1049808570682344
textvqa,m3,200,200,False,46,Temperature Scaling (TS),11.098489201899246,11.002100841512998,0.8388652482269503,0.1725320140166584,0.1109848920189924,0.1100210084151299
textvqa,m3,200,200,False,46,Platt Scaling (1D),8.452356954807957,9.180253689617906,0.8388652482269503,0.1617328449497615,0.0845235695480795,0.091802536896179
textvqa,m3,200,200,False,46,Trajectory Platt (5D),5.905902072787287,5.94079513847828,0.8346872985170857,0.1633374517987904,0.0590590207278728,0.0594079513847827
textvqa,m3,200,200,False,46,VCPS-5D (Our Method),8.39050939257108,8.262156690784025,0.839458413926499,0.1609221990159272,0.0839050939257108,0.0826215669078402
textvqa,m3,500,500,False,42,Naive Confidence (NC),11.074268778028747,10.49808570682344,0.8388652482269503,0.1714169938865369,0.1107426877802875,0.1049808570682344
textvqa,m3,500,500,False,42,Temperature Scaling (TS),11.179991966927702,10.3296066068736,0.8388652482269503,0.1714851939805263,0.111799919669277,0.1032960660687359
textvqa,m3,500,500,False,42,Platt Scaling (1D),8.699709728678263,8.704747424119773,0.8388652482269503,0.1633142445242635,0.0869970972867826,0.0870474742411977
textvqa,m3,500,500,False,42,Trajectory Platt (5D),5.893033457919956,5.850686201825739,0.8250934880722114,0.1678641021535287,0.0589303345791995,0.0585068620182573
textvqa,m3,500,500,False,42,VCPS-5D (Our Method),8.27577758394077,8.456167329398363,0.8393294648613797,0.1617526568248234,0.0827577758394076,0.0845616732939836
textvqa,m3,500,500,False,43,Naive Confidence (NC),11.074268778028747,10.49808570682344,0.8388652482269503,0.1714169938865369,0.1107426877802875,0.1049808570682344
textvqa,m3,500,500,False,43,Temperature Scaling (TS),11.16155298566356,9.934937646122703,0.8388652482269503,0.1713289569927848,0.1116155298566356,0.099349376461227
textvqa,m3,500,500,False,43,Platt Scaling (1D),8.135108026187856,8.119312627485622,0.8388652482269503,0.1617573784050529,0.0813510802618785,0.0811931262748562
textvqa,m3,500,500,False,43,Trajectory Platt (5D),6.267657121643423,6.655991850420835,0.832701482914249,0.1629431066713735,0.0626765712164342,0.0665599185042083
textvqa,m3,500,500,False,43,VCPS-5D (Our Method),8.260361026430015,8.022697835358153,0.8398452611218569,0.1608096679407138,0.0826036102643001,0.0802269783535815
textvqa,m3,500,500,False,44,Naive Confidence (NC),11.074268778028747,10.49808570682344,0.8388652482269503,0.1714169938865369,0.1107426877802875,0.1049808570682344
textvqa,m3,500,500,False,44,Temperature Scaling (TS),11.246589133687804,12.000176122668163,0.8388652482269503,0.1716441696915529,0.112465891336878,0.1200017612266816
textvqa,m3,500,500,False,44,Platt Scaling (1D),8.423332400397907,8.365094536479473,0.8388652482269503,0.1628694765378073,0.084233324003979,0.0836509453647947
textvqa,m3,500,500,False,44,Trajectory Platt (5D),6.313588385470212,6.839593659155069,0.831257253384913,0.1650743331687424,0.0631358838547021,0.0683959365915506
textvqa,m3,500,500,False,44,VCPS-5D (Our Method),7.5220083526011505,8.558257888604068,0.8400773694390715,0.1616335370849189,0.0752200835260115,0.0855825788860406
textvqa,m3,500,500,False,45,Naive Confidence (NC),11.074268778028747,10.49808570682344,0.8388652482269503,0.1714169938865369,0.1107426877802875,0.1049808570682344
textvqa,m3,500,500,False,45,Temperature Scaling (TS),11.181100709670948,10.800407554319692,0.8388652482269503,0.1714969183941353,0.1118110070967094,0.1080040755431969
textvqa,m3,500,500,False,45,Platt Scaling (1D),8.447373565434319,8.132826560697293,0.8388652482269503,0.1626102631988192,0.0844737356543431,0.0813282656069729
textvqa,m3,500,500,False,45,Trajectory Platt (5D),5.984212139621378,7.16837668977678,0.8319277885235332,0.1636757053193449,0.0598421213962137,0.0716837668977678
textvqa,m3,500,500,False,45,VCPS-5D (Our Method),7.697318965007239,8.510057002029487,0.8399226305609284,0.1611996058176881,0.0769731896500724,0.0851005700202948
textvqa,m3,500,500,False,46,Naive Confidence (NC),11.074268778028747,10.49808570682344,0.8388652482269503,0.1714169938865369,0.1107426877802875,0.1049808570682344
textvqa,m3,500,500,False,46,Temperature Scaling (TS),11.136826100394025,10.357355203520004,0.8388652482269503,0.1712212711942177,0.1113682610039402,0.1035735520352
textvqa,m3,500,500,False,46,Platt Scaling (1D),7.899527470808966,8.4486224979993,0.8388652482269503,0.1610051465119823,0.0789952747080896,0.084486224979993
textvqa,m3,500,500,False,46,Trajectory Platt (5D),4.799293570220471,6.105569310486317,0.8366731141199226,0.1610441736508398,0.0479929357022047,0.0610556931048631
textvqa,m3,500,500,False,46,VCPS-5D (Our Method),7.542088968288893,7.963105345988769,0.8396389426176659,0.159993482249067,0.0754208896828889,0.0796310534598876
textvqa,m3,1000,1000,False,42,Naive Confidence (NC),11.074268778028747,10.49808570682344,0.8388652482269503,0.1714169938865369,0.1107426877802875,0.1049808570682344
textvqa,m3,1000,1000,False,42,Temperature Scaling (TS),11.137678054638137,10.365116406735194,0.8388652482269503,0.1712231985716843,0.1113767805463813,0.1036511640673519
textvqa,m3,1000,1000,False,42,Platt Scaling (1D),8.511532725184898,9.42528942228678,0.8388652482269503,0.162164602706603,0.0851153272518489,0.0942528942228678
textvqa,m3,1000,1000,False,42,Trajectory Platt (5D),7.574392411857842,5.181993175297976,0.8317472598323662,0.1644207129772961,0.0757439241185784,0.0518199317529797
textvqa,m3,1000,1000,False,42,VCPS-5D (Our Method),8.425566073415643,8.178386284154545,0.8397163120567377,0.160770506714455,0.0842556607341564,0.0817838628415454
textvqa,m3,1000,1000,False,43,Naive Confidence (NC),11.074268778028747,10.49808570682344,0.8388652482269503,0.1714169938865369,0.1107426877802875,0.1049808570682344
textvqa,m3,1000,1000,False,43,Temperature Scaling (TS),11.120879903844669,10.684282373627074,0.8388652482269503,0.1712077024342128,0.1112087990384466,0.1068428237362707
textvqa,m3,1000,1000,False,43,Platt Scaling (1D),8.005395035555319,8.865941949771116,0.8388652482269503,0.1610019081068798,0.0800539503555531,0.0886594194977111
textvqa,m3,1000,1000,False,43,Trajectory Platt (5D),5.281479184981436,6.686950666364284,0.8340683430045133,0.1619790798643902,0.0528147918498143,0.0668695066636428
textvqa,m3,1000,1000,False,43,VCPS-5D (Our Method),7.55825499413316,7.668275740081631,0.8395873629916182,0.1599510906126806,0.0755825499413316,0.0766827574008163
textvqa,m3,1000,1000,False,44,Naive Confidence (NC),11.074268778028747,10.49808570682344,0.8388652482269503,0.1714169938865369,0.1107426877802875,0.1049808570682344
textvqa,m3,1000,1000,False,44,Temperature Scaling (TS),11.149343578809376,9.766063601078327,0.8388652482269503,0.1712621583781121,0.1114934357880937,0.0976606360107832
textvqa,m3,1000,1000,False,44,Platt Scaling (1D),8.262394087140864,8.70027626982492,0.8388652482269503,0.1617704595786558,0.0826239408714086,0.0870027626982492
textvqa,m3,1000,1000,False,44,Trajectory Platt (5D),5.800980969332159,6.3647648887708765,0.8318504190844617,0.1647511194119368,0.0580098096933215,0.0636476488877087
textvqa,m3,1000,1000,False,44,VCPS-5D (Our Method),8.317144308968908,7.5641140987283,0.8396905222437139,0.1606989516425348,0.083171443089689,0.075641140987283
textvqa,m3,1000,1000,False,45,Naive Confidence (NC),11.074268778028747,10.49808570682344,0.8388652482269503,0.1714169938865369,0.1107426877802875,0.1049808570682344
textvqa,m3,1000,1000,False,45,Temperature Scaling (TS),11.14222025140282,9.73928997508404,0.8388652482269503,0.1712355658028483,0.1114222025140282,0.0973928997508404
textvqa,m3,1000,1000,False,45,Platt Scaling (1D),8.091883924820852,8.068724620806972,0.8388652482269503,0.1613278472869706,0.0809188392482085,0.0806872462080697
textvqa,m3,1000,1000,False,45,Trajectory Platt (5D),8.134447380900383,6.631045207381252,0.8304577691811734,0.1650501310070884,0.0813444738090038,0.0663104520738125
textvqa,m3,1000,1000,False,45,VCPS-5D (Our Method),7.24375242166468,7.284048450843586,0.8395615731785946,0.160214879273212,0.0724375242166468,0.0728404845084358
textvqa,m3,1000,1000,False,46,Naive Confidence (NC),11.074268778028747,10.49808570682344,0.8388652482269503,0.1714169938865369,0.1107426877802875,0.1049808570682344
textvqa,m3,1000,1000,False,46,Temperature Scaling (TS),11.140870442631968,10.06067019761707,0.8388652482269503,0.1712315212538038,0.1114087044263196,0.1006067019761706
textvqa,m3,1000,1000,False,46,Platt Scaling (1D),8.045203679333783,7.413996819652283,0.8388652482269503,0.1612703475324418,0.0804520367933378,0.0741399681965228
textvqa,m3,1000,1000,False,46,Trajectory Platt (5D),5.996238431893291,6.342358645983039,0.8369052224371374,0.1615733198518487,0.0599623843189329,0.0634235864598303
textvqa,m3,1000,1000,False,46,VCPS-5D (Our Method),7.319968962194843,7.203126453522679,0.8396131528046421,0.1603396815425867,0.0731996896219484,0.0720312645352267
textvqa,m3,1500,1500,False,42,Naive Confidence (NC),11.074268778028747,10.49808570682344,0.8388652482269503,0.1714169938865369,0.1107426877802875,0.1049808570682344
textvqa,m3,1500,1500,False,42,Temperature Scaling (TS),11.144836929584631,9.92112094689064,0.8388652482269503,0.1712443034523207,0.1114483692958463,0.0992112094689063
textvqa,m3,1500,1500,False,42,Platt Scaling (1D),8.338859359787808,8.952252111468804,0.8388652482269503,0.1618599055090874,0.083388593597878,0.089522521114688
textvqa,m3,1500,1500,False,42,Trajectory Platt (5D),5.53998486045748,7.267737305723128,0.834480980012895,0.1631042526493321,0.0553998486045748,0.0726773730572312
textvqa,m3,1500,1500,False,42,VCPS-5D (Our Method),7.48027238461455,8.090712704560477,0.8396647324306898,0.1607741766762535,0.0748027238461455,0.0809071270456047
textvqa,m3,1500,1500,False,43,Naive Confidence (NC),11.074268778028747,10.49808570682344,0.8388652482269503,0.1714169938865369,0.1107426877802875,0.1049808570682344
textvqa,m3,1500,1500,False,43,Temperature Scaling (TS),11.137971608689972,10.367790474194225,0.8388652482269503,0.1712238912620437,0.1113797160868997,0.1036779047419422
textvqa,m3,1500,1500,False,43,Platt Scaling (1D),8.215124282031464,8.468648034343888,0.8388652482269503,0.1615347511852597,0.0821512428203146,0.0846864803434388
textvqa,m3,1500,1500,False,43,Trajectory Platt (5D),5.490093826316297,4.819089927710593,0.8338104448742747,0.1628692381953452,0.0549009382631629,0.0481908992771059
textvqa,m3,1500,1500,False,43,VCPS-5D (Our Method),7.752666808478405,7.535273207368082,0.8394326241134752,0.1604460508022714,0.077526668084784,0.0753527320736808
textvqa,m3,1500,1500,False,44,Naive Confidence (NC),11.074268778028747,10.49808570682344,0.8388652482269503,0.1714169938865369,0.1107426877802875,0.1049808570682344
textvqa,m3,1500,1500,False,44,Temperature Scaling (TS),11.151404099110197,10.06582898107076,0.8388652482269503,0.171271521257669,0.1115140409911019,0.1006582898107076
textvqa,m3,1500,1500,False,44,Platt Scaling (1D),8.252848581862992,8.634539509954173,0.8388652482269503,0.1617662855978482,0.0825284858186299,0.0863453950995417
textvqa,m3,1500,1500,False,44,Trajectory Platt (5D),6.324164021760225,4.914330627769232,0.832856221792392,0.1634721140800066,0.0632416402176022,0.0491433062776923
textvqa,m3,1500,1500,False,44,VCPS-5D (Our Method),7.438177794075755,7.768625003589358,0.8398968407479046,0.1606987505352514,0.0743817779407575,0.0776862500358935
textvqa,m3,1500,1500,False,45,Naive Confidence (NC),11.074268778028747,10.49808570682344,0.8388652482269503,0.1714169938865369,0.1107426877802875,0.1049808570682344
textvqa,m3,1500,1500,False,45,Temperature Scaling (TS),11.133582455850982,10.24550367985553,0.8388652482269503,0.1712150580016695,0.1113358245585098,0.1024550367985552
textvqa,m3,1500,1500,False,45,Platt Scaling (1D),8.19090263428024,8.279479244255565,0.8388652482269503,0.1614373313701892,0.0819090263428024,0.0827947924425556
textvqa,m3,1500,1500,False,45,Trajectory Platt (5D),5.523160624317825,5.060773509554566,0.8343778207607995,0.1624257511366518,0.0552316062431782,0.0506077350955456
textvqa,m3,1500,1500,False,45,VCPS-5D (Our Method),7.741985445464482,8.475136298206232,0.8393294648613798,0.1603746003561208,0.0774198544546448,0.0847513629820623
textvqa,m3,1500,1500,False,46,Naive Confidence (NC),11.074268778028747,10.49808570682344,0.8388652482269503,0.1714169938865369,0.1107426877802875,0.1049808570682344
textvqa,m3,1500,1500,False,46,Temperature Scaling (TS),11.14039363902094,10.22306489046338,0.8388652482269503,0.1712301674415535,0.1114039363902094,0.1022306489046337
textvqa,m3,1500,1500,False,46,Platt Scaling (1D),8.196895120084877,8.334398161684634,0.8388652482269503,0.1615168273142616,0.0819689512008487,0.0833439816168463
textvqa,m3,1500,1500,False,46,Trajectory Platt (5D),5.632546529173852,6.09441713616252,0.8346099290780142,0.1627705948478072,0.0563254652917385,0.0609441713616251
textvqa,m3,1500,1500,False,46,VCPS-5D (Our Method),7.378706593920888,8.05984921377378,0.8394326241134751,0.1604823832318082,0.0737870659392088,0.0805984921377378
textvqa,m3,Full,1600,True,42,Naive Confidence (NC),11.074268778028747,10.49808570682344,0.8388652482269503,0.1714169938865369,0.1107426877802875,0.1049808570682344
textvqa,m3,Full,1600,True,42,Temperature Scaling (TS),11.139205160264993,10.37902650859674,0.8388652482269503,0.1712269625153518,0.1113920516026499,0.1037902650859673
textvqa,m3,Full,1600,True,42,Platt Scaling (1D),8.216847552002674,8.471011560888249,0.8388652482269503,0.1615445982010695,0.0821684755200267,0.0847101156088824
textvqa,m3,Full,1600,True,42,Trajectory Platt (5D),5.346239271573722,5.776711125858128,0.8345583494519664,0.1628067532429289,0.0534623927157372,0.0577671112585812
textvqa,m3,Full,1600,True,42,VCPS-5D (Our Method),7.378036401330797,8.195738524660895,0.8395357833655706,0.160491963531603,0.0737803640133079,0.0819573852466089
textvqa,m3,Full,1600,True,43,Naive Confidence (NC),11.074268778028747,10.49808570682344,0.8388652482269503,0.1714169938865369,0.1107426877802875,0.1049808570682344
textvqa,m3,Full,1600,True,43,Temperature Scaling (TS),11.139205160264993,10.37902650859674,0.8388652482269503,0.1712269625153518,0.1113920516026499,0.1037902650859673
textvqa,m3,Full,1600,True,43,Platt Scaling (1D),8.216847552002674,8.471011560888249,0.8388652482269503,0.1615445982010695,0.0821684755200267,0.0847101156088824
textvqa,m3,Full,1600,True,43,Trajectory Platt (5D),5.346239271573722,5.776711125858128,0.8345583494519664,0.1628067532429289,0.0534623927157372,0.0577671112585812
textvqa,m3,Full,1600,True,43,VCPS-5D (Our Method),7.378036401330797,8.195738524660895,0.8395357833655706,0.160491963531603,0.0737803640133079,0.0819573852466089
textvqa,m3,Full,1600,True,44,Naive Confidence (NC),11.074268778028747,10.49808570682344,0.8388652482269503,0.1714169938865369,0.1107426877802875,0.1049808570682344
textvqa,m3,Full,1600,True,44,Temperature Scaling (TS),11.139205160264993,10.37902650859674,0.8388652482269503,0.1712269625153518,0.1113920516026499,0.1037902650859673
textvqa,m3,Full,1600,True,44,Platt Scaling (1D),8.216847552002674,8.471011560888249,0.8388652482269503,0.1615445982010695,0.0821684755200267,0.0847101156088824
textvqa,m3,Full,1600,True,44,Trajectory Platt (5D),5.346239271573722,5.776711125858128,0.8345583494519664,0.1628067532429289,0.0534623927157372,0.0577671112585812
textvqa,m3,Full,1600,True,44,VCPS-5D (Our Method),7.378036401330797,8.195738524660895,0.8395357833655706,0.160491963531603,0.0737803640133079,0.0819573852466089
textvqa,m3,Full,1600,True,45,Naive Confidence (NC),11.074268778028747,10.49808570682344,0.8388652482269503,0.1714169938865369,0.1107426877802875,0.1049808570682344
textvqa,m3,Full,1600,True,45,Temperature Scaling (TS),11.139205160264993,10.37902650859674,0.8388652482269503,0.1712269625153518,0.1113920516026499,0.1037902650859673
textvqa,m3,Full,1600,True,45,Platt Scaling (1D),8.216847552002674,8.471011560888249,0.8388652482269503,0.1615445982010695,0.0821684755200267,0.0847101156088824
textvqa,m3,Full,1600,True,45,Trajectory Platt (5D),5.346239271573722,5.776711125858128,0.8345583494519664,0.1628067532429289,0.0534623927157372,0.0577671112585812
textvqa,m3,Full,1600,True,45,VCPS-5D (Our Method),7.378036401330797,8.195738524660895,0.8395357833655706,0.160491963531603,0.0737803640133079,0.0819573852466089
textvqa,m3,Full,1600,True,46,Naive Confidence (NC),11.074268778028747,10.49808570682344,0.8388652482269503,0.1714169938865369,0.1107426877802875,0.1049808570682344
textvqa,m3,Full,1600,True,46,Temperature Scaling (TS),11.139205160264993,10.37902650859674,0.8388652482269503,0.1712269625153518,0.1113920516026499,0.1037902650859673
textvqa,m3,Full,1600,True,46,Platt Scaling (1D),8.216847552002674,8.471011560888249,0.8388652482269503,0.1615445982010695,0.0821684755200267,0.0847101156088824
textvqa,m3,Full,1600,True,46,Trajectory Platt (5D),5.346239271573722,5.776711125858128,0.8345583494519664,0.1628067532429289,0.0534623927157372,0.0577671112585812
textvqa,m3,Full,1600,True,46,VCPS-5D (Our Method),7.378036401330797,8.195738524660895,0.8395357833655706,0.160491963531603,0.0737803640133079,0.0819573852466089
vizwiz-vqa,m3,50,50,False,42,Naive Confidence (NC),15.974506498086688,15.974506498086685,0.7927864583333334,0.2070896633643291,0.1597450649808668,0.1597450649808668
vizwiz-vqa,m3,50,50,False,42,Temperature Scaling (TS),15.316127765154173,15.316127765154173,0.7927864583333334,0.2062300104771302,0.1531612776515417,0.1531612776515417
vizwiz-vqa,m3,50,50,False,42,Platt Scaling (1D),5.7490871955970375,5.978274658880419,0.7927864583333334,0.1825762779568329,0.0574908719559703,0.0597827465888042
vizwiz-vqa,m3,50,50,False,42,Trajectory Platt (5D),7.142290982883423,7.986992638092488,0.7616145833333333,0.1959894726012332,0.0714229098288342,0.0798699263809248
vizwiz-vqa,m3,50,50,False,42,VCPS-5D (Our Method),9.122011513002098,8.942860830033112,0.7917708333333333,0.1871630965938262,0.0912201151300209,0.0894286083003311
vizwiz-vqa,m3,50,50,False,43,Naive Confidence (NC),15.974506498086688,15.974506498086685,0.7927864583333334,0.2070896633643291,0.1597450649808668,0.1597450649808668
vizwiz-vqa,m3,50,50,False,43,Temperature Scaling (TS),14.812609955421872,14.60181393530134,0.7927864583333334,0.2092818074569122,0.1481260995542187,0.1460181393530134
vizwiz-vqa,m3,50,50,False,43,Platt Scaling (1D),6.7996302879047965,7.289104245478893,0.7927864583333334,0.1856115776387684,0.0679963028790479,0.0728910424547889
vizwiz-vqa,m3,50,50,False,43,Trajectory Platt (5D),7.0701221050694585,6.032342051155865,0.7654427083333334,0.1919689054762124,0.0707012210506945,0.0603234205115586
vizwiz-vqa,m3,50,50,False,43,VCPS-5D (Our Method),8.995531714459002,8.445856904440113,0.79453125,0.1877853838566089,0.08995531714459,0.0844585690444011
vizwiz-vqa,m3,50,50,False,44,Naive Confidence (NC),15.974506498086688,15.974506498086685,0.7927864583333334,0.2070896633643291,0.1597450649808668,0.1597450649808668
vizwiz-vqa,m3,50,50,False,44,Temperature Scaling (TS),14.938119097258507,15.30392869485436,0.7927864583333334,0.2069296923928988,0.149381190972585,0.1530392869485436
vizwiz-vqa,m3,50,50,False,44,Platt Scaling (1D),5.833752657057481,6.761971691872337,0.7927864583333334,0.1836241322648637,0.0583375265705748,0.0676197169187233
vizwiz-vqa,m3,50,50,False,44,Trajectory Platt (5D),5.491560623981059,5.475206351839003,0.7723437500000001,0.1892486923301019,0.0549156062398105,0.05475206351839
vizwiz-vqa,m3,50,50,False,44,VCPS-5D (Our Method),7.532712149585332,6.7551840665122445,0.796171875,0.1831475812311813,0.0753271214958533,0.0675518406651224
vizwiz-vqa,m3,50,50,False,45,Naive Confidence (NC),15.974506498086688,15.974506498086685,0.7927864583333334,0.2070896633643291,0.1597450649808668,0.1597450649808668
vizwiz-vqa,m3,50,50,False,45,Temperature Scaling (TS),14.898111002062834,14.41571529275865,0.7927864583333334,0.2098272065361837,0.1489811100206283,0.1441571529275865
vizwiz-vqa,m3,50,50,False,45,Platt Scaling (1D),7.90496263962204,8.516580585380899,0.7927864583333334,0.1869644674845499,0.0790496263962204,0.0851658058538089
vizwiz-vqa,m3,50,50,False,45,Trajectory Platt (5D),10.213837280869482,8.385875359177588,0.68546875,0.2153878611644018,0.1021383728086948,0.0838587535917758
vizwiz-vqa,m3,50,50,False,45,VCPS-5D (Our Method),10.730561824201448,6.730099655784957,0.785078125,0.1864597393544257,0.1073056182420144,0.0673009965578495
vizwiz-vqa,m3,50,50,False,46,Naive Confidence (NC),15.974506498086688,15.974506498086685,0.7927864583333334,0.2070896633643291,0.1597450649808668,0.1597450649808668
vizwiz-vqa,m3,50,50,False,46,Temperature Scaling (TS),16.780293773157496,15.510344446005815,0.7927864583333334,0.2187170911978969,0.1678029377315749,0.1551034444600581
vizwiz-vqa,m3,50,50,False,46,Platt Scaling (1D),9.669209808833608,9.380135508130708,0.7927864583333334,0.1905171302735203,0.096692098088336,0.093801355081307
vizwiz-vqa,m3,50,50,False,46,Trajectory Platt (5D),8.52287188731134,8.786664878949523,0.7803385416666667,0.1920073919683839,0.0852287188731134,0.0878666487894952
vizwiz-vqa,m3,50,50,False,46,VCPS-5D (Our Method),8.914006556803411,9.460201064705878,0.7947135416666666,0.1891722429483689,0.0891400655680341,0.0946020106470587
vizwiz-vqa,m3,100,100,False,42,Naive Confidence (NC),15.974506498086688,15.974506498086685,0.7927864583333334,0.2070896633643291,0.1597450649808668,0.1597450649808668
vizwiz-vqa,m3,100,100,False,42,Temperature Scaling (TS),15.0359178116945,15.035917811694496,0.7927864583333334,0.2065725535317768,0.150359178116945,0.1503591781169449
vizwiz-vqa,m3,100,100,False,42,Platt Scaling (1D),7.635643525267344,7.339618007179781,0.7927864583333334,0.1856240244235818,0.0763564352526734,0.0733961800717978
vizwiz-vqa,m3,100,100,False,42,Trajectory Platt (5D),8.066841788589956,8.053060203790663,0.7805729166666667,0.1906534051139564,0.0806684178858995,0.0805306020379066
vizwiz-vqa,m3,100,100,False,42,VCPS-5D (Our Method),8.34552485165244,8.641073701924238,0.7934114583333333,0.1878885591580999,0.0834552485165244,0.0864107370192423
vizwiz-vqa,m3,100,100,False,43,Naive Confidence (NC),15.974506498086688,15.974506498086685,0.7927864583333334,0.2070896633643291,0.1597450649808668,0.1597450649808668
vizwiz-vqa,m3,100,100,False,43,Temperature Scaling (TS),14.903000032609592,14.41316871726476,0.7927864583333334,0.2098554536923507,0.1490300003260959,0.1441316871726476
vizwiz-vqa,m3,100,100,False,43,Platt Scaling (1D),6.591197288422008,6.515043785127389,0.7927864583333334,0.1857652869272971,0.06591197288422,0.0651504378512738
vizwiz-vqa,m3,100,100,False,43,Trajectory Platt (5D),7.0579726239666325,6.892377764917909,0.7670572916666666,0.1951464751773692,0.0705797262396663,0.068923777649179
vizwiz-vqa,m3,100,100,False,43,VCPS-5D (Our Method),8.329260218899986,9.83504514231673,0.7933072916666668,0.1872242245593049,0.0832926021889998,0.0983504514231673
vizwiz-vqa,m3,100,100,False,44,Naive Confidence (NC),15.974506498086688,15.974506498086685,0.7927864583333334,0.2070896633643291,0.1597450649808668,0.1597450649808668
vizwiz-vqa,m3,100,100,False,44,Temperature Scaling (TS),15.153900437181475,15.153900437181475,0.7927864583333334,0.2063861354343002,0.1515390043718147,0.1515390043718147
vizwiz-vqa,m3,100,100,False,44,Platt Scaling (1D),5.589031966095181,5.631832201410184,0.7927864583333334,0.1829175450948743,0.0558903196609518,0.0563183220141018
vizwiz-vqa,m3,100,100,False,44,Trajectory Platt (5D),6.189283798914402,4.8881444367580125,0.7869270833333333,0.1849365466285236,0.061892837989144,0.0488814443675801
vizwiz-vqa,m3,100,100,False,44,VCPS-5D (Our Method),6.807009512219571,6.165862638613596,0.7951302083333334,0.1825614026515827,0.0680700951221957,0.0616586263861359
vizwiz-vqa,m3,100,100,False,45,Naive Confidence (NC),15.974506498086688,15.974506498086685,0.7927864583333334,0.2070896633643291,0.1597450649808668,0.1597450649808668
vizwiz-vqa,m3,100,100,False,45,Temperature Scaling (TS),14.881063786295488,14.827123228331455,0.7927864583333334,0.2076310387113725,0.1488106378629548,0.1482712322833145
vizwiz-vqa,m3,100,100,False,45,Platt Scaling (1D),5.872494184989468,6.527094058294704,0.7927864583333334,0.183715053220422,0.0587249418498946,0.065270940582947
vizwiz-vqa,m3,100,100,False,45,Trajectory Platt (5D),6.66442192811519,6.289481899701061,0.7786979166666668,0.1894893046755957,0.0666442192811519,0.0628948189970106
vizwiz-vqa,m3,100,100,False,45,VCPS-5D (Our Method),6.967061730047222,7.165310346860792,0.7932291666666668,0.1839265149043341,0.0696706173004722,0.0716531034686079
vizwiz-vqa,m3,100,100,False,46,Naive Confidence (NC),15.974506498086688,15.974506498086685,0.7927864583333334,0.2070896633643291,0.1597450649808668,0.1597450649808668
vizwiz-vqa,m3,100,100,False,46,Temperature Scaling (TS),16.175057577891337,15.677579108407627,0.7927864583333334,0.2166859762168187,0.1617505757789133,0.1567757910840762
vizwiz-vqa,m3,100,100,False,46,Platt Scaling (1D),8.899805629256138,9.102992919604578,0.7927864583333334,0.1888942293954109,0.0889980562925613,0.0910299291960457
vizwiz-vqa,m3,100,100,False,46,Trajectory Platt (5D),8.46993592940271,6.624514987692237,0.77,0.1924038517196575,0.0846993592940271,0.0662451498769223
vizwiz-vqa,m3,100,100,False,46,VCPS-5D (Our Method),8.802197687270901,8.548318802455434,0.7930208333333334,0.1886206330755622,0.088021976872709,0.0854831880245543
vizwiz-vqa,m3,200,200,False,42,Naive Confidence (NC),15.974506498086688,15.974506498086685,0.7927864583333334,0.2070896633643291,0.1597450649808668,0.1597450649808668
vizwiz-vqa,m3,200,200,False,42,Temperature Scaling (TS),15.376396755666216,15.602772908467603,0.7927864583333334,0.2062038137287745,0.1537639675566621,0.156027729084676
vizwiz-vqa,m3,200,200,False,42,Platt Scaling (1D),8.108321222074157,8.033069345418419,0.7927864583333334,0.1860718778311332,0.0810832122207415,0.0803306934541841
vizwiz-vqa,m3,200,200,False,42,Trajectory Platt (5D),8.321463807253169,9.105666006682442,0.7885416666666667,0.1890239447136836,0.0832146380725317,0.0910566600668244
vizwiz-vqa,m3,200,200,False,42,VCPS-5D (Our Method),7.866779643035408,8.099045945223725,0.793984375,0.1865891590818122,0.078667796430354,0.0809904594522372
vizwiz-vqa,m3,200,200,False,43,Naive Confidence (NC),15.974506498086688,15.974506498086685,0.7927864583333334,0.2070896633643291,0.1597450649808668,0.1597450649808668
vizwiz-vqa,m3,200,200,False,43,Temperature Scaling (TS),14.99936999734368,14.999369997343676,0.7927864583333334,0.2066419615473874,0.1499936999734368,0.1499936999734367
vizwiz-vqa,m3,200,200,False,43,Platt Scaling (1D),6.065354954412734,6.658153768130616,0.7927864583333334,0.1834093687096458,0.0606535495441273,0.0665815376813061
vizwiz-vqa,m3,200,200,False,43,Trajectory Platt (5D),6.052032664651053,5.674795489991085,0.7927864583333333,0.1841331985043403,0.0605203266465105,0.0567479548999108
vizwiz-vqa,m3,200,200,False,43,VCPS-5D (Our Method),7.609164776330671,8.716802416490033,0.7941145833333334,0.1840565069038391,0.0760916477633067,0.0871680241649003
vizwiz-vqa,m3,200,200,False,44,Naive Confidence (NC),15.974506498086688,15.974506498086685,0.7927864583333334,0.2070896633643291,0.1597450649808668,0.1597450649808668
vizwiz-vqa,m3,200,200,False,44,Temperature Scaling (TS),15.375643370838738,15.602420222477928,0.7927864583333334,0.2062040294554428,0.1537564337083873,0.1560242022247792
vizwiz-vqa,m3,200,200,False,44,Platt Scaling (1D),5.618533751982635,5.681480504135574,0.7927864583333334,0.1824426729493186,0.0561853375198263,0.0568148050413557
vizwiz-vqa,m3,200,200,False,44,Trajectory Platt (5D),6.195588028989732,5.983097619377075,0.7965104166666667,0.1814238582463623,0.0619558802898973,0.0598309761937707
vizwiz-vqa,m3,200,200,False,44,VCPS-5D (Our Method),5.767189245611175,5.679547446302959,0.793515625,0.1824600519607037,0.0576718924561117,0.0567954744630295
vizwiz-vqa,m3,200,200,False,45,Naive Confidence (NC),15.974506498086688,15.974506498086685,0.7927864583333334,0.2070896633643291,0.1597450649808668,0.1597450649808668
vizwiz-vqa,m3,200,200,False,45,Temperature Scaling (TS),15.261193429504626,15.26119342950463,0.7927864583333334,0.2062692549823036,0.1526119342950462,0.1526119342950463
vizwiz-vqa,m3,200,200,False,45,Platt Scaling (1D),5.95472723169021,7.15510884043171,0.7927864583333334,0.1829049683096983,0.0595472723169021,0.0715510884043171
vizwiz-vqa,m3,200,200,False,45,Trajectory Platt (5D),7.237119417521172,5.84643609833438,0.7900260416666666,0.1840243184074811,0.0723711941752117,0.0584643609833438
vizwiz-vqa,m3,200,200,False,45,VCPS-5D (Our Method),5.844708299798473,5.695571645595624,0.7926562500000001,0.1832719167024863,0.0584470829979847,0.0569557164559562
vizwiz-vqa,m3,200,200,False,46,Naive Confidence (NC),15.974506498086688,15.974506498086685,0.7927864583333334,0.2070896633643291,0.1597450649808668,0.1597450649808668
vizwiz-vqa,m3,200,200,False,46,Temperature Scaling (TS),14.93123596411956,15.029234729599224,0.7927864583333334,0.2070124919318844,0.1493123596411956,0.1502923472959922
vizwiz-vqa,m3,200,200,False,46,Platt Scaling (1D),5.648898932873467,6.155450701511558,0.7927864583333334,0.1832947229696932,0.0564889893287346,0.0615545070151155
vizwiz-vqa,m3,200,200,False,46,Trajectory Platt (5D),7.67620880063623,7.019581078551711,0.7851822916666668,0.185356804472043,0.0767620880063623,0.0701958107855171
vizwiz-vqa,m3,200,200,False,46,VCPS-5D (Our Method),6.1216578549054805,5.738370996387649,0.7930468749999999,0.1834724993878473,0.0612165785490548,0.0573837099638764
vizwiz-vqa,m3,500,500,False,42,Naive Confidence (NC),15.974506498086688,15.974506498086685,0.7927864583333334,0.2070896633643291,0.1597450649808668,0.1597450649808668
vizwiz-vqa,m3,500,500,False,42,Temperature Scaling (TS),15.244733464842476,15.244733464842469,0.7927864583333334,0.2062837838780965,0.1524473346484247,0.1524473346484247
vizwiz-vqa,m3,500,500,False,42,Platt Scaling (1D),6.801827752365547,7.099988090177073,0.7927864583333334,0.1839277419420143,0.0680182775236554,0.0709998809017707
vizwiz-vqa,m3,500,500,False,42,Trajectory Platt (5D),6.785653611412274,7.3478915670420974,0.7965104166666667,0.1835547840392913,0.0678565361141227,0.0734789156704209
vizwiz-vqa,m3,500,500,False,42,VCPS-5D (Our Method),6.372928539493033,7.656554623658882,0.7936979166666667,0.1840290189147695,0.0637292853949303,0.0765655462365888
vizwiz-vqa,m3,500,500,False,43,Naive Confidence (NC),15.974506498086688,15.974506498086685,0.7927864583333334,0.2070896633643291,0.1597450649808668,0.1597450649808668
vizwiz-vqa,m3,500,500,False,43,Temperature Scaling (TS),15.02655123367964,15.026551233679635,0.7927864583333334,0.2065898290775924,0.1502655123367964,0.1502655123367963
vizwiz-vqa,m3,500,500,False,43,Platt Scaling (1D),5.877497379787246,6.56565192047606,0.7927864583333334,0.1831737943615611,0.0587749737978724,0.0656565192047606
vizwiz-vqa,m3,500,500,False,43,Trajectory Platt (5D),6.162826234707606,6.145226767053827,0.7916145833333332,0.1836157406035932,0.061628262347076,0.0614522676705382
vizwiz-vqa,m3,500,500,False,43,VCPS-5D (Our Method),6.701846118136476,5.521066995584133,0.7933333333333334,0.1834712628674396,0.0670184611813647,0.0552106699558413
vizwiz-vqa,m3,500,500,False,44,Naive Confidence (NC),15.974506498086688,15.974506498086685,0.7927864583333334,0.2070896633643291,0.1597450649808668,0.1597450649808668
vizwiz-vqa,m3,500,500,False,44,Temperature Scaling (TS),14.909261388971448,14.91788326157763,0.7927864583333334,0.2072805558213001,0.1490926138897144,0.1491788326157763
vizwiz-vqa,m3,500,500,False,44,Platt Scaling (1D),5.5818966457917165,6.0727769421355005,0.7927864583333334,0.1829114358216276,0.0558189664579171,0.060727769421355
vizwiz-vqa,m3,500,500,False,44,Trajectory Platt (5D),6.964895766228437,7.058624085038899,0.7949739583333334,0.1825224893565712,0.0696489576622843,0.0705862408503889
vizwiz-vqa,m3,500,500,False,44,VCPS-5D (Our Method),5.417282714944701,6.035121163735816,0.7933072916666667,0.1828648946362141,0.054172827149447,0.0603512116373581
vizwiz-vqa,m3,500,500,False,45,Naive Confidence (NC),15.974506498086688,15.974506498086685,0.7927864583333334,0.2070896633643291,0.1597450649808668,0.1597450649808668
vizwiz-vqa,m3,500,500,False,45,Temperature Scaling (TS),15.435293133500998,15.435293133500991,0.7927864583333334,0.2061959508227565,0.15435293133501,0.1543529313350099
vizwiz-vqa,m3,500,500,False,45,Platt Scaling (1D),6.855375191241679,6.8083598574706485,0.7927864583333334,0.1838195078761397,0.0685537519124167,0.0680835985747064
vizwiz-vqa,m3,500,500,False,45,Trajectory Platt (5D),5.636646495200694,6.654496517963707,0.7836197916666666,0.1867491692684325,0.0563664649520069,0.066544965179637
vizwiz-vqa,m3,500,500,False,45,VCPS-5D (Our Method),6.542540182016074,6.530138588392548,0.7926302083333333,0.184149403274012,0.0654254018201607,0.0653013858839254
vizwiz-vqa,m3,500,500,False,46,Naive Confidence (NC),15.974506498086688,15.974506498086685,0.7927864583333334,0.2070896633643291,0.1597450649808668,0.1597450649808668
vizwiz-vqa,m3,500,500,False,46,Temperature Scaling (TS),15.230492070738457,15.23049207073846,0.7927864583333334,0.2062973658136173,0.1523049207073845,0.1523049207073845
vizwiz-vqa,m3,500,500,False,46,Platt Scaling (1D),6.134977312135886,6.920166569504039,0.7927864583333334,0.183132393566012,0.0613497731213588,0.0692016656950403
vizwiz-vqa,m3,500,500,False,46,Trajectory Platt (5D),7.659578279126434,6.628646158147604,0.7942447916666668,0.1829980244811181,0.0765957827912643,0.066286461581476
vizwiz-vqa,m3,500,500,False,46,VCPS-5D (Our Method),5.928538085094818,6.9689039241465,0.7935416666666666,0.1831221001205903,0.0592853808509481,0.069689039241465
vizwiz-vqa,m3,1000,1000,False,42,Naive Confidence (NC),15.974506498086688,15.974506498086685,0.7927864583333334,0.2070896633643291,0.1597450649808668,0.1597450649808668
vizwiz-vqa,m3,1000,1000,False,42,Temperature Scaling (TS),14.97764306216118,14.977643062161174,0.7927864583333334,0.2066857483242956,0.1497764306216118,0.1497764306216117
vizwiz-vqa,m3,1000,1000,False,42,Platt Scaling (1D),5.700619690655503,5.950028001768144,0.7927864583333334,0.1828972839607119,0.057006196906555,0.0595002800176814
vizwiz-vqa,m3,1000,1000,False,42,Trajectory Platt (5D),7.479656341485678,5.724814503453673,0.7947916666666666,0.1821864378624567,0.0747965634148567,0.0572481450345367
vizwiz-vqa,m3,1000,1000,False,42,VCPS-5D (Our Method),5.320533489182557,6.3202227382581215,0.7936979166666666,0.1826902306963523,0.0532053348918255,0.0632022273825812
vizwiz-vqa,m3,1000,1000,False,43,Naive Confidence (NC),15.974506498086688,15.974506498086685,0.7927864583333334,0.2070896633643291,0.1597450649808668,0.1597450649808668
vizwiz-vqa,m3,1000,1000,False,43,Temperature Scaling (TS),14.952214735475666,14.941651844261294,0.7927864583333334,0.206762351773284,0.1495221473547566,0.1494165184426129
vizwiz-vqa,m3,1000,1000,False,43,Platt Scaling (1D),5.586860742558001,5.799537943265496,0.7927864583333334,0.1827312765605887,0.05586860742558,0.0579953794326549
vizwiz-vqa,m3,1000,1000,False,43,Trajectory Platt (5D),7.571315781679003,5.447026280220598,0.7947656249999999,0.1824267062738187,0.07571315781679,0.0544702628022059
vizwiz-vqa,m3,1000,1000,False,43,VCPS-5D (Our Method),6.455361122410601,5.954851370532388,0.7933072916666667,0.1827308316568245,0.064553611224106,0.0595485137053238
vizwiz-vqa,m3,1000,1000,False,44,Naive Confidence (NC),15.974506498086688,15.974506498086685,0.7927864583333334,0.2070896633643291,0.1597450649808668,0.1597450649808668
vizwiz-vqa,m3,1000,1000,False,44,Temperature Scaling (TS),14.934651409839658,15.042065336622873,0.7927864583333334,0.2069713271179806,0.1493465140983965,0.1504206533662287
vizwiz-vqa,m3,1000,1000,False,44,Platt Scaling (1D),5.552887217347621,5.704312621391948,0.7927864583333334,0.1827679405061658,0.0555288721734762,0.0570431262139194
vizwiz-vqa,m3,1000,1000,False,44,Trajectory Platt (5D),6.296037824358793,7.368687426205726,0.79640625,0.1817351998905526,0.0629603782435879,0.0736868742620572
vizwiz-vqa,m3,1000,1000,False,44,VCPS-5D (Our Method),5.932641930574603,5.864281808923105,0.7931770833333333,0.1826035398875857,0.059326419305746,0.058642818089231
vizwiz-vqa,m3,1000,1000,False,45,Naive Confidence (NC),15.974506498086688,15.974506498086685,0.7927864583333334,0.2070896633643291,0.1597450649808668,0.1597450649808668
vizwiz-vqa,m3,1000,1000,False,45,Temperature Scaling (TS),15.207972439139262,15.207972439139262,0.7927864583333334,0.2063207354723429,0.1520797243913926,0.1520797243913926
vizwiz-vqa,m3,1000,1000,False,45,Platt Scaling (1D),5.864702336271013,6.670166341500792,0.7927864583333334,0.1828168138112582,0.0586470233627101,0.0667016634150079
vizwiz-vqa,m3,1000,1000,False,45,Trajectory Platt (5D),6.430762516334654,5.6145568881183845,0.7931770833333333,0.1831496390956299,0.0643076251633465,0.0561455688811838
vizwiz-vqa,m3,1000,1000,False,45,VCPS-5D (Our Method),5.065623741796127,6.135449291082336,0.7929947916666666,0.1829635254634547,0.0506562374179612,0.0613544929108233
vizwiz-vqa,m3,1000,1000,False,46,Naive Confidence (NC),15.974506498086688,15.974506498086685,0.7927864583333334,0.2070896633643291,0.1597450649808668,0.1597450649808668
vizwiz-vqa,m3,1000,1000,False,46,Temperature Scaling (TS),15.207544586463367,15.207544586463362,0.7927864583333334,0.2063212017436934,0.1520754458646336,0.1520754458646336
vizwiz-vqa,m3,1000,1000,False,46,Platt Scaling (1D),6.026266044862603,7.259517260953629,0.7927864583333334,0.1829898240695144,0.060262660448626,0.0725951726095363
vizwiz-vqa,m3,1000,1000,False,46,Trajectory Platt (5D),5.735024043824525,5.981764914002271,0.7879166666666666,0.1844875358158788,0.0573502404382452,0.0598176491400227
vizwiz-vqa,m3,1000,1000,False,46,VCPS-5D (Our Method),5.947307357238203,6.757949890679524,0.7924218749999999,0.183292740807186,0.059473073572382,0.0675794989067952
vizwiz-vqa,m3,1500,1500,False,42,Naive Confidence (NC),15.974506498086688,15.974506498086685,0.7927864583333334,0.2070896633643291,0.1597450649808668,0.1597450649808668
vizwiz-vqa,m3,1500,1500,False,42,Temperature Scaling (TS),15.031547266249756,15.031547266249747,0.7927864583333334,0.206580570254028,0.1503154726624975,0.1503154726624974
vizwiz-vqa,m3,1500,1500,False,42,Platt Scaling (1D),5.809197061706465,5.603394518674881,0.7927864583333334,0.1829083203166983,0.0580919706170646,0.0560339451867488
vizwiz-vqa,m3,1500,1500,False,42,Trajectory Platt (5D),7.628437009640036,5.734469306655229,0.7949999999999999,0.1823810264134615,0.0762843700964003,0.0573446930665522
vizwiz-vqa,m3,1500,1500,False,42,VCPS-5D (Our Method),5.44415755705374,6.187010885427095,0.793515625,0.1827712078866079,0.0544415755705373,0.0618701088542709
vizwiz-vqa,m3,1500,1500,False,43,Naive Confidence (NC),15.974506498086688,15.974506498086685,0.7927864583333334,0.2070896633643291,0.1597450649808668,0.1597450649808668
vizwiz-vqa,m3,1500,1500,False,43,Temperature Scaling (TS),15.07082342768703,15.070823427687028,0.7927864583333334,0.2065113288598024,0.1507082342768703,0.1507082342768702
vizwiz-vqa,m3,1500,1500,False,43,Platt Scaling (1D),5.852618601156816,6.409268909619622,0.7927864583333334,0.1829134242488063,0.0585261860115681,0.0640926890961962
vizwiz-vqa,m3,1500,1500,False,43,Trajectory Platt (5D),6.250107742147519,6.597329157637434,0.7935416666666667,0.1829186445854702,0.0625010774214751,0.0659732915763743
vizwiz-vqa,m3,1500,1500,False,43,VCPS-5D (Our Method),6.22870372923848,6.100483874990421,0.7930208333333334,0.1828995396069724,0.0622870372923848,0.0610048387499042
vizwiz-vqa,m3,1500,1500,False,44,Naive Confidence (NC),15.974506498086688,15.974506498086685,0.7927864583333334,0.2070896633643291,0.1597450649808668,0.1597450649808668
vizwiz-vqa,m3,1500,1500,False,44,Temperature Scaling (TS),15.017353339938094,15.017353339938094,0.7927864583333334,0.2066071384522341,0.1501735333993809,0.1501735333993809
vizwiz-vqa,m3,1500,1500,False,44,Platt Scaling (1D),5.660716243728806,5.591062788304856,0.7927864583333334,0.1827672984910352,0.056607162437288,0.0559106278830485
vizwiz-vqa,m3,1500,1500,False,44,Trajectory Platt (5D),7.009150496684013,6.9234484722837815,0.7947395833333334,0.1822579631136051,0.0700915049668401,0.0692344847228378
vizwiz-vqa,m3,1500,1500,False,44,VCPS-5D (Our Method),4.965431921023614,5.865126525872068,0.7932552083333333,0.182656020346055,0.0496543192102361,0.0586512652587206
vizwiz-vqa,m3,1500,1500,False,45,Naive Confidence (NC),15.974506498086688,15.974506498086685,0.7927864583333334,0.2070896633643291,0.1597450649808668,0.1597450649808668
vizwiz-vqa,m3,1500,1500,False,45,Temperature Scaling (TS),15.029673759002632,15.029673759002632,0.7927864583333334,0.2065840304674985,0.1502967375900263,0.1502967375900263
vizwiz-vqa,m3,1500,1500,False,45,Platt Scaling (1D),5.732305765001224,5.934896188918904,0.7927864583333334,0.1828364483726544,0.0573230576500122,0.059348961889189
vizwiz-vqa,m3,1500,1500,False,45,Trajectory Platt (5D),6.656615275889635,6.259355477988721,0.7943229166666667,0.1827242457620719,0.0665661527588963,0.0625935547798872
vizwiz-vqa,m3,1500,1500,False,45,VCPS-5D (Our Method),5.825135603902598,6.186145055687129,0.79328125,0.1828119215024458,0.0582513560390259,0.0618614505568712
vizwiz-vqa,m3,1500,1500,False,46,Naive Confidence (NC),15.974506498086688,15.974506498086685,0.7927864583333334,0.2070896633643291,0.1597450649808668,0.1597450649808668
vizwiz-vqa,m3,1500,1500,False,46,Temperature Scaling (TS),15.056423479229606,15.0564234792296,0.7927864583333334,0.2065359801470111,0.150564234792296,0.150564234792296
vizwiz-vqa,m3,1500,1500,False,46,Platt Scaling (1D),5.804118049051908,5.916318246070515,0.7927864583333334,0.1828724882693325,0.058041180490519,0.0591631824607051
vizwiz-vqa,m3,1500,1500,False,46,Trajectory Platt (5D),6.646305067697542,6.091051860013977,0.7940104166666667,0.1828624923432089,0.0664630506769754,0.0609105186001397
vizwiz-vqa,m3,1500,1500,False,46,VCPS-5D (Our Method),5.809356574747633,5.891869310486199,0.79328125,0.1828806013950628,0.0580935657474763,0.0589186931048619
vizwiz-vqa,m3,Full,1600,True,42,Naive Confidence (NC),15.974506498086688,15.974506498086685,0.7927864583333334,0.2070896633643291,0.1597450649808668,0.1597450649808668
vizwiz-vqa,m3,Full,1600,True,42,Temperature Scaling (TS),15.091343896246222,15.09134389624622,0.7927864583333334,0.2064776874860114,0.1509134389624622,0.1509134389624622
vizwiz-vqa,m3,Full,1600,True,42,Platt Scaling (1D),5.8022997906429685,6.639696778734006,0.7927864583333334,0.1828255907879808,0.0580229979064296,0.06639696778734
vizwiz-vqa,m3,Full,1600,True,42,Trajectory Platt (5D),6.572473927168174,6.383531073806806,0.7938802083333334,0.1827517668189857,0.0657247392716817,0.063835310738068
vizwiz-vqa,m3,Full,1600,True,42,VCPS-5D (Our Method),5.78650738462766,6.370924689045275,0.793203125,0.1827998453979278,0.0578650738462765,0.0637092468904527
vizwiz-vqa,m3,Full,1600,True,43,Naive Confidence (NC),15.974506498086688,15.974506498086685,0.7927864583333334,0.2070896633643291,0.1597450649808668,0.1597450649808668
vizwiz-vqa,m3,Full,1600,True,43,Temperature Scaling (TS),15.091343896246222,15.09134389624622,0.7927864583333334,0.2064776874860114,0.1509134389624622,0.1509134389624622
vizwiz-vqa,m3,Full,1600,True,43,Platt Scaling (1D),5.8022997906429685,6.639696778734006,0.7927864583333334,0.1828255907879808,0.0580229979064296,0.06639696778734
vizwiz-vqa,m3,Full,1600,True,43,Trajectory Platt (5D),6.572473927168174,6.383531073806806,0.7938802083333334,0.1827517668189857,0.0657247392716817,0.063835310738068
vizwiz-vqa,m3,Full,1600,True,43,VCPS-5D (Our Method),5.78650738462766,6.370924689045275,0.793203125,0.1827998453979278,0.0578650738462765,0.0637092468904527
vizwiz-vqa,m3,Full,1600,True,44,Naive Confidence (NC),15.974506498086688,15.974506498086685,0.7927864583333334,0.2070896633643291,0.1597450649808668,0.1597450649808668
vizwiz-vqa,m3,Full,1600,True,44,Temperature Scaling (TS),15.091343896246222,15.09134389624622,0.7927864583333334,0.2064776874860114,0.1509134389624622,0.1509134389624622
vizwiz-vqa,m3,Full,1600,True,44,Platt Scaling (1D),5.8022997906429685,6.639696778734006,0.7927864583333334,0.1828255907879808,0.0580229979064296,0.06639696778734
vizwiz-vqa,m3,Full,1600,True,44,Trajectory Platt (5D),6.572473927168174,6.383531073806806,0.7938802083333334,0.1827517668189857,0.0657247392716817,0.063835310738068
vizwiz-vqa,m3,Full,1600,True,44,VCPS-5D (Our Method),5.78650738462766,6.370924689045275,0.793203125,0.1827998453979278,0.0578650738462765,0.0637092468904527
vizwiz-vqa,m3,Full,1600,True,45,Naive Confidence (NC),15.974506498086688,15.974506498086685,0.7927864583333334,0.2070896633643291,0.1597450649808668,0.1597450649808668
vizwiz-vqa,m3,Full,1600,True,45,Temperature Scaling (TS),15.091343896246222,15.09134389624622,0.7927864583333334,0.2064776874860114,0.1509134389624622,0.1509134389624622
vizwiz-vqa,m3,Full,1600,True,45,Platt Scaling (1D),5.8022997906429685,6.639696778734006,0.7927864583333334,0.1828255907879808,0.0580229979064296,0.06639696778734
vizwiz-vqa,m3,Full,1600,True,45,Trajectory Platt (5D),6.572473927168174,6.383531073806806,0.7938802083333334,0.1827517668189857,0.0657247392716817,0.063835310738068
vizwiz-vqa,m3,Full,1600,True,45,VCPS-5D (Our Method),5.78650738462766,6.370924689045275,0.793203125,0.1827998453979278,0.0578650738462765,0.0637092468904527
vizwiz-vqa,m3,Full,1600,True,46,Naive Confidence (NC),15.974506498086688,15.974506498086685,0.7927864583333334,0.2070896633643291,0.1597450649808668,0.1597450649808668
vizwiz-vqa,m3,Full,1600,True,46,Temperature Scaling (TS),15.091343896246222,15.09134389624622,0.7927864583333334,0.2064776874860114,0.1509134389624622,0.1509134389624622
vizwiz-vqa,m3,Full,1600,True,46,Platt Scaling (1D),5.8022997906429685,6.639696778734006,0.7927864583333334,0.1828255907879808,0.0580229979064296,0.06639696778734
vizwiz-vqa,m3,Full,1600,True,46,Trajectory Platt (5D),6.572473927168174,6.383531073806806,0.7938802083333334,0.1827517668189857,0.0657247392716817,0.063835310738068
vizwiz-vqa,m3,Full,1600,True,46,VCPS-5D (Our Method),5.78650738462766,6.370924689045275,0.793203125,0.1827998453979278,0.0578650738462765,0.0637092468904527
vqav2,m3,50,50,False,42,Naive Confidence (NC),7.225947408005598,8.638952853158113,0.7721518987341771,0.1387228328252678,0.0722594740800559,0.0863895285315811
vqav2,m3,50,50,False,42,Temperature Scaling (TS),7.84503192951331,8.595514368483576,0.7721518987341771,0.140074477429194,0.0784503192951331,0.0859551436848357
vqav2,m3,50,50,False,42,Platt Scaling (1D),7.607557143999073,4.553359642488944,0.7721518987341771,0.1416683872482975,0.0760755714399907,0.0455335964248894
vqav2,m3,50,50,False,42,Trajectory Platt (5D),6.605933673679831,5.114337213337416,0.7927968655816757,0.1389720448568697,0.0660593367367983,0.0511433721333741
vqav2,m3,50,50,False,42,VCPS-5D (Our Method),7.815566954635238,5.907694975624411,0.7869951778179626,0.138722640949243,0.0781556695463523,0.0590769497562441
vqav2,m3,50,50,False,43,Naive Confidence (NC),7.225947408005598,8.638952853158113,0.7721518987341771,0.1387228328252678,0.0722594740800559,0.0863895285315811
vqav2,m3,50,50,False,43,Temperature Scaling (TS),9.659918599679868,10.901808413686576,0.7721518987341771,0.1438374363247468,0.0965991859967986,0.1090180841368657
vqav2,m3,50,50,False,43,Platt Scaling (1D),7.699990282720299,6.296290035578599,0.7721518987341771,0.139922142160866,0.076999902827203,0.0629629003557859
vqav2,m3,50,50,False,43,Trajectory Platt (5D),5.368351232260466,4.04972229525447,0.7795358649789028,0.1400578514370535,0.0536835123226046,0.0404972229525447
vqav2,m3,50,50,False,43,VCPS-5D (Our Method),7.662901304909226,6.444150377541266,0.7813441832429173,0.1379379775240844,0.0766290130490922,0.0644415037754126
vqav2,m3,50,50,False,44,Naive Confidence (NC),7.225947408005598,8.638952853158113,0.7721518987341771,0.1387228328252678,0.0722594740800559,0.0863895285315811
vqav2,m3,50,50,False,44,Temperature Scaling (TS),7.743109427500171,8.631382091551108,0.7721518987341771,0.1392775001333819,0.0774310942750017,0.086313820915511
vqav2,m3,50,50,False,44,Platt Scaling (1D),6.454622505730385,7.382994023295039,0.7721518987341771,0.1356671067306412,0.0645462250573038,0.0738299402329503
vqav2,m3,50,50,False,44,Trajectory Platt (5D),9.299198854714634,10.610702734440563,0.7879746835443038,0.1462328879724098,0.0929919885471463,0.1061070273444056
vqav2,m3,50,50,False,44,VCPS-5D (Our Method),7.6365545455039,8.698282212055362,0.7857142857142857,0.1354869114943724,0.076365545455039,0.0869828221205536
vqav2,m3,50,50,False,45,Naive Confidence (NC),7.225947408005598,8.638952853158113,0.7721518987341771,0.1387228328252678,0.0722594740800559,0.0863895285315811
vqav2,m3,50,50,False,45,Temperature Scaling (TS),13.424750913657116,13.65683075592571,0.7721518987341771,0.1531511272747217,0.1342475091365711,0.1365683075592571
vqav2,m3,50,50,False,45,Platt Scaling (1D),10.678192876333476,8.817513900044045,0.7721518987341771,0.1517693659710371,0.1067819287633347,0.0881751390004404
vqav2,m3,50,50,False,45,Trajectory Platt (5D),7.049247216433287,6.436865154653787,0.7263788426763109,0.1493621659039825,0.0704924721643328,0.0643686515465378
vqav2,m3,50,50,False,45,VCPS-5D (Our Method),9.581088116516502,8.534794319198516,0.7963004822182037,0.1412864490260417,0.095810881165165,0.0853479431919851
vqav2,m3,50,50,False,46,Naive Confidence (NC),7.225947408005598,8.638952853158113,0.7721518987341771,0.1387228328252678,0.0722594740800559,0.0863895285315811
vqav2,m3,50,50,False,46,Temperature Scaling (TS),8.852292554754737,10.837062447412654,0.7721518987341771,0.1410668282286106,0.0885229255475473,0.1083706244741265
vqav2,m3,50,50,False,46,Platt Scaling (1D),7.079558726215768,7.475613379692916,0.7721518987341771,0.1362887643891167,0.0707955872621576,0.0747561337969291
vqav2,m3,50,50,False,46,Trajectory Platt (5D),7.394489198923113,9.484142169356344,0.7327079566003618,0.1475806070651623,0.0739448919892311,0.0948414216935634
vqav2,m3,50,50,False,46,VCPS-5D (Our Method),7.992522057696993,10.345632212512474,0.7775768535262206,0.1381367374581577,0.0799252205769699,0.1034563221251247
vqav2,m3,100,100,False,42,Naive Confidence (NC),7.225947408005598,8.638952853158113,0.7721518987341771,0.1387228328252678,0.0722594740800559,0.0863895285315811
vqav2,m3,100,100,False,42,Temperature Scaling (TS),7.033683432930367,8.568968887742347,0.7721518987341771,0.1386487606632771,0.0703368343293036,0.0856896888774234
vqav2,m3,100,100,False,42,Platt Scaling (1D),6.062883618857047,7.376406207306962,0.7721518987341771,0.1355605557926,0.0606288361885704,0.0737640620730696
vqav2,m3,100,100,False,42,Trajectory Platt (5D),7.752456732094287,7.524809271097182,0.7912145871006631,0.1385661886124087,0.0775245673209428,0.0752480927109718
vqav2,m3,100,100,False,42,VCPS-5D (Our Method),6.37043784973246,6.710615882161103,0.7828887884267631,0.1346641900796968,0.0637043784973246,0.067106158821611
vqav2,m3,100,100,False,43,Naive Confidence (NC),7.225947408005598,8.638952853158113,0.7721518987341771,0.1387228328252678,0.0722594740800559,0.0863895285315811
vqav2,m3,100,100,False,43,Temperature Scaling (TS),8.595314232348661,9.414279170204283,0.7721518987341771,0.1417294919786233,0.0859531423234866,0.0941427917020428
vqav2,m3,100,100,False,43,Platt Scaling (1D),7.546217333824018,6.363821514189208,0.7721518987341771,0.1380687605775809,0.0754621733382401,0.063638215141892
vqav2,m3,100,100,False,43,Trajectory Platt (5D),5.672978825867178,4.86670459061861,0.774864376130199,0.139540303579046,0.0567297882586717,0.0486670459061861
vqav2,m3,100,100,False,43,VCPS-5D (Our Method),7.448010412649621,5.253079549504495,0.7854505726341169,0.1362482501592799,0.0744801041264962,0.0525307954950449
vqav2,m3,100,100,False,44,Naive Confidence (NC),7.225947408005598,8.638952853158113,0.7721518987341771,0.1387228328252678,0.0722594740800559,0.0863895285315811
vqav2,m3,100,100,False,44,Temperature Scaling (TS),10.564606251623964,11.346009900812591,0.7721518987341771,0.145549379881965,0.1056460625162396,0.1134600990081259
vqav2,m3,100,100,False,44,Platt Scaling (1D),7.884890783060309,7.082996928447718,0.7721518987341771,0.1412837103919646,0.0788489078306031,0.0708299692844771
vqav2,m3,100,100,False,44,Trajectory Platt (5D),5.6013341173529625,5.1533007696270925,0.7993143459915611,0.1334365075701611,0.0560133411735296,0.0515330076962709
vqav2,m3,100,100,False,44,VCPS-5D (Our Method),8.229328776935093,5.883294868824497,0.7741862567811935,0.1389965687100122,0.0822932877693509,0.0588329486882449
vqav2,m3,100,100,False,45,Naive Confidence (NC),7.225947408005598,8.638952853158113,0.7721518987341771,0.1387228328252678,0.0722594740800559,0.0863895285315811
vqav2,m3,100,100,False,45,Temperature Scaling (TS),12.35581966682154,12.229271709672984,0.7721518987341771,0.1498359708616159,0.1235581966682154,0.1222927170967298
vqav2,m3,100,100,False,45,Platt Scaling (1D),10.20740766241208,8.128630166531654,0.7721518987341771,0.1518664000419154,0.1020740766241207,0.0812863016653165
vqav2,m3,100,100,False,45,Trajectory Platt (5D),9.328020974993706,6.307542860507964,0.7179023508137432,0.1513353150821266,0.093280209749937,0.0630754286050796
vqav2,m3,100,100,False,45,VCPS-5D (Our Method),9.45518797980252,8.959975093141995,0.7918927064496685,0.1449180180482669,0.0945518797980251,0.0895997509314199
vqav2,m3,100,100,False,46,Naive Confidence (NC),7.225947408005598,8.638952853158113,0.7721518987341771,0.1387228328252678,0.0722594740800559,0.0863895285315811
vqav2,m3,100,100,False,46,Temperature Scaling (TS),6.961571713942989,8.754500610776377,0.7721518987341771,0.13866802177511,0.0696157171394298,0.0875450061077637
vqav2,m3,100,100,False,46,Platt Scaling (1D),7.114932139889708,7.195113606848332,0.7721518987341771,0.1371763027345783,0.071149321398897,0.0719511360684833
vqav2,m3,100,100,False,46,Trajectory Platt (5D),5.684034518897534,5.890860043466094,0.7924578059071729,0.1377951987114162,0.0568403451889753,0.0589086004346609
vqav2,m3,100,100,False,46,VCPS-5D (Our Method),5.837245331855955,5.855600552273985,0.7791214587100662,0.1364246337227027,0.0583724533185595,0.0585560055227398
vqav2,m3,200,200,False,42,Naive Confidence (NC),7.225947408005598,8.638952853158113,0.7721518987341771,0.1387228328252678,0.0722594740800559,0.0863895285315811
vqav2,m3,200,200,False,42,Temperature Scaling (TS),7.486447244812027,8.642789085798196,0.7721518987341771,0.1393287715878724,0.0748644724481202,0.0864278908579819
vqav2,m3,200,200,False,42,Platt Scaling (1D),6.228404343212587,5.8270153498970165,0.7721518987341771,0.1367745461879393,0.0622840434321258,0.0582701534989701
vqav2,m3,200,200,False,42,Trajectory Platt (5D),7.406096912920473,7.107938647270204,0.7869951778179626,0.1406864922083751,0.0740609691292047,0.071079386472702
vqav2,m3,200,200,False,42,VCPS-5D (Our Method),7.0841715990867,4.658363967922419,0.7888034960819771,0.1344500817382268,0.070841715990867,0.0465836396792241
vqav2,m3,200,200,False,43,Naive Confidence (NC),7.225947408005598,8.638952853158113,0.7721518987341771,0.1387228328252678,0.0722594740800559,0.0863895285315811
vqav2,m3,200,200,False,43,Temperature Scaling (TS),8.743417545033855,9.403219555997753,0.7721518987341771,0.1420455097256311,0.0874341754503385,0.0940321955599775
vqav2,m3,200,200,False,43,Platt Scaling (1D),7.356597586192537,6.304922865376756,0.7721518987341771,0.1383853734182432,0.0735659758619253,0.0630492286537675
vqav2,m3,200,200,False,43,Trajectory Platt (5D),7.752345059067012,8.608348902314903,0.789971368294153,0.1371626309045657,0.0775234505906701,0.086083489023149
vqav2,m3,200,200,False,43,VCPS-5D (Our Method),6.897974811820435,5.494116387459775,0.7920810729355033,0.1349762090318126,0.0689797481182043,0.0549411638745977
vqav2,m3,200,200,False,44,Naive Confidence (NC),7.225947408005598,8.638952853158113,0.7721518987341771,0.1387228328252678,0.0722594740800559,0.0863895285315811
vqav2,m3,200,200,False,44,Temperature Scaling (TS),9.087168684657684,9.835724240810814,0.7721518987341771,0.1426609830184345,0.0908716868465768,0.0983572424081081
vqav2,m3,200,200,False,44,Platt Scaling (1D),7.089731459111623,4.86589548560522,0.7721518987341771,0.1391632303447705,0.0708973145911162,0.0486589548560522
vqav2,m3,200,200,False,44,Trajectory Platt (5D),6.793879717588425,5.160004682838915,0.800557564798071,0.1343092755251206,0.0679387971758842,0.0516000468283891
vqav2,m3,200,200,False,44,VCPS-5D (Our Method),7.514513821628804,4.166830665905816,0.7780289330922242,0.1376940508776271,0.075145138216288,0.0416683066590581
vqav2,m3,200,200,False,45,Naive Confidence (NC),7.225947408005598,8.638952853158113,0.7721518987341771,0.1387228328252678,0.0722594740800559,0.0863895285315811
vqav2,m3,200,200,False,45,Temperature Scaling (TS),10.803764760913182,11.064175363325129,0.7721518987341771,0.146043429271466,0.1080376476091318,0.1106417536332512
vqav2,m3,200,200,False,45,Platt Scaling (1D),8.531838090756576,7.431536286114639,0.7721518987341771,0.1446702890785727,0.0853183809075657,0.0743153628611463
vqav2,m3,200,200,False,45,Trajectory Platt (5D),8.297914849594237,6.604542123153805,0.7526748040988547,0.1459247800750925,0.0829791484959423,0.066045421231538
vqav2,m3,200,200,False,45,VCPS-5D (Our Method),6.6962299918501405,6.131158296956214,0.793701024713683,0.138880063237042,0.0669622999185014,0.0613115829695621
vqav2,m3,200,200,False,46,Naive Confidence (NC),7.225947408005598,8.638952853158113,0.7721518987341771,0.1387228328252678,0.0722594740800559,0.0863895285315811
vqav2,m3,200,200,False,46,Temperature Scaling (TS),7.443903304062509,9.024185749642584,0.7721518987341771,0.1392510305426622,0.074439033040625,0.0902418574964258
vqav2,m3,200,200,False,46,Platt Scaling (1D),6.485585751076814,5.062845952183764,0.7721518987341771,0.1370740090975005,0.0648558575107681,0.0506284595218376
vqav2,m3,200,200,False,46,Trajectory Platt (5D),6.415399193763735,5.788723707199097,0.7950949367088607,0.1373712413779112,0.0641539919376373,0.0578872370719909
vqav2,m3,200,200,False,46,VCPS-5D (Our Method),6.643529014897105,5.712806883122664,0.7911015672091621,0.1344381488949054,0.066435290148971,0.0571280688312266
vqav2,m3,500,500,False,42,Naive Confidence (NC),7.225947408005598,8.638952853158113,0.7721518987341771,0.1387228328252678,0.0722594740800559,0.0863895285315811
vqav2,m3,500,500,False,42,Temperature Scaling (TS),8.314840507938598,8.974701525011316,0.7721518987341771,0.1411804799567769,0.0831484050793859,0.0897470152501131
vqav2,m3,500,500,False,42,Platt Scaling (1D),6.7860349878278825,4.996553308417022,0.7721518987341771,0.1385485891103451,0.0678603498782788,0.0499655330841702
vqav2,m3,500,500,False,42,Trajectory Platt (5D),7.864699278026818,7.9227639026939825,0.7810051235684148,0.1410704754053002,0.0786469927802681,0.0792276390269398
vqav2,m3,500,500,False,42,VCPS-5D (Our Method),7.3341843436243535,4.062306145326762,0.7922317661241711,0.1349068499365616,0.0733418434362435,0.0406230614532676
vqav2,m3,500,500,False,43,Naive Confidence (NC),7.225947408005598,8.638952853158113,0.7721518987341771,0.1387228328252678,0.0722594740800559,0.0863895285315811
vqav2,m3,500,500,False,43,Temperature Scaling (TS),8.764754103063131,9.454545523038965,0.7721518987341771,0.1420825319154945,0.0876475410306313,0.0945454552303896
vqav2,m3,500,500,False,43,Platt Scaling (1D),7.0834260346463465,4.792023820869036,0.7721518987341771,0.1386462016047065,0.0708342603464634,0.0479202382086903
vqav2,m3,500,500,False,43,Trajectory Platt (5D),6.535868696868421,5.732010610401628,0.7926838456901747,0.1359165978129433,0.0653586869686842,0.0573201061040162
vqav2,m3,500,500,False,43,VCPS-5D (Our Method),8.460900453019702,5.031682799537411,0.7944168173598553,0.1345913991634009,0.084609004530197,0.0503168279953741
vqav2,m3,500,500,False,44,Naive Confidence (NC),7.225947408005598,8.638952853158113,0.7721518987341771,0.1387228328252678,0.0722594740800559,0.0863895285315811
vqav2,m3,500,500,False,44,Temperature Scaling (TS),7.513320836280086,8.38102836261143,0.7721518987341771,0.13938131654324,0.0751332083628008,0.0838102836261143
vqav2,m3,500,500,False,44,Platt Scaling (1D),6.031573845801114,6.304410819509906,0.7721518987341771,0.136273996116897,0.0603157384580111,0.063044108195099
vqav2,m3,500,500,False,44,Trajectory Platt (5D),5.086107335984704,4.413743481040003,0.7961874623267029,0.1330828379394989,0.050861073359847,0.0441374348104
vqav2,m3,500,500,False,44,VCPS-5D (Our Method),7.136317845454696,6.440087890934812,0.7778782399035562,0.1355949104131031,0.0713631784545469,0.0644008789093481
vqav2,m3,500,500,False,45,Naive Confidence (NC),7.225947408005598,8.638952853158113,0.7721518987341771,0.1387228328252678,0.0722594740800559,0.0863895285315811
vqav2,m3,500,500,False,45,Temperature Scaling (TS),8.027598039675448,9.027613783798143,0.7721518987341771,0.1404931058995224,0.0802759803967544,0.0902761378379814
vqav2,m3,500,500,False,45,Platt Scaling (1D),6.548882842718793,5.039798073709079,0.7721518987341771,0.1376102771495648,0.0654888284271879,0.0503979807370907
vqav2,m3,500,500,False,45,Trajectory Platt (5D),7.126497179269792,6.786067523062234,0.7752411091018685,0.143712569559897,0.0712649717926979,0.0678606752306223
vqav2,m3,500,500,False,45,VCPS-5D (Our Method),7.251318600056347,4.028251334564778,0.7908378541289934,0.1347170664765992,0.0725131860005634,0.0402825133456477
vqav2,m3,500,500,False,46,Naive Confidence (NC),7.225947408005598,8.638952853158113,0.7721518987341771,0.1387228328252678,0.0722594740800559,0.0863895285315811
vqav2,m3,500,500,False,46,Temperature Scaling (TS),8.656744059250224,9.577947230578216,0.7721518987341771,0.1418583193649421,0.0865674405925022,0.0957794723057821
vqav2,m3,500,500,False,46,Platt Scaling (1D),7.048811818151825,5.671924131535859,0.7721518987341771,0.1393579908707622,0.0704881181815182,0.0567192413153585
vqav2,m3,500,500,False,46,Trajectory Platt (5D),5.322025701403618,6.148642495274545,0.7908378541289933,0.1366622764282316,0.0532202570140361,0.0614864249527454
vqav2,m3,500,500,False,46,VCPS-5D (Our Method),7.751339099814544,3.128584181631364,0.7864300783604581,0.1368108155295423,0.0775133909981454,0.0312858418163136
vqav2,m3,1000,1000,False,42,Naive Confidence (NC),7.225947408005598,8.638952853158113,0.7721518987341771,0.1387228328252678,0.0722594740800559,0.0863895285315811
vqav2,m3,1000,1000,False,42,Temperature Scaling (TS),8.609424888178093,9.428646994432963,0.7721518987341771,0.1417588050265026,0.0860942488817809,0.0942864699443296
vqav2,m3,1000,1000,False,42,Platt Scaling (1D),7.031219567708918,7.157611353826569,0.7721518987341771,0.1393812451949218,0.0703121956770891,0.0715761135382656
vqav2,m3,1000,1000,False,42,Trajectory Platt (5D),7.634380761533976,6.353154260665178,0.7821729957805906,0.1403212761121258,0.0763438076153397,0.0635315426066517
vqav2,m3,1000,1000,False,42,VCPS-5D (Our Method),6.564070584050609,3.6048150770320495,0.790197408077155,0.1361050682391638,0.065640705840506,0.0360481507703205
vqav2,m3,1000,1000,False,43,Naive Confidence (NC),7.225947408005598,8.638952853158113,0.7721518987341771,0.1387228328252678,0.0722594740800559,0.0863895285315811
vqav2,m3,1000,1000,False,43,Temperature Scaling (TS),8.200290581170874,9.141333320453697,0.7721518987341771,0.1409559530078864,0.0820029058117087,0.0914133332045369
vqav2,m3,1000,1000,False,43,Platt Scaling (1D),6.6793540398710665,5.163472085193535,0.7721518987341771,0.1380997465159848,0.0667935403987106,0.0516347208519353
vqav2,m3,1000,1000,False,43,Trajectory Platt (5D),7.391431294381618,6.482171334326267,0.7906118143459915,0.1381664341771246,0.0739143129438161,0.0648217133432626
vqav2,m3,1000,1000,False,43,VCPS-5D (Our Method),7.393270357563051,4.584628573953624,0.7905364677516575,0.1348882474051527,0.0739327035756305,0.0458462857395362
vqav2,m3,1000,1000,False,44,Naive Confidence (NC),7.225947408005598,8.638952853158113,0.7721518987341771,0.1387228328252678,0.0722594740800559,0.0863895285315811
vqav2,m3,1000,1000,False,44,Temperature Scaling (TS),8.608695086115919,9.427904229323673,0.7721518987341771,0.1417572848918725,0.0860869508611592,0.0942790422932367
vqav2,m3,1000,1000,False,44,Platt Scaling (1D),6.992505487512711,5.411015887181103,0.7721518987341771,0.1391433224742106,0.0699250548751271,0.054110158871811
vqav2,m3,1000,1000,False,44,Trajectory Platt (5D),6.707326229661706,7.089745383709671,0.7939647377938516,0.1365344556311025,0.067073262296617,0.0708974538370967
vqav2,m3,1000,1000,False,44,VCPS-5D (Our Method),8.129436422373637,3.744409217183963,0.7910638939119952,0.1356772650008797,0.0812943642237363,0.0374440921718396
vqav2,m3,1000,1000,False,45,Naive Confidence (NC),7.225947408005598,8.638952853158113,0.7721518987341771,0.1387228328252678,0.0722594740800559,0.0863895285315811
vqav2,m3,1000,1000,False,45,Temperature Scaling (TS),8.374794944343366,9.059291709010148,0.7721518987341771,0.1412925498740243,0.0837479494434336,0.0905929170901014
vqav2,m3,1000,1000,False,45,Platt Scaling (1D),6.83676556470372,5.365702155067122,0.7721518987341771,0.1388197421424564,0.0683676556470372,0.0536570215506712
vqav2,m3,1000,1000,False,45,Trajectory Platt (5D),6.287798631936312,6.339450392872094,0.7855635925256179,0.1391778758284894,0.0628779863193631,0.0633945039287209
vqav2,m3,1000,1000,False,45,VCPS-5D (Our Method),7.788425164921541,3.8556878807877455,0.789971368294153,0.1356414279127211,0.0778842516492154,0.0385568788078774
vqav2,m3,1000,1000,False,46,Naive Confidence (NC),7.225947408005598,8.638952853158113,0.7721518987341771,0.1387228328252678,0.0722594740800559,0.0863895285315811
vqav2,m3,1000,1000,False,46,Temperature Scaling (TS),8.810589324483656,9.52592179032392,0.7721518987341771,0.1421613093449067,0.0881058932448365,0.0952592179032392
vqav2,m3,1000,1000,False,46,Platt Scaling (1D),7.125440751465272,5.652218812487552,0.7721518987341771,0.1395796656574413,0.0712544075146527,0.0565221881248755
vqav2,m3,1000,1000,False,46,Trajectory Platt (5D),6.4718520641326895,7.145986720919607,0.7833031946955997,0.1387799550774353,0.0647185206413269,0.071459867209196
vqav2,m3,1000,1000,False,46,VCPS-5D (Our Method),8.264767928568972,3.634519429968494,0.7908378541289933,0.1361861124816774,0.0826476792856897,0.0363451942996849
vqav2,m3,1500,1500,False,42,Naive Confidence (NC),7.225947408005598,8.638952853158113,0.7721518987341771,0.1387228328252678,0.0722594740800559,0.0863895285315811
vqav2,m3,1500,1500,False,42,Temperature Scaling (TS),8.532551192681789,9.3170944280787,0.7721518987341771,0.1416011068943393,0.0853255119268178,0.093170944280787
vqav2,m3,1500,1500,False,42,Platt Scaling (1D),6.939079010180809,5.530813770159384,0.7721518987341771,0.1390475132588393,0.069390790101808,0.0553081377015938
vqav2,m3,1500,1500,False,42,Trajectory Platt (5D),6.501617584377528,6.379636701196434,0.7884644364074743,0.1379921734974739,0.0650161758437752,0.0637963670119643
vqav2,m3,1500,1500,False,42,VCPS-5D (Our Method),8.62378636691078,4.493017278055432,0.7906494876431586,0.1356786611159041,0.0862378636691078,0.0449301727805543
vqav2,m3,1500,1500,False,43,Naive Confidence (NC),7.225947408005598,8.638952853158113,0.7721518987341771,0.1387228328252678,0.0722594740800559,0.0863895285315811
vqav2,m3,1500,1500,False,43,Temperature Scaling (TS),8.402034994558631,9.08615638441042,0.7721518987341771,0.1413444047121158,0.0840203499455863,0.0908615638441041
vqav2,m3,1500,1500,False,43,Platt Scaling (1D),6.805223833512493,5.424509217706689,0.7721518987341771,0.1386168001967187,0.0680522383351249,0.0542450921770668
vqav2,m3,1500,1500,False,43,Trajectory Platt (5D),7.585536893457174,6.167786974459886,0.7910638939119952,0.1372217146103511,0.0758553689345717,0.0616778697445988
vqav2,m3,1500,1500,False,43,VCPS-5D (Our Method),7.764726471718403,3.629998534010311,0.7897453285111513,0.1354466163297543,0.077647264717184,0.0362999853401031
vqav2,m3,1500,1500,False,44,Naive Confidence (NC),7.225947408005598,8.638952853158113,0.7721518987341771,0.1387228328252678,0.0722594740800559,0.0863895285315811
vqav2,m3,1500,1500,False,44,Temperature Scaling (TS),8.706084896883164,9.663496462528537,0.7721518987341771,0.1419640964806195,0.0870608489688316,0.0966349646252853
vqav2,m3,1500,1500,False,44,Platt Scaling (1D),7.073443742015106,7.20052542377297,0.7721518987341771,0.1394740019061061,0.070734437420151,0.0720052542377297
vqav2,m3,1500,1500,False,44,Trajectory Platt (5D),5.83906863257289,7.108416970819237,0.7882383966244725,0.1379589173935858,0.0583906863257289,0.0710841697081923
vqav2,m3,1500,1500,False,44,VCPS-5D (Our Method),8.177526552175687,4.315565172779087,0.7918927064496685,0.1357537159615285,0.0817752655217568,0.0431556517277908
vqav2,m3,1500,1500,False,45,Naive Confidence (NC),7.225947408005598,8.638952853158113,0.7721518987341771,0.1387228328252678,0.0722594740800559,0.0863895285315811
vqav2,m3,1500,1500,False,45,Temperature Scaling (TS),8.657560353563957,9.578804705634052,0.7721518987341771,0.1418600525728676,0.0865756035356395,0.0957880470563405
vqav2,m3,1500,1500,False,45,Platt Scaling (1D),7.026031571155353,5.516040980138024,0.7721518987341771,0.1393003169265391,0.0702603157115535,0.0551604098013802
vqav2,m3,1500,1500,False,45,Trajectory Platt (5D),6.426710929721592,6.5584970451891405,0.7848854731766124,0.1388268557202951,0.0642671092972159,0.0655849704518914
vqav2,m3,1500,1500,False,45,VCPS-5D (Our Method),8.169021569164844,3.5003369594253715,0.7910262206148282,0.1358180689957155,0.0816902156916484,0.0350033695942537
vqav2,m3,1500,1500,False,46,Naive Confidence (NC),7.225947408005598,8.638952853158113,0.7721518987341771,0.1387228328252678,0.0722594740800559,0.0863895285315811
vqav2,m3,1500,1500,False,46,Temperature Scaling (TS),8.4960927247771,9.280181193056496,0.7721518987341771,0.1415280132944002,0.0849609272477709,0.0928018119305649
vqav2,m3,1500,1500,False,46,Platt Scaling (1D),6.882201315814516,5.0708662790034005,0.7721518987341771,0.1388177844957904,0.0688220131581451,0.050708662790034
vqav2,m3,1500,1500,False,46,Trajectory Platt (5D),7.033810220658777,6.97476311773062,0.7873719107896323,0.1384147840207965,0.0703381022065877,0.0697476311773062
vqav2,m3,1500,1500,False,46,VCPS-5D (Our Method),8.55687645685225,4.392789686022296,0.7908001808318263,0.1353536236074859,0.0855687645685225,0.0439278968602229
vqav2,m3,Full,1600,True,42,Naive Confidence (NC),7.225947408005598,8.638952853158113,0.7721518987341771,0.1387228328252678,0.0722594740800559,0.0863895285315811
vqav2,m3,Full,1600,True,42,Temperature Scaling (TS),8.581816314906144,9.40052239038634,0.7721518987341771,0.1417016066495697,0.0858181631490614,0.0940052239038634
vqav2,m3,Full,1600,True,42,Platt Scaling (1D),6.967957344536302,5.52394719494477,0.7721518987341771,0.1391084361878556,0.069679573445363,0.0552394719494477
vqav2,m3,Full,1600,True,42,Trajectory Platt (5D),6.504961121827363,6.855835657566786,0.7882383966244724,0.1380004097540208,0.0650496112182736,0.0685583565756678
vqav2,m3,Full,1600,True,42,VCPS-5D (Our Method),8.641414333260581,4.14687730228738,0.7907248342374924,0.1356951604399699,0.0864141433326058,0.0414687730228738
vqav2,m3,Full,1600,True,43,Naive Confidence (NC),7.225947408005598,8.638952853158113,0.7721518987341771,0.1387228328252678,0.0722594740800559,0.0863895285315811
vqav2,m3,Full,1600,True,43,Temperature Scaling (TS),8.581816314906144,9.40052239038634,0.7721518987341771,0.1417016066495697,0.0858181631490614,0.0940052239038634
vqav2,m3,Full,1600,True,43,Platt Scaling (1D),6.967957344536302,5.52394719494477,0.7721518987341771,0.1391084361878556,0.069679573445363,0.0552394719494477
vqav2,m3,Full,1600,True,43,Trajectory Platt (5D),6.504961121827363,6.855835657566786,0.7882383966244724,0.1380004097540208,0.0650496112182736,0.0685583565756678
vqav2,m3,Full,1600,True,43,VCPS-5D (Our Method),8.641414333260581,4.14687730228738,0.7907248342374924,0.1356951604399699,0.0864141433326058,0.0414687730228738
vqav2,m3,Full,1600,True,44,Naive Confidence (NC),7.225947408005598,8.638952853158113,0.7721518987341771,0.1387228328252678,0.0722594740800559,0.0863895285315811
vqav2,m3,Full,1600,True,44,Temperature Scaling (TS),8.581816314906144,9.40052239038634,0.7721518987341771,0.1417016066495697,0.0858181631490614,0.0940052239038634
vqav2,m3,Full,1600,True,44,Platt Scaling (1D),6.967957344536302,5.52394719494477,0.7721518987341771,0.1391084361878556,0.069679573445363,0.0552394719494477
vqav2,m3,Full,1600,True,44,Trajectory Platt (5D),6.504961121827363,6.855835657566786,0.7882383966244724,0.1380004097540208,0.0650496112182736,0.0685583565756678
vqav2,m3,Full,1600,True,44,VCPS-5D (Our Method),8.641414333260581,4.14687730228738,0.7907248342374924,0.1356951604399699,0.0864141433326058,0.0414687730228738
vqav2,m3,Full,1600,True,45,Naive Confidence (NC),7.225947408005598,8.638952853158113,0.7721518987341771,0.1387228328252678,0.0722594740800559,0.0863895285315811
vqav2,m3,Full,1600,True,45,Temperature Scaling (TS),8.581816314906144,9.40052239038634,0.7721518987341771,0.1417016066495697,0.0858181631490614,0.0940052239038634
vqav2,m3,Full,1600,True,45,Platt Scaling (1D),6.967957344536302,5.52394719494477,0.7721518987341771,0.1391084361878556,0.069679573445363,0.0552394719494477
vqav2,m3,Full,1600,True,45,Trajectory Platt (5D),6.504961121827363,6.855835657566786,0.7882383966244724,0.1380004097540208,0.0650496112182736,0.0685583565756678
vqav2,m3,Full,1600,True,45,VCPS-5D (Our Method),8.641414333260581,4.14687730228738,0.7907248342374924,0.1356951604399699,0.0864141433326058,0.0414687730228738
vqav2,m3,Full,1600,True,46,Naive Confidence (NC),7.225947408005598,8.638952853158113,0.7721518987341771,0.1387228328252678,0.0722594740800559,0.0863895285315811
vqav2,m3,Full,1600,True,46,Temperature Scaling (TS),8.581816314906144,9.40052239038634,0.7721518987341771,0.1417016066495697,0.0858181631490614,0.0940052239038634
vqav2,m3,Full,1600,True,46,Platt Scaling (1D),6.967957344536302,5.52394719494477,0.7721518987341771,0.1391084361878556,0.069679573445363,0.0552394719494477
vqav2,m3,Full,1600,True,46,Trajectory Platt (5D),6.504961121827363,6.855835657566786,0.7882383966244724,0.1380004097540208,0.0650496112182736,0.0685583565756678
vqav2,m3,Full,1600,True,46,VCPS-5D (Our Method),8.641414333260581,4.14687730228738,0.7907248342374924,0.1356951604399699,0.0864141433326058,0.0414687730228738
ai2d,m3,50,50,False,42,Adaptive TS (ATS),13.9664407351228,9.276363544995846,0.5447967980295567,0.25095594204430866,0.139664407351228,0.09276363544995846
ai2d,m3,50,50,False,43,Adaptive TS (ATS),12.2156072807661,8.627763497230221,0.6194966133004927,0.24777032573187632,0.12215607280766101,0.08627763497230222
ai2d,m3,50,50,False,44,Adaptive TS (ATS),13.191142291000931,8.676205025950903,0.6259877873563219,0.24757849023717685,0.13191142291000932,0.08676205025950903
ai2d,m3,50,50,False,45,Adaptive TS (ATS),12.145097578007624,8.566516944446409,0.6191502463054187,0.24757379772938534,0.12145097578007624,0.08566516944446409
ai2d,m3,50,50,False,46,Adaptive TS (ATS),13.208937803532958,8.689761642869168,0.6243970648604269,0.2476051175504487,0.13208937803532958,0.08689761642869169
ai2d,m3,100,100,False,42,Adaptive TS (ATS),14.022438502972825,8.59923184976337,0.6147629310344828,0.24766871918201208,0.14022438502972825,0.0859923184976337
ai2d,m3,100,100,False,43,Adaptive TS (ATS),13.13268750600588,8.639326358269468,0.6232938218390804,0.2475397864123548,0.1313268750600588,0.08639326358269468
ai2d,m3,100,100,False,44,Adaptive TS (ATS),13.160869594536614,8.664889114046522,0.6249615147783252,0.24756484224723035,0.13160869594536614,0.08664889114046523
ai2d,m3,100,100,False,45,Adaptive TS (ATS),12.146747559246144,8.5561464038368,0.6214465311986863,0.24758733084889095,0.12146747559246143,0.08556146403836801
ai2d,m3,100,100,False,46,Adaptive TS (ATS),12.689563406139875,8.65419285964634,0.6210103653530378,0.24759005932906952,0.12689563406139875,0.0865419285964634
ai2d,m3,200,200,False,42,Adaptive TS (ATS),12.148983922124748,8.554263129550698,0.6150708128078818,0.24758961439616045,0.12148983922124748,0.08554263129550699
ai2d,m3,200,200,False,43,Adaptive TS (ATS),13.185182024990658,8.677547908755056,0.6247306034482758,0.24756542607963133,0.13185182024990658,0.08677547908755055
ai2d,m3,200,200,False,44,Adaptive TS (ATS),12.662447227647029,8.623119883619943,0.622819170771757,0.24756417811669718,0.12662447227647028,0.08623119883619942
ai2d,m3,200,200,False,45,Adaptive TS (ATS),12.198819694636832,8.627694747875786,0.6231398809523809,0.24756702087273078,0.12198819694636832,0.08627694747875786
ai2d,m3,200,200,False,46,Adaptive TS (ATS),13.183291431096384,8.676793131671218,0.6247562602627258,0.24756288402342602,0.13183291431096383,0.08676793131671218
ai2d,m3,500,500,False,42,Adaptive TS (ATS),12.200914055102864,8.608653616319396,0.6227037151067323,0.24757957960609794,0.12200914055102863,0.08608653616319396
ai2d,m3,500,500,False,43,Adaptive TS (ATS),12.203685927072822,8.646012548386613,0.6232681650246306,0.24756913559612367,0.12203685927072823,0.08646012548386613
ai2d,m3,500,500,False,44,Adaptive TS (ATS),13.146790849061155,8.63933470247425,0.6245766625615763,0.2475659379167292,0.13146790849061155,0.0863933470247425
ai2d,m3,500,500,False,45,Adaptive TS (ATS),13.140597087105373,8.632772296420885,0.624384236453202,0.24755836573734993,0.13140597087105374,0.08632772296420886
ai2d,m3,500,500,False,46,Adaptive TS (ATS),12.668030946364992,8.650923393069702,0.6231013957307061,0.24755411458619747,0.12668030946364991,0.08650923393069702
ai2d,m3,1000,1000,False,42,Adaptive TS (ATS),12.20350756576325,8.633973481641407,0.6231398809523809,0.2475745629869551,0.1220350756576325,0.08633973481641408
ai2d,m3,1000,1000,False,43,Adaptive TS (ATS),13.144226401345845,8.637508605376693,0.6247562602627259,0.2475614116732875,0.13144226401345846,0.08637508605376693
ai2d,m3,1000,1000,False,44,Adaptive TS (ATS),13.149016295544271,8.64516502067732,0.6249102011494253,0.24756283476149205,0.13149016295544272,0.0864516502067732
ai2d,m3,1000,1000,False,45,Adaptive TS (ATS),13.145373601293292,8.64088204696766,0.6248845443349754,0.24755938885940082,0.13145373601293292,0.08640882046967659
ai2d,m3,1000,1000,False,46,Adaptive TS (ATS),12.666325648036095,8.642763495123887,0.6229731116584565,0.24755629569522333,0.12666325648036095,0.08642763495123887
ai2d,m3,1500,1500,False,42,Adaptive TS (ATS),12.2018031754675,8.639410718296132,0.6233451354679803,0.24756844324598404,0.122018031754675,0.08639410718296131
ai2d,m3,1500,1500,False,43,Adaptive TS (ATS),12.66485469344171,8.630782510528007,0.6233451354679802,0.24756276679141934,0.1266485469344171,0.08630782510528007
ai2d,m3,1500,1500,False,44,Adaptive TS (ATS),13.144970517634306,8.637262852665204,0.6246279761904763,0.2475640446060667,0.13144970517634305,0.08637262852665203
ai2d,m3,1500,1500,False,45,Adaptive TS (ATS),13.147115426914288,8.641663418439169,0.6247562602627258,0.24756300425010191,0.13147115426914288,0.08641663418439169
ai2d,m3,1500,1500,False,46,Adaptive TS (ATS),13.148039968078203,8.644715538238165,0.6248332307060755,0.24756073623463568,0.13148039968078204,0.08644715538238165
ai2d,m3,Full,1600,True,42,Adaptive TS (ATS),13.146802224206247,8.640555693975747,0.6246279761904763,0.24756389453635652,0.13146802224206247,0.08640555693975747
ai2d,m3,Full,1600,True,43,Adaptive TS (ATS),13.146802224206247,8.640555693975747,0.6246279761904763,0.24756389453635652,0.13146802224206247,0.08640555693975747
ai2d,m3,Full,1600,True,44,Adaptive TS (ATS),13.146802224206247,8.640555693975747,0.6246279761904763,0.24756389453635652,0.13146802224206247,0.08640555693975747
ai2d,m3,Full,1600,True,45,Adaptive TS (ATS),13.146802224206247,8.640555693975747,0.6246279761904763,0.24756389453635652,0.13146802224206247,0.08640555693975747
ai2d,m3,Full,1600,True,46,Adaptive TS (ATS),13.146802224206247,8.640555693975747,0.6246279761904763,0.24756389453635652,0.13146802224206247,0.08640555693975747
chartqa,m3,50,50,False,42,Adaptive TS (ATS),44.44977046887014,44.449770468870135,0.8071595994033667,0.27807667514646967,0.4444977046887014,0.44449770468870137
chartqa,m3,50,50,False,43,Adaptive TS (ATS),44.45367020757646,44.45367020757645,0.8070175438596491,0.27810931146633083,0.44453670207576457,0.4445367020757645
chartqa,m3,50,50,False,44,Adaptive TS (ATS),44.44988962724461,44.4498896272446,0.8070885716315079,0.278077845649578,0.4444988962724461,0.444498896272446
chartqa,m3,50,50,False,45,Adaptive TS (ATS),44.44980954146786,44.44980954146785,0.8071595994033667,0.2780770161200133,0.44449809541467855,0.4444980954146785
chartqa,m3,50,50,False,46,Adaptive TS (ATS),44.45027340298571,44.450273402985694,0.8071595994033667,0.2780817378716132,0.44450273402985707,0.44450273402985696
chartqa,m3,100,100,False,42,Adaptive TS (ATS),44.4497695058594,44.44976950585939,0.8071595994033667,0.2780769580960346,0.444497695058594,0.44449769505859393
chartqa,m3,100,100,False,43,Adaptive TS (ATS),44.45318817944055,44.453188179440545,0.8069465160877903,0.27811102645708935,0.4445318817944055,0.44453188179440545
chartqa,m3,100,100,False,44,Adaptive TS (ATS),44.46744914985116,44.46744914985115,0.8068399744300021,0.27817136005388143,0.4446744914985116,0.4446744914985115
chartqa,m3,100,100,False,45,Adaptive TS (ATS),44.449862572038164,44.449862572038164,0.8071595994033667,0.2780773464539859,0.4444986257203816,0.4444986257203816
chartqa,m3,100,100,False,46,Adaptive TS (ATS),44.449850167203806,44.449850167203806,0.8071595994033667,0.27807722513117716,0.4444985016720381,0.4444985016720381
chartqa,m3,200,200,False,42,Adaptive TS (ATS),44.44976873816977,44.44976873816977,0.8071595994033667,0.2780768667840903,0.44449768738169776,0.44449768738169776
chartqa,m3,200,200,False,43,Adaptive TS (ATS),44.45061746988077,44.45061746988077,0.8070885716315078,0.27808509398432796,0.44450617469880765,0.44450617469880765
chartqa,m3,200,200,False,44,Adaptive TS (ATS),44.46289045022588,44.46289045022587,0.8073371688330138,0.2781412772567332,0.4446289045022588,0.4446289045022587
chartqa,m3,200,200,False,45,Adaptive TS (ATS),44.449862572038164,44.449862572038164,0.8071595994033667,0.2780773464539859,0.4444986257203816,0.4444986257203816
chartqa,m3,200,200,False,46,Adaptive TS (ATS),44.449862572038164,44.449862572038164,0.8071595994033667,0.2780773464539859,0.4444986257203816,0.4444986257203816
chartqa,m3,500,500,False,42,Adaptive TS (ATS),44.44986826890476,44.44986826890475,0.8071595994033667,0.27807740654167035,0.4444986826890476,0.4444986826890475
chartqa,m3,500,500,False,43,Adaptive TS (ATS),44.4499753905191,44.44997539051909,0.8070175438596491,0.27807886271259064,0.444499753905191,0.4444997539051909
chartqa,m3,500,500,False,44,Adaptive TS (ATS),44.44985315310016,44.44985315310016,0.8071595994033667,0.27807747017999535,0.4444985315310016,0.4444985315310016
chartqa,m3,500,500,False,45,Adaptive TS (ATS),44.449862572038164,44.449862572038164,0.8071595994033667,0.2780773464539859,0.4444986257203816,0.4444986257203816
chartqa,m3,500,500,False,46,Adaptive TS (ATS),44.44986704019448,44.449867040194476,0.8071595994033667,0.2780773929448425,0.44449867040194485,0.4444986704019448
chartqa,m3,1000,1000,False,42,Adaptive TS (ATS),44.44983335265004,44.44983335265003,0.8071595994033667,0.2780770685719267,0.44449833352650037,0.4444983335265003
chartqa,m3,1000,1000,False,43,Adaptive TS (ATS),44.44980940077517,44.44980940077517,0.8071595994033667,0.2780768510299651,0.44449809400775175,0.4444980940077517
chartqa,m3,1000,1000,False,44,Adaptive TS (ATS),44.449844984447786,44.449844984447786,0.8071595994033667,0.2780771762068212,0.44449844984447784,0.4444984498444779
chartqa,m3,1000,1000,False,45,Adaptive TS (ATS),44.44983145270533,44.44983145270533,0.8071595994033667,0.2780770472156569,0.44449831452705335,0.4444983145270533
chartqa,m3,1000,1000,False,46,Adaptive TS (ATS),44.449841876368495,44.449841876368495,0.8071595994033667,0.27807714926341376,0.44449841876368495,0.44449841876368495
chartqa,m3,1500,1500,False,42,Adaptive TS (ATS),44.4498293847647,44.4498293847647,0.8071595994033667,0.27807702883014046,0.44449829384764694,0.44449829384764694
chartqa,m3,1500,1500,False,43,Adaptive TS (ATS),44.449827319985275,44.449827319985275,0.8071595994033667,0.27807701178114674,0.44449827319985274,0.44449827319985274
chartqa,m3,1500,1500,False,44,Adaptive TS (ATS),44.44982240016226,44.44982240016226,0.8071595994033667,0.2780769624373773,0.44449822400162264,0.4444982240016226
chartqa,m3,1500,1500,False,45,Adaptive TS (ATS),44.44982718940948,44.44982718940948,0.8071595994033667,0.2780770109521415,0.4444982718940948,0.4444982718940948
chartqa,m3,1500,1500,False,46,Adaptive TS (ATS),44.449832142030246,44.449832142030246,0.8071595994033667,0.2780770562546585,0.44449832142030243,0.4444983214203025
chartqa,m3,Full,1600,True,42,Adaptive TS (ATS),44.44982781918081,44.449827819180804,0.8071595994033667,0.2780770148964922,0.4444982781918081,0.44449827819180804
chartqa,m3,Full,1600,True,43,Adaptive TS (ATS),44.44982781918081,44.449827819180804,0.8071595994033667,0.2780770148964922,0.4444982781918081,0.44449827819180804
chartqa,m3,Full,1600,True,44,Adaptive TS (ATS),44.44982781918081,44.449827819180804,0.8071595994033667,0.2780770148964922,0.4444982781918081,0.44449827819180804
chartqa,m3,Full,1600,True,45,Adaptive TS (ATS),44.44982781918081,44.449827819180804,0.8071595994033667,0.2780770148964922,0.4444982781918081,0.44449827819180804
chartqa,m3,Full,1600,True,46,Adaptive TS (ATS),44.44982781918081,44.449827819180804,0.8071595994033667,0.2780770148964922,0.4444982781918081,0.44449827819180804
docvqa,m3,50,50,False,42,Adaptive TS (ATS),48.87224807581649,48.87224807581648,0.8449680046538686,0.27943308740127576,0.48872248075816493,0.4887224807581648
docvqa,m3,50,50,False,43,Adaptive TS (ATS),48.88582535721305,48.88582535721305,0.8442408376963351,0.2795486882058574,0.4888582535721305,0.4888582535721305
docvqa,m3,50,50,False,44,Adaptive TS (ATS),48.87213439967428,48.87213439967429,0.8449680046538686,0.2794318982971108,0.48872134399674283,0.4887213439967429
docvqa,m3,50,50,False,45,Adaptive TS (ATS),48.87291979130241,48.87291979130241,0.8449680046538686,0.27944074966325544,0.48872919791302405,0.48872919791302405
docvqa,m3,50,50,False,46,Adaptive TS (ATS),48.87301142732261,48.873011427322616,0.8449680046538686,0.27943751028632813,0.4887301142732261,0.48873011427322616
docvqa,m3,100,100,False,42,Adaptive TS (ATS),48.87219886690177,48.87219886690176,0.8449680046538686,0.2794325846650518,0.48872198866901767,0.4887219886690176
docvqa,m3,100,100,False,43,Adaptive TS (ATS),48.87232668250562,48.87232668250563,0.8448225712623618,0.2794340510459498,0.48872326682505624,0.4887232668250563
docvqa,m3,100,100,False,44,Adaptive TS (ATS),48.87213439967428,48.87213439967429,0.8449680046538686,0.2794318982971108,0.48872134399674283,0.4887213439967429
docvqa,m3,100,100,False,45,Adaptive TS (ATS),48.87235773905077,48.872357739050756,0.8449680046538686,0.2794345421703387,0.4887235773905077,0.4887235773905076
docvqa,m3,100,100,False,46,Adaptive TS (ATS),48.87214549513821,48.872145495138206,0.8449680046538686,0.2794320165904832,0.48872145495138214,0.4887214549513821
docvqa,m3,200,200,False,42,Adaptive TS (ATS),48.87219479174962,48.872194791749614,0.8449680046538686,0.27943253737034657,0.4887219479174962,0.4887219479174961
docvqa,m3,200,200,False,43,Adaptive TS (ATS),48.87311775863881,48.87311775863881,0.8445317044793486,0.2794420814416871,0.4887311775863881,0.4887311775863881
docvqa,m3,200,200,False,44,Adaptive TS (ATS),48.872126511993095,48.872126511993095,0.8449680046538686,0.2794318208175349,0.4887212651199309,0.4887212651199309
docvqa,m3,200,200,False,45,Adaptive TS (ATS),48.87253469305897,48.872534693058974,0.8448225712623618,0.2794359973922525,0.48872534693058967,0.4887253469305897
docvqa,m3,200,200,False,46,Adaptive TS (ATS),48.87294647045774,48.87294647045774,0.8446771378708552,0.2794396487363353,0.4887294647045774,0.4887294647045774
docvqa,m3,500,500,False,42,Adaptive TS (ATS),48.872292003347454,48.872292003347454,0.8449680046538686,0.27943366685106996,0.48872292003347456,0.48872292003347456
docvqa,m3,500,500,False,43,Adaptive TS (ATS),48.87212409987553,48.87212409987552,0.8449680046538686,0.27943180503509696,0.48872124099875525,0.4887212409987552
docvqa,m3,500,500,False,44,Adaptive TS (ATS),48.87251080646639,48.87251080646639,0.8448225712623618,0.27943602665245026,0.48872510806466385,0.4887251080646639
docvqa,m3,500,500,False,45,Adaptive TS (ATS),48.872355324004296,48.872355324004296,0.8448225712623618,0.2794343427973841,0.48872355324004296,0.48872355324004296
docvqa,m3,500,500,False,46,Adaptive TS (ATS),48.872591857059724,48.87259185705972,0.8446771378708552,0.2794368543468685,0.4887259185705972,0.48872591857059716
docvqa,m3,1000,1000,False,42,Adaptive TS (ATS),48.87222865908603,48.872228659086055,0.8449680046538686,0.27943293560446336,0.48872228659086037,0.48872228659086053
docvqa,m3,1000,1000,False,43,Adaptive TS (ATS),48.87229871599062,48.87229871599062,0.8449680046538686,0.2794337468692086,0.4887229871599062,0.4887229871599062
docvqa,m3,1000,1000,False,44,Adaptive TS (ATS),48.87248070578657,48.87248070578657,0.8448225712623618,0.27943576985852986,0.48872480705786575,0.4887248070578657
docvqa,m3,1000,1000,False,45,Adaptive TS (ATS),48.87215896678103,48.87215896678103,0.8449680046538686,0.2794321669800218,0.48872158966781026,0.48872158966781026
docvqa,m3,1000,1000,False,46,Adaptive TS (ATS),48.87230710490327,48.872307104903264,0.8449680046538686,0.27943383943486827,0.4887230710490327,0.4887230710490326
docvqa,m3,1500,1500,False,42,Adaptive TS (ATS),48.872262400345804,48.872262400345804,0.8449680046538686,0.27943334100547623,0.488722624003458,0.488722624003458
docvqa,m3,1500,1500,False,43,Adaptive TS (ATS),48.87230812458953,48.87230812458953,0.8449680046538686,0.27943385305013807,0.4887230812458953,0.4887230812458953
docvqa,m3,1500,1500,False,44,Adaptive TS (ATS),48.872324200181495,48.872324200181495,0.8448225712623618,0.2794340351861628,0.48872324200181494,0.48872324200181494
docvqa,m3,1500,1500,False,45,Adaptive TS (ATS),48.8722112562858,48.8722112562858,0.8449680046538686,0.279432763758072,0.488722112562858,0.488722112562858
docvqa,m3,1500,1500,False,46,Adaptive TS (ATS),48.872290620217804,48.87229062021781,0.8449680046538686,0.2794336526570321,0.48872290620217806,0.4887229062021781
docvqa,m3,Full,1600,True,42,Adaptive TS (ATS),48.87231513710394,48.872315137103946,0.8448225712623618,0.2794339339751686,0.4887231513710394,0.48872315137103944
docvqa,m3,Full,1600,True,43,Adaptive TS (ATS),48.87231513710394,48.872315137103946,0.8448225712623618,0.2794339339751686,0.4887231513710394,0.48872315137103944
docvqa,m3,Full,1600,True,44,Adaptive TS (ATS),48.87231513710394,48.872315137103946,0.8448225712623618,0.2794339339751686,0.4887231513710394,0.48872315137103944
docvqa,m3,Full,1600,True,45,Adaptive TS (ATS),48.87231513710394,48.872315137103946,0.8448225712623618,0.2794339339751686,0.4887231513710394,0.48872315137103944
docvqa,m3,Full,1600,True,46,Adaptive TS (ATS),48.87231513710394,48.872315137103946,0.8448225712623618,0.2794339339751686,0.4887231513710394,0.48872315137103944
gqa,m3,50,50,False,42,Adaptive TS (ATS),10.156654190778164,10.278696409187303,0.7143420348624371,0.20478621543011905,0.10156654190778164,0.10278696409187303
gqa,m3,50,50,False,43,Adaptive TS (ATS),9.61952002740575,7.833670730142421,0.7086254963250824,0.20418613266488742,0.09619520027405751,0.07833670730142421
gqa,m3,50,50,False,44,Adaptive TS (ATS),10.365147122625704,8.301066550049839,0.7033032018247867,0.2085106582567418,0.10365147122625704,0.08301066550049839
gqa,m3,50,50,False,45,Adaptive TS (ATS),9.207692730566928,7.939684103567958,0.7018951874067191,0.2061122221373549,0.09207692730566928,0.07939684103567958
gqa,m3,50,50,False,46,Adaptive TS (ATS),9.551190610766014,8.744688804362973,0.7079778096927712,0.20414252493658913,0.09551190610766014,0.08744688804362973
gqa,m3,100,100,False,42,Adaptive TS (ATS),12.866825904931964,8.005877611213707,0.7113852045844951,0.2055267564471385,0.12866825904931964,0.08005877611213708
gqa,m3,100,100,False,43,Adaptive TS (ATS),10.501058335759007,7.771213473376144,0.7072597223395567,0.20448790610276532,0.10501058335759007,0.07771213473376144
gqa,m3,100,100,False,44,Adaptive TS (ATS),11.184731389939248,7.62302722328587,0.7047956971079384,0.20624601079042684,0.11184731389939248,0.0762302722328587
gqa,m3,100,100,False,45,Adaptive TS (ATS),10.903180475692862,7.604061219083164,0.7072174819070146,0.20636226640272007,0.10903180475692861,0.07604061219083164
gqa,m3,100,100,False,46,Adaptive TS (ATS),9.96372687090469,8.078883710456878,0.7031060798062572,0.20522510973755514,0.09963726870904689,0.08078883710456879
gqa,m3,200,200,False,42,Adaptive TS (ATS),10.949373464309954,10.034253210516875,0.7083720537298301,0.20556794957511523,0.10949373464309954,0.10034253210516875
gqa,m3,200,200,False,43,Adaptive TS (ATS),9.913286029879856,8.734786918999587,0.7088226183436119,0.20526951506485738,0.09913286029879856,0.08734786918999587
gqa,m3,200,200,False,44,Adaptive TS (ATS),10.666703247812682,7.817737759687923,0.7060347497958379,0.20578288819089477,0.10666703247812682,0.07817737759687923
gqa,m3,200,200,False,45,Adaptive TS (ATS),11.480334936841356,7.965917576881493,0.7091887020923094,0.20518421162646142,0.11480334936841355,0.07965917576881493
gqa,m3,200,200,False,46,Adaptive TS (ATS),10.635881512276644,8.173810233700447,0.7065979555630649,0.20551158855535306,0.10635881512276645,0.08173810233700447
gqa,m3,500,500,False,42,Adaptive TS (ATS),12.540877019860226,8.175109486162594,0.710906479682352,0.2054569107700586,0.12540877019860225,0.08175109486162593
gqa,m3,500,500,False,43,Adaptive TS (ATS),11.490591384799371,7.9806400640859945,0.7087099771901664,0.2052306147306658,0.11490591384799372,0.07980640064085995
gqa,m3,500,500,False,44,Adaptive TS (ATS),10.11705884132336,7.70182333418174,0.7071330010419308,0.2053238270660148,0.10117058841323359,0.0770182333418174
gqa,m3,500,500,False,45,Adaptive TS (ATS),10.615426437661958,7.499360042422219,0.7096955872828138,0.20539289473650843,0.10615426437661958,0.07499360042422219
gqa,m3,500,500,False,46,Adaptive TS (ATS),11.46878599782257,7.584412229456092,0.7116668074681085,0.20484620823234573,0.1146878599782257,0.07584412229456092
gqa,m3,1000,1000,False,42,Adaptive TS (ATS),11.513391675411036,7.535084895041979,0.7100053504547886,0.20532967732230162,0.11513391675411036,0.07535084895041978
gqa,m3,1000,1000,False,43,Adaptive TS (ATS),11.174669570167623,7.424306056527395,0.7108501591056292,0.2053749952028318,0.11174669570167624,0.07424306056527395
gqa,m3,1000,1000,False,44,Adaptive TS (ATS),10.273759077569245,7.776995209743004,0.7074990847906282,0.20544262755189732,0.10273759077569244,0.07776995209743004
gqa,m3,1000,1000,False,45,Adaptive TS (ATS),11.061930387721151,7.625264958108276,0.7097237475711751,0.20502475575913523,0.11061930387721151,0.07625264958108276
gqa,m3,1000,1000,False,46,Adaptive TS (ATS),11.948548711600166,8.05439338424792,0.7096955872828138,0.20512789199176673,0.11948548711600167,0.0805439338424792
gqa,m3,1500,1500,False,42,Adaptive TS (ATS),10.77387849571814,7.923476218438706,0.7081467714229392,0.20537951855078185,0.10773878495718141,0.07923476218438706
gqa,m3,1500,1500,False,43,Adaptive TS (ATS),10.76854861468777,7.354969201665261,0.7086536566134437,0.2054258876893484,0.1076854861468777,0.07354969201665261
gqa,m3,1500,1500,False,44,Adaptive TS (ATS),11.091570019470389,7.499704919483633,0.7092731829573935,0.20529275147403414,0.11091570019470388,0.07499704919483632
gqa,m3,1500,1500,False,45,Adaptive TS (ATS),11.070249389701905,7.815988025253671,0.708907099208696,0.20526349208629255,0.11070249389701906,0.07815988025253671
gqa,m3,1500,1500,False,46,Adaptive TS (ATS),11.711279505471504,7.569965183372708,0.7079214891160486,0.20525014903870925,0.11711279505471504,0.07569965183372708
gqa,m3,Full,1600,True,42,Adaptive TS (ATS),11.247605471473918,7.467412973396616,0.7087381374785278,0.20531996199221084,0.11247605471473918,0.07467412973396616
gqa,m3,Full,1600,True,43,Adaptive TS (ATS),11.247605471473918,7.467412973396616,0.7087381374785278,0.20531996199221084,0.11247605471473918,0.07467412973396616
gqa,m3,Full,1600,True,44,Adaptive TS (ATS),11.247605471473918,7.467412973396616,0.7087381374785278,0.20531996199221084,0.11247605471473918,0.07467412973396616
gqa,m3,Full,1600,True,45,Adaptive TS (ATS),11.247605471473918,7.467412973396616,0.7087381374785278,0.20531996199221084,0.11247605471473918,0.07467412973396616
gqa,m3,Full,1600,True,46,Adaptive TS (ATS),11.247605471473918,7.467412973396616,0.7087381374785278,0.20531996199221084,0.11247605471473918,0.07467412973396616
infographicvqa,m3,50,50,False,42,Adaptive TS (ATS),53.98456100864624,53.984561008646246,0.3333333333333333,0.3003721458722977,0.5398456100864624,0.5398456100864625
infographicvqa,m3,50,50,False,43,Adaptive TS (ATS),53.985595818711104,53.985595818711104,0.3333333333333333,0.30038411428898404,0.5398559581871111,0.5398559581871111
infographicvqa,m3,50,50,False,44,Adaptive TS (ATS),53.98428683613727,53.98428683613727,0.3333333333333333,0.30036918115063094,0.5398428683613727,0.5398428683613727
infographicvqa,m3,50,50,False,45,Adaptive TS (ATS),53.984278738675705,53.984278738675705,0.3333333333333333,0.3003690879711758,0.5398427873867571,0.5398427873867571
infographicvqa,m3,50,50,False,46,Adaptive TS (ATS),53.9842774519567,53.9842774519567,0.3333333333333333,0.3003690750070268,0.539842774519567,0.539842774519567
infographicvqa,m3,100,100,False,42,Adaptive TS (ATS),53.98437171240859,53.984371712408574,0.3333333333333333,0.3003700582597009,0.5398437171240859,0.5398437171240857
infographicvqa,m3,100,100,False,43,Adaptive TS (ATS),53.98438665804881,53.9843866580488,0.3333333333333333,0.30037025565925624,0.5398438665804881,0.539843866580488
infographicvqa,m3,100,100,False,44,Adaptive TS (ATS),53.984280521837825,53.984280521837825,0.3333333333333333,0.30036910674967865,0.5398428052183782,0.5398428052183782
infographicvqa,m3,100,100,False,45,Adaptive TS (ATS),53.9843997860481,53.9843997860481,0.3333333333333333,0.3003703770786263,0.539843997860481,0.539843997860481
infographicvqa,m3,100,100,False,46,Adaptive TS (ATS),53.98435362014554,53.98435362014554,0.3333333333333333,0.30036987005788734,0.5398435362014554,0.5398435362014554
infographicvqa,m3,200,200,False,42,Adaptive TS (ATS),53.98429468519193,53.98429468519193,0.3333333333333333,0.300369250185911,0.5398429468519192,0.5398429468519192
infographicvqa,m3,200,200,False,43,Adaptive TS (ATS),53.98460908571523,53.98460908571523,0.3333333333333333,0.30037268171325454,0.5398460908571523,0.5398460908571523
infographicvqa,m3,200,200,False,44,Adaptive TS (ATS),53.98428960041277,53.98428960041277,0.3333333333333333,0.3003692303874005,0.5398428960041277,0.5398428960041277
infographicvqa,m3,200,200,False,45,Adaptive TS (ATS),53.984554789099484,53.984554789099484,0.3333333333333333,0.30037206286246837,0.5398455478909948,0.5398455478909948
infographicvqa,m3,200,200,False,46,Adaptive TS (ATS),53.984628653481806,53.98462865348181,0.3333333333333333,0.3003729017350684,0.539846286534818,0.5398462865348181
infographicvqa,m3,500,500,False,42,Adaptive TS (ATS),53.98431685167805,53.98431685167805,0.3333333333333333,0.3003694747773232,0.5398431685167805,0.5398431685167805
infographicvqa,m3,500,500,False,43,Adaptive TS (ATS),53.98429104355138,53.984291043551366,0.3333333333333333,0.3003692130054039,0.5398429104355138,0.5398429104355137
infographicvqa,m3,500,500,False,44,Adaptive TS (ATS),53.98434296849298,53.98434296849298,0.3333333333333333,0.3003697555167839,0.5398434296849298,0.5398434296849298
infographicvqa,m3,500,500,False,45,Adaptive TS (ATS),53.984296558658464,53.984296558658464,0.3333333333333333,0.3003692685701065,0.5398429655865846,0.5398429655865846
infographicvqa,m3,500,500,False,46,Adaptive TS (ATS),53.98429899033365,53.98429899033365,0.3333333333333333,0.3003692932751834,0.5398429899033365,0.5398429899033365
infographicvqa,m3,1000,1000,False,42,Adaptive TS (ATS),53.98432351545838,53.98432351545838,0.3333333333333333,0.30036955399576437,0.5398432351545838,0.5398432351545838
infographicvqa,m3,1000,1000,False,43,Adaptive TS (ATS),53.984303597024486,53.984303597024486,0.3333333333333333,0.30036934329530274,0.5398430359702449,0.5398430359702449
infographicvqa,m3,1000,1000,False,44,Adaptive TS (ATS),53.984298570683364,53.984298570683364,0.3333333333333333,0.30036928890743114,0.5398429857068336,0.5398429857068336
infographicvqa,m3,1000,1000,False,45,Adaptive TS (ATS),53.98433525551758,53.98433525551758,0.3333333333333333,0.3003696803690772,0.5398433525551758,0.5398433525551758
infographicvqa,m3,1000,1000,False,46,Adaptive TS (ATS),53.98430506461106,53.98430506461106,0.3333333333333333,0.300369354611958,0.5398430506461106,0.5398430506461106
infographicvqa,m3,1500,1500,False,42,Adaptive TS (ATS),53.98430156784608,53.98430156784608,0.3333333333333333,0.30036931925477206,0.5398430156784608,0.5398430156784608
infographicvqa,m3,1500,1500,False,43,Adaptive TS (ATS),53.98431191448682,53.984311914486824,0.3333333333333333,0.3003694289617743,0.5398431191448682,0.5398431191448683
infographicvqa,m3,1500,1500,False,44,Adaptive TS (ATS),53.984301335157795,53.98430133515778,0.3333333333333333,0.300369316818541,0.5398430133515779,0.5398430133515778
infographicvqa,m3,1500,1500,False,45,Adaptive TS (ATS),53.98430096057976,53.98430096057976,0.3333333333333333,0.30036931311072,0.5398430096057976,0.5398430096057976
infographicvqa,m3,1500,1500,False,46,Adaptive TS (ATS),53.98431207498674,53.98431207498674,0.3333333333333333,0.3003694283398324,0.5398431207498674,0.5398431207498674
infographicvqa,m3,Full,1600,True,42,Adaptive TS (ATS),53.98430201656074,53.98430201656074,0.3333333333333333,0.30036932379664594,0.5398430201656074,0.5398430201656074
infographicvqa,m3,Full,1600,True,43,Adaptive TS (ATS),53.98430201656074,53.98430201656074,0.3333333333333333,0.30036932379664594,0.5398430201656074,0.5398430201656074
infographicvqa,m3,Full,1600,True,44,Adaptive TS (ATS),53.98430201656074,53.98430201656074,0.3333333333333333,0.30036932379664594,0.5398430201656074,0.5398430201656074
infographicvqa,m3,Full,1600,True,45,Adaptive TS (ATS),53.98430201656074,53.98430201656074,0.3333333333333333,0.30036932379664594,0.5398430201656074,0.5398430201656074
infographicvqa,m3,Full,1600,True,46,Adaptive TS (ATS),53.98430201656074,53.98430201656074,0.3333333333333333,0.30036932379664594,0.5398430201656074,0.5398430201656074
lego-puzzles,m3,50,50,False,42,Adaptive TS (ATS),34.66416370764178,34.66416370764178,0.4765764817349194,0.31563418920926783,0.34664163707641776,0.34664163707641776
lego-puzzles,m3,50,50,False,43,Adaptive TS (ATS),34.667046639672506,34.66704663967249,0.47773449836824927,0.31563248607313776,0.34667046639672505,0.34667046639672494
lego-puzzles,m3,50,50,False,44,Adaptive TS (ATS),34.66416370764178,34.66416370764178,0.4765764817349194,0.31563418920926783,0.34664163707641776,0.34664163707641776
lego-puzzles,m3,50,50,False,45,Adaptive TS (ATS),34.66653885959885,34.66653885959885,0.47762922412885567,0.31563311525126825,0.3466653885959885,0.3466653885959885
lego-puzzles,m3,50,50,False,46,Adaptive TS (ATS),34.66649745971284,34.666497459712836,0.4771028529318876,0.31564501403551787,0.3466649745971284,0.34666497459712836
lego-puzzles,m3,100,100,False,42,Adaptive TS (ATS),34.664688826032005,34.664688826032005,0.47668175597431306,0.3156336709781733,0.3466468882603201,0.34664688826032003
lego-puzzles,m3,100,100,False,43,Adaptive TS (ATS),34.66646367362623,34.66646367362623,0.47752394988946206,0.31563240405524545,0.34666463673626235,0.3466646367362623
lego-puzzles,m3,100,100,False,44,Adaptive TS (ATS),34.66416370764178,34.66416370764178,0.4765764817349194,0.31563418920926783,0.34664163707641776,0.34664163707641776
lego-puzzles,m3,100,100,False,45,Adaptive TS (ATS),34.66507501850178,34.66507501850178,0.47689230445310027,0.315633241245146,0.3466507501850178,0.3466507501850178
lego-puzzles,m3,100,100,False,46,Adaptive TS (ATS),34.66416370764178,34.66416370764178,0.4765764817349194,0.31563418920926783,0.34664163707641776,0.34664163707641776
lego-puzzles,m3,200,200,False,42,Adaptive TS (ATS),34.66447423810308,34.66447423810309,0.47657648173491945,0.31563389894975324,0.3466447423810308,0.3466447423810309
lego-puzzles,m3,200,200,False,43,Adaptive TS (ATS),34.66416370764178,34.66416370764178,0.4765764817349194,0.31563418920926783,0.34664163707641776,0.34664163707641776
lego-puzzles,m3,200,200,False,44,Adaptive TS (ATS),34.66416370764178,34.66416370764178,0.4765764817349194,0.31563418920926783,0.34664163707641776,0.34664163707641776
lego-puzzles,m3,200,200,False,45,Adaptive TS (ATS),34.66416370764178,34.66416370764178,0.4765764817349194,0.31563418920926783,0.34664163707641776,0.34664163707641776
lego-puzzles,m3,200,200,False,46,Adaptive TS (ATS),34.66426475895593,34.66426475895593,0.47647120749552585,0.3156339798253829,0.3466426475895593,0.3466426475895593
lego-puzzles,m3,500,500,False,42,Adaptive TS (ATS),34.66522036601948,34.665220366019476,0.47689230445310027,0.3156330213148732,0.34665220366019484,0.3466522036601948
lego-puzzles,m3,500,500,False,43,Adaptive TS (ATS),34.66416370764178,34.66416370764178,0.4765764817349194,0.31563418920926783,0.34664163707641776,0.34664163707641776
lego-puzzles,m3,500,500,False,44,Adaptive TS (ATS),34.66416370764178,34.66416370764178,0.4765764817349194,0.31563418920926783,0.34664163707641776,0.34664163707641776
lego-puzzles,m3,500,500,False,45,Adaptive TS (ATS),34.66416370764178,34.66416370764178,0.4765764817349194,0.31563418920926783,0.34664163707641776,0.34664163707641776
lego-puzzles,m3,500,500,False,46,Adaptive TS (ATS),34.66416370764178,34.66416370764178,0.4765764817349194,0.31563418920926783,0.34664163707641776,0.34664163707641776
lego-puzzles,m3,1000,880,True,42,Adaptive TS (ATS),34.66416370764178,34.66416370764178,0.4765764817349194,0.31563418920926783,0.34664163707641776,0.34664163707641776
lego-puzzles,m3,1000,880,True,43,Adaptive TS (ATS),34.66416370764178,34.66416370764178,0.4765764817349194,0.31563418920926783,0.34664163707641776,0.34664163707641776
lego-puzzles,m3,1000,880,True,44,Adaptive TS (ATS),34.66416370764178,34.66416370764178,0.4765764817349194,0.31563418920926783,0.34664163707641776,0.34664163707641776
lego-puzzles,m3,1000,880,True,45,Adaptive TS (ATS),34.66416370764178,34.66416370764178,0.4765764817349194,0.31563418920926783,0.34664163707641776,0.34664163707641776
lego-puzzles,m3,1000,880,True,46,Adaptive TS (ATS),34.66416370764178,34.66416370764178,0.4765764817349194,0.31563418920926783,0.34664163707641776,0.34664163707641776
lego-puzzles,m3,1500,880,True,42,Adaptive TS (ATS),34.66416370764178,34.66416370764178,0.4765764817349194,0.31563418920926783,0.34664163707641776,0.34664163707641776
lego-puzzles,m3,1500,880,True,43,Adaptive TS (ATS),34.66416370764178,34.66416370764178,0.4765764817349194,0.31563418920926783,0.34664163707641776,0.34664163707641776
lego-puzzles,m3,1500,880,True,44,Adaptive TS (ATS),34.66416370764178,34.66416370764178,0.4765764817349194,0.31563418920926783,0.34664163707641776,0.34664163707641776
lego-puzzles,m3,1500,880,True,45,Adaptive TS (ATS),34.66416370764178,34.66416370764178,0.4765764817349194,0.31563418920926783,0.34664163707641776,0.34664163707641776
lego-puzzles,m3,1500,880,True,46,Adaptive TS (ATS),34.66416370764178,34.66416370764178,0.4765764817349194,0.31563418920926783,0.34664163707641776,0.34664163707641776
lego-puzzles,m3,Full,880,True,42,Adaptive TS (ATS),34.66416370764178,34.66416370764178,0.4765764817349194,0.31563418920926783,0.34664163707641776,0.34664163707641776
lego-puzzles,m3,Full,880,True,43,Adaptive TS (ATS),34.66416370764178,34.66416370764178,0.4765764817349194,0.31563418920926783,0.34664163707641776,0.34664163707641776
lego-puzzles,m3,Full,880,True,44,Adaptive TS (ATS),34.66416370764178,34.66416370764178,0.4765764817349194,0.31563418920926783,0.34664163707641776,0.34664163707641776
lego-puzzles,m3,Full,880,True,45,Adaptive TS (ATS),34.66416370764178,34.66416370764178,0.4765764817349194,0.31563418920926783,0.34664163707641776,0.34664163707641776
lego-puzzles,m3,Full,880,True,46,Adaptive TS (ATS),34.66416370764178,34.66416370764178,0.4765764817349194,0.31563418920926783,0.34664163707641776,0.34664163707641776
mmbench,m3,50,50,False,42,Adaptive TS (ATS),8.84586147394746,8.959378031815321,0.6665081177067478,0.19130397582083525,0.0884586147394746,0.08959378031815321
mmbench,m3,50,50,False,43,Adaptive TS (ATS),10.6751860202417,2.6009154365466474,0.5186136478944698,0.19998802699106516,0.106751860202417,0.026009154365466473
mmbench,m3,50,50,False,44,Adaptive TS (ATS),8.858532290722174,8.487524285212512,0.6643201420598681,0.1943650193879952,0.08858532290722174,0.08487524285212511
mmbench,m3,50,50,False,45,Adaptive TS (ATS),9.74755476290258,5.202614941656328,0.6276636225266362,0.19203242774307927,0.09747554762902579,0.05202614941656328
mmbench,m3,50,50,False,46,Adaptive TS (ATS),7.6771138424308365,5.21025056678733,0.6528887620497208,0.19124339178793515,0.07677113842430837,0.052102505667873306
mmbench,m3,100,100,False,42,Adaptive TS (ATS),8.314236454685297,6.942643711879762,0.6525240994419077,0.19301845501760723,0.08314236454685296,0.06942643711879762
mmbench,m3,100,100,False,43,Adaptive TS (ATS),9.29840712810153,4.716501807491698,0.6413939624556063,0.19397939349404092,0.09298407128101531,0.04716501807491698
mmbench,m3,100,100,False,44,Adaptive TS (ATS),7.391338234359392,6.237296400880052,0.6566146626078133,0.19100436903207094,0.07391338234359392,0.062372964008800526
mmbench,m3,100,100,False,45,Adaptive TS (ATS),8.37562760075098,4.03765691124984,0.6301686960933537,0.19376467786691356,0.08375627600750979,0.0403765691124984
mmbench,m3,100,100,False,46,Adaptive TS (ATS),8.864320163825829,5.337585871572308,0.648972602739726,0.19152195904694375,0.08864320163825828,0.05337585871572308
mmbench,m3,200,200,False,42,Adaptive TS (ATS),9.19276137739978,6.374289955263571,0.659627092846271,0.19204670525773423,0.0919276137739978,0.0637428995526357
mmbench,m3,200,200,False,43,Adaptive TS (ATS),7.188227587169208,4.46394785125211,0.6486555048198883,0.19170567366689192,0.07188227587169208,0.0446394785125211
mmbench,m3,200,200,False,44,Adaptive TS (ATS),7.322365130802959,4.301257239285665,0.647355403348554,0.19133479653610888,0.07322365130802959,0.04301257239285665
mmbench,m3,200,200,False,45,Adaptive TS (ATS),7.945657405249717,5.780430953070725,0.6439624556062913,0.19349516533077857,0.07945657405249718,0.057804309530707254
mmbench,m3,200,200,False,46,Adaptive TS (ATS),7.998214918344932,6.564222463678152,0.6544901065449011,0.19104669931456372,0.07998214918344931,0.06564222463678152
mmbench,m3,500,500,False,42,Adaptive TS (ATS),9.33404415383647,4.664271641518667,0.6645738203957382,0.19066780420302817,0.0933404415383647,0.04664271641518667
mmbench,m3,500,500,False,43,Adaptive TS (ATS),7.346213762484176,2.8506928423906985,0.6551877219685438,0.1910270347999849,0.07346213762484176,0.028506928423906983
mmbench,m3,500,500,False,44,Adaptive TS (ATS),7.5500863385635455,3.298794078838386,0.6513191273465246,0.19115651585387872,0.07550086338563546,0.03298794078838386
mmbench,m3,500,500,False,45,Adaptive TS (ATS),7.235170592359393,5.121006438662533,0.6526826484018264,0.1910898365593397,0.07235170592359393,0.051210064386625335
mmbench,m3,500,500,False,46,Adaptive TS (ATS),7.770136026939771,3.0738526318326427,0.6481798579401319,0.1914824598063003,0.07770136026939771,0.030738526318326426
mmbench,m3,1000,1000,False,42,Adaptive TS (ATS),7.301635978493424,3.151159905793671,0.6538876204972095,0.19099386629592363,0.07301635978493425,0.03151159905793671
mmbench,m3,1000,1000,False,43,Adaptive TS (ATS),8.00122222706051,4.108465314610764,0.6561390157280569,0.19127995279712068,0.08001222227060509,0.04108465314610764
mmbench,m3,1000,1000,False,44,Adaptive TS (ATS),7.329065117480432,3.5046589542978928,0.6530314561136479,0.1911415844068233,0.07329065117480432,0.03504658954297893
mmbench,m3,1000,1000,False,45,Adaptive TS (ATS),7.3518971794634815,2.849711246803457,0.655314561136479,0.19101268751806613,0.07351897179463482,0.028497112468034567
mmbench,m3,1000,1000,False,46,Adaptive TS (ATS),7.182979939540276,2.5416084069975446,0.6503678335870117,0.19120649472638426,0.07182979939540277,0.025416084069975448
mmbench,m3,1500,1500,False,42,Adaptive TS (ATS),7.345505270653263,2.850098097465749,0.6546169457128361,0.19105899332077272,0.07345505270653263,0.02850098097465749
mmbench,m3,1500,1500,False,43,Adaptive TS (ATS),7.377607979907222,3.6489528604271246,0.6547437848807712,0.19108928931080804,0.07377607979907222,0.036489528604271244
mmbench,m3,1500,1500,False,44,Adaptive TS (ATS),7.430412168972671,3.3109280924954962,0.6546169457128361,0.19117268764511677,0.07430412168972671,0.033109280924954965
mmbench,m3,1500,1500,False,45,Adaptive TS (ATS),7.3719609197754625,2.869988991511081,0.6545535261288686,0.19109749293500022,0.07371960919775462,0.02869988991511081
mmbench,m3,1500,1500,False,46,Adaptive TS (ATS),7.390669659090528,2.9784954178608944,0.6529997463216641,0.19115208626508065,0.07390669659090528,0.029784954178608943
mmbench,m3,Full,1600,True,42,Adaptive TS (ATS),7.369650155987915,2.860344279543109,0.6546486555048199,0.1910819663788573,0.07369650155987915,0.02860344279543109
mmbench,m3,Full,1600,True,43,Adaptive TS (ATS),7.369650155987915,2.860344279543109,0.6546486555048199,0.1910819663788573,0.07369650155987915,0.02860344279543109
mmbench,m3,Full,1600,True,44,Adaptive TS (ATS),7.369650155987915,2.860344279543109,0.6546486555048199,0.1910819663788573,0.07369650155987915,0.02860344279543109
mmbench,m3,Full,1600,True,45,Adaptive TS (ATS),7.369650155987915,2.860344279543109,0.6546486555048199,0.1910819663788573,0.07369650155987915,0.02860344279543109
mmbench,m3,Full,1600,True,46,Adaptive TS (ATS),7.369650155987915,2.860344279543109,0.6546486555048199,0.1910819663788573,0.07369650155987915,0.02860344279543109
mmmu,m3,50,50,False,42,Adaptive TS (ATS),52.18901823628844,52.18901823628844,0.6390532544378698,0.290571215286667,0.5218901823628844,0.5218901823628844
mmmu,m3,50,50,False,43,Adaptive TS (ATS),52.18894869195393,52.18894869195392,0.6390532544378698,0.2905704559392553,0.5218894869195393,0.5218894869195392
mmmu,m3,50,50,False,44,Adaptive TS (ATS),52.18902186359391,52.18902186359391,0.6390532544378698,0.2905712421272132,0.5218902186359391,0.5218902186359391
mmmu,m3,50,50,False,45,Adaptive TS (ATS),52.189284880133556,52.189284880133556,0.6390532544378698,0.2905740198960953,0.5218928488013356,0.5218928488013356
mmmu,m3,50,50,False,46,Adaptive TS (ATS),52.189115397077934,52.189115397077934,0.6390532544378698,0.2905721899107178,0.5218911539707793,0.5218911539707793
mmmu,m3,100,100,False,42,Adaptive TS (ATS),52.189130864947195,52.189130864947195,0.6390532544378698,0.29057250783226407,0.521891308649472,0.521891308649472
mmmu,m3,100,100,False,43,Adaptive TS (ATS),52.18961994906876,52.18961994906876,0.6390532544378698,0.2905777492340976,0.5218961994906876,0.5218961994906876
mmmu,m3,100,100,False,44,Adaptive TS (ATS),52.18895367629415,52.18895367629415,0.6390532544378698,0.2905705247019126,0.5218895367629415,0.5218895367629415
mmmu,m3,100,100,False,45,Adaptive TS (ATS),52.18949742327843,52.18949742327842,0.6390532544378698,0.2905763412108002,0.5218949742327843,0.5218949742327842
mmmu,m3,100,100,False,46,Adaptive TS (ATS),52.188903590889744,52.188903590889744,0.6390532544378698,0.29056996892180603,0.5218890359088975,0.5218890359088975
mmmu,m3,200,200,False,42,Adaptive TS (ATS),52.18894650003843,52.18894650003843,0.6390532544378698,0.2905704414221953,0.5218894650003844,0.5218894650003844
mmmu,m3,200,200,False,43,Adaptive TS (ATS),52.18912897689317,52.18912897689316,0.6390532544378698,0.29057237553911,0.5218912897689317,0.5218912897689316
mmmu,m3,200,200,False,44,Adaptive TS (ATS),52.18903829888186,52.18903829888186,0.6390532544378698,0.2905714216804583,0.5218903829888186,0.5218903829888186
mmmu,m3,200,200,False,45,Adaptive TS (ATS),52.18903583086158,52.18903583086158,0.6390532544378698,0.2905713872785428,0.5218903583086157,0.5218903583086157
mmmu,m3,200,200,False,46,Adaptive TS (ATS),52.188948565055505,52.188948565055505,0.6390532544378698,0.2905704583834849,0.521889485650555,0.521889485650555
mmmu,m3,500,500,False,42,Adaptive TS (ATS),52.18908596487577,52.18908596487577,0.6390532544378698,0.29057192210155813,0.5218908596487577,0.5218908596487577
mmmu,m3,500,500,False,43,Adaptive TS (ATS),52.18912516190436,52.18912516190435,0.6390532544378698,0.29057232266243427,0.5218912516190436,0.5218912516190435
mmmu,m3,500,500,False,44,Adaptive TS (ATS),52.18905901665008,52.18905901665008,0.6390532544378698,0.2905716381951216,0.5218905901665007,0.5218905901665007
mmmu,m3,500,500,False,45,Adaptive TS (ATS),52.189027063338955,52.18902706333894,0.6390532544378698,0.29057129471611826,0.5218902706333896,0.5218902706333894
mmmu,m3,500,500,False,46,Adaptive TS (ATS),52.189027632725605,52.18902763272559,0.6390532544378698,0.2905713012180479,0.521890276327256,0.5218902763272559
mmmu,m3,1000,685,True,42,Adaptive TS (ATS),52.18906662008407,52.189066620084056,0.6390532544378698,0.29057171235092216,0.5218906662008407,0.5218906662008406
mmmu,m3,1000,685,True,43,Adaptive TS (ATS),52.18906662008407,52.189066620084056,0.6390532544378698,0.29057171235092216,0.5218906662008407,0.5218906662008406
mmmu,m3,1000,685,True,44,Adaptive TS (ATS),52.18906662008407,52.189066620084056,0.6390532544378698,0.29057171235092216,0.5218906662008407,0.5218906662008406
mmmu,m3,1000,685,True,45,Adaptive TS (ATS),52.18906662008407,52.189066620084056,0.6390532544378698,0.29057171235092216,0.5218906662008407,0.5218906662008406
mmmu,m3,1000,685,True,46,Adaptive TS (ATS),52.18906662008407,52.189066620084056,0.6390532544378698,0.29057171235092216,0.5218906662008407,0.5218906662008406
mmmu,m3,1500,685,True,42,Adaptive TS (ATS),52.18906662008407,52.189066620084056,0.6390532544378698,0.29057171235092216,0.5218906662008407,0.5218906662008406
mmmu,m3,1500,685,True,43,Adaptive TS (ATS),52.18906662008407,52.189066620084056,0.6390532544378698,0.29057171235092216,0.5218906662008407,0.5218906662008406
mmmu,m3,1500,685,True,44,Adaptive TS (ATS),52.18906662008407,52.189066620084056,0.6390532544378698,0.29057171235092216,0.5218906662008407,0.5218906662008406
mmmu,m3,1500,685,True,45,Adaptive TS (ATS),52.18906662008407,52.189066620084056,0.6390532544378698,0.29057171235092216,0.5218906662008407,0.5218906662008406
mmmu,m3,1500,685,True,46,Adaptive TS (ATS),52.18906662008407,52.189066620084056,0.6390532544378698,0.29057171235092216,0.5218906662008407,0.5218906662008406
mmmu,m3,Full,685,True,42,Adaptive TS (ATS),52.18906662008407,52.189066620084056,0.6390532544378698,0.29057171235092216,0.5218906662008407,0.5218906662008406
mmmu,m3,Full,685,True,43,Adaptive TS (ATS),52.18906662008407,52.189066620084056,0.6390532544378698,0.29057171235092216,0.5218906662008407,0.5218906662008406
mmmu,m3,Full,685,True,44,Adaptive TS (ATS),52.18906662008407,52.189066620084056,0.6390532544378698,0.29057171235092216,0.5218906662008407,0.5218906662008406
mmmu,m3,Full,685,True,45,Adaptive TS (ATS),52.18906662008407,52.189066620084056,0.6390532544378698,0.29057171235092216,0.5218906662008407,0.5218906662008406
mmmu,m3,Full,685,True,46,Adaptive TS (ATS),52.18906662008407,52.189066620084056,0.6390532544378698,0.29057171235092216,0.5218906662008407,0.5218906662008406
pope,m3,50,50,False,42,Adaptive TS (ATS),5.93290550507451,4.558338308685235,0.7371227364185111,0.08880056933300075,0.0593290550507451,0.04558338308685235
pope,m3,50,50,False,43,Adaptive TS (ATS),4.745809396077693,4.218379364901997,0.7476861167002011,0.08877258108086857,0.04745809396077693,0.042183793649019974
pope,m3,50,50,False,44,Adaptive TS (ATS),4.289381204469476,5.0306520195750535,0.7435613682092556,0.08828718419869425,0.04289381204469476,0.050306520195750534
pope,m3,50,50,False,45,Adaptive TS (ATS),6.237958446905418,4.349044168280959,0.7520120724346077,0.08849454163070451,0.06237958446905418,0.04349044168280959
pope,m3,50,50,False,46,Adaptive TS (ATS),4.85911992873673,5.767662126028343,0.7479879275653925,0.0884575782184916,0.0485911992873673,0.05767662126028343
pope,m3,100,100,False,42,Adaptive TS (ATS),4.189947802671272,3.4391428208067323,0.7436619718309859,0.08806725317229834,0.04189947802671272,0.03439142820806732
pope,m3,100,100,False,43,Adaptive TS (ATS),4.765658032766253,3.9911617501634655,0.7457746478873238,0.08854256364432019,0.047656580327662526,0.039911617501634654
pope,m3,100,100,False,44,Adaptive TS (ATS),5.15772029324069,3.6615144052481945,0.752112676056338,0.08805623212820643,0.0515772029324069,0.036615144052481945
pope,m3,100,100,False,45,Adaptive TS (ATS),4.325725052279528,4.098886600165946,0.7473843058350101,0.08802589590846067,0.043257250522795276,0.040988866001659456
pope,m3,100,100,False,46,Adaptive TS (ATS),4.7270725149775785,5.08192416023429,0.7497987927565394,0.088614722464712,0.04727072514977578,0.0508192416023429
pope,m3,200,200,False,42,Adaptive TS (ATS),5.086975918867529,5.347497196144834,0.749496981891348,0.08789338604964742,0.0508697591886753,0.05347497196144834
pope,m3,200,200,False,43,Adaptive TS (ATS),5.4024962628634015,4.574073185763733,0.7456740442655937,0.08822838012250277,0.054024962628634016,0.04574073185763733
pope,m3,200,200,False,44,Adaptive TS (ATS),4.724088522417507,5.377400491314204,0.7524144869215292,0.08775891407353897,0.04724088522417507,0.05377400491314204
pope,m3,200,200,False,45,Adaptive TS (ATS),4.714786079340101,4.354648224533419,0.7459758551307848,0.08819258062379935,0.047147860793401004,0.04354648224533419
pope,m3,200,200,False,46,Adaptive TS (ATS),5.221531519733453,5.468723944051577,0.7464788732394366,0.08830536989715267,0.052215315197334536,0.054687239440515775
pope,m3,500,500,False,42,Adaptive TS (ATS),4.361869832304755,4.649594221501118,0.748189134808853,0.08802133546473555,0.04361869832304755,0.04649594221501119
pope,m3,500,500,False,43,Adaptive TS (ATS),4.788680005203445,4.688177005579037,0.7510060362173039,0.08786042140874496,0.047886800052034446,0.046881770055790375
pope,m3,500,500,False,44,Adaptive TS (ATS),4.745875172232771,4.533928448701637,0.7498993963782696,0.08780857582960949,0.04745875172232771,0.04533928448701637
pope,m3,500,500,False,45,Adaptive TS (ATS),4.835342427092856,3.861771856680215,0.7471830985915493,0.0879199171988558,0.04835342427092856,0.03861771856680215
pope,m3,500,500,False,46,Adaptive TS (ATS),4.6465368475716025,4.594150085196212,0.7440643863179075,0.08808849286655675,0.04646536847571602,0.04594150085196212
pope,m3,1000,1000,False,42,Adaptive TS (ATS),4.302013944369018,4.665421031487014,0.7487927565392354,0.08796816722589043,0.04302013944369018,0.046654210314870145
pope,m3,1000,1000,False,43,Adaptive TS (ATS),4.224334776170706,4.256446026182634,0.7504024144869215,0.0878658076056072,0.042243347761707066,0.042564460261826344
pope,m3,1000,1000,False,44,Adaptive TS (ATS),4.275533962456793,4.497017571854054,0.7501006036217305,0.08792241447461766,0.04275533962456793,0.04497017571854055
pope,m3,1000,1000,False,45,Adaptive TS (ATS),5.011425945822595,4.658509476083237,0.7516096579476861,0.08797152890827341,0.05011425945822595,0.04658509476083238
pope,m3,1000,1000,False,46,Adaptive TS (ATS),4.307543388049583,5.178187157057248,0.75,0.0879704921301101,0.043075433880495825,0.051781871570572485
pope,m3,1500,1276,True,42,Adaptive TS (ATS),4.273044882019385,4.4192476134928995,0.7496981891348089,0.08791707781171373,0.04273044882019385,0.04419247613492899
pope,m3,1500,1276,True,43,Adaptive TS (ATS),4.273044882019385,4.4192476134928995,0.7496981891348089,0.08791707781171373,0.04273044882019385,0.04419247613492899
pope,m3,1500,1276,True,44,Adaptive TS (ATS),4.273044882019385,4.4192476134928995,0.7496981891348089,0.08791707781171373,0.04273044882019385,0.04419247613492899
pope,m3,1500,1276,True,45,Adaptive TS (ATS),4.273044882019385,4.4192476134928995,0.7496981891348089,0.08791707781171373,0.04273044882019385,0.04419247613492899
pope,m3,1500,1276,True,46,Adaptive TS (ATS),4.273044882019385,4.4192476134928995,0.7496981891348089,0.08791707781171373,0.04273044882019385,0.04419247613492899
pope,m3,Full,1276,True,42,Adaptive TS (ATS),4.273044882019385,4.4192476134928995,0.7496981891348089,0.08791707781171373,0.04273044882019385,0.04419247613492899
pope,m3,Full,1276,True,43,Adaptive TS (ATS),4.273044882019385,4.4192476134928995,0.7496981891348089,0.08791707781171373,0.04273044882019385,0.04419247613492899
pope,m3,Full,1276,True,44,Adaptive TS (ATS),4.273044882019385,4.4192476134928995,0.7496981891348089,0.08791707781171373,0.04273044882019385,0.04419247613492899
pope,m3,Full,1276,True,45,Adaptive TS (ATS),4.273044882019385,4.4192476134928995,0.7496981891348089,0.08791707781171373,0.04273044882019385,0.04419247613492899
pope,m3,Full,1276,True,46,Adaptive TS (ATS),4.273044882019385,4.4192476134928995,0.7496981891348089,0.08791707781171373,0.04273044882019385,0.04419247613492899
scienceqa,m3,50,50,False,42,Adaptive TS (ATS),12.851530015260929,13.093915292395398,0.8072152732060565,0.19116634049133022,0.12851530015260929,0.13093915292395397
scienceqa,m3,50,50,False,43,Adaptive TS (ATS),13.725207099503312,13.914894222733476,0.8087162606978275,0.19182827441763053,0.13725207099503312,0.13914894222733476
scienceqa,m3,50,50,False,44,Adaptive TS (ATS),13.274573768358497,13.406339128081523,0.8076892692560895,0.19436168353357938,0.13274573768358497,0.13406339128081524
scienceqa,m3,50,50,False,45,Adaptive TS (ATS),13.762283200841383,14.307255839225224,0.8069782751810401,0.19195057045029806,0.13762283200841383,0.14307255839225225
scienceqa,m3,50,50,False,46,Adaptive TS (ATS),13.744416357125692,13.452904109975233,0.8084529295589203,0.19217452750988437,0.1374441635712569,0.13452904109975233
scienceqa,m3,100,100,False,42,Adaptive TS (ATS),13.376360160439047,13.553123631638739,0.808479262672811,0.19134990239504632,0.13376360160439046,0.1355312363163874
scienceqa,m3,100,100,False,43,Adaptive TS (ATS),12.925463999754774,13.389140997561777,0.8090585911784067,0.19202064564263885,0.12925463999754774,0.13389140997561777
scienceqa,m3,100,100,False,44,Adaptive TS (ATS),13.4059184116806,12.817048936714675,0.808479262672811,0.19453232967199646,0.134059184116806,0.12817048936714676
scienceqa,m3,100,100,False,45,Adaptive TS (ATS),14.784410227047019,13.4427870855975,0.8066359447004608,0.19292065064578395,0.14784410227047018,0.134427870855975
scienceqa,m3,100,100,False,46,Adaptive TS (ATS),13.042380722494023,12.942054097587178,0.8083475971033576,0.19165704012702972,0.13042380722494024,0.12942054097587177
scienceqa,m3,200,200,False,42,Adaptive TS (ATS),12.879927746127182,13.352856987347138,0.8074786043449638,0.1916921153998915,0.12879927746127182,0.1335285698734714
scienceqa,m3,200,200,False,43,Adaptive TS (ATS),12.913476175910377,13.003408363001931,0.808847926267281,0.19121049401938778,0.12913476175910377,0.1300340836300193
scienceqa,m3,200,200,False,44,Adaptive TS (ATS),13.475605047357625,13.714387819201502,0.808584595128374,0.19304650423009545,0.13475605047357625,0.137143878192015
scienceqa,m3,200,200,False,45,Adaptive TS (ATS),13.713217461291801,12.901511355363592,0.8083475971033575,0.19131392353754678,0.13713217461291802,0.12901511355363593
scienceqa,m3,200,200,False,46,Adaptive TS (ATS),13.316279381118266,13.653944444119684,0.8083475971033574,0.19251600449066264,0.13316279381118265,0.13653944444119684
scienceqa,m3,500,500,False,42,Adaptive TS (ATS),13.006352082876063,13.202123182505145,0.8082422646477947,0.191803803633929,0.13006352082876063,0.13202123182505146
scienceqa,m3,500,500,False,43,Adaptive TS (ATS),13.098112009071267,13.057016235575478,0.8087425938117182,0.19077429943124383,0.13098112009071267,0.13057016235575478
scienceqa,m3,500,500,False,44,Adaptive TS (ATS),12.964951688176782,14.072775153667589,0.8087689269256089,0.19243269438657903,0.12964951688176782,0.14072775153667588
scienceqa,m3,500,500,False,45,Adaptive TS (ATS),13.450401252398045,12.647862662616106,0.8084265964450297,0.1917487110444364,0.13450401252398045,0.12647862662616105
scienceqa,m3,500,500,False,46,Adaptive TS (ATS),13.037664231519534,13.884035109377486,0.8084265964450297,0.19239600077419128,0.13037664231519533,0.13884035109377485
scienceqa,m3,1000,1000,False,42,Adaptive TS (ATS),13.00214311798576,13.213846375463998,0.8085319289005926,0.19199249732293389,0.1300214311798576,0.13213846375463997
scienceqa,m3,1000,1000,False,43,Adaptive TS (ATS),12.944559216183807,12.823296519766428,0.8085582620144832,0.19144307151252868,0.12944559216183807,0.12823296519766428
scienceqa,m3,1000,1000,False,44,Adaptive TS (ATS),13.085363336062617,13.04131181245559,0.8087689269256091,0.19178169822647806,0.13085363336062616,0.1304131181245559
scienceqa,m3,1000,1000,False,45,Adaptive TS (ATS),13.3895726767778,12.937890646375108,0.8084529295589205,0.19188480655836762,0.133895726767778,0.12937890646375108
scienceqa,m3,1000,1000,False,46,Adaptive TS (ATS),13.007607592571935,12.990631912298179,0.8084792626728109,0.19195048035885073,0.13007607592571935,0.12990631912298178
scienceqa,m3,1500,1500,False,42,Adaptive TS (ATS),12.997583518593267,13.140367951778959,0.808584595128374,0.19193318624323483,0.12997583518593267,0.13140367951778958
scienceqa,m3,1500,1500,False,43,Adaptive TS (ATS),12.976222690279581,12.86479770742313,0.8086899275839368,0.1917182242029659,0.12976222690279582,0.12864797707423128
scienceqa,m3,1500,1500,False,44,Adaptive TS (ATS),13.00567516597266,13.144835150443749,0.808400263331139,0.19192223768978486,0.1300567516597266,0.13144835150443748
scienceqa,m3,1500,1500,False,45,Adaptive TS (ATS),12.999393913861471,12.892000601484558,0.8084002633311388,0.19172772533002455,0.1299939391386147,0.12892000601484557
scienceqa,m3,1500,1500,False,46,Adaptive TS (ATS),13.002202532468846,13.213344170464566,0.8084792626728111,0.19199170357257728,0.13002202532468846,0.13213344170464567
scienceqa,m3,Full,1600,True,42,Adaptive TS (ATS),12.997853655462205,12.984094577826394,0.8084265964450296,0.1918391056284162,0.12997853655462205,0.12984094577826394
scienceqa,m3,Full,1600,True,43,Adaptive TS (ATS),12.997853655462205,12.984094577826394,0.8084265964450296,0.1918391056284162,0.12997853655462205,0.12984094577826394
scienceqa,m3,Full,1600,True,44,Adaptive TS (ATS),12.997853655462205,12.984094577826394,0.8084265964450296,0.1918391056284162,0.12997853655462205,0.12984094577826394
scienceqa,m3,Full,1600,True,45,Adaptive TS (ATS),12.997853655462205,12.984094577826394,0.8084265964450296,0.1918391056284162,0.12997853655462205,0.12984094577826394
scienceqa,m3,Full,1600,True,46,Adaptive TS (ATS),12.997853655462205,12.984094577826394,0.8084265964450296,0.1918391056284162,0.12997853655462205,0.12984094577826394
seedbench,m3,50,50,False,42,Adaptive TS (ATS),4.100927405356262,0.8834691222287895,0.5190794931205126,0.21835564995830772,0.04100927405356262,0.008834691222287895
seedbench,m3,50,50,False,43,Adaptive TS (ATS),10.121065613482426,1.4832249698414928,0.5700105838267685,0.21761535539171628,0.10121065613482426,0.014832249698414929
seedbench,m3,50,50,False,44,Adaptive TS (ATS),8.38545550379914,1.4952224486021297,0.5990159901599016,0.2168941652721605,0.0838545550379914,0.014952224486021296
seedbench,m3,50,50,False,45,Adaptive TS (ATS),3.7135849823750027,1.0553088664367611,0.4934494693784148,0.21858514164714093,0.037135849823750025,0.010553088664367612
seedbench,m3,50,50,False,46,Adaptive TS (ATS),9.290173405130822,1.3903510704304467,0.44685202665980145,0.21871964255973583,0.09290173405130822,0.013903510704304468
seedbench,m3,100,100,False,42,Adaptive TS (ATS),7.4136738609359485,1.0459651637776026,0.567135787636946,0.217791249455613,0.07413673860935949,0.010459651637776027
seedbench,m3,100,100,False,43,Adaptive TS (ATS),7.090221133925664,0.8873429125922366,0.5341972024371406,0.21813419315855342,0.07090221133925664,0.008873429125922367
seedbench,m3,100,100,False,44,Adaptive TS (ATS),6.278814214061204,1.0694968529863194,0.5525615721273492,0.21782080916553084,0.06278814214061204,0.010694968529863194
seedbench,m3,100,100,False,45,Adaptive TS (ATS),7.047417895502353,1.1378099211306283,0.5287193569610116,0.2183075816389942,0.07047417895502353,0.011378099211306282
seedbench,m3,100,100,False,46,Adaptive TS (ATS),6.048343432807703,0.8533073924108948,0.5472410538058868,0.21808525970073533,0.060483434328077026,0.008533073924108948
seedbench,m3,200,200,False,42,Adaptive TS (ATS),8.27236673225018,0.8373236903289166,0.5492147944735262,0.21809948489628667,0.0827236673225018,0.008373236903289167
seedbench,m3,200,200,False,43,Adaptive TS (ATS),6.748953089107832,0.8958102375751975,0.5466975599988558,0.21803326265238865,0.06748953089107833,0.008958102375751975
seedbench,m3,200,200,False,44,Adaptive TS (ATS),6.295516495496768,0.8971158152057535,0.545152893389399,0.21804926681239423,0.06295516495496768,0.008971158152057535
seedbench,m3,200,200,False,45,Adaptive TS (ATS),7.629947631083146,0.808955117498899,0.5343402271232015,0.21820132041367357,0.07629947631083146,0.00808955117498899
seedbench,m3,200,200,False,46,Adaptive TS (ATS),6.300484033956277,0.8455004313998007,0.5451242884521869,0.21813215122307342,0.06300484033956277,0.008455004313998007
seedbench,m3,500,500,False,42,Adaptive TS (ATS),7.571522333033491,0.9548371216174485,0.5576818558883263,0.21789166184278735,0.07571522333033491,0.009548371216174485
seedbench,m3,500,500,False,43,Adaptive TS (ATS),6.301096406071273,0.7826551371756166,0.5459538316313396,0.2181831543462618,0.06301096406071273,0.007826551371756167
seedbench,m3,500,500,False,44,Adaptive TS (ATS),8.739660422242684,0.8412696244139022,0.5498441030921937,0.21808249590161824,0.08739660422242684,0.008412696244139022
seedbench,m3,500,500,False,45,Adaptive TS (ATS),6.1074451650528685,0.8124770101980006,0.5543922881089276,0.21810806324972318,0.06107445165052869,0.008124770101980006
seedbench,m3,500,500,False,46,Adaptive TS (ATS),6.111573354700888,0.7939309061190627,0.5542492634228668,0.21810845655788377,0.06111573354700888,0.007939309061190628
seedbench,m3,1000,1000,False,42,Adaptive TS (ATS),6.095913333868072,0.8541973484002282,0.5546497325438371,0.21805658537268982,0.06095913333868072,0.008541973484002282
seedbench,m3,1000,1000,False,43,Adaptive TS (ATS),8.600143474095258,0.8673227861064756,0.5541634486112303,0.21803870365297878,0.08600143474095258,0.008673227861064756
seedbench,m3,1000,1000,False,44,Adaptive TS (ATS),7.267786803055226,0.8934116852434115,0.555164621413656,0.21797764018567511,0.07267786803055226,0.008934116852434115
seedbench,m3,1000,1000,False,45,Adaptive TS (ATS),8.300316449594378,0.8043466915831802,0.5452959180754597,0.218160806856715,0.08300316449594379,0.008043466915831802
seedbench,m3,1000,1000,False,46,Adaptive TS (ATS),7.404684471173136,0.8914507799245087,0.5552504362252925,0.2179630407261968,0.07404684471173135,0.008914507799245087
seedbench,m3,1500,1500,False,42,Adaptive TS (ATS),8.727525820406862,0.8666003010612173,0.5497582882805572,0.21804766453514354,0.08727525820406863,0.008666003010612173
seedbench,m3,1500,1500,False,43,Adaptive TS (ATS),8.599533963083992,0.8696770151865275,0.5542206584856546,0.21803665593918065,0.08599533963083993,0.008696770151865275
seedbench,m3,1500,1500,False,44,Adaptive TS (ATS),8.599015239678565,0.8699591202139246,0.5541634486112303,0.21803015379116605,0.08599015239678565,0.008699591202139246
seedbench,m3,1500,1500,False,45,Adaptive TS (ATS),8.599735322915866,0.8685909576256905,0.5541634486112303,0.21803646865930257,0.08599735322915865,0.008685909576256905
seedbench,m3,1500,1500,False,46,Adaptive TS (ATS),8.602097221019951,0.8597493539962241,0.5545639177322006,0.21804540532863867,0.08602097221019951,0.008597493539962241
seedbench,m3,Full,1600,True,42,Adaptive TS (ATS),8.600415864066195,0.8656581875202286,0.5541634486112303,0.21803786260501032,0.08600415864066195,0.008656581875202286
seedbench,m3,Full,1600,True,43,Adaptive TS (ATS),8.600415864066195,0.8656581875202286,0.5541634486112303,0.21803786260501032,0.08600415864066195,0.008656581875202286
seedbench,m3,Full,1600,True,44,Adaptive TS (ATS),8.600415864066195,0.8656581875202286,0.5541634486112303,0.21803786260501032,0.08600415864066195,0.008656581875202286
seedbench,m3,Full,1600,True,45,Adaptive TS (ATS),8.600415864066195,0.8656581875202286,0.5541634486112303,0.21803786260501032,0.08600415864066195,0.008656581875202286
seedbench,m3,Full,1600,True,46,Adaptive TS (ATS),8.600415864066195,0.8656581875202286,0.5541634486112303,0.21803786260501032,0.08600415864066195,0.008656581875202286
textvqa,m3,50,50,False,42,Adaptive TS (ATS),11.288027554883325,12.199799712135315,0.8389941972920696,0.17184124229707615,0.11288027554883324,0.12199799712135315
textvqa,m3,50,50,False,43,Adaptive TS (ATS),12.011558275860917,12.725573284923481,0.838916827852998,0.17530863968958166,0.12011558275860917,0.1272557328492348
textvqa,m3,50,50,False,44,Adaptive TS (ATS),12.220634109368937,11.402640068987333,0.8388394584139265,0.17318363006569154,0.12220634109368937,0.11402640068987333
textvqa,m3,50,50,False,45,Adaptive TS (ATS),10.843513182906168,10.891293939193815,0.8397421018697615,0.1712820420988281,0.10843513182906168,0.10891293939193815
textvqa,m3,50,50,False,46,Adaptive TS (ATS),10.747454023585433,12.21945826415265,0.839638942617666,0.17085988448789657,0.10747454023585433,0.1221945826415265
textvqa,m3,100,100,False,42,Adaptive TS (ATS),10.67511198326613,10.855276308149516,0.8393294648613798,0.17079504674122006,0.10675111983266129,0.10855276308149517
textvqa,m3,100,100,False,43,Adaptive TS (ATS),10.459023717682339,10.646912350174933,0.8393036750483558,0.17179914981225952,0.10459023717682339,0.10646912350174932
textvqa,m3,100,100,False,44,Adaptive TS (ATS),10.72309171925132,12.0750343045746,0.8393810444874275,0.1724382423540265,0.1072309171925132,0.120750343045746
textvqa,m3,100,100,False,45,Adaptive TS (ATS),11.205994736651732,10.698096869639995,0.8394326241134752,0.17247401132777213,0.11205994736651732,0.10698096869639995
textvqa,m3,100,100,False,46,Adaptive TS (ATS),11.595192664005049,11.410813108093777,0.8392520954223082,0.17133116861025185,0.1159519266400505,0.11410813108093776
textvqa,m3,200,200,False,42,Adaptive TS (ATS),10.642007165567302,11.60285613383904,0.839277885235332,0.17095374537315655,0.10642007165567302,0.1160285613383904
textvqa,m3,200,200,False,43,Adaptive TS (ATS),10.929417342962019,10.639742380929368,0.8393036750483558,0.17102368884293756,0.1092941734296202,0.10639742380929368
textvqa,m3,200,200,False,44,Adaptive TS (ATS),11.359666404241722,11.155706673142172,0.8391231463571888,0.17329360000020078,0.11359666404241722,0.11155706673142171
textvqa,m3,200,200,False,45,Adaptive TS (ATS),10.623780059555443,11.607974499667472,0.8392263056092844,0.17202228653868393,0.10623780059555443,0.11607974499667473
textvqa,m3,200,200,False,46,Adaptive TS (ATS),12.556350823946858,11.41791961899814,0.8391489361702127,0.1725620499698323,0.12556350823946857,0.11417919618998139
textvqa,m3,500,500,False,42,Adaptive TS (ATS),11.707719484307935,10.927081510830297,0.8393810444874275,0.17108807543774895,0.11707719484307935,0.10927081510830296
textvqa,m3,500,500,False,43,Adaptive TS (ATS),10.627305203992872,10.606329942525559,0.8394068343004513,0.1711704491743715,0.10627305203992872,0.10606329942525558
textvqa,m3,500,500,False,44,Adaptive TS (ATS),11.283697306487266,11.547467247550307,0.8392520954223083,0.17132035990212444,0.11283697306487266,0.11547467247550307
textvqa,m3,500,500,False,45,Adaptive TS (ATS),11.25575291138917,10.56346452385008,0.8391489361702127,0.17116922156999054,0.11255752911389169,0.1056346452385008
textvqa,m3,500,500,False,46,Adaptive TS (ATS),10.86977404282103,9.998099039731635,0.8395099935525467,0.17104160459970516,0.1086977404282103,0.09998099039731634
textvqa,m3,1000,1000,False,42,Adaptive TS (ATS),11.772665108001737,10.042881846743985,0.8391231463571889,0.17088565488436147,0.11772665108001737,0.10042881846743985
textvqa,m3,1000,1000,False,43,Adaptive TS (ATS),10.866810709554468,11.042819347714133,0.8390457769181172,0.17095780452403436,0.10866810709554468,0.11042819347714133
textvqa,m3,1000,1000,False,44,Adaptive TS (ATS),11.292704401537016,9.802075981070121,0.8389684074790458,0.17098948427187388,0.11292704401537015,0.09802075981070121
textvqa,m3,1000,1000,False,45,Adaptive TS (ATS),11.807153333415124,10.159878950366572,0.8389684074790458,0.1709488380647241,0.11807153333415124,0.10159878950366573
textvqa,m3,1000,1000,False,46,Adaptive TS (ATS),11.314189234043585,9.70377389466075,0.8390973565441651,0.17098732510697695,0.11314189234043585,0.09703773894660751
textvqa,m3,1500,1500,False,42,Adaptive TS (ATS),11.294739268284701,9.632662005205669,0.8389941972920697,0.17097164447376736,0.11294739268284701,0.0963266200520567
textvqa,m3,1500,1500,False,43,Adaptive TS (ATS),11.321186420256241,10.130981462891796,0.838916827852998,0.17094852889334514,0.1132118642025624,0.10130981462891796
textvqa,m3,1500,1500,False,44,Adaptive TS (ATS),11.278349764646126,9.607005963236638,0.8389941972920696,0.1710053268188915,0.11278349764646127,0.09607005963236638
textvqa,m3,1500,1500,False,45,Adaptive TS (ATS),11.327158267031336,10.03669156589404,0.8390199871050935,0.1709555446891467,0.11327158267031337,0.1003669156589404
textvqa,m3,1500,1500,False,46,Adaptive TS (ATS),11.308914854712896,10.155627318092469,0.8389426176660219,0.1709618250339801,0.11308914854712895,0.1015562731809247
textvqa,m3,Full,1600,True,42,Adaptive TS (ATS),11.312529541305269,10.147228816288793,0.8389684074790458,0.1709578881144617,0.11312529541305269,0.10147228816288793
textvqa,m3,Full,1600,True,43,Adaptive TS (ATS),11.312529541305269,10.147228816288793,0.8389684074790458,0.1709578881144617,0.11312529541305269,0.10147228816288793
textvqa,m3,Full,1600,True,44,Adaptive TS (ATS),11.312529541305269,10.147228816288793,0.8389684074790458,0.1709578881144617,0.11312529541305269,0.10147228816288793
textvqa,m3,Full,1600,True,45,Adaptive TS (ATS),11.312529541305269,10.147228816288793,0.8389684074790458,0.1709578881144617,0.11312529541305269,0.10147228816288793
textvqa,m3,Full,1600,True,46,Adaptive TS (ATS),11.312529541305269,10.147228816288793,0.8389684074790458,0.1709578881144617,0.11312529541305269,0.10147228816288793
vizwiz-vqa,m3,50,50,False,42,Adaptive TS (ATS),15.356736455326612,15.356736455326613,0.7918489583333335,0.20609132675184236,0.1535673645532661,0.15356736455326614
vizwiz-vqa,m3,50,50,False,43,Adaptive TS (ATS),14.854612667507453,14.537484427010142,0.793046875,0.2092769226725978,0.14854612667507452,0.14537484427010142
vizwiz-vqa,m3,50,50,False,44,Adaptive TS (ATS),14.956576493412957,14.875433949446027,0.7931249999999999,0.20713422965387437,0.14956576493412957,0.14875433949446026
vizwiz-vqa,m3,50,50,False,45,Adaptive TS (ATS),14.700796326854793,14.39111931144048,0.7911458333333334,0.20544327311744467,0.14700796326854793,0.1439111931144048
vizwiz-vqa,m3,50,50,False,46,Adaptive TS (ATS),16.496141234304222,16.033783657722488,0.7930208333333334,0.21832101773679097,0.16496141234304224,0.1603378365772249
vizwiz-vqa,m3,100,100,False,42,Adaptive TS (ATS),14.9181699214947,14.930139475539484,0.7921354166666666,0.2057318181597042,0.149181699214947,0.14930139475539483
vizwiz-vqa,m3,100,100,False,43,Adaptive TS (ATS),15.04754872802954,14.26372250560664,0.7924739583333333,0.20917287226225104,0.1504754872802954,0.1426372250560664
vizwiz-vqa,m3,100,100,False,44,Adaptive TS (ATS),15.026794854352355,15.026794854352351,0.7928125,0.20603114970043981,0.15026794854352354,0.15026794854352352
vizwiz-vqa,m3,100,100,False,45,Adaptive TS (ATS),14.445728530816146,14.445728530816151,0.7914843749999999,0.20593366903508453,0.14445728530816146,0.14445728530816151
vizwiz-vqa,m3,100,100,False,46,Adaptive TS (ATS),15.891281178701158,15.624630597483266,0.7931250000000001,0.21660678779223666,0.15891281178701158,0.15624630597483266
vizwiz-vqa,m3,200,200,False,42,Adaptive TS (ATS),15.146028947413233,15.146028947413237,0.7927604166666666,0.20559724185625783,0.15146028947413234,0.15146028947413237
vizwiz-vqa,m3,200,200,False,43,Adaptive TS (ATS),14.85365123882771,14.853651238827718,0.7920572916666666,0.20608105702815796,0.14853651238827711,0.14853651238827717
vizwiz-vqa,m3,200,200,False,44,Adaptive TS (ATS),15.248767281399115,15.248767281399106,0.7925520833333333,0.2058321073246999,0.15248767281399114,0.15248767281399106
vizwiz-vqa,m3,200,200,False,45,Adaptive TS (ATS),14.924675742849459,14.949228992721638,0.7919270833333334,0.2049791491021233,0.14924675742849458,0.1494922899272164
vizwiz-vqa,m3,200,200,False,46,Adaptive TS (ATS),14.603310603557365,14.780987602832571,0.7926041666666667,0.20621715572476276,0.14603310603557365,0.1478098760283257
vizwiz-vqa,m3,500,500,False,42,Adaptive TS (ATS),15.10245977254327,15.290104667931251,0.7921093750000001,0.20584052748992668,0.1510245977254327,0.1529010466793125
vizwiz-vqa,m3,500,500,False,43,Adaptive TS (ATS),14.909606529805805,14.909606529805805,0.7928385416666666,0.20627048359724298,0.14909606529805805,0.14909606529805805
vizwiz-vqa,m3,500,500,False,44,Adaptive TS (ATS),14.58104378452848,14.77183078013741,0.7928645833333332,0.2067062171682373,0.1458104378452848,0.1477183078013741
vizwiz-vqa,m3,500,500,False,45,Adaptive TS (ATS),15.20801493437946,15.265159668672034,0.7925260416666666,0.20549863689810557,0.1520801493437946,0.15265159668672035
vizwiz-vqa,m3,500,500,False,46,Adaptive TS (ATS),14.971839253673,14.971839253672991,0.7923177083333335,0.2055268885192653,0.14971839253673,0.14971839253672992
vizwiz-vqa,m3,1000,1000,False,42,Adaptive TS (ATS),14.74560900590923,14.745609005909227,0.792421875,0.20591635419577162,0.1474560900590923,0.14745609005909227
vizwiz-vqa,m3,1000,1000,False,43,Adaptive TS (ATS),14.76966716230949,14.769667162309483,0.7928125,0.20624017260145777,0.1476966716230949,0.14769667162309483
vizwiz-vqa,m3,1000,1000,False,44,Adaptive TS (ATS),14.686320806102335,14.856411426159308,0.7926822916666667,0.20637512789581905,0.14686320806102335,0.14856411426159308
vizwiz-vqa,m3,1000,1000,False,45,Adaptive TS (ATS),15.00008524938481,15.00008524938481,0.79265625,0.2056821936254217,0.1500008524938481,0.1500008524938481
vizwiz-vqa,m3,1000,1000,False,46,Adaptive TS (ATS),14.977479002388247,14.97747900238825,0.7924479166666667,0.20557695612405927,0.14977479002388247,0.1497747900238825
vizwiz-vqa,m3,1500,1500,False,42,Adaptive TS (ATS),14.819113480068433,14.81911348006843,0.7925520833333334,0.20589903121779066,0.14819113480068433,0.1481911348006843
vizwiz-vqa,m3,1500,1500,False,43,Adaptive TS (ATS),14.848368158811907,14.848368158811907,0.7925781249999999,0.2057973732044212,0.14848368158811906,0.14848368158811906
vizwiz-vqa,m3,1500,1500,False,44,Adaptive TS (ATS),14.795173797610598,14.795173797610595,0.7925520833333333,0.2058775960764902,0.14795173797610597,0.14795173797610595
vizwiz-vqa,m3,1500,1500,False,45,Adaptive TS (ATS),14.81805597670283,14.818055976702821,0.7926041666666668,0.20590517481139542,0.1481805597670283,0.1481805597670282
vizwiz-vqa,m3,1500,1500,False,46,Adaptive TS (ATS),14.831441901497522,14.831441901497518,0.7926822916666667,0.20579989562699325,0.14831441901497522,0.1483144190149752
vizwiz-vqa,m3,Full,1600,True,42,Adaptive TS (ATS),14.871674966247442,14.87167496624744,0.7925260416666666,0.2057799273022668,0.14871674966247442,0.1487167496624744
vizwiz-vqa,m3,Full,1600,True,43,Adaptive TS (ATS),14.871674966247442,14.87167496624744,0.7925260416666666,0.2057799273022668,0.14871674966247442,0.1487167496624744
vizwiz-vqa,m3,Full,1600,True,44,Adaptive TS (ATS),14.871674966247442,14.87167496624744,0.7925260416666666,0.2057799273022668,0.14871674966247442,0.1487167496624744
vizwiz-vqa,m3,Full,1600,True,45,Adaptive TS (ATS),14.871674966247442,14.87167496624744,0.7925260416666666,0.2057799273022668,0.14871674966247442,0.1487167496624744
vizwiz-vqa,m3,Full,1600,True,46,Adaptive TS (ATS),14.871674966247442,14.87167496624744,0.7925260416666666,0.2057799273022668,0.14871674966247442,0.1487167496624744
vqav2,m3,50,50,False,42,Adaptive TS (ATS),6.7176815496566515,7.064790006938897,0.7891048824593129,0.13649779319968178,0.06717681549656651,0.07064790006938897
vqav2,m3,50,50,False,43,Adaptive TS (ATS),8.480681484790576,8.878545326422387,0.7823236889692586,0.14173276652374248,0.08480681484790577,0.08878545326422387
vqav2,m3,50,50,False,44,Adaptive TS (ATS),8.09590837211279,8.836586882497695,0.7824367088607594,0.13830785311201332,0.08095908372112791,0.08836586882497695
vqav2,m3,50,50,False,45,Adaptive TS (ATS),9.35002530255372,9.197767478901948,0.8001054852320675,0.14014912419696415,0.09350025302553719,0.09197767478901948
vqav2,m3,50,50,False,46,Adaptive TS (ATS),8.804275758833185,10.201759828262977,0.7835669077757684,0.14023878041662377,0.08804275758833185,0.10201759828262977
vqav2,m3,100,100,False,42,Adaptive TS (ATS),6.727298094263082,8.420608502020196,0.7801763110307414,0.137665556992825,0.06727298094263082,0.08420608502020197
vqav2,m3,100,100,False,43,Adaptive TS (ATS),8.307813143489822,8.467964950955466,0.7839813140446052,0.13981081420328612,0.08307813143489823,0.08467964950955466
vqav2,m3,100,100,False,44,Adaptive TS (ATS),9.570014664534474,10.323851550199919,0.7668776371308016,0.1447872864659652,0.09570014664534474,0.10323851550199918
vqav2,m3,100,100,False,45,Adaptive TS (ATS),9.561923913284788,8.978596474330146,0.7939270644966847,0.1411612941311308,0.09561923913284788,0.08978596474330146
vqav2,m3,100,100,False,46,Adaptive TS (ATS),6.886759537093582,7.757907749989969,0.7830018083182639,0.1372909716438661,0.06886759537093581,0.07757907749989969
vqav2,m3,200,200,False,42,Adaptive TS (ATS),7.434902512185618,7.614909947477642,0.7864677516576251,0.13700299982290465,0.07434902512185618,0.07614909947477642
vqav2,m3,200,200,False,43,Adaptive TS (ATS),7.748420038704605,7.969054923709012,0.7877486437613019,0.13904891278837955,0.07748420038704605,0.07969054923709012
vqav2,m3,200,200,False,44,Adaptive TS (ATS),9.127731121806152,9.202592644722998,0.7722272453285111,0.14234279310169645,0.09127731121806151,0.09202592644722997
vqav2,m3,200,200,False,45,Adaptive TS (ATS),8.932845698320099,8.157909460954805,0.791327606992164,0.14006624729926162,0.089328456983201,0.08157909460954806
vqav2,m3,200,200,False,46,Adaptive TS (ATS),6.795616096479075,6.337578862969353,0.7901974080771549,0.1361463961603119,0.06795616096479075,0.06337578862969352
vqav2,m3,500,500,False,42,Adaptive TS (ATS),7.198038293543968,7.7972237121346755,0.7897076552139843,0.1373731095667371,0.07198038293543968,0.07797223712134675
vqav2,m3,500,500,False,43,Adaptive TS (ATS),7.778774020049273,8.711728801092947,0.7901974080771549,0.137800023457207,0.07778774020049273,0.08711728801092947
vqav2,m3,500,500,False,44,Adaptive TS (ATS),8.034837730124131,8.927563291139377,0.7741485834840265,0.1391745868825324,0.08034837730124132,0.08927563291139376
vqav2,m3,500,500,False,45,Adaptive TS (ATS),7.149839863235963,7.836768903140529,0.7882383966244725,0.13731768648253725,0.07149839863235963,0.07836768903140529
vqav2,m3,500,500,False,46,Adaptive TS (ATS),8.319832643677131,8.244526319737336,0.7837176009644363,0.13965607077111397,0.08319832643677132,0.08244526319737336
vqav2,m3,1000,1000,False,42,Adaptive TS (ATS),7.679280237749307,8.854184041837172,0.7874849306811331,0.13854169488126483,0.07679280237749307,0.08854184041837172
vqav2,m3,1000,1000,False,43,Adaptive TS (ATS),7.270417898632897,6.811238610913224,0.7883514165159734,0.13741931527260084,0.07270417898632897,0.06811238610913224
vqav2,m3,1000,1000,False,44,Adaptive TS (ATS),7.3185211680882185,8.649060788015039,0.7871458710066304,0.1385237764111485,0.07318521168088218,0.08649060788015038
vqav2,m3,1000,1000,False,45,Adaptive TS (ATS),7.056185166959711,7.500268250761473,0.7875979505726342,0.13789767663753608,0.07056185166959711,0.07500268250761473
vqav2,m3,1000,1000,False,46,Adaptive TS (ATS),7.667515700944786,8.500445716285213,0.7879746835443037,0.138564331378971,0.07667515700944785,0.08500445716285214
vqav2,m3,1500,1500,False,42,Adaptive TS (ATS),7.504310683857549,7.890636950730642,0.7881253767329717,0.13810856233349994,0.07504310683857549,0.07890636950730642
vqav2,m3,1500,1500,False,43,Adaptive TS (ATS),7.095512677585171,7.611126781757147,0.7874472573839663,0.13808244038674192,0.07095512677585171,0.07611126781757147
vqav2,m3,1500,1500,False,44,Adaptive TS (ATS),7.120177570451997,9.00767724421274,0.7885397830018083,0.13809220420353804,0.07120177570451997,0.0900767724421274
vqav2,m3,1500,1500,False,45,Adaptive TS (ATS),7.102345465253439,8.596416268858523,0.7883137432188064,0.13816331655912298,0.07102345465253439,0.08596416268858523
vqav2,m3,1500,1500,False,46,Adaptive TS (ATS),6.964392296598987,7.580183478181874,0.7885774562989754,0.13788110442330365,0.06964392296598987,0.07580183478181875
vqav2,m3,Full,1600,True,42,Adaptive TS (ATS),7.523845715817759,8.392456867186212,0.7882007233273055,0.1381179177878043,0.07523845715817759,0.08392456867186211
vqav2,m3,Full,1600,True,43,Adaptive TS (ATS),7.523845715817759,8.392456867186212,0.7882007233273055,0.1381179177878043,0.07523845715817759,0.08392456867186211
vqav2,m3,Full,1600,True,44,Adaptive TS (ATS),7.523845715817759,8.392456867186212,0.7882007233273055,0.1381179177878043,0.07523845715817759,0.08392456867186211
vqav2,m3,Full,1600,True,45,Adaptive TS (ATS),7.523845715817759,8.392456867186212,0.7882007233273055,0.1381179177878043,0.07523845715817759,0.08392456867186211
vqav2,m3,Full,1600,True,46,Adaptive TS (ATS),7.523845715817759,8.392456867186212,0.7882007233273055,0.1381179177878043,0.07523845715817759,0.08392456867186211
