dataset,arch,budget,method,adaptive_ece_percent_mean,adaptive_ece_percent_std,ece_percent_mean,ece_percent_std,auroc_mean,auroc_std,brier_mean,brier_std,effective_n_mean,effective_n_std,is_capped
ai2d,m3,100,Adaptive TS (ATS),13.030461313780268,0.6907670811010641,8.6227573171125,0.04480032408801727,0.6210950328407225,0.0038733250766238747,0.24759014760391157,4.836849563063452e-05,100.0,0.0,False
ai2d,m3,100,Naive Confidence (NC),41.999016251541335,0.0,41.99901625154132,0.0,0.6142882799671593,0.0,0.4199892636236126,0.0,100.0,0.0,False
ai2d,m3,100,Platt Scaling (1D),7.945259665628325,0.324938360728624,4.681053928256459,1.3559296460711934,0.6142882799671593,0.0,0.23699517524128716,0.0005051959404311645,100.0,0.0,False
ai2d,m3,100,Temperature Scaling (TS),12.183677193205748,0.0,8.617470142125832,0.0,0.6142882799671593,0.0,0.2476932132864101,0.0,100.0,0.0,False
ai2d,m3,100,Trajectory Platt (5D),10.373080114711776,1.9237624043022181,9.55014562352444,2.4838504628855445,0.6278042898193761,0.06388831541108565,0.23629450651932102,0.011623171935678266,100.0,0.0,False
ai2d,m3,100,VCPS-5D (Our Method),9.843880261386904,1.589185041886951,7.73806343214317,0.7601368049960985,0.6313295361247947,0.044697769503229054,0.23489339008877605,0.007379013802981739,100.0,0.0,False
ai2d,m3,1000,Adaptive TS (ATS),12.861689902396552,0.4225609277357024,8.640058529957393,0.004404576956586946,0.6241327996715927,0.000986019786329098,0.24756289879527174,6.967596067060726e-06,1000.0,0.0,False
ai2d,m3,1000,Naive Confidence (NC),41.999016251541335,0.0,41.99901625154132,0.0,0.6142882799671593,0.0,0.4199892636236126,0.0,1000.0,0.0,False
ai2d,m3,1000,Platt Scaling (1D),7.707516468226309,0.03724418291161344,4.884840579739003,0.716517656814969,0.6142882799671593,0.0,0.23680212837036177,0.00017128957152834497,1000.0,0.0,False
ai2d,m3,1000,Temperature Scaling (TS),12.183677193205748,0.0,8.617470142125832,0.0,0.6142882799671593,0.0,0.2476932132864101,0.0,1000.0,0.0,False
ai2d,m3,1000,Trajectory Platt (5D),11.025951408594846,0.476927459921173,8.059583463519811,1.2454139137181135,0.6611478858784894,0.004050389542823504,0.22871477749545016,0.000965749402652805,1000.0,0.0,False
ai2d,m3,1000,VCPS-5D (Our Method),9.484116045734169,1.3970545234024345,6.466733008164108,1.2122490611943726,0.6531891420361248,0.0014399165672606667,0.22936250578565395,0.0007867860861044083,1000.0,0.0,False
ai2d,m3,1500,Adaptive TS (ATS),12.861356756307202,0.42364667886737933,8.638767007633335,0.005248886823014899,0.6241815476190476,0.0007670486475798409,0.24756379902564155,2.859499813268288e-06,1500.0,0.0,False
ai2d,m3,1500,Naive Confidence (NC),41.999016251541335,0.0,41.99901625154132,0.0,0.6142882799671593,0.0,0.4199892636236126,0.0,1500.0,0.0,False
ai2d,m3,1500,Platt Scaling (1D),7.705632613169641,0.014549772593962762,5.236325876896913,0.5915357002704821,0.6142882799671593,0.0,0.23695643756089085,0.00015531798262494986,1500.0,0.0,False
ai2d,m3,1500,Temperature Scaling (TS),12.183677193205748,0.0,8.617470142125832,0.0,0.6142882799671593,0.0,0.2476932132864101,0.0,1500.0,0.0,False
ai2d,m3,1500,Trajectory Platt (5D),10.547386583685874,0.30699070032231435,8.484855031967163,0.8735373313613907,0.661214593596059,0.0006230698093483541,0.22887322830692755,0.00013298561695934477,1500.0,0.0,False
ai2d,m3,1500,VCPS-5D (Our Method),10.828820964140053,0.9440629883402478,6.587215510618857,0.10968537570576654,0.6526298234811165,0.0008946101122158701,0.22950341275895164,0.0001708658184329181,1500.0,0.0,False
ai2d,m3,200,Adaptive TS (ATS),12.67574486009913,0.5055297402130537,8.631883760294539,0.05055042474736598,0.6221033456486043,0.004030625531307381,0.24756982469772915,1.1168015456279037e-05,200.0,0.0,False
ai2d,m3,200,Naive Confidence (NC),41.999016251541335,0.0,41.99901625154132,0.0,0.6142882799671593,0.0,0.4199892636236126,0.0,200.0,0.0,False
ai2d,m3,200,Platt Scaling (1D),7.749751547444274,0.04446422730143267,4.335514623476318,1.5577324873108154,0.6142882799671593,0.0,0.23640098598411607,4.637368356815456e-05,200.0,0.0,False
ai2d,m3,200,Temperature Scaling (TS),12.183677193205748,0.0,8.617470142125832,0.0,0.6142882799671593,0.0,0.2476932132864101,0.0,200.0,0.0,False
ai2d,m3,200,Trajectory Platt (5D),9.542392309568823,1.2116701179081824,7.046915386058392,2.2091838934485093,0.6525579844006568,0.02808531751682976,0.23006481393038997,0.004203521061783776,200.0,0.0,False
ai2d,m3,200,VCPS-5D (Our Method),9.828400296974115,1.973588441221107,7.048308309414518,1.2104151727439296,0.6485093390804598,0.017173441984062482,0.23013184009839777,0.0033447744095238484,200.0,0.0,False
ai2d,m3,50,Adaptive TS (ATS),12.945445137686082,0.7657426133767292,8.76732213109851,0.28863491322127843,0.6067657019704434,0.0347705033802132,0.2482967346586392,0.0014887358190052843,50.0,0.0,False
ai2d,m3,50,Naive Confidence (NC),41.999016251541335,0.0,41.99901625154132,0.0,0.6142882799671593,0.0,0.4199892636236126,0.0,50.0,0.0,False
ai2d,m3,50,Platt Scaling (1D),8.317604204359188,0.6946393518090158,4.3880916797123195,2.3173781470409853,0.6142882799671593,0.0,0.2380759672181425,0.0019662461275478348,50.0,0.0,False
ai2d,m3,50,Temperature Scaling (TS),12.183677193205748,0.0,8.617470142125832,0.0,0.6142882799671593,0.0,0.2476932132864101,0.0,50.0,0.0,False
ai2d,m3,50,Trajectory Platt (5D),12.084435984083385,4.686610866691237,10.996842951663703,5.144257538110025,0.5897988505747127,0.08612621402538238,0.24966138553884792,0.02521964495173595,50.0,0.0,False
ai2d,m3,50,VCPS-5D (Our Method),12.543667789824351,4.579314378210063,11.376488089328904,6.2054364930374755,0.6152888957307061,0.07596889826834805,0.24819588665620845,0.03001730005153814,50.0,0.0,False
ai2d,m3,500,Adaptive TS (ATS),12.67200377294144,0.47070834178201737,8.635539311334169,0.016517117083998955,0.6236068349753694,0.0008262430434518788,0.24756542668849962,9.901301887160517e-06,500.0,0.0,False
ai2d,m3,500,Naive Confidence (NC),41.999016251541335,0.0,41.99901625154132,0.0,0.6142882799671593,0.0,0.4199892636236126,0.0,500.0,0.0,False
ai2d,m3,500,Platt Scaling (1D),7.7175716135696275,0.05757692706430241,5.127309856816648,0.20670788643809665,0.6142882799671593,0.0,0.2366488756158777,0.00014469169151028977,500.0,0.0,False
ai2d,m3,500,Temperature Scaling (TS),12.183677193205748,0.0,8.617470142125832,0.0,0.6142882799671593,0.0,0.2476932132864101,0.0,500.0,0.0,False
ai2d,m3,500,Trajectory Platt (5D),10.468858233839274,0.7730355527791959,8.908708972483874,0.6104891625722879,0.6631568144499178,0.0009812934959676695,0.22868613297100113,0.0009108290812082046,500.0,0.0,False
ai2d,m3,500,VCPS-5D (Our Method),10.730938109318696,1.7725239015950445,7.248648391863955,0.675792027515013,0.6528658661740558,0.0023936996639703292,0.22951909655402275,0.0009988060781167326,500.0,0.0,False
ai2d,m3,Full,Adaptive TS (ATS),13.14680222420625,0.0,8.640555693975747,0.0,0.6246279761904763,0.0,0.24756389453635652,0.0,1600.0,0.0,True
ai2d,m3,Full,Naive Confidence (NC),41.999016251541335,0.0,41.99901625154132,0.0,0.6142882799671593,0.0,0.4199892636236126,0.0,1600.0,0.0,True
ai2d,m3,Full,Platt Scaling (1D),7.697978394803124,0.0,5.633874101381699,0.0,0.6142882799671593,0.0,0.2370488162569646,0.0,1600.0,0.0,True
ai2d,m3,Full,Temperature Scaling (TS),12.183677193205748,0.0,8.617470142125832,0.0,0.6142882799671593,0.0,0.2476932132864101,0.0,1600.0,0.0,True
ai2d,m3,Full,Trajectory Platt (5D),11.150942761451008,0.0,8.606517631560568,0.0,0.6613300492610839,0.0,0.22894420189955902,0.0,1600.0,0.0,True
ai2d,m3,Full,VCPS-5D (Our Method),10.769625283888107,0.0,6.420501344248757,0.0,0.6527735016420362,0.0,0.22955106369611808,0.0,1600.0,0.0,True
chartqa,m3,100,Adaptive TS (ATS),44.45402391487862,0.007644807515269168,44.45402391487861,0.007644807515263573,0.8070530577455785,0.0001506726574017945,0.2781027832384337,4.1042402160061035e-05,100.0,0.0,False
chartqa,m3,100,Naive Confidence (NC),71.02881964776337,0.0,71.02881964776336,0.0,0.8071595994033667,0.0,0.6151007746587842,0.0,100.0,0.0,False
chartqa,m3,100,Platt Scaling (1D),5.327495111233498,1.3245956110382722,4.598374691753678,1.540505813930364,0.8071595994033667,0.0,0.07953401801871565,0.0038546780142229555,100.0,0.0,False
chartqa,m3,100,Temperature Scaling (TS),44.467392062085054,0.0,44.46739206208505,0.0,0.8071595994033667,0.0,0.2782103278546681,0.0,100.0,0.0,False
chartqa,m3,100,Trajectory Platt (5D),5.672348540992244,0.7049020353516021,4.531677925511031,0.8467136339958954,0.7856381845301513,0.02605683603023528,0.08196292898655347,0.0029355977074277907,100.0,0.0,False
chartqa,m3,100,VCPS-5D (Our Method),5.489837576282476,1.1618344292764016,4.301428083277308,1.1583386018253816,0.8052418495631792,0.005542897369167321,0.08134866031284094,0.0037253486408495274,100.0,0.0,False
chartqa,m3,1000,Adaptive TS (ATS),44.44983221338937,1.3953180822213256e-05,44.449832213389364,1.3953180821450937e-05,0.8071595994033667,0.0,0.27807705845755676,1.2783336762687104e-07,1000.0,0.0,False
chartqa,m3,1000,Naive Confidence (NC),71.02881964776337,0.0,71.02881964776336,0.0,0.8071595994033667,0.0,0.6151007746587842,0.0,1000.0,0.0,False
chartqa,m3,1000,Platt Scaling (1D),3.643824354694935,0.34187422375495946,3.2576986923608793,0.3271859175874907,0.8071595994033667,0.0,0.07549592674790769,0.000414843597920418,1000.0,0.0,False
chartqa,m3,1000,Temperature Scaling (TS),44.467392062085054,0.0,44.46739206208505,0.0,0.8071595994033667,0.0,0.2782103278546681,0.0,1000.0,0.0,False
chartqa,m3,1000,Trajectory Platt (5D),3.1491164478706195,0.46536436236407186,2.8544329556403683,0.7207863091070011,0.8117195823567014,0.005253991067552453,0.07612294274708004,0.001106265792096157,1000.0,0.0,False
chartqa,m3,1000,VCPS-5D (Our Method),3.8782008715104466,0.4188036408531151,3.0673968154351803,0.4391983466976722,0.8075147382626607,0.00032934222940178705,0.0755794271884416,0.0005098875625573051,1000.0,0.0,False
chartqa,m3,1500,Adaptive TS (ATS),44.44982768727039,3.572906677405053e-06,44.44982768727039,3.572906677405053e-06,0.8071595994033667,0.0,0.2780770140510929,3.419902409661439e-08,1500.0,0.0,False
chartqa,m3,1500,Naive Confidence (NC),71.02881964776337,0.0,71.02881964776336,0.0,0.8071595994033667,0.0,0.6151007746587842,0.0,1500.0,0.0,False
chartqa,m3,1500,Platt Scaling (1D),3.6193273510799315,0.12476264199435781,3.3246229720224094,0.150507593280987,0.8071595994033667,0.0,0.07545523950469508,0.00013594206181548083,1500.0,0.0,False
chartqa,m3,1500,Temperature Scaling (TS),44.467392062085054,0.0,44.46739206208505,0.0,0.8071595994033667,0.0,0.2782103278546681,0.0,1500.0,0.0,False
chartqa,m3,1500,Trajectory Platt (5D),3.04295127405785,0.1531501874519094,2.977286229422316,0.5522322155296976,0.8177143263015839,0.0021252620307009753,0.0752549692310034,0.0003973203405198658,1500.0,0.0,False
chartqa,m3,1500,VCPS-5D (Our Method),4.084950192250776,0.12621660303326573,3.3694829214189874,0.3071565768412272,0.8078130549044676,0.00033840838836769754,0.0752491826776156,0.00018663443783141376,1500.0,0.0,False
chartqa,m3,200,Adaptive TS (ATS),44.45260036047055,0.0057625267487229825,44.45260036047055,0.00576252674871972,0.8071809077349243,9.260888422764747e-05,0.27809158618662466,2.7989068944000122e-05,200.0,0.0,False
chartqa,m3,200,Naive Confidence (NC),71.02881964776337,0.0,71.02881964776336,0.0,0.8071595994033667,0.0,0.6151007746587842,0.0,200.0,0.0,False
chartqa,m3,200,Platt Scaling (1D),4.318595662000893,0.8273137199039405,3.488367125907639,0.5571554001931245,0.8071595994033667,0.0,0.07672030099425098,0.0016442705047716626,200.0,0.0,False
chartqa,m3,200,Temperature Scaling (TS),44.467392062085054,0.0,44.46739206208505,0.0,0.8071595994033667,0.0,0.2782103278546681,0.0,200.0,0.0,False
chartqa,m3,200,Trajectory Platt (5D),4.312466558720916,0.9046820503641793,4.049942398164422,1.1385134948487736,0.7893458342211804,0.027705401922358038,0.07901900138199965,0.0028916992373477146,200.0,0.0,False
chartqa,m3,200,VCPS-5D (Our Method),4.301210928925849,1.0367448769525325,4.244533746187111,0.7225907439576797,0.8072448327295974,0.0030039793614413065,0.07720051355625043,0.0015772798238057636,200.0,0.0,False
chartqa,m3,50,Adaptive TS (ATS),44.45068264962895,0.0016819825656412466,44.450682649628945,0.0016819825656429728,0.8071169827402513,6.352917046664427e-05,0.27808451725080097,1.400672962120818e-05,50.0,0.0,False
chartqa,m3,50,Naive Confidence (NC),71.02881964776337,0.0,71.02881964776336,0.0,0.8071595994033667,0.0,0.6151007746587842,0.0,50.0,0.0,False
chartqa,m3,50,Platt Scaling (1D),5.111422098251339,0.8902121597113899,4.18856464198201,1.387386653954188,0.8071595994033667,0.0,0.07860096832244474,0.0026776987047884573,50.0,0.0,False
chartqa,m3,50,Temperature Scaling (TS),44.467392062085054,0.0,44.46739206208505,0.0,0.8071595994033667,0.0,0.2782103278546681,0.0,50.0,0.0,False
chartqa,m3,50,Trajectory Platt (5D),4.548006789665669,0.9331646789472571,4.291328588686883,0.8911625639588067,0.7852262234533702,0.01896224688617149,0.07762366464425552,0.0027683868396604257,50.0,0.0,False
chartqa,m3,50,VCPS-5D (Our Method),4.972685899470718,0.8041843818574114,4.61693581037306,0.8284807725671445,0.8085801548405426,0.0035407183977880625,0.07856929832107111,0.0029352887923272428,50.0,0.0,False
chartqa,m3,500,Adaptive TS (ATS),44.449885284951336,5.071923358184257e-05,44.44988528495133,5.0719233580685555e-05,0.8071311882946232,6.352917046664814e-05,0.27807769576661695,6.538393610793126e-07,500.0,0.0,False
chartqa,m3,500,Naive Confidence (NC),71.02881964776337,0.0,71.02881964776336,0.0,0.8071595994033667,0.0,0.6151007746587842,0.0,500.0,0.0,False
chartqa,m3,500,Platt Scaling (1D),3.6164454340680665,0.36819138950221275,2.9687410561106793,0.39266128526370947,0.8071595994033667,0.0,0.07544609222862868,0.00035507605049473476,500.0,0.0,False
chartqa,m3,500,Temperature Scaling (TS),44.467392062085054,0.0,44.46739206208505,0.0,0.8071595994033667,0.0,0.2782103278546681,0.0,500.0,0.0,False
chartqa,m3,500,Trajectory Platt (5D),3.7977276540361347,0.7144386082821704,3.0811888506636023,1.5119266294486946,0.8009517721429079,0.011840203874176876,0.07671313324299403,0.001711272875693757,500.0,0.0,False
chartqa,m3,500,VCPS-5D (Our Method),3.844868964181212,0.44663028053170345,3.4306158409992316,1.1393271250694295,0.8070743660771361,0.0015877527213959191,0.07559334597002723,0.0007604493617163527,500.0,0.0,False
chartqa,m3,Full,Adaptive TS (ATS),44.44982781918081,0.0,44.449827819180804,0.0,0.8071595994033667,0.0,0.2780770148964922,0.0,1600.0,0.0,True
chartqa,m3,Full,Naive Confidence (NC),71.02881964776337,0.0,71.02881964776336,0.0,0.8071595994033667,0.0,0.6151007746587842,0.0,1600.0,0.0,True
chartqa,m3,Full,Platt Scaling (1D),3.621487069936613,0.0,3.231294959109261,0.0,0.8071595994033667,0.0,0.0754568695051227,0.0,1600.0,0.0,True
chartqa,m3,Full,Temperature Scaling (TS),44.467392062085054,0.0,44.46739206208505,0.0,0.8071595994033667,0.0,0.2782103278546681,0.0,1600.0,0.0,True
chartqa,m3,Full,Trajectory Platt (5D),2.8844345258548856,0.0,3.308638752438128,0.0,0.8182399318133392,0.0,0.0751886832475444,0.0,1600.0,0.0,True
chartqa,m3,Full,VCPS-5D (Our Method),4.100255646519231,0.0,3.046040381241048,0.0,0.8074437104908018,0.0,0.0752550008091546,0.0,1600.0,0.0,True
docvqa,m3,100,Adaptive TS (ATS),48.87223263665413,0.00010353716242101507,48.872232636654125,0.00010353716241841825,0.8449389179755672,6.503978992146182e-05,0.2794330185537869,1.207747115512315e-06,100.0,0.0,False
docvqa,m3,100,Naive Confidence (NC),74.56704132817687,0.0,74.56704132817687,0.0,0.8449680046538685,0.0,0.6430371250358768,0.0,100.0,0.0,False
docvqa,m3,100,Platt Scaling (1D),3.394425087724131,1.1127526427204397,2.9933326844269246,1.0295411848149814,0.8449680046538685,0.0,0.04332488544672108,0.005425713513096886,100.0,0.0,False
docvqa,m3,100,Temperature Scaling (TS),48.88637476492044,0.0,48.886374764920426,0.0,0.8449680046538685,0.0,0.2795655946700819,0.0,100.0,0.0,False
docvqa,m3,100,Trajectory Platt (5D),3.1623630592609517,1.4770287438203404,2.804364476086903,1.3699229498348882,0.8202152414194298,0.04260768998374744,0.04429366055890254,0.005826239116694871,100.0,0.0,False
docvqa,m3,100,VCPS-5D (Our Method),3.6793463983525867,2.278814373029874,3.426406386567315,2.163328969271228,0.8610529377545084,0.01853166123642118,0.047154089237742405,0.01243703226559379,100.0,0.0,False
docvqa,m3,1000,Adaptive TS (ATS),48.8722948305095,0.00011995101743118378,48.87229483050951,0.00011995101742750408,0.8449389179755672,6.503978992147733e-05,0.27943369174941834,1.3453683109382579e-06,1000.0,0.0,False
docvqa,m3,1000,Naive Confidence (NC),74.56704132817687,0.0,74.56704132817687,0.0,0.8449680046538685,0.0,0.6430371250358768,0.0,1000.0,0.0,False
docvqa,m3,1000,Platt Scaling (1D),2.53690385127323,0.06541985887877644,2.4941582772922244,0.24600412097719584,0.8449680046538685,0.0,0.04056422517359304,0.0001389095354766939,1000.0,0.0,False
docvqa,m3,1000,Temperature Scaling (TS),48.88637476492044,0.0,48.886374764920426,0.0,0.8449680046538685,0.0,0.2795655946700819,0.0,1000.0,0.0,False
docvqa,m3,1000,Trajectory Platt (5D),1.8643184196203948,0.39557841747311356,1.9024827362969519,0.27327737423231857,0.8818789994182664,0.010747517792462222,0.0381484937519585,0.0007875264597278604,1000.0,0.0,False
docvqa,m3,1000,VCPS-5D (Our Method),1.9138154442587987,0.11315277896239592,2.3810583667205747,0.22416795639278617,0.8631471785922049,0.0017811880037690337,0.03996408869421178,0.00021104693151897572,1000.0,0.0,False
docvqa,m3,1500,Adaptive TS (ATS),48.87227932032409,4.4414451138237755e-05,48.87227932032409,4.441445113874619e-05,0.8449389179755672,6.503978992147733e-05,0.27943352913137626,4.993648585799367e-07,1500.0,0.0,False
docvqa,m3,1500,Naive Confidence (NC),74.56704132817687,0.0,74.56704132817687,0.0,0.8449680046538685,0.0,0.6430371250358768,0.0,1500.0,0.0,False
docvqa,m3,1500,Platt Scaling (1D),2.517613229973661,0.013785570473489515,2.4450408252723155,0.21687742685669284,0.8449680046538685,0.0,0.0404808596737179,3.533598067041114e-05,1500.0,0.0,False
docvqa,m3,1500,Temperature Scaling (TS),48.88637476492044,0.0,48.886374764920426,0.0,0.8449680046538685,0.0,0.2795655946700819,0.0,1500.0,0.0,False
docvqa,m3,1500,Trajectory Platt (5D),1.8862657519115604,0.28616097687243597,2.021445261320332,0.18552426277801556,0.8871436881908086,0.00396289313363545,0.03774673508065884,0.0001604623684898212,1500.0,0.0,False
docvqa,m3,1500,VCPS-5D (Our Method),1.9177546391414293,0.04127525040419408,2.2693090945921113,0.07456779428948677,0.8634962187318207,0.000283501871576788,0.0398280084952433,4.8059477500560415e-05,1500.0,0.0,False
docvqa,m3,200,Adaptive TS (ATS),48.87258404517964,0.00044144439629888405,48.87258404517964,0.0004414443963000062,0.8447934845840605,0.0001896219431414163,0.2794364171516313,4.440791298124284e-06,200.0,0.0,False
docvqa,m3,200,Naive Confidence (NC),74.56704132817687,0.0,74.56704132817687,0.0,0.8449680046538685,0.0,0.6430371250358768,0.0,200.0,0.0,False
docvqa,m3,200,Platt Scaling (1D),2.7382066629961708,0.34875314271053015,2.5321415924071697,0.6330346794377577,0.8449680046538685,0.0,0.040917519192094944,0.0003116501415618356,200.0,0.0,False
docvqa,m3,200,Temperature Scaling (TS),48.88637476492044,0.0,48.886374764920426,0.0,0.8449680046538685,0.0,0.2795655946700819,0.0,200.0,0.0,False
docvqa,m3,200,Trajectory Platt (5D),2.6272112655286035,0.8150166347671823,2.286306084565149,0.5508991178880471,0.8393833624200117,0.04809016293585394,0.04053617203336746,0.002389606283470229,200.0,0.0,False
docvqa,m3,200,VCPS-5D (Our Method),2.46678734605169,0.4725160394509451,2.189689589596534,0.473972819647646,0.8622454915648632,0.004171429236137034,0.04075196525577826,0.0005214446947779234,200.0,0.0,False
docvqa,m3,50,Adaptive TS (ATS),48.87522781026577,0.005937072356422098,48.87522781026577,0.005937072356421985,0.8448225712623618,0.0003251989496073241,0.2794583867707655,5.0603709539357705e-05,50.0,0.0,False
docvqa,m3,50,Naive Confidence (NC),74.56704132817687,0.0,74.56704132817687,0.0,0.8449680046538685,0.0,0.6430371250358768,0.0,50.0,0.0,False
docvqa,m3,50,Platt Scaling (1D),2.954539707154587,0.5654930762075686,2.318957148692898,1.1021514264870675,0.8449680046538685,0.0,0.041878761493785596,0.0016625713065449158,50.0,0.0,False
docvqa,m3,50,Temperature Scaling (TS),48.88637476492044,0.0,48.886374764920426,0.0,0.8449680046538685,0.0,0.2795655946700819,0.0,50.0,0.0,False
docvqa,m3,50,Trajectory Platt (5D),3.339168572833023,0.9726947565695554,2.737612822104984,1.1091656708524344,0.7758871436881908,0.08686379884080969,0.04256378338874982,0.0031763784193962158,50.0,0.0,False
docvqa,m3,50,VCPS-5D (Our Method),5.987337603283202,2.946321683432319,6.221328083927867,3.5664384390055752,0.8378999418266433,0.019909135456972947,0.06642277929995544,0.028931769711288087,50.0,0.0,False
docvqa,m3,500,Adaptive TS (ATS),48.872374818150675,0.00018418514931820297,48.872374818150675,0.0001841851493214322,0.8448516579406633,0.00012167830519694157,0.27943453913657396,1.990454982801402e-06,500.0,0.0,False
docvqa,m3,500,Naive Confidence (NC),74.56704132817687,0.0,74.56704132817687,0.0,0.8449680046538685,0.0,0.6430371250358768,0.0,500.0,0.0,False
docvqa,m3,500,Platt Scaling (1D),2.589644442335558,0.0931122845468624,2.31971303597597,0.540964116405688,0.8449680046538685,0.0,0.040754675057053116,0.0002999403965403249,500.0,0.0,False
docvqa,m3,500,Temperature Scaling (TS),48.88637476492044,0.0,48.886374764920426,0.0,0.8449680046538685,0.0,0.2795655946700819,0.0,500.0,0.0,False
docvqa,m3,500,Trajectory Platt (5D),2.1336672273377193,0.41089465101637546,2.1327968400728423,0.5025763099765128,0.8804537521815009,0.007593238791277849,0.0380046563697562,0.0009562379361711381,500.0,0.0,False
docvqa,m3,500,VCPS-5D (Our Method),2.1664507805781343,0.22149348568710778,2.0090338410677746,0.23278633300552154,0.8652705061082024,0.003876011342947503,0.04011954280750894,0.000297155761376173,500.0,0.0,False
docvqa,m3,Full,Adaptive TS (ATS),48.87231513710394,0.0,48.872315137103946,0.0,0.8448225712623618,0.0,0.2794339339751686,0.0,1600.0,0.0,True
docvqa,m3,Full,Naive Confidence (NC),74.56704132817687,0.0,74.56704132817687,0.0,0.8449680046538685,0.0,0.6430371250358768,0.0,1600.0,0.0,True
docvqa,m3,Full,Platt Scaling (1D),2.520666481352701,0.0,2.620430292575468,0.0,0.8449680046538685,0.0,0.0404660874680699,0.0,1600.0,0.0,True
docvqa,m3,Full,Temperature Scaling (TS),48.88637476492044,0.0,48.886374764920426,0.0,0.8449680046538685,0.0,0.2795655946700819,0.0,1600.0,0.0,True
docvqa,m3,Full,Trajectory Platt (5D),1.8124417102371808,0.0,1.866713849682128,0.0,0.8875799883653286,0.0,0.0377092924260084,0.0,1600.0,0.0,True
docvqa,m3,Full,VCPS-5D (Our Method),1.9265058078214872,0.0,2.216123733694004,0.0,0.8637289121582314,0.0,0.0398013136705677,0.0,1600.0,0.0,True
gqa,m3,100,Adaptive TS (ATS),11.083904595445555,1.097285690095922,7.8166126474831525,0.21755565273936942,0.7067528371490523,0.003124935665824435,0.2055696098961212,0.0007707824565292829,100.0,0.0,False
gqa,m3,100,Naive Confidence (NC),32.554075359702004,0.0,32.554075359702004,0.0,0.6829573934837093,0.0,0.3223305070184981,0.0,100.0,0.0,False
gqa,m3,100,Platt Scaling (1D),7.256281568362863,1.1434060578237448,7.204998736725599,1.6593625577597348,0.6829573934837093,0.0,0.20033615685149925,0.0019793980962229014,100.0,0.0,False
gqa,m3,100,Temperature Scaling (TS),10.878471001369181,0.08661428014914718,8.347551281562048,0.7079593087801304,0.6829573934837093,0.0,0.20839761297420142,0.00031887434812413273,100.0,0.0,False
gqa,m3,100,Trajectory Platt (5D),10.322760304084477,1.3348120750196053,8.980555540716704,1.6157617144222012,0.6770775252738589,0.025982333117836078,0.21051561983604178,0.008780281635413506,100.0,0.0,False
gqa,m3,100,VCPS-5D (Our Method),7.039240250192597,2.1502790515351764,6.607020682381991,2.6798607772367578,0.7050660358762074,0.007810422363107389,0.1984225829080796,0.004002959804150498,100.0,0.0,False
gqa,m3,1000,Adaptive TS (ATS),11.194459884493844,0.6196799872417609,7.683208900733715,0.24438836758659385,0.709554785841007,0.0012404918668309619,0.20525998956558653,0.00017622714517382778,1000.0,0.0,False
gqa,m3,1000,Naive Confidence (NC),32.554075359702004,0.0,32.554075359702004,0.0,0.6829573934837093,0.0,0.3223305070184981,0.0,1000.0,0.0,False
gqa,m3,1000,Platt Scaling (1D),6.869716343261038,0.12549224615746524,6.279831002189503,0.7799148540900545,0.6829573934837093,0.0,0.19919993102007744,0.00034632524720876727,1000.0,0.0,False
gqa,m3,1000,Temperature Scaling (TS),10.852972462615693,0.028997531680578604,7.622830426802397,0.8618383586829226,0.6829573934837093,0.0,0.20819606950754377,3.8889476773642064e-05,1000.0,0.0,False
gqa,m3,1000,Trajectory Platt (5D),6.419431932456791,0.8770462336517829,5.99258027803153,0.5936429414116363,0.7062572160738927,0.0019598832402650114,0.19843866157857953,0.001357548267760978,1000.0,0.0,False
gqa,m3,1000,VCPS-5D (Our Method),6.975308679886515,1.2065940337370433,5.673929356758361,0.18699299846859227,0.7140716960941681,0.0008868479156550015,0.19339197207517742,0.0001713336685824716,1000.0,0.0,False
gqa,m3,1500,Adaptive TS (ATS),11.083105205009941,0.3838641957405002,7.632820709642796,0.23286422093104045,0.7085804398637042,0.0005509637960697827,0.20532235976783325,7.671636297706206e-05,1500.0,0.0,False
gqa,m3,1500,Naive Confidence (NC),32.554075359702004,0.0,32.554075359702004,0.0,0.6829573934837093,0.0,0.3223305070184981,0.0,1500.0,0.0,False
gqa,m3,1500,Platt Scaling (1D),6.864069945149123,0.06145667546803984,5.811965543614962,0.13165531202174155,0.6829573934837093,0.0,0.1990818765248515,8.099446816522096e-05,1500.0,0.0,False
gqa,m3,1500,Temperature Scaling (TS),10.851691060322098,0.01463163637189259,7.944899991190306,0.2999790410080454,0.6829573934837093,0.0,0.20819056832555421,1.7012036915987295e-05,1500.0,0.0,False
gqa,m3,1500,Trajectory Platt (5D),6.941235474310815,0.5043424243809125,6.671957481838763,1.2227574434111357,0.7070344400326659,0.0005020711703324511,0.19770980238574104,0.00037612398197714344,1500.0,0.0,False
gqa,m3,1500,VCPS-5D (Our Method),6.04578042780806,0.931696724899276,5.797714532022248,0.6107560605152215,0.7140773281518402,0.0007109008883177315,0.19332609591969913,6.431233511875109e-05,1500.0,0.0,False
gqa,m3,200,Adaptive TS (ATS),10.729115838224098,0.5681130616206695,8.545301139957266,0.9022087352417211,0.7078032159049309,0.0014020034458879609,0.2054632306025364,0.000240240934876779,200.0,0.0,False
gqa,m3,200,Naive Confidence (NC),32.554075359702004,0.0,32.554075359702004,0.0,0.6829573934837093,0.0,0.3223305070184981,0.0,200.0,0.0,False
gqa,m3,200,Platt Scaling (1D),7.316471193536325,0.5595900025886409,6.630374157227848,0.9778214723517997,0.6829573934837093,0.0,0.19949966655500545,0.000386721628436241,200.0,0.0,False
gqa,m3,200,Temperature Scaling (TS),10.827197963861206,0.07190425656253978,7.471283713290378,0.9161305695057305,0.6829573934837093,0.0,0.20829025393577574,0.00011501970000300514,200.0,0.0,False
gqa,m3,200,Trajectory Platt (5D),8.757251853041817,1.5332827558826008,7.8805586692004,2.1555404546976056,0.6951761426037003,0.008818163974697422,0.20313044882167358,0.004199666872091803,200.0,0.0,False
gqa,m3,200,VCPS-5D (Our Method),7.8199187370857315,0.5961083390931584,7.02306606664105,0.8538992180150596,0.7076793106361409,0.005307097537538637,0.19672951696790825,0.0027309452808460125,200.0,0.0,False
gqa,m3,50,Adaptive TS (ATS),9.780040936428511,0.47167486021102445,8.619561319462099,0.9936903565310531,0.7072287460223593,0.004923607180371687,0.20554755068513844,0.001837528780749274,50.0,0.0,False
gqa,m3,50,Naive Confidence (NC),32.554075359702004,0.0,32.554075359702004,0.0,0.6829573934837093,0.0,0.3223305070184981,0.0,50.0,0.0,False
gqa,m3,50,Platt Scaling (1D),9.0024155273802,2.162265016399978,7.942556724974348,3.086626445896276,0.6829573934837093,0.0,0.2044000448765182,0.0061359619872840155,50.0,0.0,False
gqa,m3,50,Temperature Scaling (TS),11.113638909979871,0.36794333046215644,9.47961604976402,1.8406177900253788,0.6829573934837093,0.0,0.20878512064550417,0.0011008893307115067,50.0,0.0,False
gqa,m3,50,Trajectory Platt (5D),10.84855492952588,2.7207868018189623,9.814754530967502,2.303375495150263,0.6829067049646589,0.011210896923036884,0.21213074085550523,0.00739090966250121,50.0,0.0,False
gqa,m3,50,VCPS-5D (Our Method),10.702863525017996,2.3833994928274,10.381854544631233,2.5945309527095484,0.703539748247022,0.00944324525145301,0.20746798152216656,0.007594588989577951,50.0,0.0,False
gqa,m3,500,Adaptive TS (ATS),11.246547936293497,0.9298245397666315,7.788269031261729,0.28246725909214604,0.7096223705330743,0.0017932820091003557,0.20525009110711867,0.00024088635648080825,500.0,0.0,False
gqa,m3,500,Naive Confidence (NC),32.554075359702004,0.0,32.554075359702004,0.0,0.6829573934837093,0.0,0.3223305070184981,0.0,500.0,0.0,False
gqa,m3,500,Platt Scaling (1D),6.894105840107348,0.07842162330172789,6.453062957929238,0.5479554110160095,0.6829573934837093,0.0,0.1990124878836592,0.00011665533420610206,500.0,0.0,False
gqa,m3,500,Temperature Scaling (TS),10.854231654691542,0.016434203419229555,7.791875374879174,0.29902168997551803,0.6829573934837093,0.0,0.2081879250249757,1.9335437123021892e-05,500.0,0.0,False
gqa,m3,500,Trajectory Platt (5D),7.231912729237228,0.571668527499253,5.8476199089549485,0.6566338281806318,0.7054377516825772,0.004073539261478769,0.19951195585975673,0.0016768945779120697,500.0,0.0,False
gqa,m3,500,VCPS-5D (Our Method),6.189120487220254,0.9290258792147048,5.564390260452145,0.6474727898430228,0.7136943482301259,0.0014822319654383292,0.19351902923328065,0.0003900996754876004,500.0,0.0,False
gqa,m3,Full,Adaptive TS (ATS),11.247605471473918,0.0,7.467412973396617,0.0,0.7087381374785278,0.0,0.20531996199221086,0.0,1600.0,0.0,True
gqa,m3,Full,Naive Confidence (NC),32.554075359702004,0.0,32.554075359702004,0.0,0.6829573934837093,0.0,0.3223305070184981,0.0,1600.0,0.0,True
gqa,m3,Full,Platt Scaling (1D),6.885659491862404,0.0,5.904084968375485,0.0,0.6829573934837093,0.0,0.1990704770203628,0.0,1600.0,0.0,True
gqa,m3,Full,Temperature Scaling (TS),10.845646614147974,0.0,8.412839252147702,0.0,0.6829573934837093,0.0,0.2081966719223091,0.0,1600.0,0.0,True
gqa,m3,Full,Trajectory Platt (5D),6.50427437387407,0.0,7.606075884774327,0.0,0.7074990847906283,0.0,0.1977622450312161,0.0,1600.0,0.0,True
gqa,m3,Full,VCPS-5D (Our Method),6.985223905849521,0.0,5.547895335970372,0.0,0.7145673171693279,0.0,0.193301310045136,0.0,1600.0,0.0,True
infographicvqa,m3,100,Adaptive TS (ATS),53.98435845969777,4.684116740713261e-05,53.98435845969777,4.6841167403528066e-05,0.3333333333333333,0.0,0.30036993356102987,5.009128027713652e-07,100.0,0.0,False
infographicvqa,m3,100,Naive Confidence (NC),85.32299963012339,0.0,85.32299963012338,0.0,0.3333333333333333,0.0,0.7760739349223753,0.0,100.0,0.0,False
infographicvqa,m3,100,Platt Scaling (1D),1.3346618022915304,0.08629105946808803,0.1909556660366042,0.04925192511112721,0.6,0.14907119849998593,0.00741451835515454,3.8411664828640174e-05,100.0,0.0,False
infographicvqa,m3,100,Temperature Scaling (TS),54.00419476757944,0.0,54.00419476757943,0.0,0.3333333333333333,0.0,0.3005956059563763,0.0,100.0,0.0,False
infographicvqa,m3,100,Trajectory Platt (5D),1.2917264247953426,0.22551922410676778,0.199144704878563,0.09978595729567197,0.5363560033585223,0.1078057523481685,0.00746807023921788,7.576103927920075e-05,100.0,0.0,False
infographicvqa,m3,100,VCPS-5D (Our Method),1.4094756859978201,0.04672452943808091,0.25988469280305637,0.01850438415866627,0.3467674223341729,0.010368672573659532,0.00746816087121706,1.3564564417239094e-05,100.0,0.0,False
infographicvqa,m3,1000,Adaptive TS (ATS),53.984313200658974,1.553442252116034e-05,53.984313200658974,1.553442252116034e-05,0.3333333333333333,0.0,0.3003694442359067,1.6594765257804218e-07,1000.0,0.0,False
infographicvqa,m3,1000,Naive Confidence (NC),85.32299963012339,0.0,85.32299963012338,0.0,0.3333333333333333,0.0,0.7760739349223753,0.0,1000.0,0.0,False
infographicvqa,m3,1000,Platt Scaling (1D),1.2426572956851119,0.036463134625619543,0.04533968492738616,0.026027924180625824,0.6666666666666666,0.0,0.00740987629151932,9.043191998829783e-06,1000.0,0.0,False
infographicvqa,m3,1000,Temperature Scaling (TS),54.00419476757944,0.0,54.00419476757943,0.0,0.3333333333333333,0.0,0.3005956059563763,0.0,1000.0,0.0,False
infographicvqa,m3,1000,Trajectory Platt (5D),1.2090811004338322,0.026597513923962868,0.0464072427654173,0.018223514367164306,0.49890848026868173,0.028481922151517743,0.0074750428046695796,7.46858280156884e-06,1000.0,0.0,False
infographicvqa,m3,1000,VCPS-5D (Our Method),1.2802274091252552,0.064173725995634,0.05066094275182668,0.0064095284830386215,0.33702770780856417,0.0019329747159061623,0.00745203386071258,6.864541569649403e-07,1000.0,0.0,False
infographicvqa,m3,1500,Adaptive TS (ATS),53.98430557061143,5.868671975306993e-06,53.98430557061143,5.868671980726001e-06,0.3333333333333333,0.0,0.300369361297128,6.152451316063416e-08,1500.0,0.0,False
infographicvqa,m3,1500,Naive Confidence (NC),85.32299963012339,0.0,85.32299963012338,0.0,0.3333333333333333,0.0,0.7760739349223753,0.0,1500.0,0.0,False
infographicvqa,m3,1500,Platt Scaling (1D),1.2148477989129707,0.0058762433848021725,0.04362034732058606,0.0037924167088224836,0.6666666666666666,0.0,0.0074067374695513,2.040477020259101e-06,1500.0,0.0,False
infographicvqa,m3,1500,Temperature Scaling (TS),54.00419476757944,0.0,54.00419476757943,0.0,0.3333333333333333,0.0,0.3005956059563763,0.0,1500.0,0.0,False
infographicvqa,m3,1500,Trajectory Platt (5D),1.2180925450171345,0.0803038177385918,0.02049264722154468,0.006830261829286828,0.5014273719563392,0.015846567178288633,0.00747252014427052,1.4055464675920582e-05,1500.0,0.0,False
infographicvqa,m3,1500,VCPS-5D (Our Method),1.2941249270627158,0.0005621362496199957,0.01099567336356992,0.0007629777400582994,0.33719563392107466,0.00218948863314949,0.00745144022112258,3.319178166591306e-08,1500.0,0.0,False
infographicvqa,m3,200,Adaptive TS (ATS),53.984475362780245,0.00016944058752450624,53.984475362780245,0.00016944058752631414,0.3333333333333333,0.0,0.3003712253768206,1.838058548432128e-06,200.0,0.0,False
infographicvqa,m3,200,Naive Confidence (NC),85.32299963012339,0.0,85.32299963012338,0.0,0.3333333333333333,0.0,0.7760739349223753,0.0,200.0,0.0,False
infographicvqa,m3,200,Platt Scaling (1D),1.2385398797176024,0.1897489428633462,0.22313399675394585,0.06627733837851811,0.6666666666666666,0.0,0.007412561463844699,1.654217848630213e-05,200.0,0.0,False
infographicvqa,m3,200,Temperature Scaling (TS),54.00419476757944,0.0,54.00419476757943,0.0,0.3333333333333333,0.0,0.3005956059563763,0.0,200.0,0.0,False
infographicvqa,m3,200,Trajectory Platt (5D),1.2311991618160392,0.22209454602004516,0.24465812475245913,0.05462198291276495,0.4760705289672543,0.09465321833704425,0.0074699631202322205,3.59448464892332e-05,200.0,0.0,False
infographicvqa,m3,200,VCPS-5D (Our Method),1.3142751129638957,0.20546106354960783,0.25936850230095754,0.01884287321783906,0.3397145256087321,0.008757954532597954,0.00745931288284452,4.242542214178583e-06,200.0,0.0,False
infographicvqa,m3,50,Adaptive TS (ATS),53.9845999708254,0.0005697571654761987,53.984599970825414,0.0005697571654746016,0.3333333333333333,0.0,0.300372720858023,6.50308585213892e-06,50.0,0.0,False
infographicvqa,m3,50,Naive Confidence (NC),85.32299963012339,0.0,85.32299963012338,0.0,0.3333333333333333,0.0,0.7760739349223753,0.0,50.0,0.0,False
infographicvqa,m3,50,Platt Scaling (1D),1.8709077241901135,0.3634198942391085,1.2637513373296774,0.4238613141521757,0.6666666666666666,0.0,0.00782855134165382,0.00035781891309631707,50.0,0.0,False
infographicvqa,m3,50,Temperature Scaling (TS),54.00419476757944,0.0,54.00419476757943,0.0,0.3333333333333333,0.0,0.3005956059563763,0.0,50.0,0.0,False
infographicvqa,m3,50,Trajectory Platt (5D),1.9477005324952188,0.2906761980797257,1.272633133236377,0.28268883516899806,0.5778337531486146,0.07844010084974129,0.00793974292879908,0.0004515094871116711,50.0,0.0,False
infographicvqa,m3,50,VCPS-5D (Our Method),2.0403629462742785,0.08634071959265863,1.2546688642589547,0.03502840957558273,0.3670864819479428,0.032073447889338885,0.007625899773572639,8.688227501997977e-06,50.0,0.0,False
infographicvqa,m3,500,Adaptive TS (ATS),53.9843092825429,2.1169096922393695e-05,53.9843092825429,2.1169096924827437e-05,0.3333333333333333,0.0,0.3003694010289602,2.2113882532325676e-07,500.0,0.0,False
infographicvqa,m3,500,Naive Confidence (NC),85.32299963012339,0.0,85.32299963012338,0.0,0.3333333333333333,0.0,0.7760739349223753,0.0,500.0,0.0,False
infographicvqa,m3,500,Platt Scaling (1D),1.2317577902015364,0.09489127589526854,0.027600248547874802,0.020701007556324827,0.6666666666666666,0.0,0.00740542300364178,2.7025015090754546e-05,500.0,0.0,False
infographicvqa,m3,500,Temperature Scaling (TS),54.00419476757944,0.0,54.00419476757943,0.0,0.3333333333333333,0.0,0.3005956059563763,0.0,500.0,0.0,False
infographicvqa,m3,500,Trajectory Platt (5D),1.261536219304253,0.11731445230130869,0.053425477557175326,0.02099197614754447,0.4664987405541562,0.053141385071165344,0.00749179177196758,4.584206674151683e-05,500.0,0.0,False
infographicvqa,m3,500,VCPS-5D (Our Method),1.3096840772871623,0.0482238305634783,0.058981405738121516,0.0022417567215630902,0.3365239294710327,0.00240433603077691,0.007452715754436299,1.607394052221611e-07,500.0,0.0,False
infographicvqa,m3,Full,Adaptive TS (ATS),53.98430201656074,0.0,53.98430201656074,0.0,0.3333333333333333,0.0,0.30036932379664594,0.0,1600.0,0.0,True
infographicvqa,m3,Full,Naive Confidence (NC),85.32299963012339,0.0,85.32299963012338,0.0,0.3333333333333333,0.0,0.7760739349223753,0.0,1600.0,0.0,True
infographicvqa,m3,Full,Platt Scaling (1D),1.216172325553488,0.0,0.030214527972909,0.0,0.6666666666666666,0.0,0.0074035640204841,0.0,1600.0,0.0,True
infographicvqa,m3,Full,Temperature Scaling (TS),54.00419476757944,0.0,54.00419476757943,0.0,0.3333333333333333,0.0,0.3005956059563763,0.0,1600.0,0.0,True
infographicvqa,m3,Full,Trajectory Platt (5D),1.198729503012146,0.0,0.0083433718682499,0.0,0.5012594458438286,0.0,0.007474156027023,0.0,1600.0,0.0,True
infographicvqa,m3,Full,VCPS-5D (Our Method),1.3067265357260167,0.0,0.0061367495826035,0.0,0.3341729638958858,0.0,0.007451624938639001,0.0,1600.0,0.0,True
lego-puzzles,m3,100,Adaptive TS (ATS),34.66491098668872,0.000949203675061597,34.66491098668872,0.000949203675061597,0.4768501947573428,0.00039809812403810964,0.3156335389394201,7.482846972877917e-07,100.0,0.0,False
lego-puzzles,m3,100,Naive Confidence (NC),73.15902764146978,0.0,73.15902764146978,0.0,0.47657648173491934,0.0,0.7314117786904458,0.0,100.0,0.0,False
lego-puzzles,m3,100,Platt Scaling (1D),11.739284793522556,0.8779832635210211,7.058055606040883,3.805286790182084,0.4859458890409517,0.020950631645171264,0.1966582686761622,0.0018071950352353458,100.0,0.0,False
lego-puzzles,m3,100,Temperature Scaling (TS),34.71143626017258,0.0,34.7114362601726,0.0,0.47657648173491934,0.0,0.3159597132332273,0.0,100.0,0.0,False
lego-puzzles,m3,100,Trajectory Platt (5D),10.391311886635691,1.2022038646415683,7.565757746723565,1.7575693031631834,0.5830297926097484,0.03247854458320484,0.19534082631927432,0.001671989248045379,100.0,0.0,False
lego-puzzles,m3,100,VCPS-5D (Our Method),10.933463105931143,1.7128941747850022,6.667773761135555,4.226809209453494,0.5282240235814296,0.023304587645132536,0.1960957068489407,0.0031129184674650637,100.0,0.0,False
lego-puzzles,m3,1000,Adaptive TS (ATS),34.66416370764178,0.0,34.66416370764178,0.0,0.47657648173491934,0.0,0.31563418920926783,0.0,880.0,0.0,True
lego-puzzles,m3,1000,Naive Confidence (NC),73.15902764146978,0.0,73.15902764146978,0.0,0.47657648173491934,0.0,0.7314117786904458,0.0,880.0,0.0,True
lego-puzzles,m3,1000,Platt Scaling (1D),11.887064325075317,0.0,0.7149639433918543,0.0,0.47657648173491934,0.0,0.1958362149333257,0.0,880.0,0.0,True
lego-puzzles,m3,1000,Temperature Scaling (TS),34.71143626017258,0.0,34.7114362601726,0.0,0.47657648173491934,0.0,0.3159597132332273,0.0,880.0,0.0,True
lego-puzzles,m3,1000,Trajectory Platt (5D),9.402365068143062,0.0,4.146909977902066,0.0,0.6010106326981787,0.0,0.1913787749317488,0.0,880.0,0.0,True
lego-puzzles,m3,1000,VCPS-5D (Our Method),8.899762443077194,0.0,1.6109494685746815,0.0,0.5296346983893041,0.0,0.1944309975543495,0.0,880.0,0.0,True
lego-puzzles,m3,1500,Adaptive TS (ATS),34.66416370764178,0.0,34.66416370764178,0.0,0.47657648173491934,0.0,0.31563418920926783,0.0,880.0,0.0,True
lego-puzzles,m3,1500,Naive Confidence (NC),73.15902764146978,0.0,73.15902764146978,0.0,0.47657648173491934,0.0,0.7314117786904458,0.0,880.0,0.0,True
lego-puzzles,m3,1500,Platt Scaling (1D),11.887064325075317,0.0,0.7149639433918543,0.0,0.47657648173491934,0.0,0.1958362149333257,0.0,880.0,0.0,True
lego-puzzles,m3,1500,Temperature Scaling (TS),34.71143626017258,0.0,34.7114362601726,0.0,0.47657648173491934,0.0,0.3159597132332273,0.0,880.0,0.0,True
lego-puzzles,m3,1500,Trajectory Platt (5D),9.402365068143062,0.0,4.146909977902066,0.0,0.6010106326981787,0.0,0.1913787749317488,0.0,880.0,0.0,True
lego-puzzles,m3,1500,VCPS-5D (Our Method),8.899762443077194,0.0,1.6109494685746815,0.0,0.5296346983893041,0.0,0.1944309975543495,0.0,880.0,0.0,True
lego-puzzles,m3,200,Adaptive TS (ATS),34.66424602399687,0.00013487088632616886,34.664246023996874,0.00013487088632991798,0.47655542688704067,4.708007111270619e-05,0.3156340892805879,1.3978867240521e-07,200.0,0.0,False
lego-puzzles,m3,200,Naive Confidence (NC),73.15902764146978,0.0,73.15902764146978,0.0,0.47657648173491934,0.0,0.7314117786904458,0.0,200.0,0.0,False
lego-puzzles,m3,200,Platt Scaling (1D),11.203842007745642,1.3347088445847002,5.268744690388324,4.580776282819627,0.49531529634698385,0.025659178659837845,0.1961646991033865,0.0005560108947240862,200.0,0.0,False
lego-puzzles,m3,200,Temperature Scaling (TS),34.71143626017258,0.0,34.7114362601726,0.0,0.47657648173491934,0.0,0.3159597132332273,0.0,200.0,0.0,False
lego-puzzles,m3,200,Trajectory Platt (5D),9.71952682394873,1.4523449413793852,6.841666071929714,2.4651700484215144,0.569786293294031,0.03385058750004215,0.1929293277866821,0.0016365647689068298,200.0,0.0,False
lego-puzzles,m3,200,VCPS-5D (Our Method),9.816833038324145,1.4465382788897574,4.7734589681603445,4.780908741357904,0.5238025055268976,0.010193297487749364,0.1942295280412097,0.0005830169198421181,200.0,0.0,False
lego-puzzles,m3,50,Adaptive TS (ATS),34.66568207485355,0.0014028406621264256,34.66568207485354,0.0014028406621210052,0.4771239077797663,0.0005540666329904823,0.3156357987556919,5.2028291185954484e-06,50.0,0.0,False
lego-puzzles,m3,50,Naive Confidence (NC),73.15902764146978,0.0,73.15902764146978,0.0,0.47657648173491934,0.0,0.7314117786904458,0.0,50.0,0.0,False
lego-puzzles,m3,50,Platt Scaling (1D),11.722877156759774,1.3659753297452044,6.826711875530274,4.602155916023588,0.49531529634698385,0.02565917865983783,0.19816798434678037,0.003105460345252322,50.0,0.0,False
lego-puzzles,m3,50,Temperature Scaling (TS),34.71143626017258,0.0,34.7114362601726,0.0,0.47657648173491934,0.0,0.3159597132332273,0.0,50.0,0.0,False
lego-puzzles,m3,50,Trajectory Platt (5D),9.199749846350063,1.8557294111967664,8.623469381169839,2.896728346969072,0.5559111485419518,0.023128680914634377,0.19756230834927835,0.006722086412417537,50.0,0.0,False
lego-puzzles,m3,50,VCPS-5D (Our Method),9.920729927756451,1.9556008598271515,6.924545034091207,4.4603918075275635,0.533845667965049,0.021783628895413732,0.1959925408833598,0.0022143021521936145,50.0,0.0,False
lego-puzzles,m3,500,Adaptive TS (ATS),34.664375039317314,0.00047255199230988155,34.664375039317314,0.0004725519923088885,0.4766396462785556,0.00014124021333822615,0.31563395563038893,5.222982514006718e-07,500.0,0.0,False
lego-puzzles,m3,500,Naive Confidence (NC),73.15902764146978,0.0,73.15902764146978,0.0,0.47657648173491934,0.0,0.7314117786904458,0.0,500.0,0.0,False
lego-puzzles,m3,500,Platt Scaling (1D),11.867409699103701,0.012338718841115119,2.481988598356952,1.2955398533055136,0.47657648173491934,0.0,0.19568791819274467,0.00010380749440163448,500.0,0.0,False
lego-puzzles,m3,500,Temperature Scaling (TS),34.71143626017258,0.0,34.7114362601726,0.0,0.47657648173491934,0.0,0.3159597132332273,0.0,500.0,0.0,False
lego-puzzles,m3,500,Trajectory Platt (5D),9.207410624758761,1.6675844124905144,3.6996901299465783,0.953654817670541,0.5947994525739551,0.005113121147312696,0.1916974728182487,0.001184967731281156,500.0,0.0,False
lego-puzzles,m3,500,VCPS-5D (Our Method),10.516128000354849,2.2414864636380973,5.6410355394698986,4.9393546785395985,0.5239919991578061,0.009825984181131092,0.19379078532936228,0.0007493735186895635,500.0,0.0,False
lego-puzzles,m3,Full,Adaptive TS (ATS),34.66416370764178,0.0,34.66416370764178,0.0,0.47657648173491934,0.0,0.31563418920926783,0.0,880.0,0.0,True
lego-puzzles,m3,Full,Naive Confidence (NC),73.15902764146978,0.0,73.15902764146978,0.0,0.47657648173491934,0.0,0.7314117786904458,0.0,880.0,0.0,True
lego-puzzles,m3,Full,Platt Scaling (1D),11.887064325075317,0.0,0.7149639433918543,0.0,0.47657648173491934,0.0,0.1958362149333257,0.0,880.0,0.0,True
lego-puzzles,m3,Full,Temperature Scaling (TS),34.71143626017258,0.0,34.7114362601726,0.0,0.47657648173491934,0.0,0.3159597132332273,0.0,880.0,0.0,True
lego-puzzles,m3,Full,Trajectory Platt (5D),9.402365068143062,0.0,4.146909977902066,0.0,0.6010106326981787,0.0,0.1913787749317488,0.0,880.0,0.0,True
lego-puzzles,m3,Full,VCPS-5D (Our Method),8.899762443077194,0.0,1.6109494685746815,0.0,0.5296346983893041,0.0,0.1944309975543495,0.0,880.0,0.0,True
mmbench,m3,100,Adaptive TS (ATS),8.448785916344605,0.7134732320147512,5.454336940614732,1.1611520532650803,0.6459348046676814,0.010439059056519578,0.19265777089151528,0.0013347123893923515,100.0,0.0,False
mmbench,m3,100,Naive Confidence (NC),26.995928575505832,0.0,26.995928575505836,0.0,0.6082255200405885,0.0,0.269999354460788,0.0,100.0,0.0,False
mmbench,m3,100,Platt Scaling (1D),8.159457489729917,1.5032698322795859,5.3532057877726515,1.8830029696694301,0.5649353120243531,0.09679984788440868,0.19907638264507346,0.004442018961744298,100.0,0.0,False
mmbench,m3,100,Temperature Scaling (TS),7.801753331692072,0.03859784292299173,5.8000513449764615,1.8033540178824092,0.6082255200405885,0.0,0.1956379778646374,0.00014202480314307405,100.0,0.0,False
mmbench,m3,100,Trajectory Platt (5D),11.231961560912897,2.4461997822086183,9.564059207506943,2.8081774679763902,0.6083143074581431,0.06070780938601303,0.2021802416577017,0.0056506496996496965,100.0,0.0,False
mmbench,m3,100,VCPS-5D (Our Method),8.925334223733625,1.2730005548736723,7.068914713316822,2.12288446229174,0.6459570015220699,0.009629368976790986,0.19686484774238994,0.004953234989630281,100.0,0.0,False
mmbench,m3,1000,Adaptive TS (ATS),7.433360088407625,0.32404572018825434,3.231120765700666,0.6065993016708235,0.653748097412481,0.002243296902022768,0.1911269171488636,0.00012320568874625516,1000.0,0.0,False
mmbench,m3,1000,Naive Confidence (NC),26.995928575505832,0.0,26.995928575505836,0.0,0.6082255200405885,0.0,0.269999354460788,0.0,1000.0,0.0,False
mmbench,m3,1000,Platt Scaling (1D),7.0411264089612065,0.0794876261088289,4.735344613888137,0.40116465770242477,0.6082255200405885,0.0,0.1966427181904972,0.001096281086598613,1000.0,0.0,False
mmbench,m3,1000,Temperature Scaling (TS),7.792763024772691,0.009177965389370976,6.157913295108401,0.15268480403877224,0.6082255200405885,0.0,0.19556597590831976,1.2159594828236873e-05,1000.0,0.0,False
mmbench,m3,1000,Trajectory Platt (5D),6.96014320931863,0.8331944364802266,6.082815905730241,0.8699893977128875,0.6565322171486555,0.007207784639393421,0.18957787703312037,0.0022667759826641054,1000.0,0.0,False
mmbench,m3,1000,VCPS-5D (Our Method),6.711869479426473,0.5306441347074765,4.296384208850581,0.3602989691435113,0.6569698122780314,0.006403195598501203,0.1898160764762405,0.0013791647837744104,1000.0,0.0,False
mmbench,m3,1500,Adaptive TS (ATS),7.383231199679829,0.031077564546100087,3.131692691952069,0.34312430617641826,0.6543061897513953,0.0007335866941106597,0.19111410989535568,4.691369471450559e-05,1500.0,0.0,False
mmbench,m3,1500,Naive Confidence (NC),26.995928575505832,0.0,26.995928575505836,0.0,0.6082255200405885,0.0,0.269999354460788,0.0,1500.0,0.0,False
mmbench,m3,1500,Platt Scaling (1D),6.949575176229745,0.04830017469401044,4.446500198734214,0.30793915609662514,0.6082255200405885,0.0,0.19711276519476947,0.00042113809770985767,1500.0,0.0,False
mmbench,m3,1500,Temperature Scaling (TS),7.786332418427546,0.0037289753162959255,6.2627043570951235,0.20779753827297326,0.6082255200405885,0.0,0.19557332467334027,5.650580430842216e-06,1500.0,0.0,False
mmbench,m3,1500,Trajectory Platt (5D),6.80773202504497,0.4221631476322625,6.362349422532134,0.597012030916814,0.6597856418061897,0.0010062551783753424,0.188970795608702,0.00030028340288702863,1500.0,0.0,False
mmbench,m3,1500,VCPS-5D (Our Method),6.961651730103531,0.35393533324741877,4.6300104144890195,0.32990406208270634,0.6582255200405885,0.0021573614296765894,0.18988309085480215,0.00039238893823240087,1500.0,0.0,False
mmbench,m3,200,Adaptive TS (ATS),7.929445283793319,0.7935536582089331,5.496829692510045,1.059000933020643,0.6508181126331811,0.006219906211041705,0.19192580802121545,0.0009549979495356574,200.0,0.0,False
mmbench,m3,200,Naive Confidence (NC),26.995928575505832,0.0,26.995928575505836,0.0,0.6082255200405885,0.0,0.269999354460788,0.0,200.0,0.0,False
mmbench,m3,200,Platt Scaling (1D),7.298280332392993,0.5576642808636539,5.049718839985908,1.0857231274053596,0.6082255200405885,0.0,0.19741433012136245,0.0034121292201859917,200.0,0.0,False
mmbench,m3,200,Temperature Scaling (TS),7.788258799009492,0.03301638466948063,5.786185934367479,0.750295793259347,0.6082255200405885,0.0,0.19559638982121225,9.001474481777191e-05,200.0,0.0,False
mmbench,m3,200,Trajectory Platt (5D),8.67045897211437,1.042172156880742,6.184015419739526,1.8120862117166685,0.6480022831050227,0.014388680193718525,0.19329249627563416,0.00449811394014548,200.0,0.0,False
mmbench,m3,200,VCPS-5D (Our Method),6.682140381648975,0.7581648718508167,5.721791802896511,1.3769062808234163,0.6527524099441908,0.008483996178700479,0.1918750575307129,0.002676948245227727,200.0,0.0,False
mmbench,m3,50,Adaptive TS (ATS),9.160849678048951,1.1213298817898523,6.092136652403628,2.6323256143175353,0.6259988584474885,0.06198173655224382,0.193786568346182,0.0036912300402693766,50.0,0.0,False
mmbench,m3,50,Naive Confidence (NC),26.995928575505832,0.0,26.995928575505836,0.0,0.6082255200405885,0.0,0.269999354460788,0.0,50.0,0.0,False
mmbench,m3,50,Platt Scaling (1D),9.915466989922406,4.3707638109719245,8.65092170293163,5.254812150048704,0.5649353120243531,0.09679984788440868,0.20531610058326696,0.012057667633158457,50.0,0.0,False
mmbench,m3,50,Temperature Scaling (TS),7.868715282924342,0.11128627438987022,5.5701711395499425,1.9765045963795067,0.6082255200405885,0.0,0.19570931163173824,0.0002375384516207013,50.0,0.0,False
mmbench,m3,50,Trajectory Platt (5D),13.876498973700208,2.6047374987782157,12.351547571602268,2.992216764837796,0.5678304160324708,0.07606392127284313,0.21497651789911507,0.016951375293900908,50.0,0.0,False
mmbench,m3,50,VCPS-5D (Our Method),10.63782314526977,2.156536861603984,8.875696924141469,3.289648539793213,0.6249524353120244,0.05368406910194389,0.20391594536025273,0.0074940263597586,50.0,0.0,False
mmbench,m3,500,Adaptive TS (ATS),7.847130174836671,0.855933423692097,3.8017235266485856,1.0212357812710038,0.654388635210553,0.006230122824148283,0.19108473024450637,0.0002917722317451293,500.0,0.0,False
mmbench,m3,500,Naive Confidence (NC),26.995928575505832,0.0,26.995928575505836,0.0,0.6082255200405885,0.0,0.269999354460788,0.0,500.0,0.0,False
mmbench,m3,500,Platt Scaling (1D),7.172090699215521,0.12285304567855271,4.8071890342971955,0.3401396866899068,0.6082255200405885,0.0,0.19634910275950676,0.0014632653159797357,500.0,0.0,False
mmbench,m3,500,Temperature Scaling (TS),7.791755318444648,0.022273675802376897,6.096310674335586,0.08706636934562141,0.6082255200405885,0.0,0.1955742689999911,3.861543246895191e-05,500.0,0.0,False
mmbench,m3,500,Trajectory Platt (5D),8.102147397271164,0.8356464209382394,6.74164420651532,0.786588703542531,0.6529490106544901,0.006895726079614573,0.19211864537532866,0.003806431260220888,500.0,0.0,False
mmbench,m3,500,VCPS-5D (Our Method),6.454426398942938,1.1325347125997058,4.655739290288143,0.7121696280328217,0.6566907661085744,0.006143136945276399,0.19050559727590885,0.001992624221090936,500.0,0.0,False
mmbench,m3,Full,Adaptive TS (ATS),7.369650155987915,0.0,2.860344279543109,0.0,0.6546486555048199,0.0,0.1910819663788573,0.0,1600.0,0.0,True
mmbench,m3,Full,Naive Confidence (NC),26.995928575505832,0.0,26.995928575505836,0.0,0.6082255200405885,0.0,0.269999354460788,0.0,1600.0,0.0,True
mmbench,m3,Full,Platt Scaling (1D),6.93583807276868,0.0,4.601254094576252,0.0,0.6082255200405885,0.0,0.1970325010241639,0.0,1600.0,0.0,True
mmbench,m3,Full,Temperature Scaling (TS),7.786777163227808,0.0,6.426164645158107,0.0,0.6082255200405885,0.0,0.1955724389564823,0.0,1600.0,0.0,True
mmbench,m3,Full,Trajectory Platt (5D),6.5403635283000785,0.0,6.619566232431678,0.0,0.6598649162861491,0.0,0.1889711328952599,0.0,1600.0,0.0,True
mmbench,m3,Full,VCPS-5D (Our Method),6.526408857674413,0.0,4.366112655751773,0.0,0.6576610857432774,0.0,0.1898396133024929,0.0,1600.0,0.0,True
mmmu,m3,100,Adaptive TS (ATS),52.18922110089566,0.0003224534742208097,52.18922110089566,0.00032245347421827814,0.6390532544378698,0.0,0.29057341838017614,3.4785222791740177e-06,100.0,0.0,False
mmmu,m3,100,Naive Confidence (NC),78.75887090556844,0.0,78.75887090556843,0.0,0.6390532544378698,0.0,0.6888725684559812,0.0,100.0,0.0,False
mmmu,m3,100,Platt Scaling (1D),3.3073191382813967,0.3997301765852736,1.171038728276102,0.9716054453189462,0.6390532544378698,0.0,0.01964146915351708,0.0028286736332123444,100.0,0.0,False
mmmu,m3,100,Temperature Scaling (TS),52.205405957542624,0.0,52.205405957542624,0.0,0.6390532544378698,0.0,0.2907526174610168,0.0,100.0,0.0,False
mmmu,m3,100,Trajectory Platt (5D),3.065554613303691,0.10940124643523438,0.6980956733249787,0.4704506561996413,0.5585798816568047,0.09007783951573922,0.017872192026632018,0.0005460295160861944,100.0,0.0,False
mmmu,m3,100,VCPS-5D (Our Method),3.2356624856361087,0.3078292343925645,1.2290173206234065,0.9464561781018065,0.6390532544378698,0.0024156703577743327,0.01926822930187682,0.0022599798939818214,100.0,0.0,False
mmmu,m3,1000,Adaptive TS (ATS),52.18906662008406,0.0,52.189066620084056,0.0,0.6390532544378698,0.0,0.29057171235092216,0.0,685.0,0.0,True
mmmu,m3,1000,Naive Confidence (NC),78.75887090556844,0.0,78.75887090556843,0.0,0.6390532544378698,0.0,0.6888725684559812,0.0,685.0,0.0,True
mmmu,m3,1000,Platt Scaling (1D),3.440230959989602,0.0,1.8125896004211437,0.0,0.6390532544378698,0.0,0.0204712050357764,0.0,685.0,0.0,True
mmmu,m3,1000,Temperature Scaling (TS),52.205405957542624,0.0,52.205405957542624,0.0,0.6390532544378698,0.0,0.2907526174610168,0.0,685.0,0.0,True
mmmu,m3,1000,Trajectory Platt (5D),3.5577751762439442,0.0,1.683233389062374,0.0,0.6232741617357003,0.0,0.0198432528878628,0.0,685.0,0.0,True
mmmu,m3,1000,VCPS-5D (Our Method),3.464456114067077,0.0,1.9724504130625717,0.0,0.641025641025641,0.0,0.0206942205372233,0.0,685.0,0.0,True
mmmu,m3,1500,Adaptive TS (ATS),52.18906662008406,0.0,52.189066620084056,0.0,0.6390532544378698,0.0,0.29057171235092216,0.0,685.0,0.0,True
mmmu,m3,1500,Naive Confidence (NC),78.75887090556844,0.0,78.75887090556843,0.0,0.6390532544378698,0.0,0.6888725684559812,0.0,685.0,0.0,True
mmmu,m3,1500,Platt Scaling (1D),3.440230959989602,0.0,1.8125896004211437,0.0,0.6390532544378698,0.0,0.0204712050357764,0.0,685.0,0.0,True
mmmu,m3,1500,Temperature Scaling (TS),52.205405957542624,0.0,52.205405957542624,0.0,0.6390532544378698,0.0,0.2907526174610168,0.0,685.0,0.0,True
mmmu,m3,1500,Trajectory Platt (5D),3.5577751762439442,0.0,1.683233389062374,0.0,0.6232741617357003,0.0,0.0198432528878628,0.0,685.0,0.0,True
mmmu,m3,1500,VCPS-5D (Our Method),3.464456114067077,0.0,1.9724504130625717,0.0,0.641025641025641,0.0,0.0206942205372233,0.0,685.0,0.0,True
mmmu,m3,200,Adaptive TS (ATS),52.18901963434611,7.577261317984134e-05,52.18901963434611,7.577261317342456e-05,0.6390532544378698,0.0,0.29057121686075826,8.046927352544108e-07,200.0,0.0,False
mmmu,m3,200,Naive Confidence (NC),78.75887090556844,0.0,78.75887090556843,0.0,0.6390532544378698,0.0,0.6888725684559812,0.0,200.0,0.0,False
mmmu,m3,200,Platt Scaling (1D),3.4574023299838808,0.2806812536204259,1.6577275104319358,0.7972588383105358,0.6390532544378698,0.0,0.0205064270809514,0.002194554869926142,200.0,0.0,False
mmmu,m3,200,Temperature Scaling (TS),52.205405957542624,0.0,52.205405957542624,0.0,0.6390532544378698,0.0,0.2907526174610168,0.0,200.0,0.0,False
mmmu,m3,200,Trajectory Platt (5D),3.3515752145789057,0.24377049246221488,1.152890478379261,0.5676825414644779,0.5932938856015779,0.03537672055979836,0.01888258301495124,0.0008230034212608705,200.0,0.0,False
mmmu,m3,200,VCPS-5D (Our Method),3.46132379111472,0.27277245611510426,1.695704214469154,0.8396102298474224,0.639447731755424,0.00352831239053216,0.020682044139065082,0.002281931147549439,200.0,0.0,False
mmmu,m3,50,Adaptive TS (ATS),52.18907781380956,0.00013003973032305253,52.18907781380955,0.0001300397303284669,0.6390532544378698,0.0,0.2905718246319897,1.3726385522648243e-06,50.0,0.0,False
mmmu,m3,50,Naive Confidence (NC),78.75887090556844,0.0,78.75887090556843,0.0,0.6390532544378698,0.0,0.6888725684559812,0.0,50.0,0.0,False
mmmu,m3,50,Platt Scaling (1D),3.543020966225914,0.390711187651756,2.0933561765666413,1.2017994318136045,0.5834319526627219,0.12437301176626055,0.023279533360708378,0.004339046103272833,50.0,0.0,False
mmmu,m3,50,Temperature Scaling (TS),52.205405957542624,0.0,52.205405957542624,0.0,0.6390532544378698,0.0,0.2907526174610168,0.0,50.0,0.0,False
mmmu,m3,50,Trajectory Platt (5D),3.1961262638600774,0.4155244532595528,1.1737768199168914,0.6262260933683055,0.5301775147928994,0.11764587456178613,0.01878286790706008,0.001415351783848162,50.0,0.0,False
mmmu,m3,50,VCPS-5D (Our Method),4.013728358759114,1.369654769660028,3.193364578871944,2.207895822068821,0.6414201183431952,0.006746600148515645,0.033715554009127596,0.01820396859232967,50.0,0.0,False
mmmu,m3,500,Adaptive TS (ATS),52.18906496789896,4.162415020895144e-05,52.18906496789894,4.162415021102231e-05,0.6390532544378698,0.0,0.29057169577865605,4.3704988948244284e-07,500.0,0.0,False
mmmu,m3,500,Naive Confidence (NC),78.75887090556844,0.0,78.75887090556843,0.0,0.6390532544378698,0.0,0.6888725684559812,0.0,500.0,0.0,False
mmmu,m3,500,Platt Scaling (1D),3.4562740610792346,0.42272377502414293,1.8418237396168802,1.0612874190434325,0.6390532544378698,0.0,0.021725037550593018,0.00391351643292936,500.0,0.0,False
mmmu,m3,500,Temperature Scaling (TS),52.205405957542624,0.0,52.205405957542624,0.0,0.6390532544378698,0.0,0.2907526174610168,0.0,500.0,0.0,False
mmmu,m3,500,Trajectory Platt (5D),3.454036709640922,0.35017706099617973,1.7279907847964644,0.8221271407840786,0.6134122287968442,0.03246958113048187,0.020839038849881638,0.003258484209857328,500.0,0.0,False
mmmu,m3,500,VCPS-5D (Our Method),3.4743387122562543,0.42426610739523063,1.916189596519618,1.0350661215828396,0.6390532544378698,0.0024156703577743136,0.021957174983897022,0.004083183627655086,500.0,0.0,False
mmmu,m3,Full,Adaptive TS (ATS),52.18906662008406,0.0,52.189066620084056,0.0,0.6390532544378698,0.0,0.29057171235092216,0.0,685.0,0.0,True
mmmu,m3,Full,Naive Confidence (NC),78.75887090556844,0.0,78.75887090556843,0.0,0.6390532544378698,0.0,0.6888725684559812,0.0,685.0,0.0,True
mmmu,m3,Full,Platt Scaling (1D),3.440230959989602,0.0,1.8125896004211437,0.0,0.6390532544378698,0.0,0.0204712050357764,0.0,685.0,0.0,True
mmmu,m3,Full,Temperature Scaling (TS),52.205405957542624,0.0,52.205405957542624,0.0,0.6390532544378698,0.0,0.2907526174610168,0.0,685.0,0.0,True
mmmu,m3,Full,Trajectory Platt (5D),3.5577751762439442,0.0,1.683233389062374,0.0,0.6232741617357003,0.0,0.0198432528878628,0.0,685.0,0.0,True
mmmu,m3,Full,VCPS-5D (Our Method),3.464456114067077,0.0,1.9724504130625717,0.0,0.641025641025641,0.0,0.0206942205372233,0.0,685.0,0.0,True
pope,m3,100,Adaptive TS (ATS),4.633224739187064,0.3848675318814701,4.054525947323725,0.6314040785227374,0.7477464788732394,0.003315801360234779,0.08826133346359952,0.0002911781071255136,100.0,0.0,False
pope,m3,100,Naive Confidence (NC),4.401373377414336,0.0,3.4492825639658973,0.0,0.7385311871227364,0.0,0.0882241661907834,0.0,100.0,0.0,False
pope,m3,100,Platt Scaling (1D),4.492747461596489,0.1418111389001548,3.6849576833571005,0.9646759900897928,0.7385311871227364,0.0,0.08836605368590691,0.00024624117747661556,100.0,0.0,False
pope,m3,100,Temperature Scaling (TS),4.519332183058931,0.23022541571095378,4.5987025130041665,0.41207186853597716,0.7385311871227364,0.0,0.08861817931007701,0.000122886160696435,100.0,0.0,False
pope,m3,100,Trajectory Platt (5D),5.110007320825583,0.5193893998983085,4.072870249658544,1.5832254675773665,0.7259557344064386,0.024885724759121645,0.09106898383394821,0.0019678551521782627,100.0,0.0,False
pope,m3,100,VCPS-5D (Our Method),5.091601079531503,0.6607396791967957,4.564614029975178,1.6850098221944176,0.7488329979879276,0.004235281042900144,0.08839037146413899,0.0005524857095634993,100.0,0.0,False
pope,m3,1000,Adaptive TS (ATS),4.424170403373739,0.32993188796514505,4.651116252532837,0.3382210873843607,0.7501810865191147,0.0010070417510054258,0.08793968206889977,4.618032957254256e-05,1000.0,0.0,False
pope,m3,1000,Naive Confidence (NC),4.401373377414336,0.0,3.4492825639658973,0.0,0.7385311871227364,0.0,0.0882241661907834,0.0,1000.0,0.0,False
pope,m3,1000,Platt Scaling (1D),4.302629740554607,0.0950210851553184,3.6489816603196203,0.5491103131911297,0.7385311871227364,0.0,0.08821675206133202,7.599890099846908e-05,1000.0,0.0,False
pope,m3,1000,Temperature Scaling (TS),4.373624717052601,0.013055732529987691,4.060036782235976,0.38999486331554223,0.7385311871227364,0.0,0.08832495738288786,6.862135432317499e-05,1000.0,0.0,False
pope,m3,1000,Trajectory Platt (5D),5.918267800890166,0.26051681509000457,4.560581894130167,0.5212419474326595,0.7496378269617706,0.0009291549206453727,0.08864633927120616,0.00045663978384729816,1000.0,0.0,False
pope,m3,1000,VCPS-5D (Our Method),4.484470804854905,0.3613403512326459,4.924217712363161,0.4486602675377256,0.7499396378269617,0.001080259935255185,0.08794330829572444,0.00011004856036877761,1000.0,0.0,False
pope,m3,1500,Adaptive TS (ATS),4.273044882019385,0.0,4.4192476134928995,0.0,0.7496981891348089,0.0,0.08791707781171373,0.0,1276.0,0.0,True
pope,m3,1500,Naive Confidence (NC),4.401373377414336,0.0,3.4492825639658973,0.0,0.7385311871227364,0.0,0.0882241661907834,0.0,1276.0,0.0,True
pope,m3,1500,Platt Scaling (1D),4.3170979063977,0.0,4.185224922530998,0.0,0.7385311871227364,0.0,0.0882341299954266,0.0,1276.0,0.0,True
pope,m3,1500,Temperature Scaling (TS),4.37429397651731,0.0,4.268523292461976,0.0,0.7385311871227364,0.0,0.0882902443753891,0.0,1276.0,0.0,True
pope,m3,1500,Trajectory Platt (5D),6.618610491573252,0.0,4.823040037319577,0.0,0.7514084507042252,0.0,0.0886765446660969,0.0,1276.0,0.0,True
pope,m3,1500,VCPS-5D (Our Method),4.222095861628341,0.0,4.4782182066562575,0.0,0.7496981891348088,0.0,0.0879595577829571,0.0,1276.0,0.0,True
pope,m3,200,Adaptive TS (ATS),5.029975660644398,0.30480554832625445,5.024468608361554,0.5190825004533381,0.7480080482897384,0.0028960915403448296,0.08807572615332823,0.00023627963198414307,200.0,0.0,False
pope,m3,200,Naive Confidence (NC),4.401373377414336,0.0,3.4492825639658973,0.0,0.7385311871227364,0.0,0.0882241661907834,0.0,200.0,0.0,False
pope,m3,200,Platt Scaling (1D),4.424607745553354,0.1631897372909106,3.857210754155004,1.0827128974100024,0.7385311871227364,0.0,0.08824791349741878,0.00017101621066392962,200.0,0.0,False
pope,m3,200,Temperature Scaling (TS),4.4627012250793445,0.14647401429839724,4.40199405854517,0.581879314614163,0.7385311871227364,0.0,0.08846740702630014,0.0001906327078546343,200.0,0.0,False
pope,m3,200,Trajectory Platt (5D),4.888135454497741,0.8044384301582149,4.015052514763835,0.6681686149301007,0.7402213279678069,0.016359831721013983,0.08966071603024216,0.0016198854871234986,200.0,0.0,False
pope,m3,200,VCPS-5D (Our Method),4.672695996294688,0.11151770048068904,4.740339704295205,1.4473853219342805,0.7482897384305836,0.0032145966415835807,0.0881145125164593,0.0003384945970155553,200.0,0.0,False
pope,m3,50,Adaptive TS (ATS),5.213034896252766,0.8314706237622671,4.784815197494318,0.6301709195786468,0.7456740442655936,0.005638292261248283,0.08856249089235194,0.00021922407376951368,50.0,0.0,False
pope,m3,50,Naive Confidence (NC),4.401373377414336,0.0,3.4492825639658973,0.0,0.7385311871227364,0.0,0.0882241661907834,0.0,50.0,0.0,False
pope,m3,50,Platt Scaling (1D),4.913393310914605,0.6300002484263538,4.227906098453789,0.9938117905015643,0.7385311871227364,0.0,0.08908586118064116,0.0017406055595617965,50.0,0.0,False
pope,m3,50,Temperature Scaling (TS),4.685958917346774,0.2593731731187646,4.943945291793734,0.7108378656677825,0.7385311871227364,0.0,0.0888756910175748,0.0007015675444673804,50.0,0.0,False
pope,m3,50,Trajectory Platt (5D),5.416562929048808,1.1815884278618414,4.117434714281447,2.341938707383401,0.7124547283702213,0.017174573441566848,0.09223007016642094,0.0021908428257758805,50.0,0.0,False
pope,m3,50,VCPS-5D (Our Method),5.478128207948195,1.0421145104605452,4.523907128208743,1.1835969275348466,0.746297786720322,0.006209533931018263,0.08905382534007784,0.001157501555911912,50.0,0.0,False
pope,m3,500,Adaptive TS (ATS),4.675660856881086,0.18875552763828898,4.465524323531644,0.3424896700247464,0.7480684104627766,0.002683873847918427,0.0879397485537005,0.00011475371101466485,500.0,0.0,False
pope,m3,500,Naive Confidence (NC),4.401373377414336,0.0,3.4492825639658973,0.0,0.7385311871227364,0.0,0.0882241661907834,0.0,500.0,0.0,False
pope,m3,500,Platt Scaling (1D),4.368662814392168,0.2096293969617016,4.150845925832184,0.644634845193432,0.7385311871227364,0.0,0.08825076534807705,0.00022807445957276183,500.0,0.0,False
pope,m3,500,Temperature Scaling (TS),4.381912900396406,0.012502805668532076,4.083873379412083,0.26462766398728266,0.7385311871227364,0.0,0.08828413693084004,5.372106241779857e-05,500.0,0.0,False
pope,m3,500,Trajectory Platt (5D),5.551861539529784,0.8485446445037671,3.5616554212420715,0.5796920531124491,0.7467203219315894,0.003091495441430628,0.08886062324153225,0.0006903405124623579,500.0,0.0,False
pope,m3,500,VCPS-5D (Our Method),4.610544882218944,0.20700276777930515,5.104044014251437,0.7424497261347975,0.7488329979879277,0.002053891373066384,0.08802644861835485,0.00031277310139196597,500.0,0.0,False
pope,m3,Full,Adaptive TS (ATS),4.273044882019385,0.0,4.4192476134928995,0.0,0.7496981891348089,0.0,0.08791707781171373,0.0,1276.0,0.0,True
pope,m3,Full,Naive Confidence (NC),4.401373377414336,0.0,3.4492825639658973,0.0,0.7385311871227364,0.0,0.0882241661907834,0.0,1276.0,0.0,True
pope,m3,Full,Platt Scaling (1D),4.3170979063977,0.0,4.185224922530998,0.0,0.7385311871227364,0.0,0.0882341299954266,0.0,1276.0,0.0,True
pope,m3,Full,Temperature Scaling (TS),4.37429397651731,0.0,4.268523292461976,0.0,0.7385311871227364,0.0,0.0882902443753891,0.0,1276.0,0.0,True
pope,m3,Full,Trajectory Platt (5D),6.618610491573252,0.0,4.823040037319577,0.0,0.7514084507042252,0.0,0.0886765446660969,0.0,1276.0,0.0,True
pope,m3,Full,VCPS-5D (Our Method),4.222095861628341,0.0,4.4782182066562575,0.0,0.7496981891348088,0.0,0.0879595577829571,0.0,1276.0,0.0,True
scienceqa,m3,100,Adaptive TS (ATS),13.506906704283093,0.743827314037495,13.228830949819974,0.32727957170385696,0.8082001316655694,0.000916679863794586,0.19249611369649905,0.0012816319472629997,100.0,0.0,False
scienceqa,m3,100,Naive Confidence (NC),21.92671763151884,0.0,22.15753873437643,0.0,0.8067412771560235,0.0,0.2368041303501034,0.0,100.0,0.0,False
scienceqa,m3,100,Platt Scaling (1D),6.732985914294007,2.5516651269041413,7.143199043226767,1.964144474940634,0.8067412771560235,0.0,0.176694215461811,0.004809184616225661,100.0,0.0,False
scienceqa,m3,100,Temperature Scaling (TS),12.9775161094679,0.5358129761173038,13.087336653060323,0.22541989758826456,0.8067412771560235,0.0,0.19290869547405137,0.0012855471632901715,100.0,0.0,False
scienceqa,m3,100,Trajectory Platt (5D),7.44998869728297,0.5892214258648852,7.458568594045936,0.568502396546475,0.7947702435813035,0.023058687072362583,0.18025798796376077,0.008039665439388173,100.0,0.0,False
scienceqa,m3,100,VCPS-5D (Our Method),7.683974159459632,1.4813223929888357,7.655416424423917,1.3175012586929686,0.8072732060566162,0.0021626365376949323,0.17681699024087302,0.0038808649430033823,100.0,0.0,False
scienceqa,m3,1000,Adaptive TS (ATS),13.085849187916384,0.17701659755206708,13.00139545327186,0.14369816848157124,0.8085582620144832,0.00012490892666899774,0.1918105107958318,0.0002202681468212377,1000.0,0.0,False
scienceqa,m3,1000,Naive Confidence (NC),21.92671763151884,0.0,22.15753873437643,0.0,0.8067412771560235,0.0,0.2368041303501034,0.0,1000.0,0.0,False
scienceqa,m3,1000,Platt Scaling (1D),4.814111326489215,0.07237985306134417,5.823472651730377,0.3411653612393355,0.8067412771560235,0.0,0.17311705635357322,9.928305308907334e-05,1000.0,0.0,False
scienceqa,m3,1000,Temperature Scaling (TS),12.681561800413164,0.00673830411183974,13.303658124792701,0.17775408803018478,0.8067412771560235,0.0,0.19236432935511324,0.0001766719109581122,1000.0,0.0,False
scienceqa,m3,1000,Trajectory Platt (5D),6.188058608770371,0.6309180810285993,5.309922479093077,0.27202941373267203,0.8120658327847268,0.0015156302733075114,0.17208934891374825,0.00038487199751665474,1000.0,0.0,False
scienceqa,m3,1000,VCPS-5D (Our Method),6.293511483001202,0.48816934737525053,5.534689218029082,0.5000291520783166,0.8096010533245556,0.0004203411705434176,0.17228496152509362,0.00013855385355130957,1000.0,0.0,False
scienceqa,m3,1500,Adaptive TS (ATS),12.996215564235166,0.01158680357281417,13.051069116318994,0.16054545660935315,0.8085108624094799,0.00012546284923844236,0.19185861540771748,0.00012665204964886097,1500.0,0.0,False
scienceqa,m3,1500,Naive Confidence (NC),21.92671763151884,0.0,22.15753873437643,0.0,0.8067412771560235,0.0,0.2368041303501034,0.0,1500.0,0.0,False
scienceqa,m3,1500,Platt Scaling (1D),4.984262060097902,0.04657073729793942,4.929431761225234,0.3611787128250445,0.8067412771560235,0.0,0.1732491903794715,7.954380204791275e-05,1500.0,0.0,False
scienceqa,m3,1500,Temperature Scaling (TS),12.682825107060868,0.0049947556720680185,13.207170765918727,0.19713607906363334,0.8067412771560235,0.0,0.1924024047577204,0.00011850535457263275,1500.0,0.0,False
scienceqa,m3,1500,Trajectory Platt (5D),6.593420401215553,0.49310232308522,5.66805866807699,0.3779944243795387,0.8128347597103358,0.00030855847972467205,0.17192407941747,0.00014350354925084138,1500.0,0.0,False
scienceqa,m3,1500,VCPS-5D (Our Method),6.0295806067889215,0.1647035123460755,5.570737888542952,0.17990320609572394,0.8099486504279131,0.00026490641400830873,0.1722836023285581,8.677342912166456e-05,1500.0,0.0,False
scienceqa,m3,200,Adaptive TS (ATS),13.25970116236105,0.3604137222383856,13.32522179380677,0.3685671241322211,0.8083212639894667,0.0005143390384364369,0.19195580833551684,0.0007969442820363124,200.0,0.0,False
scienceqa,m3,200,Naive Confidence (NC),21.92671763151884,0.0,22.15753873437643,0.0,0.8067412771560235,0.0,0.2368041303501034,0.0,200.0,0.0,False
scienceqa,m3,200,Platt Scaling (1D),5.626781987426826,0.475663628331445,6.149073280240752,0.8422424982393961,0.8067412771560235,0.0,0.17420981926010687,0.0009120102828868052,200.0,0.0,False
scienceqa,m3,200,Temperature Scaling (TS),12.718428925123913,0.060288816888091866,13.059065329526941,0.29608291519366176,0.8067412771560235,0.0,0.19235310768812292,0.0006537478122147107,200.0,0.0,False
scienceqa,m3,200,Trajectory Platt (5D),6.949470036476851,0.8183138980039518,6.561674181371927,1.2884728675060655,0.8020592495062541,0.00820741105423403,0.1771004679371488,0.002913458092588238,200.0,0.0,False
scienceqa,m3,200,VCPS-5D (Our Method),6.826875489403281,0.7484625614701097,6.8913635249679475,0.9704479476559756,0.8085582620144832,0.0010178353174503782,0.17404354234628822,0.002009732504712285,200.0,0.0,False
scienceqa,m3,50,Adaptive TS (ATS),13.471602088217963,0.402041095782684,13.635061718482172,0.47657266984168317,0.8078104015799867,0.0007574146998608663,0.19229627928054452,0.00121408638865877,50.0,0.0,False
scienceqa,m3,50,Naive Confidence (NC),21.92671763151884,0.0,22.15753873437643,0.0,0.8067412771560235,0.0,0.2368041303501034,0.0,50.0,0.0,False
scienceqa,m3,50,Platt Scaling (1D),7.1742100840682514,2.3010208035840916,7.9871021229194215,2.0939486908328018,0.8067412771560235,0.0,0.17719966930960088,0.004334542472761133,50.0,0.0,False
scienceqa,m3,50,Temperature Scaling (TS),12.916760064420695,0.34031904590804696,13.192750922433087,0.5228207719102775,0.8067412771560235,0.0,0.19261015893574793,0.0010595024615579383,50.0,0.0,False
scienceqa,m3,50,Trajectory Platt (5D),8.854941186076031,1.6843659332429852,8.565083139901981,2.4105472080096355,0.7873601053324556,0.010801488951387671,0.1862639581856636,0.00585289666171112,50.0,0.0,False
scienceqa,m3,50,VCPS-5D (Our Method),7.726854085867347,2.2514087772505023,7.915338840132883,2.958919853173682,0.8065832784726794,0.0030817619672580125,0.17837328931710753,0.007117662282392352,50.0,0.0,False
scienceqa,m3,500,Adaptive TS (ATS),13.111496252808337,0.1955872631261445,13.372762468748359,0.5928133455833178,0.8085213956550362,0.00022698472089011297,0.1918311018540759,0.0006718238542116255,500.0,0.0,False
scienceqa,m3,500,Naive Confidence (NC),21.92671763151884,0.0,22.15753873437643,0.0,0.8067412771560235,0.0,0.2368041303501034,0.0,500.0,0.0,False
scienceqa,m3,500,Platt Scaling (1D),5.154310397474537,0.13408717012579874,5.765574480988344,0.7207747188275763,0.8067412771560235,0.0,0.1733415817388222,0.0005117261191719855,500.0,0.0,False
scienceqa,m3,500,Temperature Scaling (TS),12.724593484612882,0.07043348971919926,12.961924226129966,0.26438070441548317,0.8067412771560235,0.0,0.19239825511470443,0.0005937149584730863,500.0,0.0,False
scienceqa,m3,500,Trajectory Platt (5D),6.698807286098601,1.1720864950429966,6.413607954606414,1.1430082659261511,0.8109124423963134,0.0024471809176204963,0.17297467503396716,0.001119985217343927,500.0,0.0,False
scienceqa,m3,500,VCPS-5D (Our Method),6.465909170750988,0.7772391411168366,6.314976752197039,0.5550531714626209,0.8094535878867676,0.0007441143463302458,0.1725745824331451,0.0007609134032489847,500.0,0.0,False
scienceqa,m3,Full,Adaptive TS (ATS),12.997853655462205,0.0,12.984094577826394,0.0,0.8084265964450296,0.0,0.1918391056284162,0.0,1600.0,0.0,True
scienceqa,m3,Full,Naive Confidence (NC),21.92671763151884,0.0,22.15753873437643,0.0,0.8067412771560235,0.0,0.2368041303501034,0.0,1600.0,0.0,True
scienceqa,m3,Full,Platt Scaling (1D),4.98647650667664,0.0,4.798593949687339,0.0,0.8067412771560235,0.0,0.1732356736205169,0.0,1600.0,0.0,True
scienceqa,m3,Full,Temperature Scaling (TS),12.681717785941505,0.0,13.098813070276927,0.0,0.8067412771560235,0.0,0.1923812277999033,0.0,1600.0,0.0,True
scienceqa,m3,Full,Trajectory Platt (5D),6.154509384185077,0.0,5.1709082834422615,0.0,0.812771560236998,0.0,0.1718647042779582,0.0,1600.0,0.0,True
scienceqa,m3,Full,VCPS-5D (Our Method),5.761238032018085,0.0,5.672747781971125,0.0,0.8098749177090191,0.0,0.1722669815743788,0.0,1600.0,0.0,True
seedbench,m3,100,Adaptive TS (ATS),6.775694107446574,0.5821743436445396,0.9987844485795364,0.1226143709525382,0.5459709945936668,0.01524170602285378,0.21802781862388537,0.00021891793598493418,100.0,0.0,False
seedbench,m3,100,Naive Confidence (NC),32.24991934814758,0.0,32.249919348147586,0.0,0.4827083154552475,0.0,0.3224992831139712,0.0,100.0,0.0,False
seedbench,m3,100,Platt Scaling (1D),7.180768474919321,1.9180827865004146,3.3776482820169855,3.8230593293194834,0.48962498927314846,0.015466152835019585,0.22133747256773822,0.0039244778573827065,100.0,0.0,False
seedbench,m3,100,Temperature Scaling (TS),5.245972820845642,0.0012168144258393294,0.7641735529306228,0.23634052823549645,0.4827083154552475,0.0,0.21847864256680743,3.1276402024304662e-06,100.0,0.0,False
seedbench,m3,100,Trajectory Platt (5D),9.56779929250479,1.8055832261803901,6.849416744709013,2.31512237145472,0.5822077290540347,0.05461313164555012,0.2167866215996292,0.0064572176864237125,100.0,0.0,False
seedbench,m3,100,VCPS-5D (Our Method),9.737169007483725,1.1258536897866585,5.733649441477201,1.4676318121548642,0.5914013558740239,0.02883598584582949,0.21729152753479228,0.004284493437937729,100.0,0.0,False
seedbench,m3,1000,Adaptive TS (ATS),7.533768906357214,0.9848334596244246,0.8621458582515608,0.03628723408505021,0.5529048313738951,0.004275887982887009,0.2180393553588511,7.855006395304909e-05,1000.0,0.0,False
seedbench,m3,1000,Naive Confidence (NC),32.24991934814758,0.0,32.249919348147586,0.0,0.4827083154552475,0.0,0.3224992831139712,0.0,1000.0,0.0,False
seedbench,m3,1000,Platt Scaling (1D),5.51764668713504,0.6423783030315396,0.23348163420505416,0.07303055320914197,0.48962498927314846,0.015466152835019587,0.21846912097322835,3.071333827449007e-05,1000.0,0.0,False
seedbench,m3,1000,Temperature Scaling (TS),5.245428644891207,0.0,0.6584788555360671,0.0,0.4827083154552475,0.0,0.21847724384358708,0.0,1000.0,0.0,False
seedbench,m3,1000,Trajectory Platt (5D),6.703827777504921,1.2740686468351972,3.8456782370805724,0.16325636526084564,0.640458823192883,0.0022676202012700815,0.20715379756076563,0.0006551912773379494,1000.0,0.0,False
seedbench,m3,1000,VCPS-5D (Our Method),7.565215522999566,1.443951876340742,4.484938302232674,1.6122958791887838,0.6249949941359879,0.0050988009716183315,0.21089410990955698,0.00255424511636248,1000.0,0.0,False
seedbench,m3,1500,Adaptive TS (ATS),8.625581513421048,0.057000923367850564,0.8669153496167168,0.004217515476939086,0.5533739523441745,0.002028088031067936,0.21803926965068632,7.174548145099144e-06,1500.0,0.0,False
seedbench,m3,1500,Naive Confidence (NC),32.24991934814758,0.0,32.249919348147586,0.0,0.4827083154552475,0.0,0.3224992831139712,0.0,1500.0,0.0,False
seedbench,m3,1500,Platt Scaling (1D),5.216611050261042,0.015730963630234587,0.662588753835069,0.1574198767335408,0.4827083154552475,0.0,0.21842686096100525,6.30854138372519e-06,1500.0,0.0,False
seedbench,m3,1500,Temperature Scaling (TS),5.245428644891207,0.0,0.6584788555360671,0.0,0.4827083154552475,0.0,0.21847724384358708,0.0,1500.0,0.0,False
seedbench,m3,1500,Trajectory Platt (5D),8.042399457097055,0.40989114279820316,4.090299940109253,0.11430101937139112,0.6420950256014188,0.0007656831610929041,0.20713899824208823,6.636383800715835e-05,1500.0,0.0,False
seedbench,m3,1500,VCPS-5D (Our Method),10.05303462611599,0.6108361199486566,5.935733008334689,0.14497518301081502,0.6236276781372465,0.002250319703687539,0.21359912735854952,6.885514259407448e-05,1500.0,0.0,False
seedbench,m3,200,Adaptive TS (ATS),7.049453596378841,0.8735226062624256,0.8569410584017134,0.038546088564577634,0.5441059526874339,0.005707871346023971,0.2181030971995633,6.76009603650342e-05,200.0,0.0,False
seedbench,m3,200,Naive Confidence (NC),32.24991934814758,0.0,32.249919348147586,0.0,0.4827083154552475,0.0,0.3224992831139712,0.0,200.0,0.0,False
seedbench,m3,200,Platt Scaling (1D),7.2850816517781185,0.5408717526706487,3.7943749918197787,3.2688042820663004,0.49654166309104947,0.018942091364848715,0.22057991637486155,0.0019681989743657144,200.0,0.0,False
seedbench,m3,200,Temperature Scaling (TS),5.245428644891207,0.0,0.6584788555360671,0.0,0.4827083154552475,0.0,0.21847724384358708,0.0,200.0,0.0,False
seedbench,m3,200,Trajectory Platt (5D),9.419049415551125,1.3328535124726415,4.772060755454005,0.7517323919408739,0.6118424440058353,0.02382984937588046,0.21336990035837927,0.004082390795972166,200.0,0.0,False
seedbench,m3,200,VCPS-5D (Our Method),9.619350248537398,1.8925392687258251,5.344910793825077,1.9247098111366756,0.6083125947538546,0.012832319578898377,0.21381016822597432,0.0024129209168729845,200.0,0.0,False
seedbench,m3,50,Adaptive TS (ATS),7.12224138202873,3.001493900623583,1.2615152955079239,0.2765017497782159,0.5256815126290798,0.06049708935116886,0.21803399096581227,0.0007667802887789336,50.0,0.0,False
seedbench,m3,50,Naive Confidence (NC),32.24991934814758,0.0,32.249919348147586,0.0,0.4827083154552475,0.0,0.3224992831139712,0.0,50.0,0.0,False
seedbench,m3,50,Platt Scaling (1D),9.354769545256149,1.7673068413695718,5.8583421277165835,3.886025982652962,0.5034583369089505,0.018942091364848708,0.22511008185551531,0.006335446710515141,50.0,0.0,False
seedbench,m3,50,Temperature Scaling (TS),5.269856797348855,0.05447566575070428,0.9045150349153539,0.34811901911870213,0.4827083154552475,0.0,0.21849588018048632,4.130621271531135e-05,50.0,0.0,False
seedbench,m3,50,Trajectory Platt (5D),10.552372965961693,3.7611571557908654,9.477818942070007,4.140054448806777,0.5319374123973798,0.06639749102744845,0.22632582342624502,0.011217366611762007,50.0,0.0,False
seedbench,m3,50,VCPS-5D (Our Method),11.664730043728799,4.6169687897811045,6.60862516217515,6.391959073143724,0.5209187905832546,0.0788200633604049,0.2277705307284156,0.01884177730303962,50.0,0.0,False
seedbench,m3,500,Adaptive TS (ATS),6.966259536220241,1.1642364813972181,0.837033959904806,0.06948650795172487,0.5524242684287308,0.00456535156363835,0.21807476637965487,0.00010906268599052902,500.0,0.0,False
seedbench,m3,500,Naive Confidence (NC),32.24991934814758,0.0,32.249919348147586,0.0,0.4827083154552475,0.0,0.3224992831139712,0.0,500.0,0.0,False
seedbench,m3,500,Platt Scaling (1D),5.9811324300389845,0.7748022513179039,0.7409526983436096,0.9361769857045137,0.48962498927314846,0.015466152835019587,0.21886233192709312,0.0005067122415234056,500.0,0.0,False
seedbench,m3,500,Temperature Scaling (TS),5.245428644891207,0.0,0.6584788555360671,0.0,0.4827083154552475,0.0,0.21847724384358708,0.0,500.0,0.0,False
seedbench,m3,500,Trajectory Platt (5D),6.811396341025829,0.6838441052719727,3.81253245919943,1.2640341039509657,0.6343545295918076,0.002330257980896616,0.2079170625984748,0.00032309885981774734,500.0,0.0,False
seedbench,m3,500,VCPS-5D (Our Method),8.730015238850664,1.546607605970937,3.7622953683746116,1.7036149389333746,0.6225979003976085,0.003302637900746006,0.21145282167565296,0.0022572904031645763,500.0,0.0,False
seedbench,m3,Full,Adaptive TS (ATS),8.600415864066195,0.0,0.8656581875202287,0.0,0.5541634486112303,0.0,0.2180378626050103,0.0,1600.0,0.0,True
seedbench,m3,Full,Naive Confidence (NC),32.24991934814758,0.0,32.249919348147586,0.0,0.4827083154552475,0.0,0.3224992831139712,0.0,1600.0,0.0,True
seedbench,m3,Full,Platt Scaling (1D),5.201621660849319,0.0,0.4840858066104266,0.0,0.4827083154552475,0.0,0.218432966636936,0.0,1600.0,0.0,True
seedbench,m3,Full,Temperature Scaling (TS),5.245428644891207,0.0,0.6584788555360671,0.0,0.4827083154552475,0.0,0.21847724384358708,0.0,1600.0,0.0,True
seedbench,m3,Full,Trajectory Platt (5D),7.678931623697281,0.0,3.9435602873563744,0.0,0.641952000915358,0.0,0.2071006838235127,0.0,1600.0,0.0,True
seedbench,m3,Full,VCPS-5D (Our Method),10.57021478776615,0.0,6.122476504921588,0.0,0.6243599645298777,0.0,0.2136301301504057,0.0,1600.0,0.0,True
textvqa,m3,100,Adaptive TS (ATS),10.931682964171314,0.4604991338988185,11.137226588126564,0.6056137009085429,0.8393397807865893,6.968023771045142e-05,0.171767523769106,0.0007221678634046685,100.0,0.0,False
textvqa,m3,100,Naive Confidence (NC),11.074268778028747,0.0,10.49808570682344,0.0,0.8388652482269503,0.0,0.1714169938865369,0.0,100.0,0.0,False
textvqa,m3,100,Platt Scaling (1D),8.381017944432507,0.5258336237050039,8.752175675378993,0.8260805075811439,0.8388652482269503,0.0,0.162790836246996,0.002383057751831295,100.0,0.0,False
textvqa,m3,100,Temperature Scaling (TS),11.299365383914354,0.3002396708628094,10.886826419507788,0.39443111706396744,0.8388652482269503,0.0,0.17194082786440404,0.0007559310604462316,100.0,0.0,False
textvqa,m3,100,Trajectory Platt (5D),7.373133960552513,1.450518317917367,7.644132258184254,0.6842105934011319,0.8287659574468084,0.006341740717935681,0.16608537926422356,0.002235216650222314,100.0,0.0,False
textvqa,m3,100,VCPS-5D (Our Method),8.058039532753554,0.8651486038178949,8.14550971989406,0.7033385578035266,0.8391386202450033,0.000561069222050834,0.16142057262535298,0.0021531527411261142,100.0,0.0,False
textvqa,m3,1000,Adaptive TS (ATS),11.410704557310385,0.389630220319954,10.150286004111113,0.5312407013569295,0.8390406189555126,7.156382682403715e-05,0.17095382137039414,4.207645295568632e-05,1000.0,0.0,False
textvqa,m3,1000,Naive Confidence (NC),11.074268778028747,0.0,10.49808570682344,0.0,0.8388652482269503,0.0,0.1714169938865369,0.0,1000.0,0.0,False
textvqa,m3,1000,Platt Scaling (1D),8.183281890407143,0.20800857183054627,8.494845816468414,0.7738625753706411,0.8388652482269503,0.0,0.1615070330423102,0.0004596384909200373,1000.0,0.0,False
textvqa,m3,1000,Temperature Scaling (TS),11.138198446265395,0.010579829625205508,10.12308451082834,0.4037883734104035,0.8388652482269503,0.0,0.17123202928813225,1.9939310875953113e-05,1000.0,0.0,False
textvqa,m3,1000,Trajectory Platt (5D),6.557507675793022,1.2284541028346256,6.241422516759486,0.6119830768908598,0.8330058027079303,0.0025370150988357444,0.16355487262251206,0.001645156355586023,1000.0,0.0,False
textvqa,m3,1000,VCPS-5D (Our Method),7.772937352075447,0.5597747376101203,7.579590205466149,0.3859181464491962,0.8396337846550613,6.675527585072114e-05,0.16039502195709382,0.000341303033713933,1000.0,0.0,False
textvqa,m3,1500,Adaptive TS (ATS),11.306069714986261,0.019862724479271752,9.912593663064122,0.27106477705247367,0.8389735654416505,4.2376987041044495e-05,0.17096857398182616,2.223350675264568e-05,1500.0,0.0,False
textvqa,m3,1500,Naive Confidence (NC),11.074268778028747,0.0,10.49808570682344,0.0,0.8388652482269503,0.0,0.1714169938865369,0.0,1500.0,0.0,False
textvqa,m3,1500,Platt Scaling (1D),8.238925995609476,0.06086845444061759,8.533863412341413,0.2710791014204641,0.8388652482269503,0.0,0.1616230201953292,0.00018040808833254685,1500.0,0.0,False
textvqa,m3,1500,Temperature Scaling (TS),11.141637746451345,0.006809781439543543,10.164661794494908,0.17341255867503336,0.8388652482269503,0.0,0.17123698828305128,2.205125346144656e-05,1500.0,0.0,False
textvqa,m3,1500,Trajectory Platt (5D),5.701989972405135,0.3517984182243197,5.631269701384008,1.0478114443120292,0.8340270793036751,0.0007222529111663084,0.1629283901818286,0.00038974594917919004,1500.0,0.0,False
textvqa,m3,1500,VCPS-5D (Our Method),7.558361805310815,0.1762740938425348,7.985919285499586,0.3556962444210303,0.839551257253385,0.00022893453019905927,0.16055519232034104,0.00017203894986534866,1500.0,0.0,False
textvqa,m3,200,Adaptive TS (ATS),11.222244359254669,0.8030110923899879,11.284839861315238,0.40499589673410286,0.8392159896840747,7.86483594170472e-05,0.1719710741449622,0.00100417211087817,200.0,0.0,False
textvqa,m3,200,Naive Confidence (NC),11.074268778028747,0.0,10.49808570682344,0.0,0.8388652482269503,0.0,0.1714169938865369,0.0,200.0,0.0,False
textvqa,m3,200,Platt Scaling (1D),9.083733456728186,0.6305002080234746,9.456076517845764,0.8205346122365289,0.8388652482269503,0.0,0.16478516195297538,0.0028409389408146813,200.0,0.0,False
textvqa,m3,200,Temperature Scaling (TS),11.366566516978505,0.3494731982928254,10.888606887360975,0.5863146090286038,0.8388652482269503,0.0,0.1722200539501178,0.000968300687102575,200.0,0.0,False
textvqa,m3,200,Trajectory Platt (5D),6.9959051566198465,0.8768685333304321,6.609526423923671,0.6728233528143797,0.8236698903932946,0.009291447234675105,0.16907862539080312,0.0047666437649110304,200.0,0.0,False
textvqa,m3,200,VCPS-5D (Our Method),8.75710467225072,1.050144977417935,8.761440033468933,0.882783732157332,0.8394429400386848,0.00032293954027067884,0.16310478652654187,0.0026555563170199,200.0,0.0,False
textvqa,m3,50,Adaptive TS (ATS),11.422237429320955,0.6695153111242439,11.887753053878518,0.7310283131228111,0.8392263056092844,0.0004288404680417162,0.1724950877278148,0.0018002116801748298,50.0,0.0,False
textvqa,m3,50,Naive Confidence (NC),11.074268778028747,0.0,10.49808570682344,0.0,0.8388652482269503,0.0,0.1714169938865369,0.0,50.0,0.0,False
textvqa,m3,50,Platt Scaling (1D),7.999505892555334,0.6714336120931612,8.729250473991787,0.5006013992974127,0.8388652482269503,0.0,0.16212322543918217,0.0025284363755124764,50.0,0.0,False
textvqa,m3,50,Temperature Scaling (TS),11.430361176475383,0.42592268486886686,11.410828101528754,0.5339160731147251,0.8388652482269503,0.0,0.1725840309909837,0.0014551703377582224,50.0,0.0,False
textvqa,m3,50,Trajectory Platt (5D),7.432879229728134,2.0701079977978734,7.170407921914013,2.0443887451012217,0.8170212765957446,0.013991787644150386,0.17114333052014544,0.007648498770859787,50.0,0.0,False
textvqa,m3,50,VCPS-5D (Our Method),8.054256189520029,1.4554885816428105,8.713245702155927,1.2085336303015768,0.8388394584139265,0.0010613064264889062,0.16106812909953647,0.0021632375627460843,50.0,0.0,False
textvqa,m3,500,Adaptive TS (ATS),11.148849789799655,0.4158844470337348,10.728488452897576,0.5669633503211167,0.8393397807865893,0.0001407849806726676,0.17115794213678812,0.00010615903196204756,500.0,0.0,False
textvqa,m3,500,Naive Confidence (NC),11.074268778028747,0.0,10.49808570682344,0.0,0.8388652482269503,0.0,0.1714169938865369,0.0,500.0,0.0,False
textvqa,m3,500,Platt Scaling (1D),8.321010238301463,0.30905427317612455,8.354120729356293,0.2429485756218695,0.8388652482269503,0.0,0.16231130183558504,0.0009246220617027181,500.0,0.0,False
textvqa,m3,500,Temperature Scaling (TS),11.181212179268808,0.040719330187943895,10.684496626700833,0.7967519974166037,0.8388652482269503,0.0,0.17143530205064342,0.00016357715970232695,500.0,0.0,False
textvqa,m3,500,Trajectory Platt (5D),5.851556934975088,0.6150585989708834,6.524043542332947,0.5386738873992212,0.8315306254029657,0.004167892313128461,0.16412028419276586,0.0025481481378446694,500.0,0.0,False
textvqa,m3,500,VCPS-5D (Our Method),7.8595109792536135,0.3791205784531451,8.302057080275768,0.28529925360021563,0.8397627337201804,0.000289145096957835,0.16107778998344224,0.0007118201817332986,500.0,0.0,False
textvqa,m3,Full,Adaptive TS (ATS),11.312529541305269,0.0,10.147228816288793,0.0,0.8389684074790458,0.0,0.1709578881144617,0.0,1600.0,0.0,True
textvqa,m3,Full,Naive Confidence (NC),11.074268778028747,0.0,10.49808570682344,0.0,0.8388652482269503,0.0,0.1714169938865369,0.0,1600.0,0.0,True
textvqa,m3,Full,Platt Scaling (1D),8.216847552002674,0.0,8.471011560888249,0.0,0.8388652482269503,0.0,0.1615445982010695,0.0,1600.0,0.0,True
textvqa,m3,Full,Temperature Scaling (TS),11.139205160264993,0.0,10.37902650859674,0.0,0.8388652482269503,0.0,0.1712269625153518,0.0,1600.0,0.0,True
textvqa,m3,Full,Trajectory Platt (5D),5.346239271573722,0.0,5.776711125858128,0.0,0.8345583494519664,0.0,0.1628067532429289,0.0,1600.0,0.0,True
textvqa,m3,Full,VCPS-5D (Our Method),7.378036401330798,0.0,8.195738524660895,0.0,0.8395357833655706,0.0,0.160491963531603,0.0,1600.0,0.0,True
vizwiz-vqa,m3,100,Adaptive TS (ATS),15.06590464267878,0.5219092111972735,14.858203192759579,0.5349185867946317,0.79240625,0.0006343164142351613,0.20869525938994324,0.004645595800511626,100.0,0.0,False
vizwiz-vqa,m3,100,Naive Confidence (NC),15.974506498086688,0.0,15.974506498086686,0.0,0.7927864583333334,0.0,0.2070896633643291,0.0,100.0,0.0,False
vizwiz-vqa,m3,100,Platt Scaling (1D),6.917634518806028,1.3609375050202845,7.023316194323327,1.3101437966174727,0.7927864583333334,0.0,0.18538322781231723,0.0023126544285713966,100.0,0.0,False
vizwiz-vqa,m3,100,Temperature Scaling (TS),15.229787929134478,0.5397402384124174,15.021537860575965,0.46260858652329406,0.7927864583333334,0.0,0.20942623151732379,0.004286505109851424,100.0,0.0,False
vizwiz-vqa,m3,100,Trajectory Platt (5D),7.289691213797778,0.9555747312265594,6.549515858571977,1.1414461677207213,0.7766510416666667,0.008084618535072587,0.1905259166630205,0.003781801031307474,100.0,0.0,False
vizwiz-vqa,m3,100,VCPS-5D (Our Method),7.850210800018024,0.9012941522657448,8.071122126434158,1.4242975960024804,0.7936197916666667,0.000856410606896083,0.18604426686977676,0.002647951735288566,100.0,0.0,False
vizwiz-vqa,m3,1000,Adaptive TS (ATS),14.835832245218821,0.14310361170212005,14.869850369230216,0.11640258071021402,0.7926041666666667,0.00016572815184058229,0.20595816088850588,0.0003451865052830532,1000.0,0.0,False
vizwiz-vqa,m3,1000,Naive Confidence (NC),15.974506498086688,0.0,15.974506498086686,0.0,0.7927864583333334,0.0,0.2070896633643291,0.0,1000.0,0.0,False
vizwiz-vqa,m3,1000,Platt Scaling (1D),5.746267206338948,0.19831551004783002,6.2767124337760025,0.6676022512610165,0.7927864583333334,0.0,0.1828406277816478,0.00010401645265189577,1000.0,0.0,False
vizwiz-vqa,m3,1000,Temperature Scaling (TS),15.056005246615825,0.1393718542070282,15.075375453729592,0.12608908376610622,0.7927864583333334,0.0,0.20661227288631928,0.00028572658582544207,1000.0,0.0,False
vizwiz-vqa,m3,1000,Trajectory Platt (5D),6.70255930153653,0.7959075496023308,6.027370002400131,0.7745911161108139,0.7934114583333333,0.003277010323143048,0.18279710378766734,0.0010746614190699087,1000.0,0.0,False
vizwiz-vqa,m3,1000,VCPS-5D (Our Method),5.7442935282404175,0.5528273031968964,6.206551019895095,0.3544426457012502,0.7931197916666666,0.0004678086612883176,0.18285617370228063,0.0002780228370186546,1000.0,0.0,False
vizwiz-vqa,m3,1500,Adaptive TS (ATS),14.822430662938256,0.019538643772713415,14.822430662938254,0.019538643772715004,0.79259375,5.400114935765491e-05,0.20585581418741813,5.319978265659162e-05,1500.0,0.0,False
vizwiz-vqa,m3,1500,Naive Confidence (NC),15.974506498086688,0.0,15.974506498086686,0.0,0.7927864583333334,0.0,0.2070896633643291,0.0,1500.0,0.0,False
vizwiz-vqa,m3,1500,Platt Scaling (1D),5.771791144129044,0.07562082703374039,5.890988130317756,0.3331102650802238,0.7927864583333334,0.0,0.18285959593970533,6.0192177292050204e-05,1500.0,0.0,False
vizwiz-vqa,m3,1500,Temperature Scaling (TS),15.041164254421423,0.02181735602417033,15.041164254421421,0.021817356024169794,0.7927864583333334,0.0,0.20656380963611481,3.903811915009109e-05,1500.0,0.0,False
vizwiz-vqa,m3,1500,Trajectory Platt (5D),6.838123118411749,0.517046360345732,6.321130854915828,0.4582565678512308,0.7943229166666667,0.0005788049679919593,0.18262887444356352,0.00029438223761223446,1500.0,0.0,False
vizwiz-vqa,m3,1500,VCPS-5D (Our Method),5.654557077193212,0.47483305887778277,6.046127130492582,0.15729319864408528,0.7932708333333334,0.00017527415281727465,0.18280385814742878,9.750838489413153e-05,1500.0,0.0,False
vizwiz-vqa,m3,200,Adaptive TS (ATS),14.955286762809376,0.25380476095759424,14.995732812638854,0.19690140586546678,0.7923802083333333,0.0003653266232656098,0.20574134220720036,0.0004877874050743892,200.0,0.0,False
vizwiz-vqa,m3,200,Naive Confidence (NC),15.974506498086688,0.0,15.974506498086686,0.0,0.7927864583333334,0.0,0.2070896633643291,0.0,200.0,0.0,False
vizwiz-vqa,m3,200,Platt Scaling (1D),6.2791672186066405,1.0404873914488324,6.736652631925575,0.9101027233587253,0.7927864583333334,0.0,0.18362472215389783,0.0014194306424089934,200.0,0.0,False
vizwiz-vqa,m3,200,Temperature Scaling (TS),15.188767903494565,0.21069334940428153,15.298998257478612,0.29509430174568513,0.7927864583333334,0.0,0.20646631032915855,0.000355560903811091,200.0,0.0,False
vizwiz-vqa,m3,200,Trajectory Platt (5D),7.0964825438102705,0.9693976010642138,6.725915258587338,1.4299971716099265,0.7906093750000001,0.004290422870431065,0.18479242486878206,0.0027656867392891974,200.0,0.0,False
vizwiz-vqa,m3,200,VCPS-5D (Our Method),6.6418999639362415,1.0133134618294062,6.785867689999998,1.4969039145135608,0.7934635416666667,0.0006170831047433861,0.1839700268073377,0.0015718021478061989,200.0,0.0,False
vizwiz-vqa,m3,50,Adaptive TS (ATS),15.272972635481207,0.7255472259497949,15.038911560189149,0.6686875299907981,0.7924375,0.0008942952518020788,0.20925335398651002,0.005273255677707309,50.0,0.0,False
vizwiz-vqa,m3,50,Naive Confidence (NC),15.974506498086688,0.0,15.974506498086686,0.0,0.7927864583333334,0.0,0.2070896633643291,0.0,50.0,0.0,False
vizwiz-vqa,m3,50,Platt Scaling (1D),7.191328517802992,1.6375033667695673,7.585213337948652,1.3635294154659672,0.7927864583333334,0.0,0.18585871712370702,0.0031125693259538064,50.0,0.0,False
vizwiz-vqa,m3,50,Temperature Scaling (TS),15.349052318610976,0.82303109294819,15.029586026814869,0.4869098903670714,0.7927864583333334,0.0,0.21019716161220434,0.004999464555346718,50.0,0.0,False
vizwiz-vqa,m3,50,Trajectory Platt (5D),7.688136576022953,1.7734699251270443,7.333416255842894,1.4826076643559467,0.7530416666666667,0.038441740358641646,0.19692046470806662,0.010599808868202821,50.0,0.0,False
vizwiz-vqa,m3,50,VCPS-5D (Our Method),9.058964751610258,1.134977455816765,8.06684050429526,1.260935902499219,0.792453125,0.00441908744831646,0.1867456087968822,0.002245634945970866,50.0,0.0,False
vizwiz-vqa,m3,500,Adaptive TS (ATS),14.954592854986004,0.23871923434893097,15.041708180043898,0.22737507933645612,0.79253125,0.0003275457850734302,0.20596855073455558,0.0005166211615436725,500.0,0.0,False
vizwiz-vqa,m3,500,Naive Confidence (NC),15.974506498086688,0.0,15.974506498086686,0.0,0.7927864583333334,0.0,0.2070896633643291,0.0,500.0,0.0,False
vizwiz-vqa,m3,500,Platt Scaling (1D),6.250314856264415,0.5633256179760926,6.693388675952664,0.39731765379923256,0.7927864583333334,0.0,0.18339297471347094,0.00045158852759238184,500.0,0.0,False
vizwiz-vqa,m3,500,Temperature Scaling (TS),15.169266258346605,0.20505140089025797,15.170990632867836,0.2023365511076381,0.7927864583333334,0.0,0.20652949708267254,0.00044532072457949067,500.0,0.0,False
vizwiz-vqa,m3,500,Trajectory Platt (5D),6.641920077335089,0.7747107081176382,6.766977019049227,0.45849765245547414,0.7921927083333333,0.005109259523414759,0.18388804154980126,0.0016604309207943443,500.0,0.0,False
vizwiz-vqa,m3,500,VCPS-5D (Our Method),6.192627127937021,0.5208535556448401,6.542357059103575,0.8252044260906687,0.7933020833333334,0.0004081984524254067,0.18352733596260512,0.0005578625088180129,500.0,0.0,False
vizwiz-vqa,m3,Full,Adaptive TS (ATS),14.871674966247443,0.0,14.87167496624744,0.0,0.7925260416666666,0.0,0.20577992730226677,0.0,1600.0,0.0,True
vizwiz-vqa,m3,Full,Naive Confidence (NC),15.974506498086688,0.0,15.974506498086686,0.0,0.7927864583333334,0.0,0.2070896633643291,0.0,1600.0,0.0,True
vizwiz-vqa,m3,Full,Platt Scaling (1D),5.8022997906429685,0.0,6.639696778734006,0.0,0.7927864583333334,0.0,0.1828255907879808,0.0,1600.0,0.0,True
vizwiz-vqa,m3,Full,Temperature Scaling (TS),15.091343896246224,0.0,15.09134389624622,0.0,0.7927864583333334,0.0,0.2064776874860114,0.0,1600.0,0.0,True
vizwiz-vqa,m3,Full,Trajectory Platt (5D),6.572473927168174,0.0,6.383531073806806,0.0,0.7938802083333334,0.0,0.1827517668189857,0.0,1600.0,0.0,True
vizwiz-vqa,m3,Full,VCPS-5D (Our Method),5.78650738462766,0.0,6.370924689045275,0.0,0.793203125,0.0,0.1827998453979278,0.0,1600.0,0.0,True
vqav2,m3,100,Adaptive TS (ATS),8.210761870533151,1.3816903531376497,8.78978584549914,0.9609422515158429,0.7815928270042194,0.00972582700493654,0.14014318468741466,0.0030409067951199234,100.0,0.0,False
vqav2,m3,100,Naive Confidence (NC),7.225947408005598,0.0,8.638952853158113,0.0,0.7721518987341771,0.0,0.1387228328252678,0.0,100.0,0.0,False
vqav2,m3,100,Platt Scaling (1D),7.7632663076086335,1.5286732984477214,7.2293936846647755,0.6328627908958033,0.7721518987341771,0.0,0.14079114590772784,0.006533403016665735,100.0,0.0,False
vqav2,m3,100,Temperature Scaling (TS),9.102199059533504,2.3368063895982454,10.062606055841716,1.6358472637104542,0.7721518987341771,0.0,0.14288632503211826,0.004808293230205579,100.0,0.0,False
vqav2,m3,100,Trajectory Platt (5D),6.807765033841133,1.6770597766586222,5.948643507063389,1.051143196618666,0.7751506931886679,0.03323748500255477,0.14013470271103173,0.006682184549281175,100.0,0.0,False
vqav2,m3,100,VCPS-5D (Our Method),7.46804207019513,1.4485286163714144,6.5325131891812145,1.4526645731427046,0.7827079566003616,0.006659515890391305,0.13825033214399168,0.0040378467725647555,100.0,0.0,False
vqav2,m3,1000,Adaptive TS (ATS),7.398384034474984,0.26980919424166366,8.063039481562424,0.8724064103126526,0.787710970464135,0.0004644676011881535,0.13818935891630427,0.0005134748790779319,1000.0,0.0,False
vqav2,m3,1000,Naive Confidence (NC),7.225947408005598,0.0,8.638952853158113,0.0,0.7721518987341771,0.0,0.1387228328252678,0.0,1000.0,0.0,False
vqav2,m3,1000,Platt Scaling (1D),6.933057082252337,0.17593944461388936,5.750004058751176,0.805844423753948,0.7721518987341771,0.0,0.13900474439700297,0.0005798142350905873,1000.0,0.0,False
vqav2,m3,1000,Temperature Scaling (TS),8.520758964858382,0.23643261459064002,9.31661960870888,0.20352194966391587,0.7721518987341771,0.0,0.1415851804290385,0.00046723916892985615,1000.0,0.0,False
vqav2,m3,1000,Trajectory Platt (5D),6.89855779632926,0.5865223295140898,6.682101618498564,0.4021663750059708,0.7871232670283302,0.005012644193211433,0.13859599936525552,0.0013949452134833056,1000.0,0.0,False
vqav2,m3,1000,VCPS-5D (Our Method),7.6279940914955615,0.6836833918312324,3.8848120357851754,0.40353099026191747,0.7905213984327908,0.0004478212648318008,0.13569962420791895,0.0005155760763354593,1000.0,0.0,False
vqav2,m3,1500,Adaptive TS (ATS),7.1573477387494275,0.2036206854814529,8.137208144748184,0.6356933198761456,0.7882007233273056,0.00045908896952060423,0.1380655255812413,0.00010773144901544229,1500.0,0.0,False
vqav2,m3,1500,Naive Confidence (NC),7.225947408005598,0.0,8.638952853158113,0.0,0.7721518987341771,0.0,0.1387228328252678,0.0,1500.0,0.0,False
vqav2,m3,1500,Platt Scaling (1D),6.945195894535655,0.10791180205057883,5.748551134156093,0.8327604390864315,0.7721518987341771,0.0,0.13905128335679873,0.00034785781538945347,1500.0,0.0,False
vqav2,m3,1500,Temperature Scaling (TS),8.558864832492928,0.12312889227578021,9.385146634741641,0.2345346944610458,0.7721518987341771,0.0,0.14165953479086849,0.00025148752127222655,1500.0,0.0,False
vqav2,m3,1500,Trajectory Platt (5D),6.677348852157593,0.6611136057401383,6.637820161879063,0.39650787053019265,0.7880048221820373,0.002222309449294369,0.13808288904850047,0.0005976747394525709,1500.0,0.0,False
vqav2,m3,1500,VCPS-5D (Our Method),8.258387483364393,0.3467124033776223,4.066341526058499,0.46408226661059926,0.7908227848101266,0.000770969092362031,0.13561013720207765,0.00020067655420648555,1500.0,0.0,False
vqav2,m3,200,Adaptive TS (ATS),8.00790309349911,0.9968493517390196,7.8564091679667625,1.0345251102469073,0.7855937311633514,0.007715919855226794,0.13892146983451084,0.0024705146797551047,200.0,0.0,False
vqav2,m3,200,Naive Confidence (NC),7.225947408005598,0.0,8.638952853158113,0.0,0.7721518987341771,0.0,0.1387228328252678,0.0,200.0,0.0,False
vqav2,m3,200,Platt Scaling (1D),7.138431446070027,0.9008200514376621,5.898443187835479,1.0350216917880988,0.7721518987341771,0.0,0.13921348962540522,0.0032012023030568147,200.0,0.0,False
vqav2,m3,200,Temperature Scaling (TS),8.712940307895852,1.380874974806158,9.594018799114895,0.933506007851237,0.7721518987341771,0.0,0.14186594482921325,0.0028013715534624417,200.0,0.0,False
vqav2,m3,200,Trajectory Platt (5D),7.333127146586776,0.7491488406671261,6.653911612555385,1.323698515577464,0.7850587703435804,0.018825128333722473,0.139090884018213,0.004438108028050731,200.0,0.0,False
vqav2,m3,200,VCPS-5D (Our Method),6.9672838478566375,0.35221247769607045,5.232655240273378,0.801874018052645,0.78874321880651,0.0062466484714848525,0.1360877107559228,0.002062515465459138,200.0,0.0,False
vqav2,m3,50,Adaptive TS (ATS),8.289714493589385,0.9917596846711346,8.83588990460478,1.1330457675480257,0.7875075346594334,0.007572548271232994,0.1393852634898051,0.0020199655081938285,50.0,0.0,False
vqav2,m3,50,Naive Confidence (NC),7.225947408005598,0.0,8.638952853158113,0.0,0.7721518987341771,0.0,0.1387228328252678,0.0,50.0,0.0,False
vqav2,m3,50,Platt Scaling (1D),7.9039843069998,1.6283460151562394,6.905154196219908,1.590010016181525,0.7721518987341771,0.0,0.1410631532999917,0.006484660984976961,50.0,0.0,False
vqav2,m3,50,Temperature Scaling (TS),9.50502068502104,2.327779327442836,10.524519615411924,2.0830526797858653,0.7721518987341771,0.0,0.14348147387813098,0.005673192217260835,50.0,0.0,False
vqav2,m3,50,Trajectory Platt (5D),7.143444035202267,1.4282023144975275,7.139153913408515,2.814618137072604,0.763878842676311,0.031780017629142725,0.14444111144709554,0.00464777717043678,50.0,0.0,False
vqav2,m3,50,VCPS-5D (Our Method),8.137726595852373,0.8192673789175416,7.986110819386406,1.8078327704697845,0.785586196503918,0.007052336580832307,0.13831414329037983,0.002071695251776893,50.0,0.0,False
vqav2,m3,500,Adaptive TS (ATS),7.696264510126094,0.5140734673484594,8.303562205448973,0.5083643421395642,0.7852019288728149,0.006686856368518746,0.13826429543202554,0.001080682462116387,500.0,0.0,False
vqav2,m3,500,Naive Confidence (NC),7.225947408005598,0.0,8.638952853158113,0.0,0.7721518987341771,0.0,0.1387228328252678,0.0,500.0,0.0,False
vqav2,m3,500,Platt Scaling (1D),6.699745905829192,0.43177448502666727,5.3609420308081805,0.621776433699202,0.7721518987341771,0.0,0.13808741097045513,0.0011890579934181519,500.0,0.0,False
vqav2,m3,500,Temperature Scaling (TS),8.255451509241498,0.506613026696817,9.083167285007614,0.4718524846692024,0.7721518987341771,0.0,0.14099915073599517,0.0010975238780019444,500.0,0.0,False
vqav2,m3,500,Trajectory Platt (5D),6.387039638310671,1.1810064664767876,6.200645602494478,1.2965099821825676,0.7871910789632308,0.00873888140557649,0.13808895142917418,0.004252359937851675,500.0,0.0,False
vqav2,m3,500,VCPS-5D (Our Method),7.586812068393928,0.5409300619596838,4.5381824703990254,1.2583960206625449,0.7883589511754068,0.0065461297208637016,0.13532420830384143,0.0009169377182916259,500.0,0.0,False
vqav2,m3,Full,Adaptive TS (ATS),7.523845715817759,0.0,8.392456867186212,0.0,0.7882007233273055,0.0,0.1381179177878043,0.0,1600.0,0.0,True
vqav2,m3,Full,Naive Confidence (NC),7.225947408005598,0.0,8.638952853158113,0.0,0.7721518987341771,0.0,0.1387228328252678,0.0,1600.0,0.0,True
vqav2,m3,Full,Platt Scaling (1D),6.967957344536302,0.0,5.52394719494477,0.0,0.7721518987341771,0.0,0.1391084361878556,0.0,1600.0,0.0,True
vqav2,m3,Full,Temperature Scaling (TS),8.581816314906144,0.0,9.40052239038634,0.0,0.7721518987341771,0.0,0.1417016066495697,0.0,1600.0,0.0,True
vqav2,m3,Full,Trajectory Platt (5D),6.504961121827362,0.0,6.855835657566786,0.0,0.7882383966244724,0.0,0.1380004097540208,0.0,1600.0,0.0,True
vqav2,m3,Full,VCPS-5D (Our Method),8.641414333260581,0.0,4.14687730228738,0.0,0.7907248342374924,0.0,0.1356951604399699,0.0,1600.0,0.0,True
