dataset,arch,level,scale,single_tokens,cum_tokens,tokens_used,seed,method,accuracy,ece_percent,adaptive_ece_percent,brier,auroc
ai2d,m3,1,1,1,1,1,42,Naive Confidence (NC),55.50000000000001,44.48345924617366,44.48345924617366,0.4446867334019116,0.6505719202348416
ai2d,m3,1,1,1,1,1,42,Temperature Scaling (TS),55.50000000000001,11.15226598528775,14.184403260121737,0.25354532280533154,0.6505719202348416
ai2d,m3,1,1,1,1,1,42,Platt Scaling (1D),55.50000000000001,4.43473319063679,6.486658423672864,0.23128598852069365,0.6505719202348416
ai2d,m3,1,1,1,1,1,42,Trajectory Platt (5D),55.50000000000001,4.609851208515462,6.481980766169728,0.2312870637050552,0.6505719202348416
ai2d,m3,1,1,1,1,1,43,Naive Confidence (NC),55.50000000000001,44.49593299909858,44.49593299909859,0.4449302396183454,0.6855450956574551
ai2d,m3,1,1,1,1,1,43,Temperature Scaling (TS),55.50000000000001,14.103761729611088,16.606171197885775,0.25249319473874204,0.6855450956574551
ai2d,m3,1,1,1,1,1,43,Platt Scaling (1D),55.50000000000001,6.940599205528246,8.297760071960287,0.2258116909170062,0.6855450956574551
ai2d,m3,1,1,1,1,1,43,Trajectory Platt (5D),55.50000000000001,6.955696243792773,8.307727683335543,0.22582681662385223,0.6855450956574551
ai2d,m3,1,1,1,1,1,44,Naive Confidence (NC),55.50000000000001,44.49530741805514,44.495307418055155,0.4449334521806634,0.7014753517562506
ai2d,m3,1,1,1,1,1,44,Temperature Scaling (TS),55.50000000000001,15.14341360327576,15.554112856672361,0.25276109299252425,0.7014753517562506
ai2d,m3,1,1,1,1,1,44,Platt Scaling (1D),55.50000000000001,8.957151044343558,9.44497737099423,0.2249063533028518,0.7014753517562506
ai2d,m3,1,1,1,1,1,44,Trajectory Platt (5D),55.50000000000001,8.967949893325564,9.456915009766817,0.22492864555508077,0.7014753517562506
ai2d,m3,1,1,1,1,1,45,Naive Confidence (NC),55.50000000000001,44.484816821760745,44.484816821760745,0.4449827579543135,0.6647054357728513
ai2d,m3,1,1,1,1,1,45,Temperature Scaling (TS),55.50000000000001,11.622933796007297,14.688486170891062,0.2534673047506272,0.6647054357728513
ai2d,m3,1,1,1,1,1,45,Platt Scaling (1D),55.50000000000001,6.814252944303158,9.406830147350464,0.2311166005569877,0.6647054357728513
ai2d,m3,1,1,1,1,1,45,Trajectory Platt (5D),55.50000000000001,6.823254325427115,9.420550351031123,0.2311217317545021,0.6647054357728513
ai2d,m3,1,1,1,1,1,46,Naive Confidence (NC),55.50000000000001,44.49645497568798,44.49645497568799,0.4449516975759259,0.6391082093329284
ai2d,m3,1,1,1,1,1,46,Temperature Scaling (TS),55.50000000000001,10.738900049239708,13.931738588964308,0.2541443550274427,0.6391082093329284
ai2d,m3,1,1,1,1,1,46,Platt Scaling (1D),55.50000000000001,4.460481829475674,7.88173695297848,0.23453190211185315,0.6391082093329284
ai2d,m3,1,1,1,1,1,46,Trajectory Platt (5D),55.50000000000001,4.562291182577609,7.8840151429176375,0.23451987050876957,0.6391082093329284
ai2d,m3,2,9,9,10,9,42,Naive Confidence (NC),56.25,43.74885758065719,43.7488575806572,0.43748392770550537,0.6522539682539683
ai2d,m3,2,9,9,10,9,42,Temperature Scaling (TS),56.25,10.17972313443096,13.255321321609387,0.25117568469265455,0.6522539682539683
ai2d,m3,2,9,9,10,9,42,Platt Scaling (1D),56.25,5.335062866565238,6.50896225522974,0.2289549050318545,0.6522539682539683
ai2d,m3,2,9,9,10,10,42,Trajectory Platt (5D),56.25,6.668766967952251,8.930628441274166,0.2281755971615206,0.6674539682539683
ai2d,m3,2,9,9,10,9,43,Naive Confidence (NC),56.25,43.74836455321005,43.748364553210074,0.4374722904818475,0.654895238095238
ai2d,m3,2,9,9,10,9,43,Temperature Scaling (TS),56.25,10.486838645335665,14.449938703223475,0.25249175158295584,0.654895238095238
ai2d,m3,2,9,9,10,9,43,Platt Scaling (1D),56.25,6.322318727524887,8.590543251601595,0.23145938140603461,0.654895238095238
ai2d,m3,2,9,9,10,10,43,Trajectory Platt (5D),56.25,5.808342520147565,7.796293947845697,0.22679658358210011,0.6823619047619047
ai2d,m3,2,9,9,10,9,44,Naive Confidence (NC),56.25,43.74729807512665,43.74729807512666,0.4374641649788882,0.6513904761904762
ai2d,m3,2,9,9,10,9,44,Temperature Scaling (TS),56.25,10.364989275949394,13.408248451229344,0.25186866224759213,0.6513904761904762
ai2d,m3,2,9,9,10,9,44,Platt Scaling (1D),56.25,2.9251105464704117,6.435645924403135,0.23063591666938357,0.6513904761904762
ai2d,m3,2,9,9,10,10,44,Trajectory Platt (5D),56.25,7.925588101148606,9.701143354177475,0.22486345745040065,0.6762412698412699
ai2d,m3,2,9,9,10,9,45,Naive Confidence (NC),56.25,43.74838921314925,43.74838921314927,0.43747944743732936,0.6410666666666667
ai2d,m3,2,9,9,10,9,45,Temperature Scaling (TS),56.25,10.179533409341492,13.831788821888283,0.2521942070032792,0.6410666666666667
ai2d,m3,2,9,9,10,9,45,Platt Scaling (1D),56.25,4.805615282195319,7.180047355521761,0.23462621786042,0.6410666666666667
ai2d,m3,2,9,9,10,10,45,Trajectory Platt (5D),56.25,5.556783953681588,7.946553735062481,0.22991237913467572,0.655111111111111
ai2d,m3,2,9,9,10,9,46,Naive Confidence (NC),56.25,43.74490443288899,43.744904432888994,0.43740650827604566,0.6546539682539684
ai2d,m3,2,9,9,10,9,46,Temperature Scaling (TS),56.25,10.169638193396116,13.791225870915511,0.25110761136440674,0.6546539682539684
ai2d,m3,2,9,9,10,9,46,Platt Scaling (1D),56.25,4.958906598282002,7.036786112160888,0.22960193548624994,0.6546539682539684
ai2d,m3,2,9,9,10,10,46,Trajectory Platt (5D),56.25,7.760946022346616,9.724605752155188,0.22491365800264174,0.6848888888888889
ai2d,m3,3,36,36,46,36,42,Naive Confidence (NC),56.99999999999999,42.99787099829197,42.99787099829197,0.4299806595730098,0.6355441656466749
ai2d,m3,3,36,36,46,36,42,Temperature Scaling (TS),56.99999999999999,9.435177156739554,12.003262435039169,0.2497125387658209,0.6355441656466749
ai2d,m3,3,36,36,46,36,42,Platt Scaling (1D),56.99999999999999,5.807286355692736,7.3216440973658665,0.23486388410086267,0.6355441656466749
ai2d,m3,3,36,36,46,46,42,Trajectory Platt (5D),56.99999999999999,8.143705714493988,10.617281574755907,0.22957345238748716,0.661515707874337
ai2d,m3,3,36,36,46,36,43,Naive Confidence (NC),56.99999999999999,42.99821537274341,42.99821537274341,0.4299707304132589,0.6373036515707874
ai2d,m3,3,36,36,46,36,43,Temperature Scaling (TS),56.99999999999999,9.694988993555476,14.09961521873228,0.24978088851965108,0.6373036515707874
ai2d,m3,3,36,36,46,36,43,Platt Scaling (1D),56.99999999999999,6.024741809128496,8.599611762968879,0.23217541626306035,0.6373036515707874
ai2d,m3,3,36,36,46,46,43,Trajectory Platt (5D),56.99999999999999,6.65740850195289,8.456983875483273,0.2226962539374343,0.6737683598531212
ai2d,m3,3,36,36,46,36,44,Naive Confidence (NC),56.99999999999999,42.985547481205565,42.985547481205565,0.429738968393565,0.5955987352101184
ai2d,m3,3,36,36,46,36,44,Temperature Scaling (TS),56.99999999999999,9.636518449669454,11.240238520728004,0.2516421042909967,0.5955987352101184
ai2d,m3,3,36,36,46,36,44,Platt Scaling (1D),56.99999999999999,7.341875478571709,8.040809901944971,0.2452354261742782,0.5955987352101184
ai2d,m3,3,36,36,46,46,44,Trajectory Platt (5D),56.99999999999999,6.675207316875458,9.361572951078418,0.23922289115661813,0.6245027539779682
ai2d,m3,3,36,36,46,36,45,Naive Confidence (NC),56.99999999999999,42.9976572242567,42.997657224256706,0.4299671612428802,0.6168655650754793
ai2d,m3,3,36,36,46,36,45,Temperature Scaling (TS),56.99999999999999,9.584064391220952,12.733523953927037,0.25044632033572367,0.6168655650754793
ai2d,m3,3,36,36,46,36,45,Platt Scaling (1D),56.99999999999999,6.932057896224567,9.758225514538092,0.23727812964568057,0.6168655650754793
ai2d,m3,3,36,36,46,46,45,Trajectory Platt (5D),56.99999999999999,7.48351464793086,11.675652246922255,0.23513427649960328,0.636296409628723
ai2d,m3,3,36,36,46,36,46,Naive Confidence (NC),56.99999999999999,42.99898560317249,42.99898560317249,0.42998540758739834,0.6556762545899633
ai2d,m3,3,36,36,46,36,46,Temperature Scaling (TS),56.99999999999999,9.863927686212007,13.575265781373133,0.24936420393949071,0.6556762545899633
ai2d,m3,3,36,36,46,36,46,Platt Scaling (1D),56.99999999999999,4.566022971926246,6.9911869666579225,0.22812762008872298,0.6556762545899633
ai2d,m3,3,36,36,46,46,46,Trajectory Platt (5D),56.99999999999999,5.482841696590186,6.117800112813712,0.2272252744659163,0.6605084659322725
ai2d,m3,4,144,144,190,144,42,Naive Confidence (NC),56.49999999999999,43.49847461304704,43.49847461304703,0.4349757971019808,0.672693520496389
ai2d,m3,4,144,144,190,144,42,Temperature Scaling (TS),56.49999999999999,11.182490490356594,12.213357167979304,0.24925318239295544,0.672693520496389
ai2d,m3,4,144,144,190,144,42,Platt Scaling (1D),56.49999999999999,4.858183096912135,6.044025490065401,0.22373556162319377,0.672693520496389
ai2d,m3,4,144,144,190,190,42,Trajectory Platt (5D),56.49999999999999,5.747703254222871,7.494928054511549,0.22360896109906633,0.6805258874987284
ai2d,m3,4,144,144,190,144,43,Naive Confidence (NC),56.49999999999999,43.49802167156067,43.498021671560664,0.4349717380600421,0.6672388363340453
ai2d,m3,4,144,144,190,144,43,Temperature Scaling (TS),56.49999999999999,10.248164091662968,14.852718129006936,0.2505015186361834,0.6672388363340453
ai2d,m3,4,144,144,190,144,43,Platt Scaling (1D),56.49999999999999,5.221335024781514,8.490417044783161,0.22791578535268253,0.6672388363340453
ai2d,m3,4,144,144,190,190,43,Trajectory Platt (5D),56.49999999999999,5.834723930805922,8.216384392231705,0.22222824986169062,0.6901891974366798
ai2d,m3,4,144,144,190,144,44,Naive Confidence (NC),56.49999999999999,43.49600209931774,43.496002099317735,0.4349342777433296,0.6557064388159902
ai2d,m3,4,144,144,190,144,44,Temperature Scaling (TS),56.49999999999999,10.257400469557195,13.57602513864907,0.2511290543029385,0.6557064388159902
ai2d,m3,4,144,144,190,144,44,Platt Scaling (1D),56.49999999999999,8.938802682046209,8.28055515415521,0.23164880158689263,0.6557064388159902
ai2d,m3,4,144,144,190,190,44,Trajectory Platt (5D),56.49999999999999,9.246735751163214,9.381250806618482,0.2279582015747323,0.6769657206794832
ai2d,m3,4,144,144,190,144,45,Naive Confidence (NC),56.49999999999999,43.49793659701749,43.49793659701748,0.4349713096950388,0.649310853422846
ai2d,m3,4,144,144,190,144,45,Temperature Scaling (TS),56.49999999999999,9.999040646902891,14.20813466383524,0.2504879902039106,0.649310853422846
ai2d,m3,4,144,144,190,144,45,Platt Scaling (1D),56.49999999999999,4.533959870308729,8.653738166691083,0.2303683399357649,0.649310853422846
ai2d,m3,4,144,144,190,190,45,Trajectory Platt (5D),56.49999999999999,7.159875471144914,6.817448999732734,0.21931294504739207,0.6942325297528227
ai2d,m3,4,144,144,190,144,46,Naive Confidence (NC),56.49999999999999,43.497458626382645,43.49745862638264,0.4349607166846362,0.6319550401790255
ai2d,m3,4,144,144,190,144,46,Temperature Scaling (TS),56.49999999999999,10.327100944589333,14.03422163314497,0.251509565066083,0.6319550401790255
ai2d,m3,4,144,144,190,144,46,Platt Scaling (1D),56.49999999999999,4.3283392993599055,7.2196351544116935,0.23142141430695376,0.6319550401790255
ai2d,m3,4,144,144,190,190,46,Trajectory Platt (5D),56.49999999999999,5.989440493285656,8.948481075465677,0.2264329254769576,0.6721594954735022
ai2d,m3,5,576,576,766,576,42,Naive Confidence (NC),57.99999999999999,41.99901625154132,41.999016251541335,0.4199892636236126,0.6142882799671593
ai2d,m3,5,576,576,766,576,42,Temperature Scaling (TS),57.99999999999999,8.617470142125832,12.183677193205748,0.24769321328641017,0.6142882799671593
ai2d,m3,5,576,576,766,576,42,Platt Scaling (1D),57.99999999999999,5.633874101381699,7.697978394803124,0.23704881625696467,0.6142882799671593
ai2d,m3,5,576,576,766,766,42,Trajectory Platt (5D),57.99999999999999,8.606517631560568,11.150942761451008,0.22894420189955902,0.6613300492610839
ai2d,m3,5,576,576,766,576,43,Naive Confidence (NC),57.99999999999999,41.99889371300793,41.99889371300793,0.4199871879723462,0.6432933087027916
ai2d,m3,5,576,576,766,576,43,Temperature Scaling (TS),57.99999999999999,8.593131183881212,12.274348681411487,0.24640454276986815,0.6432933087027916
ai2d,m3,5,576,576,766,576,43,Platt Scaling (1D),57.99999999999999,5.5424878877671855,5.997175836499743,0.23094182112672068,0.6432933087027916
ai2d,m3,5,576,576,766,766,43,Trajectory Platt (5D),57.99999999999999,7.221495084464548,8.075009755790234,0.22818547134056857,0.6578663793103449
ai2d,m3,5,576,576,766,576,44,Naive Confidence (NC),57.99999999999999,41.99893316845723,41.99893316845723,0.41998735417196725,0.6042564655172413
ai2d,m3,5,576,576,766,576,44,Temperature Scaling (TS),57.99999999999999,8.685938206261792,10.882089322776377,0.2480735099333305,0.6042564655172413
ai2d,m3,5,576,576,766,576,44,Platt Scaling (1D),57.99999999999999,6.086777043221354,7.941867832666856,0.23798614272350044,0.6042564655172413
ai2d,m3,5,576,576,766,766,44,Trajectory Platt (5D),57.99999999999999,7.209550842642785,9.898566052317621,0.2411921095906809,0.6104782430213465
ai2d,m3,5,576,576,766,576,45,Naive Confidence (NC),57.99999999999999,41.996879276508714,41.9968792765087,0.4199503697618455,0.6269114326765188
ai2d,m3,5,576,576,766,576,45,Temperature Scaling (TS),57.99999999999999,8.232915734088813,13.200911541479963,0.24567629046137668,0.6269114326765188
ai2d,m3,5,576,576,766,576,45,Platt Scaling (1D),57.99999999999999,4.07759652927153,7.993612546078184,0.23232508069467772,0.6269114326765188
ai2d,m3,5,576,576,766,766,45,Trajectory Platt (5D),57.99999999999999,6.074428651481866,8.923186499625443,0.2347754748429224,0.6301955049261083
ai2d,m3,5,576,576,766,576,46,Naive Confidence (NC),57.99999999999999,41.988752168786625,41.98875216878662,0.41978760191496467,0.6148655582922824
ai2d,m3,5,576,576,766,576,46,Temperature Scaling (TS),57.99999999999999,8.62102937740339,14.147779159487195,0.2471287629864243,0.6148655582922824
ai2d,m3,5,576,576,766,576,46,Platt Scaling (1D),57.99999999999999,6.687284381181503,10.70747381171735,0.23567025878859651,0.6148655582922824
ai2d,m3,5,576,576,766,766,46,Trajectory Platt (5D),57.99999999999999,6.552723919972779,8.104131164029244,0.23040761441843188,0.65001539408867
chartqa,m3,1,1,1,1,1,42,Naive Confidence (NC),6.0,73.34324871003628,73.34324871003629,0.6212996825468461,0.8222517730496455
chartqa,m3,1,1,1,1,1,42,Temperature Scaling (TS),6.0,47.64719518465729,47.6471951846573,0.2793329620976095,0.8222517730496455
chartqa,m3,1,1,1,1,1,42,Platt Scaling (1D),6.0,1.9459954416709204,2.562224679297253,0.05107038129792046,0.8222517730496455
chartqa,m3,1,1,1,1,1,42,Trajectory Platt (5D),6.0,2.5168045033351523,2.544491922424641,0.051035904843294455,0.8222517730496455
chartqa,m3,1,1,1,1,1,43,Naive Confidence (NC),6.0,74.12193463742733,74.12193463742736,0.6349517259539124,0.86541445035461
chartqa,m3,1,1,1,1,1,43,Temperature Scaling (TS),6.0,48.0775015148002,48.07750151480021,0.2811569275190925,0.86541445035461
chartqa,m3,1,1,1,1,1,43,Platt Scaling (1D),6.0,2.66610631760209,3.44998199992531,0.04106814333999353,0.86541445035461
chartqa,m3,1,1,1,1,1,43,Trajectory Platt (5D),6.0,2.7034810452023517,3.4851114951306954,0.041108733705845314,0.86541445035461
chartqa,m3,1,1,1,1,1,44,Naive Confidence (NC),6.0,72.4354613982141,72.4354613982141,0.6087757508294298,0.8962765957446809
chartqa,m3,1,1,1,1,1,44,Temperature Scaling (TS),6.0,47.88563815654844,47.730317118615204,0.2768576856598334,0.8962765957446809
chartqa,m3,1,1,1,1,1,44,Platt Scaling (1D),6.0,1.8937525298713058,2.822713700610108,0.0385144154458077,0.8962765957446809
chartqa,m3,1,1,1,1,1,44,Trajectory Platt (5D),6.0,1.9304127396317199,2.853578455862589,0.03859123179399079,0.8962765957446809
chartqa,m3,1,1,1,1,1,45,Naive Confidence (NC),6.0,72.63875111564995,72.63875111564995,0.6119010342996087,0.8374889184397163
chartqa,m3,1,1,1,1,1,45,Temperature Scaling (TS),6.0,47.74891819200211,47.7489181920021,0.27936310972847417,0.8374889184397163
chartqa,m3,1,1,1,1,1,45,Platt Scaling (1D),6.0,1.8451836033336544,2.4484236902385015,0.048795755117250914,0.8374889184397163
chartqa,m3,1,1,1,1,1,45,Trajectory Platt (5D),6.0,1.345542093506083,2.424629879184067,0.04875349327865954,0.8374889184397163
chartqa,m3,1,1,1,1,1,46,Naive Confidence (NC),6.0,72.9470378831029,72.9470378831029,0.6195952303637412,0.8351063829787233
chartqa,m3,1,1,1,1,1,46,Temperature Scaling (TS),6.0,47.98933167899069,47.834010641057446,0.2797971200936433,0.8351063829787233
chartqa,m3,1,1,1,1,1,46,Platt Scaling (1D),6.0,1.386416800901273,2.7029877910077125,0.043382716186797,0.8351063829787233
chartqa,m3,1,1,1,1,1,46,Trajectory Platt (5D),6.0,1.4196727573871613,2.728621085640043,0.0434316584144417,0.8351063829787233
chartqa,m3,2,9,9,10,9,42,Naive Confidence (NC),7.000000000000001,73.35078974813223,73.35078974813223,0.6265012647551118,0.8719278033794163
chartqa,m3,2,9,9,10,9,42,Temperature Scaling (TS),7.000000000000001,47.17833572714588,46.860176341161456,0.2775832305806762,0.8719278033794163
chartqa,m3,2,9,9,10,9,42,Platt Scaling (1D),7.000000000000001,1.9978215501783085,2.991840447299883,0.049157075681145475,0.8719278033794163
chartqa,m3,2,9,9,10,10,42,Trajectory Platt (5D),7.000000000000001,2.333741826703772,2.7605229790788144,0.04891656863689002,0.8779761904761906
chartqa,m3,2,9,9,10,9,43,Naive Confidence (NC),7.000000000000001,73.3366558421403,73.33665584214032,0.6301123255415151,0.8955933179723503
chartqa,m3,2,9,9,10,9,43,Temperature Scaling (TS),7.000000000000001,47.510909995488255,47.03148774091549,0.2782605356229283,0.8955933179723503
chartqa,m3,2,9,9,10,9,43,Platt Scaling (1D),7.000000000000001,3.2360001462253276,2.815569531415173,0.04569098832023702,0.8955933179723503
chartqa,m3,2,9,9,10,10,43,Trajectory Platt (5D),7.000000000000001,3.571816955867689,2.7315523916040547,0.0458635892736954,0.8940092165898617
chartqa,m3,2,9,9,10,9,44,Naive Confidence (NC),7.000000000000001,73.54189729876816,73.54189729876815,0.6354230208869858,0.8125
chartqa,m3,2,9,9,10,9,44,Temperature Scaling (TS),7.000000000000001,46.93374455590232,46.772481687314,0.278715205585073,0.8125
chartqa,m3,2,9,9,10,9,44,Platt Scaling (1D),7.000000000000001,1.5064074279999469,3.4843385190270846,0.053401623717143056,0.8125
chartqa,m3,2,9,9,10,10,44,Trajectory Platt (5D),7.000000000000001,1.542979718884453,3.0696360289584854,0.0537166841630939,0.8093317972350229
chartqa,m3,2,9,9,10,9,45,Naive Confidence (NC),7.000000000000001,73.31197573430836,73.31197573430838,0.6342824026899385,0.8109639016897081
chartqa,m3,2,9,9,10,9,45,Temperature Scaling (TS),7.000000000000001,46.93444758729112,46.934447587291125,0.27922051950877247,0.8109639016897081
chartqa,m3,2,9,9,10,9,45,Platt Scaling (1D),7.000000000000001,1.9248085650182694,3.047205756357124,0.05051167837833823,0.8109639016897081
chartqa,m3,2,9,9,10,10,45,Trajectory Platt (5D),7.000000000000001,1.739487427985296,2.6022398408968006,0.05039744878638414,0.818836405529954
chartqa,m3,2,9,9,10,9,46,Naive Confidence (NC),7.000000000000001,72.47811046987773,72.47811046987773,0.6173881122805218,0.8662154377880185
chartqa,m3,2,9,9,10,9,46,Temperature Scaling (TS),7.000000000000001,46.920155608858884,46.920155608858884,0.2784630708226317,0.8662154377880185
chartqa,m3,2,9,9,10,9,46,Platt Scaling (1D),7.000000000000001,3.4610385893346693,3.077544597967963,0.0534239680349003,0.8662154377880185
chartqa,m3,2,9,9,10,10,46,Trajectory Platt (5D),7.000000000000001,3.3033618737244983,3.604429936618545,0.053592007848942594,0.8633832565284177
chartqa,m3,3,36,36,46,36,42,Naive Confidence (NC),8.0,73.64519794285297,73.64519794285297,0.6395597534238584,0.8590353260869565
chartqa,m3,3,36,36,46,36,42,Temperature Scaling (TS),8.0,46.0341268369126,46.034126836912584,0.27828734548347817,0.8590353260869565
chartqa,m3,3,36,36,46,36,42,Platt Scaling (1D),8.0,3.5476384227326734,3.2951812006055237,0.058811316912836864,0.8590353260869565
chartqa,m3,3,36,36,46,46,42,Trajectory Platt (5D),8.0,2.6820637119235475,3.197796653141268,0.05838283674644615,0.8523267663043478
chartqa,m3,3,36,36,46,36,43,Naive Confidence (NC),8.0,70.82984963059424,70.82984963059425,0.597368204522359,0.8406080163043479
chartqa,m3,3,36,36,46,36,43,Temperature Scaling (TS),8.0,45.65794774535603,45.65794774535604,0.27497086459539377,0.8406080163043479
chartqa,m3,3,36,36,46,36,43,Platt Scaling (1D),8.0,2.7567747664516045,3.936437540886057,0.05848558145755803,0.8406080163043479
chartqa,m3,3,36,36,46,46,43,Trajectory Platt (5D),8.0,2.050259926822036,2.664195178076625,0.05876220781672025,0.8288043478260869
chartqa,m3,3,36,36,46,36,44,Naive Confidence (NC),8.0,72.36443903297184,72.36443903297184,0.6198489188143101,0.8189962635869565
chartqa,m3,3,36,36,46,36,44,Temperature Scaling (TS),8.0,45.88486856061611,45.88486856061611,0.2777582525498277,0.8189962635869565
chartqa,m3,3,36,36,46,36,44,Platt Scaling (1D),8.0,1.8636472481376034,3.5965019762637813,0.061261095642369284,0.8189962635869565
chartqa,m3,3,36,36,46,46,44,Trajectory Platt (5D),8.0,2.0750873391516502,3.429971246048809,0.060755518585172655,0.8223505434782609
chartqa,m3,3,36,36,46,36,45,Naive Confidence (NC),8.0,73.00566378980875,73.00566378980875,0.6242613298666233,0.8609884510869565
chartqa,m3,3,36,36,46,36,45,Temperature Scaling (TS),8.0,45.86637183832474,45.86637183832473,0.2778065827535477,0.8609884510869565
chartqa,m3,3,36,36,46,36,45,Platt Scaling (1D),8.0,2.4193062673509256,3.2396523972444955,0.06393115330751305,0.8609884510869565
chartqa,m3,3,36,36,46,46,45,Trajectory Platt (5D),8.0,2.4818031662143762,4.183277665171771,0.06473946462478386,0.840438179347826
chartqa,m3,3,36,36,46,36,46,Naive Confidence (NC),8.0,72.85046351701021,72.85046351701021,0.622947594495662,0.8938519021739131
chartqa,m3,3,36,36,46,36,46,Temperature Scaling (TS),8.0,46.04548949500675,46.04548949500675,0.27737953151648886,0.8938519021739131
chartqa,m3,3,36,36,46,36,46,Platt Scaling (1D),8.0,3.2150922986468364,2.6885024126072694,0.05621623195062776,0.8938519021739131
chartqa,m3,3,36,36,46,46,46,Trajectory Platt (5D),8.0,4.076010894495993,3.726323075126856,0.05567083761990726,0.8904551630434783
chartqa,m3,4,144,144,190,144,42,Naive Confidence (NC),9.5,71.14517303183673,71.14517303183673,0.6111373173671036,0.891029369002617
chartqa,m3,4,144,144,190,144,42,Temperature Scaling (TS),9.5,44.95680442572354,44.631127729621156,0.2751732002637024,0.891029369002617
chartqa,m3,4,144,144,190,144,42,Platt Scaling (1D),9.5,3.7515185433336518,5.6293062964832306,0.06419175434323957,0.891029369002617
chartqa,m3,4,144,144,190,190,42,Trajectory Platt (5D),9.5,4.622796220239253,4.441793547477574,0.06398263885693393,0.8951003198604245
chartqa,m3,4,144,144,190,144,43,Naive Confidence (NC),9.5,71.70792352888404,71.70792352888404,0.6193237702038721,0.8187336435010177
chartqa,m3,4,144,144,190,144,43,Temperature Scaling (TS),9.5,44.63479026560466,44.63479026560467,0.2776524696628506,0.8187336435010177
chartqa,m3,4,144,144,190,144,43,Platt Scaling (1D),9.5,4.208026940082375,3.702575866644183,0.07108516135647765,0.8187336435010177
chartqa,m3,4,144,144,190,190,43,Trajectory Platt (5D),9.5,5.209999195067213,5.8241908110212535,0.07115076397315258,0.821677813317825
chartqa,m3,4,144,144,190,144,44,Naive Confidence (NC),9.5,71.14633378386497,71.14633378386497,0.6103466032963971,0.8336725792381506
chartqa,m3,4,144,144,190,144,44,Temperature Scaling (TS),9.5,44.64968964841654,44.50742904579258,0.2756925472417063,0.8336725792381506
chartqa,m3,4,144,144,190,144,44,Platt Scaling (1D),9.5,2.552328344245245,3.057156326496815,0.06835041599085345,0.8336725792381506
chartqa,m3,4,144,144,190,190,44,Trajectory Platt (5D),9.5,2.6313393595628436,2.105804278049618,0.06830202066952096,0.8369438790346031
chartqa,m3,4,144,144,190,144,45,Naive Confidence (NC),9.5,69.5636199042201,69.5636199042201,0.5916681512723446,0.8152079092759522
chartqa,m3,4,144,144,190,144,45,Temperature Scaling (TS),9.5,44.24578082641288,44.24578082641288,0.27353526406144296,0.8152079092759522
chartqa,m3,4,144,144,190,144,45,Platt Scaling (1D),9.5,3.1497079320494294,4.465424729991263,0.06823701804331309,0.8152079092759522
chartqa,m3,4,144,144,190,190,45,Trajectory Platt (5D),9.5,2.6102515521924943,3.3677899159956723,0.06880882774488202,0.814335562663565
chartqa,m3,4,144,144,190,144,46,Naive Confidence (NC),9.5,70.9728998541832,70.9728998541832,0.6092719186446907,0.835889793544635
chartqa,m3,4,144,144,190,144,46,Temperature Scaling (TS),9.5,44.61207923234787,44.61207923234786,0.276235921686458,0.835889793544635
chartqa,m3,4,144,144,190,144,46,Platt Scaling (1D),9.5,3.1741847383429547,4.2103192425489055,0.06683239782384814,0.835889793544635
chartqa,m3,4,144,144,190,190,46,Trajectory Platt (5D),9.5,3.7850729534402485,3.6697632130235442,0.06806086513714331,0.8275661529514393
chartqa,m3,5,576,576,766,576,42,Naive Confidence (NC),9.75,71.02881964776336,71.02881964776337,0.6151007746587842,0.8071595994033667
chartqa,m3,5,576,576,766,576,42,Temperature Scaling (TS),9.75,44.46739206208505,44.467392062085054,0.27821032785466815,0.8071595994033667
chartqa,m3,5,576,576,766,576,42,Platt Scaling (1D),9.75,3.2312949591092606,3.621487069936613,0.07545686950512273,0.8071595994033667
chartqa,m3,5,576,576,766,766,42,Trajectory Platt (5D),9.75,3.3086387524381276,2.8844345258548856,0.0751886832475444,0.8182399318133391
chartqa,m3,5,576,576,766,576,43,Naive Confidence (NC),9.75,69.26457761228085,69.26457761228086,0.600934771882757,0.7412458271184033
chartqa,m3,5,576,576,766,576,43,Temperature Scaling (TS),9.75,44.131882392261446,44.131882392261446,0.2774647393909537,0.7412458271184033
chartqa,m3,5,576,576,766,576,43,Platt Scaling (1D),9.75,3.379837184474669,3.9073586021401208,0.08170855489328423,0.7412458271184033
chartqa,m3,5,576,576,766,766,43,Trajectory Platt (5D),9.75,3.1149560548365116,4.022039420902729,0.08158862600995526,0.7544569926841395
chartqa,m3,5,576,576,766,576,44,Naive Confidence (NC),9.75,72.4413775652647,72.03485929220915,0.6274271455888765,0.8057035300802614
chartqa,m3,5,576,576,766,576,44,Temperature Scaling (TS),9.75,44.464726185297906,44.30066034028384,0.2773889911891543,0.8057035300802614
chartqa,m3,5,576,576,766,576,44,Platt Scaling (1D),9.75,3.2079722200445913,4.308482817178914,0.07666735139894078,0.8057035300802614
chartqa,m3,5,576,576,766,766,44,Trajectory Platt (5D),9.75,3.3155436487868424,4.335504728369415,0.07648423829228049,0.8139782655018112
chartqa,m3,5,576,576,766,576,45,Naive Confidence (NC),9.75,70.6969724185765,70.69697241857648,0.6123582570175424,0.8089352936998366
chartqa,m3,5,576,576,766,576,45,Temperature Scaling (TS),9.75,44.36539052373203,44.210069485798805,0.2754315108040751,0.8089352936998366
chartqa,m3,5,576,576,766,576,45,Platt Scaling (1D),9.75,2.8602704279357303,5.170587849621506,0.06979387436966306,0.8089352936998366
chartqa,m3,5,576,576,766,766,45,Trajectory Platt (5D),9.75,1.7767547466792162,3.3013642332516615,0.06971701197708896,0.8182399318133391
chartqa,m3,5,576,576,766,576,46,Naive Confidence (NC),9.75,72.43207341432571,72.06329797208309,0.6352246814897258,0.7591448256268202
chartqa,m3,5,576,576,766,576,46,Temperature Scaling (TS),9.75,44.551340777107754,44.38727493209367,0.27903219448364047,0.7591448256268202
chartqa,m3,5,576,576,766,576,46,Platt Scaling (1D),9.75,2.974205741204861,3.4003747595198495,0.07653954585088055,0.7591448256268202
chartqa,m3,5,576,576,766,766,46,Trajectory Platt (5D),9.75,2.779486943851226,4.030517806182616,0.07734153011260275,0.7523971873002343
docvqa,m3,1,1,1,1,1,42,Naive Confidence (NC),2.0,72.33605253696442,72.33605253696442,0.6016987626000714,0.9177295918367347
docvqa,m3,1,1,1,1,1,42,Temperature Scaling (TS),2.0,50.65391544025818,50.65391544025819,0.27479124450140135,0.9177295918367347
docvqa,m3,1,1,1,1,1,42,Platt Scaling (1D),2.0,1.2962381710970925,1.8848320786454924,0.017276959636182223,0.9177295918367347
docvqa,m3,1,1,1,1,1,42,Trajectory Platt (5D),2.0,1.3333820352563635,1.9221598707372323,0.01734322021347606,0.9177295918367347
docvqa,m3,1,1,1,1,1,43,Naive Confidence (NC),2.0,70.09290570858866,70.09290570858866,0.5855359589169576,0.7822066326530612
docvqa,m3,1,1,1,1,1,43,Temperature Scaling (TS),2.0,50.59107483354216,50.59107483354215,0.2751859083498235,0.7822066326530612
docvqa,m3,1,1,1,1,1,43,Platt Scaling (1D),2.0,0.962279708845724,1.5922684709794621,0.01875983288974472,0.7822066326530612
docvqa,m3,1,1,1,1,1,43,Trajectory Platt (5D),2.0,0.5068675486982102,1.5784481391165173,0.018769258228238016,0.7822066326530612
docvqa,m3,1,1,1,1,1,44,Naive Confidence (NC),2.0,72.67738404870033,72.67738404870035,0.6168818596595382,0.7761479591836735
docvqa,m3,1,1,1,1,1,44,Temperature Scaling (TS),2.0,50.82318174446533,50.82318174446533,0.27739215380843857,0.7761479591836735
docvqa,m3,1,1,1,1,1,44,Platt Scaling (1D),2.0,1.0779943293804213,1.9676430684021182,0.018590511134761654,0.7761479591836735
docvqa,m3,1,1,1,1,1,44,Trajectory Platt (5D),2.0,1.095005616924027,1.935770543204853,0.01855850681667239,0.7761479591836735
docvqa,m3,1,1,1,1,1,45,Naive Confidence (NC),2.0,70.91428877972066,70.91428877972068,0.5917755479566865,0.8612882653061225
docvqa,m3,1,1,1,1,1,45,Temperature Scaling (TS),2.0,50.69111176036192,50.69111176036192,0.275651448124308,0.8612882653061225
docvqa,m3,1,1,1,1,1,45,Platt Scaling (1D),2.0,0.7671212557347786,1.3417883000987743,0.017894615373475347,0.8612882653061225
docvqa,m3,1,1,1,1,1,45,Trajectory Platt (5D),2.0,0.5440176244301256,1.3681110361067113,0.017935223696019367,0.8612882653061225
docvqa,m3,1,1,1,1,1,46,Naive Confidence (NC),2.0,72.18929697200656,72.18929697200657,0.6088394796564822,0.7066326530612246
docvqa,m3,1,1,1,1,1,46,Temperature Scaling (TS),2.0,50.726783113306816,50.72678311330681,0.27691007357076886,0.7066326530612246
docvqa,m3,1,1,1,1,1,46,Platt Scaling (1D),2.0,0.7277231478425019,1.9483407956899865,0.019439317987444752,0.7066326530612246
docvqa,m3,1,1,1,1,1,46,Trajectory Platt (5D),2.0,0.5646469422063092,1.932514133732184,0.019414722578542674,0.7066326530612246
docvqa,m3,2,9,9,10,9,42,Naive Confidence (NC),2.5,71.29735358711332,71.29735358711334,0.5931678465622774,0.86
docvqa,m3,2,9,9,10,9,42,Temperature Scaling (TS),2.5,50.16130890662327,50.16130890662327,0.2748726167571641,0.86
docvqa,m3,2,9,9,10,9,42,Platt Scaling (1D),2.5,0.42556699466612374,1.6354090370451408,0.023322831539487138,0.86
docvqa,m3,2,9,9,10,10,42,Trajectory Platt (5D),2.5,1.3101266073063014,1.8368281195871532,0.022503928095904874,0.8787179487179488
docvqa,m3,2,9,9,10,9,43,Naive Confidence (NC),2.5,69.35145597811788,69.3514559781179,0.5722648541115339,0.8033333333333333
docvqa,m3,2,9,9,10,9,43,Temperature Scaling (TS),2.5,49.963264829685485,49.96326482968549,0.27265718863741706,0.8033333333333333
docvqa,m3,2,9,9,10,9,43,Platt Scaling (1D),2.5,1.301562634955399,1.8915825665304444,0.021467087097531857,0.8033333333333333
docvqa,m3,2,9,9,10,10,43,Trajectory Platt (5D),2.5,1.3928753085201604,1.555348491878249,0.020468758928414568,0.8125641025641025
docvqa,m3,2,9,9,10,9,44,Naive Confidence (NC),2.5,70.19776616618036,70.19776616618036,0.5753457375670904,0.838974358974359
docvqa,m3,2,9,9,10,9,44,Temperature Scaling (TS),2.5,49.918108318788065,49.84924518871764,0.2714387659159573,0.838974358974359
docvqa,m3,2,9,9,10,9,44,Platt Scaling (1D),2.5,0.7026103111276361,1.5384505265167436,0.022260429739801378,0.838974358974359
docvqa,m3,2,9,9,10,10,44,Trajectory Platt (5D),2.5,0.9697420848533511,1.9084367813775316,0.021613018915144114,0.8248717948717949
docvqa,m3,2,9,9,10,9,45,Naive Confidence (NC),2.5,71.5950885899365,71.5950885899365,0.5918927122090751,0.8102564102564103
docvqa,m3,2,9,9,10,9,45,Temperature Scaling (TS),2.5,50.064954703497044,50.064954703497044,0.2742295475392248,0.8102564102564103
docvqa,m3,2,9,9,10,9,45,Platt Scaling (1D),2.5,0.7599540195120138,1.6382522179121803,0.02378910458497696,0.8102564102564103
docvqa,m3,2,9,9,10,10,45,Trajectory Platt (5D),2.5,1.5202706806885544,1.955426919128513,0.023555212116274076,0.8084615384615385
docvqa,m3,2,9,9,10,9,46,Naive Confidence (NC),2.5,69.78804262727498,69.78804262727499,0.5788157829165241,0.7271794871794871
docvqa,m3,2,9,9,10,9,46,Temperature Scaling (TS),2.5,50.04023495283669,50.04023495283669,0.274533083263456,0.7271794871794871
docvqa,m3,2,9,9,10,9,46,Platt Scaling (1D),2.5,2.0359207845252825,2.529081880052842,0.024635892540551985,0.7271794871794871
docvqa,m3,2,9,9,10,10,46,Trajectory Platt (5D),2.5,0.8044028485164744,2.4495151917653857,0.024340897398204067,0.7100000000000001
docvqa,m3,3,36,36,46,36,42,Naive Confidence (NC),4.0,70.44400239735842,70.44400239735842,0.5914948306940148,0.7998046875
docvqa,m3,3,36,36,46,36,42,Temperature Scaling (TS),4.0,48.88933823381967,48.88933823381968,0.2753546777939567,0.7998046875
docvqa,m3,3,36,36,46,36,42,Platt Scaling (1D),4.0,1.5728740641355863,2.2840539814596306,0.035460886532600905,0.7998046875
docvqa,m3,3,36,36,46,46,42,Trajectory Platt (5D),4.0,1.3457852409628686,3.198448807379464,0.0372873828969615,0.7747395833333333
docvqa,m3,3,36,36,46,36,43,Naive Confidence (NC),4.0,68.71029852330685,68.71029852330685,0.5637182661171521,0.8155924479166666
docvqa,m3,3,36,36,46,36,43,Temperature Scaling (TS),4.0,48.483017181015704,48.4830171810157,0.27171505280445485,0.8155924479166666
docvqa,m3,3,36,36,46,36,43,Platt Scaling (1D),4.0,0.879187644932607,3.0415068931133242,0.03687700620708046,0.8155924479166666
docvqa,m3,3,36,36,46,46,43,Trajectory Platt (5D),4.0,2.0310072846477847,2.688092717085965,0.03710253578227202,0.8089192708333334
docvqa,m3,3,36,36,46,36,44,Naive Confidence (NC),4.0,68.9319316977635,68.93193169776352,0.5710298490848958,0.828125
docvqa,m3,3,36,36,46,36,44,Temperature Scaling (TS),4.0,48.671752904527395,48.671752904527395,0.27301388865020815,0.828125
docvqa,m3,3,36,36,46,36,44,Platt Scaling (1D),4.0,1.5281727731507846,2.0368554959138563,0.0354854419965177,0.828125
docvqa,m3,3,36,36,46,46,44,Trajectory Platt (5D),4.0,1.5138501459150573,1.9154721288359724,0.03458542750515682,0.8297526041666667
docvqa,m3,3,36,36,46,36,45,Naive Confidence (NC),4.0,70.68298397306354,70.68298397306353,0.5917720928340441,0.8064778645833334
docvqa,m3,3,36,36,46,36,45,Temperature Scaling (TS),4.0,48.81268901113022,48.81268901113021,0.2747300897574423,0.8064778645833334
docvqa,m3,3,36,36,46,36,45,Platt Scaling (1D),4.0,1.403709339157435,2.06638916828566,0.035747248411368455,0.8064778645833334
docvqa,m3,3,36,36,46,46,45,Trajectory Platt (5D),4.0,1.28397286060499,2.1086664716131054,0.035348865931686846,0.8035481770833334
docvqa,m3,3,36,36,46,36,46,Naive Confidence (NC),4.0,70.18464890494943,70.18464890494943,0.5861033876235752,0.6943359375
docvqa,m3,3,36,36,46,36,46,Temperature Scaling (TS),4.0,48.68372466508299,48.68372466508299,0.2747530702732844,0.6943359375
docvqa,m3,3,36,36,46,36,46,Platt Scaling (1D),4.0,1.7779770590607054,2.7148267922134197,0.03874468943234713,0.6943359375
docvqa,m3,3,36,36,46,46,46,Trajectory Platt (5D),4.0,1.94418230446172,2.8021356279205065,0.03943401164088961,0.6848958333333333
docvqa,m3,4,144,144,190,144,42,Naive Confidence (NC),4.25,70.36083796713501,70.36083796713503,0.5868334709322524,0.804177545691906
docvqa,m3,4,144,144,190,144,42,Temperature Scaling (TS),4.25,48.6815752277248,48.68157522772481,0.27567925900696777,0.804177545691906
docvqa,m3,4,144,144,190,144,42,Platt Scaling (1D),4.25,1.6522334574575965,2.659460485674844,0.03895276856376291,0.804177545691906
docvqa,m3,4,144,144,190,190,42,Trajectory Platt (5D),4.25,0.9991297912056327,2.110787321886164,0.03787894204837834,0.8373521732452773
docvqa,m3,4,144,144,190,144,43,Naive Confidence (NC),4.25,71.74300474114716,71.74300474114716,0.60282272013455,0.8147749961603441
docvqa,m3,4,144,144,190,144,43,Temperature Scaling (TS),4.25,48.63617030173237,48.63617030173238,0.27538839774548346,0.8147749961603441
docvqa,m3,4,144,144,190,144,43,Platt Scaling (1D),4.25,1.307149408991573,3.2134255218295014,0.03998790885302562,0.8147749961603441
docvqa,m3,4,144,144,190,190,43,Trajectory Platt (5D),4.25,1.5023505135613962,1.9867990875791293,0.037638360908646556,0.8505605897711566
docvqa,m3,4,144,144,190,144,44,Naive Confidence (NC),4.25,72.11092985980213,72.11092985980213,0.6088335201287073,0.8539394870219628
docvqa,m3,4,144,144,190,144,44,Temperature Scaling (TS),4.25,48.84256720606335,48.84256720606335,0.2767609653965517,0.8539394870219628
docvqa,m3,4,144,144,190,144,44,Platt Scaling (1D),4.25,2.345608458130742,1.9424749137025503,0.037940342864491036,0.8539394870219628
docvqa,m3,4,144,144,190,190,44,Trajectory Platt (5D),4.25,2.452961056347703,1.7914067221281587,0.03537178154273864,0.8611580402395946
docvqa,m3,4,144,144,190,144,45,Naive Confidence (NC),4.25,73.25356087461114,73.25356087461114,0.6263544384195123,0.7662417447396713
docvqa,m3,4,144,144,190,144,45,Temperature Scaling (TS),4.25,48.90869524747365,48.90869524747366,0.2784173711004938,0.7662417447396713
docvqa,m3,4,144,144,190,144,45,Platt Scaling (1D),4.25,1.954793267270353,3.36739455764192,0.04000653903370559,0.7662417447396713
docvqa,m3,4,144,144,190,190,45,Trajectory Platt (5D),4.25,0.8978722575411666,1.7136897400196176,0.03863091663680633,0.7882045768699124
docvqa,m3,4,144,144,190,144,46,Naive Confidence (NC),4.25,72.07514248695225,72.07514248695225,0.6078298650592194,0.8164644447857472
docvqa,m3,4,144,144,190,144,46,Temperature Scaling (TS),4.25,48.74030321072541,48.74030321072541,0.2762188047101507,0.8164644447857472
docvqa,m3,4,144,144,190,144,46,Platt Scaling (1D),4.25,1.5234483049723464,2.1262614022197055,0.03899130948078436,0.8164644447857472
docvqa,m3,4,144,144,190,190,46,Trajectory Platt (5D),4.25,1.8602074347581945,1.5719464402791345,0.03744576472249495,0.8749808017201659
docvqa,m3,5,576,576,766,576,42,Naive Confidence (NC),4.5,74.56704132817687,74.56704132817687,0.6430371250358768,0.8449680046538686
docvqa,m3,5,576,576,766,576,42,Temperature Scaling (TS),4.5,48.886374764920426,48.88637476492044,0.27956559467008196,0.8449680046538686
docvqa,m3,5,576,576,766,576,42,Platt Scaling (1D),4.5,2.620430292575468,2.520666481352701,0.04046608746806992,0.8449680046538686
docvqa,m3,5,576,576,766,766,42,Trajectory Platt (5D),4.5,1.8667138496821278,1.8124417102371808,0.037709292426008484,0.8875799883653287
docvqa,m3,5,576,576,766,576,43,Naive Confidence (NC),4.5,72.44317881390452,72.44317881390452,0.614918075093313,0.754217568353694
docvqa,m3,5,576,576,766,576,43,Temperature Scaling (TS),4.5,48.57595931504541,48.57595931504542,0.27747418745178026,0.754217568353694
docvqa,m3,5,576,576,766,576,43,Platt Scaling (1D),4.5,1.388163588821047,3.4213127488111934,0.04235863284492459,0.754217568353694
docvqa,m3,5,576,576,766,766,43,Trajectory Platt (5D),4.5,1.8013474318431686,2.0745335620595142,0.04157662023373154,0.7616346713205352
docvqa,m3,5,576,576,766,576,44,Naive Confidence (NC),4.5,74.06929230317473,74.0692923031747,0.6382711201697561,0.8280977312390925
docvqa,m3,5,576,576,766,576,44,Temperature Scaling (TS),4.5,48.86110529394252,48.86110529394252,0.27932633548937685,0.8280977312390925
docvqa,m3,5,576,576,766,576,44,Platt Scaling (1D),4.5,1.1105649521499141,2.6401904322423264,0.040027035650411096,0.8280977312390925
docvqa,m3,5,576,576,766,766,44,Trajectory Platt (5D),4.5,1.9746534447913293,2.2139730896597034,0.03828530690830425,0.8622745782431646
docvqa,m3,5,576,576,766,576,45,Naive Confidence (NC),4.5,73.35956668294966,73.35956668294968,0.6203657593053206,0.8632926119837114
docvqa,m3,5,576,576,766,576,45,Temperature Scaling (TS),4.5,48.639128384250554,48.63912838425056,0.2767559754452862,0.8632926119837114
docvqa,m3,5,576,576,766,576,45,Platt Scaling (1D),4.5,2.254979191887891,2.0881497949633157,0.03944235166187912,0.8632926119837114
docvqa,m3,5,576,576,766,766,45,Trajectory Platt (5D),4.5,2.974667432601563,3.0120738070691004,0.03739155781678633,0.8736183827806865
docvqa,m3,5,576,576,766,576,46,Naive Confidence (NC),4.5,74.07341642305256,74.07341642305255,0.6328796090326269,0.8010471204188482
docvqa,m3,5,576,576,766,576,46,Temperature Scaling (TS),4.5,48.808634467433365,48.80863446743338,0.2791645447614208,0.8010471204188482
docvqa,m3,5,576,576,766,576,46,Platt Scaling (1D),4.5,1.7936924988642295,2.0415842889259217,0.040489783593061726,0.8010471204188482
docvqa,m3,5,576,576,766,766,46,Trajectory Platt (5D),4.5,1.1332215850998182,2.241600459237816,0.038858389286008904,0.8416230366492146
scienceqa,m3,1,1,1,1,1,42,Naive Confidence (NC),59.25,21.001080848276615,21.02808762341738,0.22413553424466912,0.8284538324143823
scienceqa,m3,1,1,1,1,1,42,Temperature Scaling (TS),59.25,16.33794951789803,15.054311766399397,0.18806539559339433,0.8284538324143823
scienceqa,m3,1,1,1,1,1,42,Platt Scaling (1D),59.25,7.354882942510575,9.344254256138681,0.16334115469839103,0.8284538324143823
scienceqa,m3,1,1,1,1,1,42,Trajectory Platt (5D),59.25,7.292100887745617,9.369054313749078,0.16340795711404926,0.8284538324143823
scienceqa,m3,1,1,1,1,1,43,Naive Confidence (NC),59.25,21.145790435373783,20.94758497923613,0.23808735869041336,0.7852243017265926
scienceqa,m3,1,1,1,1,1,43,Temperature Scaling (TS),59.25,12.578495252419518,12.456937787587313,0.19688251271257787,0.7852243017265926
scienceqa,m3,1,1,1,1,1,43,Platt Scaling (1D),59.25,5.8194210921109795,5.634530993204014,0.17989656907677165,0.7852243017265926
scienceqa,m3,1,1,1,1,1,43,Trajectory Platt (5D),59.25,5.891711734235288,5.642642639577388,0.1798651770502336,0.7852243017265926
scienceqa,m3,1,1,1,1,1,44,Naive Confidence (NC),59.25,19.03816530108452,19.039015203714378,0.22723642819109643,0.7902461753514016
scienceqa,m3,1,1,1,1,1,44,Temperature Scaling (TS),59.25,11.824689974210012,12.029935432238743,0.19519374258352712,0.7902461753514016
scienceqa,m3,1,1,1,1,1,44,Platt Scaling (1D),59.25,4.263855485336971,5.674371367899337,0.17948825675315289,0.7902461753514016
scienceqa,m3,1,1,1,1,1,44,Trajectory Platt (5D),59.25,4.231500089168548,5.670269280672073,0.1794715089392731,0.7902461753514016
scienceqa,m3,1,1,1,1,1,45,Naive Confidence (NC),59.25,20.05178234726191,20.075329490005974,0.23770215026342406,0.7900390877792447
scienceqa,m3,1,1,1,1,1,45,Temperature Scaling (TS),59.25,13.653500124458779,13.65350012445877,0.19613409712486302,0.7900390877792447
scienceqa,m3,1,1,1,1,1,45,Platt Scaling (1D),59.25,8.154832671392606,6.808473671128857,0.17939570342268255,0.7900390877792447
scienceqa,m3,1,1,1,1,1,45,Trajectory Platt (5D),59.25,8.137009900063275,6.817302580922843,0.17933108125745734,0.7900390877792447
scienceqa,m3,1,1,1,1,1,46,Naive Confidence (NC),59.25,20.059189133346077,19.808726854622368,0.21957442202005764,0.8175040770365769
scienceqa,m3,1,1,1,1,1,46,Temperature Scaling (TS),59.25,13.106947510923387,15.004502151314458,0.190379777133382,0.8175040770365769
scienceqa,m3,1,1,1,1,1,46,Platt Scaling (1D),59.25,6.247849387795017,7.375712814362655,0.16903141885665612,0.8175040770365769
scienceqa,m3,1,1,1,1,1,46,Trajectory Platt (5D),59.25,6.3084220960736275,7.433341570198536,0.16908732940720125,0.8175040770365769
scienceqa,m3,2,9,9,10,9,42,Naive Confidence (NC),61.5,18.918496079742912,19.02878526598215,0.22243553692441437,0.8026343575124063
scienceqa,m3,2,9,9,10,9,42,Temperature Scaling (TS),61.5,12.891364644248954,13.014211128794098,0.18838930630060585,0.8026343575124063
scienceqa,m3,2,9,9,10,9,42,Platt Scaling (1D),61.5,8.54727080830122,7.250146005956862,0.17249442373301233,0.8026343575124063
scienceqa,m3,2,9,9,10,10,42,Trajectory Platt (5D),61.5,5.30781825631857,4.163160823285578,0.1667003256442907,0.8188945201140324
scienceqa,m3,2,9,9,10,9,43,Naive Confidence (NC),61.5,20.518898785114285,20.239808917045593,0.2359626732896553,0.7851863583570899
scienceqa,m3,2,9,9,10,9,43,Temperature Scaling (TS),61.5,13.427941319776021,13.564367014587612,0.19474303689413516,0.7851863583570899
scienceqa,m3,2,9,9,10,9,43,Platt Scaling (1D),61.5,6.785564137993805,8.277051825188522,0.1806001568171422,0.7851863583570899
scienceqa,m3,2,9,9,10,10,43,Trajectory Platt (5D),61.5,6.071809556335213,7.423014249652625,0.1758963775991557,0.7970251293422025
scienceqa,m3,2,9,9,10,9,44,Naive Confidence (NC),61.5,21.051930762827396,21.058394469320778,0.24305010950490755,0.7732552000844684
scienceqa,m3,2,9,9,10,9,44,Temperature Scaling (TS),61.5,11.85948450188697,12.287319758432117,0.1997977001103154,0.7732552000844684
scienceqa,m3,2,9,9,10,9,44,Platt Scaling (1D),61.5,7.814123343116459,8.065634562914932,0.1878074110802053,0.7732552000844684
scienceqa,m3,2,9,9,10,10,44,Trajectory Platt (5D),61.5,7.40478489920497,7.3108295463025605,0.18805762302952922,0.7702460141484532
scienceqa,m3,2,9,9,10,9,45,Naive Confidence (NC),61.5,20.1307872235775,20.153486251831055,0.23245814352164118,0.7952433745116672
scienceqa,m3,2,9,9,10,9,45,Temperature Scaling (TS),61.5,11.667212749487458,12.646792523417455,0.19241065518175282,0.7952433745116672
scienceqa,m3,2,9,9,10,9,45,Platt Scaling (1D),61.5,6.4523940012486385,8.247732738330942,0.1777120118523971,0.7952433745116672
scienceqa,m3,2,9,9,10,10,45,Trajectory Platt (5D),61.5,7.132239166647193,5.78378077223897,0.17713636412608735,0.7929732868757259
scienceqa,m3,2,9,9,10,9,46,Naive Confidence (NC),61.5,21.34613212943077,21.174055948853496,0.23127143962798827,0.8130081300813008
scienceqa,m3,2,9,9,10,9,46,Temperature Scaling (TS),61.5,13.082588570418736,13.208995497754112,0.18988323509603716,0.8130081300813008
scienceqa,m3,2,9,9,10,9,46,Platt Scaling (1D),61.5,5.364136158323807,5.472226493536108,0.1709586698369275,0.8130081300813008
scienceqa,m3,2,9,9,10,10,46,Trajectory Platt (5D),61.5,6.2363215386867505,5.392392836511136,0.17195525572599896,0.8100253405131453
scienceqa,m3,3,36,36,46,36,42,Naive Confidence (NC),61.0,20.65102507919073,20.72765926271677,0.2263046305026809,0.8187263556116015
scienceqa,m3,3,36,36,46,36,42,Temperature Scaling (TS),61.0,13.651679494036204,15.773177714296791,0.18831812016837443,0.8187263556116015
scienceqa,m3,3,36,36,46,36,42,Platt Scaling (1D),61.0,7.145466308323243,9.94844994163215,0.16910187536476667,0.8187263556116015
scienceqa,m3,3,36,36,46,46,42,Trajectory Platt (5D),61.0,4.8450524285435685,6.23868626356125,0.16617770058360434,0.8221153846153846
scienceqa,m3,3,36,36,46,36,43,Naive Confidence (NC),61.0,20.220076203346256,20.165172904729847,0.22456040953797543,0.8218789407313997
scienceqa,m3,3,36,36,46,36,43,Temperature Scaling (TS),61.0,14.053753521731338,14.504729390504325,0.18424353585095787,0.8218789407313997
scienceqa,m3,3,36,36,46,36,43,Platt Scaling (1D),61.0,8.1378882757894,6.551010185949179,0.16279800311544715,0.8218789407313997
scienceqa,m3,3,36,36,46,46,43,Trajectory Platt (5D),61.0,8.936329651623966,8.195383731275799,0.15894801545759127,0.8289459857082808
scienceqa,m3,3,36,36,46,36,44,Naive Confidence (NC),61.0,20.53927855938673,20.504763580858707,0.2235693768035842,0.8119745691467003
scienceqa,m3,3,36,36,46,36,44,Temperature Scaling (TS),61.0,12.06552589359345,11.828025909299644,0.18963076110821794,0.8119745691467003
scienceqa,m3,3,36,36,46,36,44,Platt Scaling (1D),61.0,4.584738145275584,5.2054557048418815,0.17045980065349794,0.8119745691467003
scienceqa,m3,3,36,36,46,46,44,Trajectory Platt (5D),61.0,4.06435250118375,3.0621050484478465,0.17225652612054027,0.8091372425388819
scienceqa,m3,3,36,36,46,36,45,Naive Confidence (NC),61.0,20.95841392874717,20.8316344767809,0.22843548994608195,0.8174915931063471
scienceqa,m3,3,36,36,46,36,45,Temperature Scaling (TS),61.0,14.442337953761387,14.62733002939552,0.18783240751436567,0.8174915931063471
scienceqa,m3,3,36,36,46,36,45,Platt Scaling (1D),61.0,6.218294476044128,5.8191786422058795,0.166727998135721,0.8174915931063471
scienceqa,m3,3,36,36,46,46,45,Trajectory Platt (5D),61.0,6.260170027613639,6.459252081811428,0.1651398812247208,0.8183322824716268
scienceqa,m3,3,36,36,46,36,46,Naive Confidence (NC),61.0,22.145673863589764,22.207729779183868,0.23372379912124078,0.8219840269020596
scienceqa,m3,3,36,36,46,36,46,Temperature Scaling (TS),61.0,13.816305245625973,15.579602697837153,0.18992212767516206,0.8219840269020596
scienceqa,m3,3,36,36,46,36,46,Platt Scaling (1D),61.0,7.789020354266572,7.313124896296687,0.16767056641353448,0.8219840269020596
scienceqa,m3,3,36,36,46,46,46,Trajectory Platt (5D),61.0,5.044568389654158,8.585301458835602,0.16706286569299172,0.8226145439260194
scienceqa,m3,4,144,144,190,144,42,Naive Confidence (NC),61.25000000000001,22.92879866808653,22.62110205739737,0.2435919154414767,0.8138512179065175
scienceqa,m3,4,144,144,190,144,42,Temperature Scaling (TS),61.25000000000001,14.76827848782615,15.533661147747146,0.19399991306314887,0.8138512179065175
scienceqa,m3,4,144,144,190,144,42,Platt Scaling (1D),61.25000000000001,9.55235944461795,8.745380455105455,0.17391362365841098,0.8138512179065175
scienceqa,m3,4,144,144,190,190,42,Trajectory Platt (5D),61.25000000000001,5.95107850059867,7.014471646398307,0.1703220901978079,0.8166161948650429
scienceqa,m3,4,144,144,190,144,43,Naive Confidence (NC),61.25000000000001,19.251248024404045,19.269957356154922,0.22770673264922664,0.7987360105332455
scienceqa,m3,4,144,144,190,144,43,Temperature Scaling (TS),61.25000000000001,12.808668350592436,13.222847425937854,0.189837803717693,0.7987360105332455
scienceqa,m3,4,144,144,190,144,43,Platt Scaling (1D),61.25000000000001,7.101838083502009,7.373408609304918,0.17548114196643547,0.7987360105332455
scienceqa,m3,4,144,144,190,190,43,Trajectory Platt (5D),61.25000000000001,6.1905357241630545,6.634058564901352,0.17724470909782028,0.7913627386438447
scienceqa,m3,4,144,144,190,144,44,Naive Confidence (NC),61.25000000000001,21.150397673249245,20.8168373554945,0.23896560181667487,0.7821461487820934
scienceqa,m3,4,144,144,190,144,44,Temperature Scaling (TS),61.25000000000001,10.983609629852406,12.230032175435092,0.19755604911675553,0.7821461487820934
scienceqa,m3,4,144,144,190,144,44,Platt Scaling (1D),61.25000000000001,7.274305474440632,7.359256174420162,0.18454002894993365,0.7821461487820934
scienceqa,m3,4,144,144,190,190,44,Trajectory Platt (5D),61.25000000000001,6.611579857766628,7.724822290241717,0.1839127757360777,0.7822251481237656
scienceqa,m3,4,144,144,190,144,45,Naive Confidence (NC),61.25000000000001,21.077423989772797,20.92405474185944,0.23549215568305398,0.7915734035549704
scienceqa,m3,4,144,144,190,144,45,Temperature Scaling (TS),61.25000000000001,11.290994708778026,11.067383653432492,0.19613334227855006,0.7915734035549704
scienceqa,m3,4,144,144,190,144,45,Platt Scaling (1D),61.25000000000001,7.233101740316053,5.911862727767137,0.1821387570178723,0.7915734035549704
scienceqa,m3,4,144,144,190,190,45,Trajectory Platt (5D),61.25000000000001,7.847082782536748,5.25706784799695,0.18263167493704718,0.7873337722185648
scienceqa,m3,4,144,144,190,144,46,Naive Confidence (NC),61.25000000000001,20.32580661028624,20.547391287982464,0.2387271547064487,0.779302172481896
scienceqa,m3,4,144,144,190,144,46,Temperature Scaling (TS),61.25000000000001,12.280329125798016,11.942366777191872,0.19672406400854656,0.779302172481896
scienceqa,m3,4,144,144,190,144,46,Platt Scaling (1D),61.25000000000001,7.736504777511039,7.608611197628547,0.18452443477753383,0.779302172481896
scienceqa,m3,4,144,144,190,190,46,Trajectory Platt (5D),61.25000000000001,7.58889549598098,9.099066864699125,0.18340120435635762,0.7788281764318631
scienceqa,m3,5,576,576,766,576,42,Naive Confidence (NC),61.25000000000001,22.15753873437643,21.926717631518837,0.23680413035010348,0.8067412771560236
scienceqa,m3,5,576,576,766,576,42,Temperature Scaling (TS),61.25000000000001,13.098813070276927,12.681717785941505,0.19238122779990338,0.8067412771560236
scienceqa,m3,5,576,576,766,576,42,Platt Scaling (1D),61.25000000000001,4.798593949687339,4.98647650667664,0.1732356736205169,0.8067412771560236
scienceqa,m3,5,576,576,766,766,42,Trajectory Platt (5D),61.25000000000001,5.1709082834422615,6.154509384185077,0.17186470427795822,0.812771560236998
scienceqa,m3,5,576,576,766,576,43,Naive Confidence (NC),61.25000000000001,21.886412970721725,21.8929924890399,0.23847506570569935,0.7950757077024357
scienceqa,m3,5,576,576,766,576,43,Temperature Scaling (TS),61.25000000000001,11.238412726658446,12.16031399119851,0.19503996335682797,0.7950757077024357
scienceqa,m3,5,576,576,766,576,43,Platt Scaling (1D),61.25000000000001,6.1826827510900415,4.739154443560565,0.17772107201918957,0.7950757077024357
scienceqa,m3,5,576,576,766,766,43,Trajectory Platt (5D),61.25000000000001,4.48002505674958,7.0676919259130955,0.17503136764479507,0.800184331797235
scienceqa,m3,5,576,576,766,576,44,Naive Confidence (NC),61.25000000000001,21.062199629843235,20.465409211814404,0.23945030205177772,0.7823041474654379
scienceqa,m3,5,576,576,766,576,44,Temperature Scaling (TS),61.25000000000001,13.054165808389056,14.549232754010749,0.19527073667832423,0.7823041474654379
scienceqa,m3,5,576,576,766,576,44,Platt Scaling (1D),61.25000000000001,9.99073522369339,9.866870939304812,0.18234273163114928,0.7823041474654379
scienceqa,m3,5,576,576,766,766,44,Trajectory Platt (5D),61.25000000000001,7.8205970488488665,7.888400051742793,0.18090776938414957,0.7834628044766294
scienceqa,m3,5,576,576,766,576,45,Naive Confidence (NC),61.25000000000001,23.649367421865463,23.059980109333996,0.2539009058850586,0.7713232389730086
scienceqa,m3,5,576,576,766,576,45,Temperature Scaling (TS),61.25000000000001,12.559213710543219,12.493715745614955,0.20342998782467844,0.7713232389730086
scienceqa,m3,5,576,576,766,576,45,Platt Scaling (1D),61.25000000000001,7.374462924110474,7.344665239830807,0.1897690082376446,0.7713232389730086
scienceqa,m3,5,576,576,766,766,45,Trajectory Platt (5D),61.25000000000001,6.685203909873963,7.187304511666297,0.1897843214980035,0.7706122448979593
scienceqa,m3,5,576,576,766,576,46,Naive Confidence (NC),61.25000000000001,21.632111713290218,21.658378437161453,0.241531925593706,0.7900724160631994
scienceqa,m3,5,576,576,766,576,46,Temperature Scaling (TS),61.25000000000001,12.505271965042558,13.143595552505474,0.1962510682662033,0.7900724160631994
scienceqa,m3,5,576,576,766,576,46,Platt Scaling (1D),61.25000000000001,7.427609832202818,8.557411815635087,0.18037177228964313,0.7900724160631994
scienceqa,m3,5,576,576,766,766,46,Trajectory Platt (5D),61.25000000000001,5.392275210469961,6.28330410644412,0.17674748077561211,0.7985253456221199
textvqa,m3,1,1,1,1,1,42,Naive Confidence (NC),35.75,14.530256349243075,14.745994283211497,0.18366798996436692,0.8229708035155505
textvqa,m3,1,1,1,1,1,42,Temperature Scaling (TS),35.75,14.99275125088345,14.784569928137051,0.1832526125206672,0.8229708035155505
textvqa,m3,1,1,1,1,1,42,Platt Scaling (1D),35.75,9.875103922363355,6.988206770549091,0.157151040635233,0.8229708035155505
textvqa,m3,1,1,1,1,1,42,Trajectory Platt (5D),35.75,9.557026830501854,7.013393224216996,0.1571888656562599,0.8229708035155505
textvqa,m3,1,1,1,1,1,43,Naive Confidence (NC),35.75,14.176785211248626,14.133696663128637,0.17486714488289315,0.8412832303882887
textvqa,m3,1,1,1,1,1,43,Temperature Scaling (TS),35.75,14.594691935432175,13.974258164417067,0.17430296005689008,0.8412832303882887
textvqa,m3,1,1,1,1,1,43,Platt Scaling (1D),35.75,7.018587341999422,7.217776425290605,0.15330493497101685,0.8412832303882887
textvqa,m3,1,1,1,1,1,43,Trajectory Platt (5D),35.75,6.9230266995728,7.24806459248066,0.15334677299810973,0.8412832303882887
textvqa,m3,1,1,1,1,1,44,Naive Confidence (NC),35.75,12.989658029180475,13.125652606957935,0.1873628854489838,0.7937743190661479
textvqa,m3,1,1,1,1,1,44,Temperature Scaling (TS),35.75,14.03100339558325,13.237169407095974,0.18753399262119358,0.7937743190661479
textvqa,m3,1,1,1,1,1,44,Platt Scaling (1D),35.75,5.834824991487347,5.963132777491071,0.16839401253068828,0.7937743190661479
textvqa,m3,1,1,1,1,1,44,Trajectory Platt (5D),35.75,5.835556693375111,5.979591600596906,0.16837884058477534,0.7937743190661479
textvqa,m3,1,1,1,1,1,45,Naive Confidence (NC),35.75,14.935246254289755,16.2727439744598,0.18427276836982018,0.8227531223640173
textvqa,m3,1,1,1,1,1,45,Temperature Scaling (TS),35.75,15.719929996412988,16.20348789550713,0.18387362591341108,0.8227531223640173
textvqa,m3,1,1,1,1,1,45,Platt Scaling (1D),35.75,7.778863023889531,6.526594585937846,0.15637481402475786,0.8227531223640173
textvqa,m3,1,1,1,1,1,45,Trajectory Platt (5D),35.75,7.841492051258683,6.5229187812656155,0.15641013868074494,0.8227531223640173
textvqa,m3,1,1,1,1,1,46,Naive Confidence (NC),35.75,16.515673669036634,15.059390729636906,0.17919832101037986,0.8324943538951322
textvqa,m3,1,1,1,1,1,46,Temperature Scaling (TS),35.75,16.349776706549743,14.91077984312188,0.1785493643889167,0.8324943538951322
textvqa,m3,1,1,1,1,1,46,Platt Scaling (1D),35.75,8.211285801656462,7.356257810063073,0.1529224155162418,0.8324943538951322
textvqa,m3,1,1,1,1,1,46,Trajectory Platt (5D),35.75,8.295652585336939,7.3745944446418425,0.1529844595995891,0.8324943538951322
textvqa,m3,2,9,9,10,9,42,Naive Confidence (NC),51.24999999999999,10.774857584702458,10.257646144474963,0.19199781974777616,0.798499061913696
textvqa,m3,2,9,9,10,9,42,Temperature Scaling (TS),51.24999999999999,10.742355603937662,10.223305088279613,0.1919319039867674,0.798499061913696
textvqa,m3,2,9,9,10,9,42,Platt Scaling (1D),51.24999999999999,5.852660341533957,7.247242884079054,0.1832359539001094,0.798499061913696
textvqa,m3,2,9,9,10,10,42,Trajectory Platt (5D),51.24999999999999,5.5379509846679875,6.312896675895901,0.18373607155803712,0.7961225766103814
textvqa,m3,2,9,9,10,9,43,Naive Confidence (NC),51.24999999999999,10.555623116913395,9.924715732899468,0.1799667462823318,0.8200125078173859
textvqa,m3,2,9,9,10,9,43,Temperature Scaling (TS),51.24999999999999,10.775518415028346,9.841683944270917,0.1799950396551725,0.8200125078173859
textvqa,m3,2,9,9,10,9,43,Platt Scaling (1D),51.24999999999999,6.880633575371271,5.242605322782671,0.17307453295878988,0.8200125078173859
textvqa,m3,2,9,9,10,10,43,Trajectory Platt (5D),51.24999999999999,6.283722945488989,5.461386577226221,0.1725620885385657,0.8196372732958098
textvqa,m3,2,9,9,10,9,44,Naive Confidence (NC),51.24999999999999,9.097688473962922,8.030949249798267,0.17563369986742067,0.8257661038148842
textvqa,m3,2,9,9,10,9,44,Temperature Scaling (TS),51.24999999999999,9.037810264344776,8.441282791563282,0.17591603035741296,0.8257661038148842
textvqa,m3,2,9,9,10,9,44,Platt Scaling (1D),51.24999999999999,6.922146886815823,6.588769391014488,0.16962592568596285,0.8257661038148842
textvqa,m3,2,9,9,10,10,44,Trajectory Platt (5D),51.24999999999999,9.647069674916569,8.43934855144471,0.17013142629466052,0.8253908692933084
textvqa,m3,2,9,9,10,9,45,Naive Confidence (NC),51.24999999999999,12.086010631085948,12.455236000831036,0.17895710898096817,0.8337460913070669
textvqa,m3,2,9,9,10,9,45,Temperature Scaling (TS),51.24999999999999,12.824732449837123,12.569204206095714,0.17878442346145562,0.8337460913070669
textvqa,m3,2,9,9,10,9,45,Platt Scaling (1D),51.24999999999999,8.664610179112504,9.201894603856008,0.16600049571999848,0.8337460913070669
textvqa,m3,2,9,9,10,10,45,Trajectory Platt (5D),51.24999999999999,8.018831373192372,8.055294076912107,0.16836205107614696,0.82671669793621
textvqa,m3,2,9,9,10,9,46,Naive Confidence (NC),51.24999999999999,12.538823686629444,12.502532044232476,0.15933609037680665,0.8716197623514698
textvqa,m3,2,9,9,10,9,46,Temperature Scaling (TS),51.24999999999999,12.602696853818232,13.079618915193967,0.15979693886928265,0.8716197623514698
textvqa,m3,2,9,9,10,9,46,Platt Scaling (1D),51.24999999999999,7.437802247596088,7.269009976703837,0.1456603517368464,0.8716197623514698
textvqa,m3,2,9,9,10,10,46,Trajectory Platt (5D),51.24999999999999,6.952455269172788,7.810092898085716,0.14587458594751795,0.8704440275171982
textvqa,m3,3,36,36,46,36,42,Naive Confidence (NC),56.00000000000001,9.298556775959483,9.523369774827962,0.15567131234165557,0.8729707792207794
textvqa,m3,3,36,36,46,36,42,Temperature Scaling (TS),56.00000000000001,9.60182970720675,9.856540978259805,0.15617545621211476,0.8729707792207794
textvqa,m3,3,36,36,46,36,42,Platt Scaling (1D),56.00000000000001,5.664579647611973,5.4089207276888995,0.14590084918880686,0.8729707792207794
textvqa,m3,3,36,36,46,46,42,Trajectory Platt (5D),56.00000000000001,5.980780669488014,4.2698106383904815,0.14812121214296778,0.8675679788961038
textvqa,m3,3,36,36,46,36,43,Naive Confidence (NC),56.00000000000001,9.219779848716055,8.778511212324322,0.15451622721661637,0.8709161931818182
textvqa,m3,3,36,36,46,36,43,Temperature Scaling (TS),56.00000000000001,9.419580085460252,9.43805852607564,0.15581586213643622,0.8709161931818182
textvqa,m3,3,36,36,46,36,43,Platt Scaling (1D),56.00000000000001,6.382827367432354,6.888722366387912,0.14787617849299806,0.8709161931818182
textvqa,m3,3,36,36,46,46,43,Trajectory Platt (5D),56.00000000000001,6.335446315817536,6.8937907917425045,0.1477604982261071,0.8693942775974026
textvqa,m3,3,36,36,46,36,44,Naive Confidence (NC),56.00000000000001,10.588901164249426,8.883390348162022,0.17419809304781775,0.8316507711038962
textvqa,m3,3,36,36,46,36,44,Temperature Scaling (TS),56.00000000000001,9.01615718032255,8.534240002200544,0.17409234585738304,0.8316507711038962
textvqa,m3,3,36,36,46,36,44,Platt Scaling (1D),56.00000000000001,7.476068163386246,6.459756522701711,0.16704178813942674,0.8316507711038962
textvqa,m3,3,36,36,46,46,44,Trajectory Platt (5D),56.00000000000001,6.321810876019299,5.282726307399571,0.1647210702321206,0.8336038961038962
textvqa,m3,3,36,36,46,36,45,Naive Confidence (NC),56.00000000000001,10.837722667649095,11.819591902372425,0.17269721704399518,0.8389813311688311
textvqa,m3,3,36,36,46,36,45,Temperature Scaling (TS),56.00000000000001,10.425920217609743,11.61523128836006,0.17228288909028847,0.8389813311688311
textvqa,m3,3,36,36,46,36,45,Platt Scaling (1D),56.00000000000001,7.261755609112328,8.49552128108153,0.16162752598038516,0.8389813311688311
textvqa,m3,3,36,36,46,46,45,Trajectory Platt (5D),56.00000000000001,8.486048698425293,7.900637894868852,0.1603991035407618,0.8433441558441559
textvqa,m3,3,36,36,46,36,46,Naive Confidence (NC),56.00000000000001,9.471137519754896,9.546592474604006,0.1680236222091125,0.8448153409090909
textvqa,m3,3,36,36,46,36,46,Temperature Scaling (TS),56.00000000000001,9.5923984616483,9.574785231661377,0.16822272634475435,0.8448153409090909
textvqa,m3,3,36,36,46,36,46,Platt Scaling (1D),56.00000000000001,7.785191747950234,6.912167162164931,0.15956871641748274,0.8448153409090909
textvqa,m3,3,36,36,46,46,46,Trajectory Platt (5D),56.00000000000001,7.916155541781336,9.216828214470297,0.15845631815263198,0.8466162743506493
textvqa,m3,4,144,144,190,144,42,Naive Confidence (NC),57.75,7.163196344682523,7.628885850284091,0.16426244307206517,0.8451292297446144
textvqa,m3,4,144,144,190,144,42,Temperature Scaling (TS),57.75,7.383733427124181,7.399336586513431,0.16419912360490854,0.8451292297446144
textvqa,m3,4,144,144,190,144,42,Platt Scaling (1D),57.75,4.302415871574955,4.288991169057265,0.1582311323433886,0.8451292297446144
textvqa,m3,4,144,144,190,190,42,Trajectory Platt (5D),57.75,4.923018160741776,3.6900302353315046,0.15658916957791746,0.8480750019211558
textvqa,m3,4,144,144,190,144,43,Naive Confidence (NC),57.75,11.973152427424635,10.63136904315324,0.17201916892491304,0.8436947667716898
textvqa,m3,4,144,144,190,144,43,Temperature Scaling (TS),57.75,10.185061858893405,10.410532264814112,0.17139281925009345,0.8436947667716898
textvqa,m3,4,144,144,190,144,43,Platt Scaling (1D),57.75,7.224292662752113,7.780195498937102,0.1607907493620516,0.8436947667716898
textvqa,m3,4,144,144,190,190,43,Trajectory Platt (5D),57.75,6.740571783389898,6.022369736339898,0.15773453154181635,0.8474602320756167
textvqa,m3,4,144,144,190,144,44,Naive Confidence (NC),57.75,10.573594745637777,10.269343232304271,0.17188326099289797,0.8464100002561542
textvqa,m3,4,144,144,190,144,44,Temperature Scaling (TS),57.75,10.580581975257477,9.982352125205178,0.17109317821634357,0.8464100002561542
textvqa,m3,4,144,144,190,144,44,Platt Scaling (1D),57.75,6.853822441486552,5.813138685607837,0.15950473650174604,0.8464100002561542
textvqa,m3,4,144,144,190,190,44,Trajectory Platt (5D),57.75,7.556747248861942,5.84394402662292,0.15589298731562862,0.8515330823023131
textvqa,m3,4,144,144,190,144,45,Naive Confidence (NC),57.75,10.023796918362644,11.794191152388501,0.17013444334958372,0.8506109275340046
textvqa,m3,4,144,144,190,144,45,Temperature Scaling (TS),57.75,11.094667912679387,11.81222449136079,0.16954120125154393,0.8506109275340046
textvqa,m3,4,144,144,190,144,45,Platt Scaling (1D),57.75,7.173710702130565,8.989517115423094,0.1578453670752274,0.8506109275340046
textvqa,m3,4,144,144,190,190,45,Trajectory Platt (5D),57.75,8.341448765248058,6.123284857720139,0.15575864679285598,0.8528394682240836
textvqa,m3,4,144,144,190,144,46,Naive Confidence (NC),57.75,8.53564029331862,7.005346195152093,0.18093810203502145,0.8148005840313531
textvqa,m3,4,144,144,190,144,46,Temperature Scaling (TS),57.75,7.170751310472799,6.932110394811499,0.18053902343380937,0.8148005840313531
textvqa,m3,4,144,144,190,144,46,Platt Scaling (1D),57.75,5.4689692592883965,4.98332541907716,0.17387923587589565,0.8148005840313531
textvqa,m3,4,144,144,190,190,46,Trajectory Platt (5D),57.75,6.533226209226996,6.194735290948301,0.17374565393057145,0.8142370450062757
textvqa,m3,5,576,576,766,576,42,Naive Confidence (NC),58.75,10.49808570682344,11.074268778028749,0.17141699388653697,0.8388652482269503
textvqa,m3,5,576,576,766,576,42,Temperature Scaling (TS),58.75,10.37902650859674,11.139205160264991,0.17122696251535183,0.8388652482269503
textvqa,m3,5,576,576,766,576,42,Platt Scaling (1D),58.75,8.471011560888249,8.216847552002674,0.1615445982010695,0.8388652482269503
textvqa,m3,5,576,576,766,766,42,Trajectory Platt (5D),58.75,5.776711125858128,5.346239271573722,0.16280675324292893,0.8345583494519664
textvqa,m3,5,576,576,766,576,43,Naive Confidence (NC),58.75,8.600604302299871,8.678765272545549,0.15335035262377542,0.8706898774983881
textvqa,m3,5,576,576,766,576,43,Temperature Scaling (TS),58.75,10.170907969435635,9.962912908332191,0.15437828062865203,0.8706898774983881
textvqa,m3,5,576,576,766,576,43,Platt Scaling (1D),58.75,7.134860994571826,7.951678938559768,0.14600648872589492,0.8706898774983881
textvqa,m3,5,576,576,766,766,43,Trajectory Platt (5D),58.75,7.664454962126912,7.466717380099001,0.14363687889032073,0.8746099290780142
textvqa,m3,5,576,576,766,576,44,Naive Confidence (NC),58.75,9.806458434112864,9.341853592195717,0.16521728286903417,0.8466795615731785
textvqa,m3,5,576,576,766,576,44,Temperature Scaling (TS),58.75,9.013014429783436,9.531182481079412,0.1650430292163549,0.8466795615731785
textvqa,m3,5,576,576,766,576,44,Platt Scaling (1D),58.75,7.149012928675641,7.874954884289338,0.1568346631568854,0.8466795615731785
textvqa,m3,5,576,576,766,766,44,Trajectory Platt (5D),58.75,7.334966894239188,6.955188814550641,0.1527927012138089,0.8536943907156672
textvqa,m3,5,576,576,766,576,45,Naive Confidence (NC),58.75,7.797559822452917,8.031167165165542,0.17668129979779593,0.8202707930367504
textvqa,m3,5,576,576,766,576,45,Temperature Scaling (TS),58.75,8.888086470816427,7.882227706865169,0.17590003241390156,0.8202707930367504
textvqa,m3,5,576,576,766,576,45,Platt Scaling (1D),58.75,5.3793637057689825,6.243392919732365,0.1710212056053773,0.8202707930367504
textvqa,m3,5,576,576,766,766,45,Trajectory Platt (5D),58.75,6.559972473420203,7.366338253952563,0.16322551092287654,0.8363378465506126
textvqa,m3,5,576,576,766,576,46,Naive Confidence (NC),58.75,10.978873618388068,11.317818314553232,0.16661359583588478,0.8478401031592522
textvqa,m3,5,576,576,766,576,46,Temperature Scaling (TS),58.75,9.06744838979624,11.460657032612623,0.16641668247423638,0.8478401031592522
textvqa,m3,5,576,576,766,576,46,Platt Scaling (1D),58.75,6.576495909010145,7.978491876567782,0.15664162593661224,0.8478401031592522
textvqa,m3,5,576,576,766,766,46,Trajectory Platt (5D),58.75,6.106441221199929,6.35774877201766,0.15703107371390565,0.8466537717601545
vizwiz-vqa,m3,1,1,1,1,1,42,Naive Confidence (NC),36.0,17.33338561015309,17.672583041960703,0.22510851732044465,0.7334798177083334
vizwiz-vqa,m3,1,1,1,1,1,42,Temperature Scaling (TS),36.0,16.841577887275232,16.63500839191104,0.22211134999937,0.7334798177083334
vizwiz-vqa,m3,1,1,1,1,1,42,Platt Scaling (1D),36.0,6.313241688404402,7.112292237194342,0.19492200873134874,0.7334798177083334
vizwiz-vqa,m3,1,1,1,1,1,42,Trajectory Platt (5D),36.0,6.3774647330865255,7.108091092668476,0.19491183901350354,0.7334798177083334
vizwiz-vqa,m3,1,1,1,1,1,43,Naive Confidence (NC),36.0,16.510044383290147,17.56441345222922,0.22221239439630522,0.7396918402777778
vizwiz-vqa,m3,1,1,1,1,1,43,Temperature Scaling (TS),36.0,15.665873533696992,16.00435526022635,0.21940207691055177,0.7396918402777778
vizwiz-vqa,m3,1,1,1,1,1,43,Platt Scaling (1D),36.0,7.605087278376518,8.250324413071098,0.1934177502672133,0.7396918402777778
vizwiz-vqa,m3,1,1,1,1,1,43,Trajectory Platt (5D),36.0,7.600515753962098,8.255573664791884,0.19341611425470287,0.7396918402777778
vizwiz-vqa,m3,1,1,1,1,1,44,Naive Confidence (NC),36.0,16.852604910748347,16.827900368284244,0.22093778590678836,0.7479383680555556
vizwiz-vqa,m3,1,1,1,1,1,44,Temperature Scaling (TS),36.0,16.389857296451922,16.389857296451922,0.21842341700134352,0.7479383680555556
vizwiz-vqa,m3,1,1,1,1,1,44,Platt Scaling (1D),36.0,6.674173336967125,5.008109236362531,0.18973961087974056,0.7479383680555556
vizwiz-vqa,m3,1,1,1,1,1,44,Trajectory Platt (5D),36.0,6.7779384762980035,5.002918498124926,0.18974387065738513,0.7479383680555556
vizwiz-vqa,m3,1,1,1,1,1,45,Naive Confidence (NC),36.0,17.34349603714696,16.918599704583592,0.21095507588731635,0.7713487413194444
vizwiz-vqa,m3,1,1,1,1,1,45,Temperature Scaling (TS),36.0,16.410460861005717,17.279306716726627,0.2083852864600338,0.7713487413194444
vizwiz-vqa,m3,1,1,1,1,1,45,Platt Scaling (1D),36.0,8.079556931424033,9.486503851674547,0.1779695104683173,0.7713487413194444
vizwiz-vqa,m3,1,1,1,1,1,45,Trajectory Platt (5D),36.0,8.34941902430728,9.485215164255353,0.17798218981649885,0.7713487413194444
vizwiz-vqa,m3,1,1,1,1,1,46,Naive Confidence (NC),36.0,16.306587420028645,16.3073676848561,0.22113513747544453,0.7265082465277778
vizwiz-vqa,m3,1,1,1,1,1,46,Temperature Scaling (TS),36.0,16.38839726128836,15.913198550701532,0.21820643854145197,0.7265082465277778
vizwiz-vqa,m3,1,1,1,1,1,46,Platt Scaling (1D),36.0,4.387907377048139,7.005140811553553,0.1905664295155999,0.7265082465277778
vizwiz-vqa,m3,1,1,1,1,1,46,Trajectory Platt (5D),36.0,4.382561719045042,6.999691730365157,0.19056656161349753,0.7265082465277778
vizwiz-vqa,m3,2,9,9,10,9,42,Naive Confidence (NC),40.25,15.492574541502652,14.304609746976007,0.23081083869412203,0.7086202863899791
vizwiz-vqa,m3,2,9,9,10,9,42,Temperature Scaling (TS),40.25,14.005152216190433,12.822207956039652,0.22565861472274912,0.7086202863899791
vizwiz-vqa,m3,2,9,9,10,9,42,Platt Scaling (1D),40.25,8.003048760989758,9.388172311526176,0.20987760255274218,0.7086202863899791
vizwiz-vqa,m3,2,9,9,10,10,42,Trajectory Platt (5D),40.25,7.080079431645572,7.830774876289068,0.21002660768374562,0.7081265105642038
vizwiz-vqa,m3,2,9,9,10,9,43,Naive Confidence (NC),40.25,15.549162590053525,15.915325233951688,0.21649404531991603,0.7624158631981082
vizwiz-vqa,m3,2,9,9,10,9,43,Temperature Scaling (TS),40.25,14.95704149865394,15.28492276366429,0.21275282808648782,0.7624158631981082
vizwiz-vqa,m3,2,9,9,10,9,43,Platt Scaling (1D),40.25,7.241565903503733,7.111417983833182,0.18814793307723626,0.7624158631981082
vizwiz-vqa,m3,2,9,9,10,10,43,Trajectory Platt (5D),40.25,5.544285461306571,6.6896789222955695,0.18780222231931326,0.7628316744198135
vizwiz-vqa,m3,2,9,9,10,9,44,Naive Confidence (NC),40.25,15.138306915428098,15.138306915428105,0.1968425409775254,0.8104160711037189
vizwiz-vqa,m3,2,9,9,10,9,44,Temperature Scaling (TS),40.25,15.345863248382088,15.233161653896572,0.19825626893775294,0.8104160711037189
vizwiz-vqa,m3,2,9,9,10,9,44,Platt Scaling (1D),40.25,4.790852835874175,6.714348462448701,0.17306374673272576,0.8104160711037189
vizwiz-vqa,m3,2,9,9,10,10,44,Trajectory Platt (5D),40.25,5.593972624279561,6.96402952913195,0.1730349060805358,0.8104680475064321
vizwiz-vqa,m3,2,9,9,10,9,45,Naive Confidence (NC),40.25,15.548910526580833,15.023565237984279,0.20775018996983163,0.7815691675979105
vizwiz-vqa,m3,2,9,9,10,9,45,Temperature Scaling (TS),40.25,15.139153901136467,15.029602359607608,0.2071168838774735,0.7815691675979105
vizwiz-vqa,m3,2,9,9,10,9,45,Platt Scaling (1D),40.25,6.513860565814743,6.32163175181547,0.18246138634845047,0.7815691675979105
vizwiz-vqa,m3,2,9,9,10,10,45,Trajectory Platt (5D),40.25,4.590013540349899,4.783863606862725,0.18171015381791847,0.7831804360820187
vizwiz-vqa,m3,2,9,9,10,9,46,Naive Confidence (NC),40.25,14.64802824773607,14.810203250959086,0.20614722238893113,0.7818030614101197
vizwiz-vqa,m3,2,9,9,10,9,46,Temperature Scaling (TS),40.25,13.850070422096575,13.641216169526777,0.2050541274552333,0.7818030614101197
vizwiz-vqa,m3,2,9,9,10,9,46,Platt Scaling (1D),40.25,5.859839698264264,6.861607893448976,0.18231772928471243,0.7818030614101197
vizwiz-vqa,m3,2,9,9,10,10,46,Trajectory Platt (5D),40.25,6.711540874093772,5.358201384544373,0.18150784503026574,0.7839081057200032
vizwiz-vqa,m3,3,36,36,46,36,42,Naive Confidence (NC),43.5,13.601778702790273,13.052719273094453,0.20674464825786137,0.7793459464957787
vizwiz-vqa,m3,3,36,36,46,36,42,Temperature Scaling (TS),43.5,13.025666978365818,13.38868669324263,0.20468130012175853,0.7793459464957787
vizwiz-vqa,m3,3,36,36,46,36,42,Platt Scaling (1D),43.5,7.6262193562008616,7.094326845287248,0.18580740722520048,0.7793459464957787
vizwiz-vqa,m3,3,36,36,46,46,42,Trajectory Platt (5D),43.5,7.806069300509989,8.294710949994625,0.18675990176559196,0.7763706642254093
vizwiz-vqa,m3,3,36,36,46,36,43,Naive Confidence (NC),43.5,13.599267753403687,13.273482437368973,0.21012474930309766,0.7726579188281966
vizwiz-vqa,m3,3,36,36,46,36,43,Temperature Scaling (TS),43.5,13.330622136877354,12.430284715373862,0.20771775779479107,0.7726579188281966
vizwiz-vqa,m3,3,36,36,46,36,43,Platt Scaling (1D),43.5,5.600117471943953,6.530161052922387,0.19062199760541726,0.7726579188281966
vizwiz-vqa,m3,3,36,36,46,46,43,Trajectory Platt (5D),43.5,6.410025894641875,5.7904106713831425,0.19126252984143427,0.7715644390194284
vizwiz-vqa,m3,3,36,36,46,36,44,Naive Confidence (NC),43.5,13.667148889931557,13.914386141703128,0.21118516857679837,0.7667836435764419
vizwiz-vqa,m3,3,36,36,46,36,44,Temperature Scaling (TS),43.5,13.115183512806738,12.298142729480423,0.20880295770210444,0.7667836435764419
vizwiz-vqa,m3,3,36,36,46,36,44,Platt Scaling (1D),43.5,5.61632107127787,5.910821061205195,0.19117906960169948,0.7667836435764419
vizwiz-vqa,m3,3,36,36,46,46,44,Trajectory Platt (5D),43.5,3.973488139919936,5.986947561614216,0.1912168449225711,0.7683857186451022
vizwiz-vqa,m3,3,36,36,46,36,45,Naive Confidence (NC),43.5,12.993211752154634,12.993211752154638,0.19120421788911493,0.8163462516529346
vizwiz-vqa,m3,3,36,36,46,36,45,Temperature Scaling (TS),43.5,13.0658789165394,13.028164853125828,0.19226988413188298,0.8163462516529346
vizwiz-vqa,m3,3,36,36,46,36,45,Platt Scaling (1D),43.5,4.622092419229959,6.065648686701145,0.17322368664843116,0.8163462516529346
vizwiz-vqa,m3,3,36,36,46,46,45,Trajectory Platt (5D),43.5,4.771921651437876,5.673295998945833,0.17326493722291786,0.815608788526091
vizwiz-vqa,m3,3,36,36,46,36,46,Naive Confidence (NC),43.5,13.693364063096663,13.334556611899442,0.22682004637512818,0.7271640728308413
vizwiz-vqa,m3,3,36,36,46,36,46,Temperature Scaling (TS),43.5,13.340736665025272,12.32558487287786,0.2224915689641921,0.7271640728308413
vizwiz-vqa,m3,3,36,36,46,36,46,Platt Scaling (1D),43.5,7.127061077856537,7.324692502701844,0.20901485044850113,0.7271640728308413
vizwiz-vqa,m3,3,36,36,46,46,46,Trajectory Platt (5D),43.5,5.994790313765405,8.513945696875453,0.2105623211719444,0.7225612857288171
vizwiz-vqa,m3,4,144,144,190,144,42,Naive Confidence (NC),44.75,13.339213818702387,14.244928976349108,0.20857966913225368,0.7779266412194443
vizwiz-vqa,m3,4,144,144,190,144,42,Temperature Scaling (TS),44.75,12.704844065897793,12.532846810846268,0.20609670926078788,0.7779266412194443
vizwiz-vqa,m3,4,144,144,190,144,42,Platt Scaling (1D),44.75,5.2604233939940475,6.130897663624635,0.18771397282421398,0.7779266412194443
vizwiz-vqa,m3,4,144,144,190,190,42,Trajectory Platt (5D),44.75,6.28599725989625,5.788236956577748,0.18823028967944855,0.7762076897798226
vizwiz-vqa,m3,4,144,144,190,144,43,Naive Confidence (NC),44.75,13.35524487994797,13.355244879947973,0.20559081872724658,0.7870269723703834
vizwiz-vqa,m3,4,144,144,190,144,43,Temperature Scaling (TS),44.75,12.383226990557269,12.605399007178447,0.20429834270402306,0.7870269723703834
vizwiz-vqa,m3,4,144,144,190,144,43,Platt Scaling (1D),44.75,4.100836626691544,5.080062875900306,0.18634312165771738,0.7870269723703834
vizwiz-vqa,m3,4,144,144,190,190,43,Trajectory Platt (5D),44.75,5.5040878867730525,6.847211941145362,0.18682251488162507,0.7851816274425542
vizwiz-vqa,m3,4,144,144,190,144,44,Naive Confidence (NC),44.75,12.638706080585054,12.57303636391121,0.21880937660540448,0.7421067266614424
vizwiz-vqa,m3,4,144,144,190,144,44,Temperature Scaling (TS),44.75,12.401323000816795,12.330505620537346,0.21529452884530037,0.7421067266614424
vizwiz-vqa,m3,4,144,144,190,144,44,Platt Scaling (1D),44.75,5.834492940503362,5.7387945006086145,0.2011900314353713,0.7421067266614424
vizwiz-vqa,m3,4,144,144,190,190,44,Trajectory Platt (5D),44.75,8.691398921422659,6.95291494112462,0.20179135554431363,0.7399327586642735
vizwiz-vqa,m3,4,144,144,190,144,45,Naive Confidence (NC),44.75,12.800201464388635,12.955699940474844,0.21541743849305076,0.7573245026416238
vizwiz-vqa,m3,4,144,144,190,144,45,Temperature Scaling (TS),44.75,12.011365292364632,12.381967064564362,0.21380340120853064,0.7573245026416238
vizwiz-vqa,m3,4,144,144,190,144,45,Platt Scaling (1D),44.75,4.215423928998133,6.86738420296572,0.19972170018966257,0.7573245026416238
vizwiz-vqa,m3,4,144,144,190,190,45,Trajectory Platt (5D),44.75,5.548136661294848,6.993585535790771,0.20138282515632555,0.7540129932505877
vizwiz-vqa,m3,4,144,144,190,144,46,Naive Confidence (NC),44.75,15.550227517989711,15.846402037311494,0.20126914468598683,0.813620162289239
vizwiz-vqa,m3,4,144,144,190,144,46,Temperature Scaling (TS),44.75,14.590350117213921,14.888086969260463,0.19959160182005584,0.813620162289239
vizwiz-vqa,m3,4,144,144,190,144,46,Platt Scaling (1D),44.75,5.84624897281555,4.782046728827927,0.17526549502145217,0.813620162289239
vizwiz-vqa,m3,4,144,144,190,190,46,Trajectory Platt (5D),44.75,4.942761142272502,6.118126843590291,0.17554461746374564,0.8125078995930131
vizwiz-vqa,m3,5,576,576,766,576,42,Naive Confidence (NC),40.0,15.974506498086683,15.974506498086688,0.20708966336432916,0.7927864583333334
vizwiz-vqa,m3,5,576,576,766,576,42,Temperature Scaling (TS),40.0,15.09134389624622,15.091343896246222,0.20647768748601142,0.7927864583333334
vizwiz-vqa,m3,5,576,576,766,576,42,Platt Scaling (1D),40.0,6.639696778734006,5.8022997906429685,0.1828255907879808,0.7927864583333334
vizwiz-vqa,m3,5,576,576,766,766,42,Trajectory Platt (5D),40.0,6.383531073806806,6.572473927168174,0.18275176681898572,0.7938802083333334
vizwiz-vqa,m3,5,576,576,766,576,43,Naive Confidence (NC),40.0,17.352779324684487,17.352779324684487,0.21492929591343501,0.7821614583333334
vizwiz-vqa,m3,5,576,576,766,576,43,Temperature Scaling (TS),40.0,16.14862115585537,16.403425743956948,0.21220150925413186,0.7821614583333334
vizwiz-vqa,m3,5,576,576,766,576,43,Platt Scaling (1D),40.0,3.916394759819983,4.451796928675956,0.18309583719635328,0.7821614583333334
vizwiz-vqa,m3,5,576,576,766,766,43,Trajectory Platt (5D),40.0,6.501926327589902,5.444188141729682,0.1850323574718837,0.7791145833333333
vizwiz-vqa,m3,5,576,576,766,576,44,Naive Confidence (NC),40.0,17.240340465592173,17.125031087377074,0.20524930346963222,0.8046093750000001
vizwiz-vqa,m3,5,576,576,766,576,44,Temperature Scaling (TS),40.0,15.966362324905703,17.022717059628533,0.2046025584013584,0.8046093750000001
vizwiz-vqa,m3,5,576,576,766,576,44,Platt Scaling (1D),40.0,7.847148290013174,7.743381654609808,0.17398683893948594,0.8046093750000001
vizwiz-vqa,m3,5,576,576,766,766,44,Trajectory Platt (5D),40.0,6.145106242969632,5.368589768186212,0.1743621475245401,0.805859375
vizwiz-vqa,m3,5,576,576,766,576,45,Naive Confidence (NC),40.0,16.472807248793632,16.472807248793636,0.2091660574616023,0.790546875
vizwiz-vqa,m3,5,576,576,766,576,45,Temperature Scaling (TS),40.0,15.45242469403248,15.317860138785955,0.20842305406615316,0.790546875
vizwiz-vqa,m3,5,576,576,766,576,45,Platt Scaling (1D),40.0,5.545840920151359,6.191029290340511,0.18155195423358197,0.790546875
vizwiz-vqa,m3,5,576,576,766,766,45,Trajectory Platt (5D),40.0,6.519043823704123,6.06721610762179,0.18232791131756176,0.7878385416666666
vizwiz-vqa,m3,5,576,576,766,576,46,Naive Confidence (NC),40.0,19.730487907457636,20.255735077239958,0.22058827025531624,0.793359375
vizwiz-vqa,m3,5,576,576,766,576,46,Temperature Scaling (TS),40.0,18.176002281992588,18.632218577122647,0.21600054565126547,0.793359375
vizwiz-vqa,m3,5,576,576,766,576,46,Platt Scaling (1D),40.0,6.128124506832738,7.158010845842572,0.17733281466564288,0.793359375
vizwiz-vqa,m3,5,576,576,766,766,46,Trajectory Platt (5D),40.0,5.973099292255939,5.844961271621287,0.17769564798464585,0.7916406250000001
vqav2,m3,1,1,1,1,1,42,Naive Confidence (NC),68.25,10.762115683406591,11.806981597095728,0.19659705659253424,0.6948891004009116
vqav2,m3,1,1,1,1,1,42,Temperature Scaling (TS),68.25,15.647165258825854,16.799097372329612,0.20870961542282715,0.6948891004009116
vqav2,m3,1,1,1,1,1,42,Platt Scaling (1D),68.25,14.43460261413706,15.15922494230242,0.20349691551984478,0.6948891004009116
vqav2,m3,1,1,1,1,1,42,Trajectory Platt (5D),68.25,14.451337642967701,15.173381961882114,0.20353638488110662,0.6948746791266477
vqav2,m3,1,1,1,1,1,43,Naive Confidence (NC),68.25,8.677823442965744,9.508887786418198,0.17252692393695374,0.756222779844827
vqav2,m3,1,1,1,1,1,43,Temperature Scaling (TS),68.25,16.590424503594836,17.07755529900795,0.19368002382581725,0.756222779844827
vqav2,m3,1,1,1,1,1,43,Platt Scaling (1D),68.25,12.544062811497275,13.9553647316635,0.19263965739774377,0.756222779844827
vqav2,m3,1,1,1,1,1,43,Trajectory Platt (5D),68.25,12.2452904433012,13.96902327239513,0.19270696554106911,0.756222779844827
vqav2,m3,1,1,1,1,1,44,Naive Confidence (NC),68.25,13.628277393057942,13.291523965075614,0.20709622925362603,0.6694643938738427
vqav2,m3,1,1,1,1,1,44,Temperature Scaling (TS),68.25,14.637041462066987,14.50148228704817,0.2114070623000948,0.6694643938738427
vqav2,m3,1,1,1,1,1,44,Platt Scaling (1D),68.25,12.76080972022349,13.406126115846531,0.20473786732144184,0.6694643938738427
vqav2,m3,1,1,1,1,1,44,Trajectory Platt (5D),68.25,12.763755396008492,13.403456509113312,0.20475428663910525,0.6694643938738427
vqav2,m3,1,1,1,1,1,45,Naive Confidence (NC),68.25,11.207190252840519,12.465046085417269,0.2027680653047621,0.6807129877996019
vqav2,m3,1,1,1,1,1,45,Temperature Scaling (TS),68.25,15.513485415177183,14.934003632804691,0.21235472650619663,0.6807129877996019
vqav2,m3,1,1,1,1,1,45,Platt Scaling (1D),68.25,13.03409185826826,12.556235406960983,0.20492901646572798,0.6807129877996019
vqav2,m3,1,1,1,1,1,45,Trajectory Platt (5D),68.25,13.238742336630821,12.566106095910074,0.20495219032595288,0.6807129877996019
vqav2,m3,1,1,1,1,1,46,Naive Confidence (NC),68.25,11.26927431859076,7.609344961121678,0.1807056031117296,0.7387153528885811
vqav2,m3,1,1,1,1,1,46,Temperature Scaling (TS),68.25,16.574126548798137,16.23441808197311,0.19681284840337868,0.7387153528885811
vqav2,m3,1,1,1,1,1,46,Platt Scaling (1D),68.25,12.794928353689766,13.992425280622973,0.1943459933999997,0.7387153528885811
vqav2,m3,1,1,1,1,1,46,Trajectory Platt (5D),68.25,12.801189705729485,13.995935931801798,0.19440345702720827,0.7387153528885811
vqav2,m3,2,9,9,10,9,42,Naive Confidence (NC),74.75,9.335931829176843,9.308831132017078,0.17135006498805747,0.7163813371303684
vqav2,m3,2,9,9,10,9,42,Temperature Scaling (TS),74.75,13.676349588298436,12.706814181623741,0.1781525826804009,0.7163813371303684
vqav2,m3,2,9,9,10,9,42,Platt Scaling (1D),74.75,9.068161543240778,8.187404346763799,0.17035781573976538,0.7163813371303684
vqav2,m3,2,9,9,10,10,42,Trajectory Platt (5D),74.75,6.179204948246478,6.616948030889036,0.1669351687079422,0.7185999536408489
vqav2,m3,2,9,9,10,9,43,Naive Confidence (NC),74.75,12.188801323994992,11.963531693443656,0.16750428962326872,0.7096923739196662
vqav2,m3,2,9,9,10,9,43,Temperature Scaling (TS),74.75,14.065708808057714,14.618946009836877,0.1772683209451914,0.7096923739196662
vqav2,m3,2,9,9,10,9,43,Platt Scaling (1D),74.75,8.69062969639338,11.43610834952751,0.17109791540849195,0.7096923739196662
vqav2,m3,2,9,9,10,10,43,Trajectory Platt (5D),74.75,6.738136067986488,7.168699860572817,0.16858105143909888,0.723368323454419
vqav2,m3,2,9,9,10,9,44,Naive Confidence (NC),74.75,7.527998693287376,7.775053881108759,0.1613582408886799,0.7334348819497334
vqav2,m3,2,9,9,10,9,44,Temperature Scaling (TS),74.75,12.960692585531197,12.346699537698099,0.17116585994003825,0.7334348819497334
vqav2,m3,2,9,9,10,9,44,Platt Scaling (1D),74.75,9.62202311563743,9.835406239972235,0.16789398445783646,0.7334348819497334
vqav2,m3,2,9,9,10,10,44,Trajectory Platt (5D),74.75,6.633890993893147,5.115569554269314,0.16402268081182853,0.7396271399715223
vqav2,m3,2,9,9,10,9,45,Naive Confidence (NC),74.75,9.661425733938813,9.72628299333155,0.15841589043162274,0.7490645385608795
vqav2,m3,2,9,9,10,9,45,Temperature Scaling (TS),74.75,13.160415287935647,12.475890557460664,0.17089761606248544,0.7490645385608795
vqav2,m3,2,9,9,10,9,45,Platt Scaling (1D),74.75,10.09065266663241,11.18356654269158,0.16599207380731637,0.7490645385608795
vqav2,m3,2,9,9,10,10,45,Trajectory Platt (5D),74.75,4.83300768584013,6.933093927800657,0.15600315573638665,0.7587006192258021
vqav2,m3,2,9,9,10,9,46,Naive Confidence (NC),74.75,8.64668692648411,8.173790082335474,0.16431962670201203,0.736713136196563
vqav2,m3,2,9,9,10,9,46,Temperature Scaling (TS),74.75,11.536628560588882,11.589108511228904,0.1717570969987494,0.736713136196563
vqav2,m3,2,9,9,10,9,46,Platt Scaling (1D),74.75,7.189603177389928,8.164094933524616,0.16713580379670823,0.736713136196563
vqav2,m3,2,9,9,10,10,46,Trajectory Platt (5D),74.75,4.515386529266835,7.598592378199102,0.16598212680010263,0.7373422961025199
vqav2,m3,3,36,36,46,36,42,Naive Confidence (NC),77.5,9.732794133946298,9.325908703729512,0.1549196897189938,0.7490681003584229
vqav2,m3,3,36,36,46,36,42,Temperature Scaling (TS),77.5,10.843957511066014,10.460879644150758,0.16078226888266425,0.7490681003584229
vqav2,m3,3,36,36,46,36,42,Platt Scaling (1D),77.5,7.191052318042844,7.793787051470977,0.15366432379928446,0.7490681003584229
vqav2,m3,3,36,36,46,46,42,Trajectory Platt (5D),77.5,7.515740707516668,7.403462275862695,0.15630708881408725,0.7573118279569893
vqav2,m3,3,36,36,46,36,43,Naive Confidence (NC),77.5,10.797945000231268,10.403788387775423,0.13692779678089642,0.7823297491039426
vqav2,m3,3,36,36,46,36,43,Temperature Scaling (TS),77.5,13.480547284452465,14.304749389900223,0.15193994028171012,0.7823297491039426
vqav2,m3,3,36,36,46,36,43,Platt Scaling (1D),77.5,10.862947695779622,13.022754792586896,0.14931205791023286,0.7823297491039426
vqav2,m3,3,36,36,46,46,43,Trajectory Platt (5D),77.5,7.379747830331325,6.69790156930685,0.14669118314686005,0.7796774193548387
vqav2,m3,3,36,36,46,36,44,Naive Confidence (NC),77.5,12.289878036826849,12.400190975517035,0.17275327456793335,0.6772043010752686
vqav2,m3,3,36,36,46,36,44,Temperature Scaling (TS),77.5,11.63779457988643,12.88612358987744,0.173909071135347,0.6772043010752686
vqav2,m3,3,36,36,46,36,44,Platt Scaling (1D),77.5,5.478955472670352,8.95650402976529,0.16275194959441086,0.6772043010752686
vqav2,m3,3,36,36,46,46,44,Trajectory Platt (5D),77.5,10.19449345767498,11.407594367861746,0.16491653140098905,0.7131541218637993
vqav2,m3,3,36,36,46,36,45,Naive Confidence (NC),77.5,9.765955625101924,9.447510072961448,0.1579595752845135,0.7316129032258065
vqav2,m3,3,36,36,46,36,45,Temperature Scaling (TS),77.5,11.782535268629088,10.81742892500275,0.16378122176935114,0.7316129032258065
vqav2,m3,3,36,36,46,36,45,Platt Scaling (1D),77.5,5.810667662311465,8.376282217987514,0.1557758912014444,0.7316129032258065
vqav2,m3,3,36,36,46,46,45,Trajectory Platt (5D),77.5,8.394942991435524,8.925944738090044,0.1535324748132713,0.7522939068100359
vqav2,m3,3,36,36,46,36,46,Naive Confidence (NC),77.5,14.961416047066454,13.856687370687723,0.16791832644786253,0.6648028673835126
vqav2,m3,3,36,36,46,36,46,Temperature Scaling (TS),77.5,15.233038804940064,15.324987594056527,0.17379899018493816,0.6648028673835126
vqav2,m3,3,36,36,46,36,46,Platt Scaling (1D),77.5,8.803732490191262,10.18737392622629,0.16198197079056023,0.6648028673835126
vqav2,m3,3,36,36,46,46,46,Trajectory Platt (5D),77.5,6.520439438521864,5.80505608767271,0.15622726226667388,0.717706093189964
vqav2,m3,4,144,144,190,144,42,Naive Confidence (NC),78.75,7.9287273660302136,6.018011152744295,0.1299319621723218,0.7970868347338936
vqav2,m3,4,144,144,190,144,42,Temperature Scaling (TS),78.75,9.054958539566448,9.950922259596597,0.1375872680634383,0.7970868347338936
vqav2,m3,4,144,144,190,144,42,Platt Scaling (1D),78.75,8.059222431386553,8.6624894294327,0.13708480459258646,0.7970868347338936
vqav2,m3,4,144,144,190,190,42,Trajectory Platt (5D),78.75,5.290079884231091,6.416773788630962,0.1374257540854552,0.7888702147525677
vqav2,m3,4,144,144,190,144,43,Naive Confidence (NC),78.75,8.601395094767215,8.102022117003795,0.13876453224358595,0.7652100840336135
vqav2,m3,4,144,144,190,144,43,Temperature Scaling (TS),78.75,9.475173484894691,9.887128069310675,0.14429680429365374,0.7652100840336135
vqav2,m3,4,144,144,190,144,43,Platt Scaling (1D),78.75,7.3372973805799795,7.519417552937413,0.14164893278444177,0.7652100840336135
vqav2,m3,4,144,144,190,190,43,Trajectory Platt (5D),78.75,6.471198067069056,6.363435342907904,0.1433069511302301,0.7766946778711485
vqav2,m3,4,144,144,190,144,44,Naive Confidence (NC),78.75,9.176244744099677,9.670563750900325,0.13976071620660316,0.7426330532212886
vqav2,m3,4,144,144,190,144,44,Temperature Scaling (TS),78.75,12.787311230563269,14.362529276404251,0.1494000744910822,0.7426330532212886
vqav2,m3,4,144,144,190,144,44,Platt Scaling (1D),78.75,9.888244700217957,11.057862377836441,0.14431465633977486,0.7426330532212886
vqav2,m3,4,144,144,190,190,44,Trajectory Platt (5D),78.75,4.797580145299432,5.837676666677,0.14231876618583938,0.7594024276377217
vqav2,m3,4,144,144,190,144,45,Naive Confidence (NC),78.75,9.323652628809215,8.789479915052652,0.13748180210062305,0.7636788048552755
vqav2,m3,4,144,144,190,144,45,Temperature Scaling (TS),78.75,11.559989369320801,12.261508066796694,0.14681761806850063,0.7636788048552755
vqav2,m3,4,144,144,190,144,45,Platt Scaling (1D),78.75,8.078112720617858,10.264380088089824,0.1419695935819418,0.7636788048552755
vqav2,m3,4,144,144,190,190,45,Trajectory Platt (5D),78.75,5.177667781710622,7.439373940229419,0.13274093480917357,0.8017927170868347
vqav2,m3,4,144,144,190,144,46,Naive Confidence (NC),78.75,9.232267135754231,8.51711034961045,0.14570587751769482,0.7227077497665733
vqav2,m3,4,144,144,190,144,46,Temperature Scaling (TS),78.75,11.938680683783213,12.337270151574973,0.15259984495970638,0.7227077497665733
vqav2,m3,4,144,144,190,144,46,Platt Scaling (1D),78.75,7.7348077239207,9.28777326752899,0.14739110106478429,0.7227077497665733
vqav2,m3,4,144,144,190,190,46,Trajectory Platt (5D),78.75,5.774094861000778,7.882049839943645,0.1525894974996971,0.7314659197012139
vqav2,m3,5,576,576,766,576,42,Naive Confidence (NC),79.0,8.638952853158113,7.225947408005598,0.13872283282526782,0.7721518987341771
vqav2,m3,5,576,576,766,576,42,Temperature Scaling (TS),79.0,9.40052239038634,8.581816314906144,0.1417016066495697,0.7721518987341771
vqav2,m3,5,576,576,766,576,42,Platt Scaling (1D),79.0,5.52394719494477,6.967957344536302,0.13910843618785562,0.7721518987341771
vqav2,m3,5,576,576,766,766,42,Trajectory Platt (5D),79.0,6.855835657566786,6.504961121827363,0.13800040975402086,0.7882383966244724
vqav2,m3,5,576,576,766,576,43,Naive Confidence (NC),79.0,7.93880473636091,8.134532840922475,0.1410841060971143,0.7752411091018686
vqav2,m3,5,576,576,766,576,43,Temperature Scaling (TS),79.0,8.287528448449688,9.808140265697496,0.14559397119489317,0.7752411091018686
vqav2,m3,5,576,576,766,576,43,Platt Scaling (1D),79.0,5.7748725080342265,6.853819290622417,0.1400946030883203,0.7752411091018686
vqav2,m3,5,576,576,766,766,43,Trajectory Platt (5D),79.0,5.819707587361338,6.596945136785506,0.13924410747214297,0.7802139843279083
vqav2,m3,5,576,576,766,576,44,Naive Confidence (NC),79.0,9.754030017182231,10.08596465177834,0.1450409465024988,0.72999547920434
vqav2,m3,5,576,576,766,576,44,Temperature Scaling (TS),79.0,12.427951462517903,11.325106308881217,0.1511327177412293,0.72999547920434
vqav2,m3,5,576,576,766,576,44,Platt Scaling (1D),79.0,7.358837153980718,9.385937263363612,0.1446288589529241,0.72999547920434
vqav2,m3,5,576,576,766,766,44,Trajectory Platt (5D),79.0,6.471460521221162,6.808646641671658,0.14674573686582892,0.7507911392405063
vqav2,m3,5,576,576,766,576,45,Naive Confidence (NC),79.0,9.68534848280251,9.619140254333617,0.1311410522392963,0.7809674502712477
vqav2,m3,5,576,576,766,576,45,Temperature Scaling (TS),79.0,12.489652370648345,13.046204760184649,0.14148536737928877,0.7809674502712477
vqav2,m3,5,576,576,766,576,45,Platt Scaling (1D),79.0,10.065426032457292,11.007253299707305,0.1358911090894833,0.7809674502712477
vqav2,m3,5,576,576,766,766,45,Trajectory Platt (5D),79.0,5.899893820285795,6.645747974514962,0.13261036533482873,0.8028556359252562
vqav2,m3,5,576,576,766,576,46,Naive Confidence (NC),79.0,9.610868688672781,9.504558276385067,0.13659870434434584,0.7588532248342374
vqav2,m3,5,576,576,766,576,46,Temperature Scaling (TS),79.0,12.41366867477649,12.331393711825388,0.1454800607093145,0.7588532248342374
vqav2,m3,5,576,576,766,576,46,Platt Scaling (1D),79.0,9.417496665620265,11.037753842136052,0.14000269659481318,0.7588532248342374
vqav2,m3,5,576,576,766,766,46,Trajectory Platt (5D),79.0,4.6576527692377585,5.108137581497432,0.13871020743891826,0.787748643761302
avqa,m3,1,1,1,1,1,42,Naive Confidence (NC),39.75,26.37327162269503,26.901898899115622,0.3405438504440302,0.6053654844855033
avqa,m3,1,1,1,1,1,42,Temperature Scaling (TS),39.75,12.586074300667786,18.4640573378371,0.2522320515518671,0.6053654844855033
avqa,m3,1,1,1,1,1,42,Platt Scaling (1D),39.75,10.318499682918162,14.112671674002625,0.23626447430591058,0.6053654844855033
avqa,m3,1,1,1,1,1,42,Trajectory Platt (5D),39.75,10.312075637280943,14.1117470189929,0.23626304732155176,0.6053654844855033
avqa,m3,1,1,1,1,1,43,Naive Confidence (NC),39.75,29.993726428598166,29.141811426728964,0.3603036841094183,0.575432553041572
avqa,m3,1,1,1,1,1,43,Temperature Scaling (TS),39.75,12.750235940767334,19.228634421120848,0.25461854880785595,0.575432553041572
avqa,m3,1,1,1,1,1,43,Platt Scaling (1D),39.75,13.057961945547387,16.383433879598996,0.23946742173259863,0.575432553041572
avqa,m3,1,1,1,1,1,43,Trajectory Platt (5D),39.75,13.048626959323883,16.377496451139447,0.23945757748901236,0.575432553041572
avqa,m3,1,1,1,1,1,44,Naive Confidence (NC),39.75,28.14349519833922,28.95947023108602,0.35459408373368495,0.6020512017536993
avqa,m3,1,1,1,1,1,44,Temperature Scaling (TS),39.75,13.965683984507955,19.50064891849089,0.25275061284179834,0.6020512017536993
avqa,m3,1,1,1,1,1,44,Platt Scaling (1D),39.75,10.407264677699676,16.826087358308772,0.2358475549098418,0.6020512017536993
avqa,m3,1,1,1,1,1,44,Trajectory Platt (5D),39.75,10.66673790663481,16.82542740553618,0.2358464801181897,0.6020512017536993
avqa,m3,1,1,1,1,1,45,Naive Confidence (NC),39.75,29.156630191951994,30.22206424549222,0.36332758790742176,0.585088337378324
avqa,m3,1,1,1,1,1,45,Temperature Scaling (TS),39.75,14.26912453926,21.404923225381367,0.2536319754830805,0.585088337378324
avqa,m3,1,1,1,1,1,45,Platt Scaling (1D),39.75,13.454712373624092,18.41231649469496,0.23731972866192183,0.585088337378324
avqa,m3,1,1,1,1,1,45,Trajectory Platt (5D),39.75,13.107542134821419,18.410050116479397,0.23731505455134683,0.585088337378324
avqa,m3,1,1,1,1,1,46,Naive Confidence (NC),39.75,28.322516086511314,28.177438723854724,0.3564330585289915,0.6009812364623295
avqa,m3,1,1,1,1,1,46,Temperature Scaling (TS),39.75,13.301328472493646,17.530746654294713,0.25269653411678855,0.6009812364623295
avqa,m3,1,1,1,1,1,46,Platt Scaling (1D),39.75,9.534989019154839,15.67316114480812,0.23595407337245827,0.6009812364623295
avqa,m3,1,1,1,1,1,46,Trajectory Platt (5D),39.75,9.36789868026972,15.674529351294044,0.23595396164594373,0.6009812364623295
avqa,m3,2,9,9,10,9,42,Naive Confidence (NC),44.5,30.675772651098665,30.1820932244882,0.36072331454349305,0.572223909302561
avqa,m3,2,9,9,10,9,42,Temperature Scaling (TS),44.5,8.648183339753523,15.584319453786561,0.2521789308147761,0.572223909302561
avqa,m3,2,9,9,10,9,42,Platt Scaling (1D),44.5,12.314609316846472,13.998319187521155,0.24529707604187387,0.572223909302561
avqa,m3,2,9,9,10,10,42,Trajectory Platt (5D),44.5,6.47144499793649,9.977447334676985,0.23881547316569182,0.6023129871444479
avqa,m3,2,9,9,10,9,43,Naive Confidence (NC),44.5,27.420623245649033,27.30289112310857,0.3382389237333259,0.6107146472315012
avqa,m3,2,9,9,10,9,43,Temperature Scaling (TS),44.5,10.217613519892756,14.225571060415687,0.2493466278663619,0.6107146472315012
avqa,m3,2,9,9,10,9,43,Platt Scaling (1D),44.5,10.811405695565162,13.3750583749269,0.2410884522540679,0.6107146472315012
avqa,m3,2,9,9,10,10,43,Trajectory Platt (5D),44.5,5.679446551948785,8.081585835665466,0.24174713896097824,0.5897104970138678
avqa,m3,2,9,9,10,9,44,Naive Confidence (NC),44.5,25.514661040157083,25.17337827011943,0.30964731137062523,0.6447261868610183
avqa,m3,2,9,9,10,9,44,Temperature Scaling (TS),44.5,8.486684481219866,16.859936849297195,0.24854814440220038,0.6447261868610183
avqa,m3,2,9,9,10,9,44,Platt Scaling (1D),44.5,15.732479523964802,16.29859990857893,0.24056070442340755,0.6447261868610183
avqa,m3,2,9,9,10,10,44,Trajectory Platt (5D),44.5,4.523622367531062,9.03153816983104,0.23547176887375304,0.6307824678611196
avqa,m3,2,9,9,10,9,45,Naive Confidence (NC),44.5,27.824345353990793,28.22339567914606,0.34547184748428755,0.5861802814050004
avqa,m3,2,9,9,10,9,45,Temperature Scaling (TS),44.5,9.212237125269644,13.86216549929697,0.2506673349511443,0.5861802814050004
avqa,m3,2,9,9,10,9,45,Platt Scaling (1D),44.5,9.533897169044728,13.633464269703152,0.24343417229622774,0.5861802814050004
avqa,m3,2,9,9,10,10,45,Trajectory Platt (5D),44.5,6.745113722980022,8.106322057545185,0.2322674759232452,0.6414616864055066
avqa,m3,2,9,9,10,9,46,Naive Confidence (NC),44.5,26.546876250766218,25.944645970128484,0.3248190587957279,0.6367547322603503
avqa,m3,2,9,9,10,9,46,Temperature Scaling (TS),44.5,9.523575802871552,14.800312378211691,0.2477452938532234,0.6367547322603503
avqa,m3,2,9,9,10,9,46,Platt Scaling (1D),44.5,11.02473798896596,13.788951330517977,0.2391841120562165,0.6367547322603503
avqa,m3,2,9,9,10,10,46,Trajectory Platt (5D),44.5,3.775548122823237,6.991258703172205,0.23148214910074924,0.6431825083510476
avqa,m3,3,36,36,46,36,42,Naive Confidence (NC),47.25,26.87185291200876,27.98645164817572,0.34967242113858205,0.5406354221520098
avqa,m3,3,36,36,46,36,42,Temperature Scaling (TS),47.25,5.546177140920775,13.728404258731326,0.2527105972764604,0.5406354221520098
avqa,m3,3,36,36,46,36,42,Platt Scaling (1D),47.25,13.880001656211274,14.734557494960132,0.25274911370205944,0.5406354221520098
avqa,m3,3,36,36,46,46,42,Trajectory Platt (5D),47.25,8.00292119756341,7.034960124641658,0.24268316475449975,0.5930941096817874
avqa,m3,3,36,36,46,36,43,Naive Confidence (NC),47.25,25.952463615685705,23.341556835919622,0.3197792027946412,0.6079390155219538
avqa,m3,3,36,36,46,36,43,Temperature Scaling (TS),47.25,6.240594092101432,13.243634616564934,0.2478705499610437,0.6079390155219538
avqa,m3,3,36,36,46,36,43,Platt Scaling (1D),47.25,8.74727800912197,12.459034068188767,0.24397252724506077,0.6079390155219538
avqa,m3,3,36,36,46,46,43,Trajectory Platt (5D),47.25,5.865107413381336,7.58691805228591,0.23289704796841781,0.6393590611600091
avqa,m3,3,36,36,46,36,44,Naive Confidence (NC),47.25,23.56728280056268,24.39347240049392,0.322824109284497,0.5911381930339277
avqa,m3,3,36,36,46,36,44,Temperature Scaling (TS),47.25,5.7555973175029385,13.454336275705591,0.2492667981262317,0.5911381930339277
avqa,m3,3,36,36,46,36,44,Platt Scaling (1D),47.25,10.001406114676227,13.91099951130324,0.24644217022616502,0.5911381930339277
avqa,m3,3,36,36,46,46,44,Trajectory Platt (5D),47.25,5.743570633232592,10.14599284529686,0.230792256701911,0.6550063943428873
avqa,m3,3,36,36,46,36,45,Naive Confidence (NC),47.25,24.765045751817524,24.68535557109863,0.32026435141715665,0.6143835101181073
avqa,m3,3,36,36,46,36,45,Temperature Scaling (TS),47.25,6.277946275314163,12.732173427199506,0.24768146734097748,0.6143835101181073
avqa,m3,3,36,36,46,36,45,Platt Scaling (1D),47.25,7.595138827980592,11.740682239498861,0.24342062447676327,0.6143835101181073
avqa,m3,3,36,36,46,46,45,Trajectory Platt (5D),47.25,6.152855943888423,8.969302956014872,0.24274329906149514,0.6025477068131095
avqa,m3,3,36,36,46,36,46,Naive Confidence (NC),47.25,26.465779935941097,25.753437308594584,0.3314661600137579,0.6012186865267434
avqa,m3,3,36,36,46,36,46,Temperature Scaling (TS),47.25,7.409489383622455,15.51637929415838,0.24836444484288273,0.6012186865267434
avqa,m3,3,36,36,46,36,46,Platt Scaling (1D),47.25,7.291003868513189,14.41715921345493,0.24421816611788838,0.6012186865267434
avqa,m3,3,36,36,46,46,46,Trajectory Platt (5D),47.25,5.977644745260478,6.43706876412034,0.2438883971796379,0.5951754056019458
avqa,m3,4,144,144,190,144,42,Naive Confidence (NC),48.5,24.15878485236317,23.861422345973555,0.30290491518694607,0.6266890201181063
avqa,m3,4,144,144,190,144,42,Temperature Scaling (TS),48.5,4.478616185082192,14.415754770410954,0.24733248335864325,0.6266890201181063
avqa,m3,4,144,144,190,144,42,Platt Scaling (1D),48.5,6.864185829580828,13.95845375390472,0.24510169724627992,0.6266890201181063
avqa,m3,4,144,144,190,190,42,Trajectory Platt (5D),48.5,5.413279466331006,7.495890825986862,0.23195820070248685,0.6446301671504354
avqa,m3,4,144,144,190,144,43,Naive Confidence (NC),48.5,26.862472080625587,27.834189877845343,0.33924746586011784,0.5650835752176959
avqa,m3,4,144,144,190,144,43,Temperature Scaling (TS),48.5,4.824001368440081,13.973214366838373,0.25163751545958496,0.5650835752176959
avqa,m3,4,144,144,190,144,43,Platt Scaling (1D),48.5,5.918285026144545,13.817789353193294,0.25029907788718403,0.5650835752176959
avqa,m3,4,144,144,190,190,43,Trajectory Platt (5D),48.5,7.714463967829943,7.667371202260257,0.23693766186057036,0.6249124211790611
avqa,m3,4,144,144,190,144,44,Naive Confidence (NC),48.5,24.270518781617284,23.3888051006943,0.323066834661987,0.5992643379041136
avqa,m3,4,144,144,190,144,44,Temperature Scaling (TS),48.5,6.202680755336629,13.178480801011826,0.2483892140412712,0.5992643379041136
avqa,m3,4,144,144,190,144,44,Platt Scaling (1D),48.5,6.824037287536772,12.658971007774278,0.24615388728302307,0.5992643379041136
avqa,m3,4,144,144,190,190,44,Trajectory Platt (5D),48.5,4.518359370529653,7.972222886979581,0.23028529800595102,0.6501100990891802
avqa,m3,4,144,144,190,144,45,Naive Confidence (NC),48.5,26.42183439806104,26.474905613809824,0.33934070682641426,0.5804474026623961
avqa,m3,4,144,144,190,144,45,Temperature Scaling (TS),48.5,4.799597419287736,12.69478226734511,0.24970088932156453,0.5804474026623961
avqa,m3,4,144,144,190,144,45,Platt Scaling (1D),48.5,5.260821409737682,11.024322835792479,0.24741226994634608,0.5804474026623961
avqa,m3,4,144,144,190,190,45,Trajectory Platt (5D),48.5,5.337244383990766,9.36954549700022,0.23407229557020273,0.6379741767590831
avqa,m3,4,144,144,190,144,46,Naive Confidence (NC),48.5,24.26788987405598,23.588732352480292,0.3268567789089103,0.5827995195676108
avqa,m3,4,144,144,190,144,46,Temperature Scaling (TS),48.5,4.824323420992162,14.466880174661547,0.24930277728541916,0.5827995195676108
avqa,m3,4,144,144,190,144,46,Platt Scaling (1D),48.5,3.52603238490768,15.166360750098162,0.24739492529715335,0.5827995195676108
avqa,m3,4,144,144,190,190,46,Trajectory Platt (5D),48.5,4.943662434816362,6.773364171385765,0.241439304866819,0.6135271744570113
avqa,m3,5,576,576,766,576,42,Naive Confidence (NC),49.5,25.663308212533597,25.398330429568883,0.31937498493172156,0.5986598659865986
avqa,m3,5,576,576,766,576,42,Temperature Scaling (TS),49.5,4.447841754525729,17.95721809350711,0.24797923232637475,0.5986598659865986
avqa,m3,5,576,576,766,576,42,Platt Scaling (1D),49.5,6.837823503474027,17.66929231160105,0.246290000891563,0.5986598659865986
avqa,m3,5,576,576,766,766,42,Trajectory Platt (5D),49.5,5.25990644469857,7.450287099927663,0.22399966579339467,0.6909940994099409
avqa,m3,5,576,576,766,576,43,Naive Confidence (NC),49.5,24.723557538352907,24.113794296048585,0.31343978537329525,0.603985398539854
avqa,m3,5,576,576,766,576,43,Temperature Scaling (TS),49.5,3.414691956777819,10.98740374018791,0.2473955127102802,0.603985398539854
avqa,m3,5,576,576,766,576,43,Platt Scaling (1D),49.5,8.635639177186318,11.09670540997847,0.24564629990502249,0.603985398539854
avqa,m3,5,576,576,766,766,43,Trajectory Platt (5D),49.5,7.010750239714983,7.840284651145341,0.22614890894065162,0.6762676267626764
avqa,m3,5,576,576,766,576,44,Naive Confidence (NC),49.5,23.649630152620375,23.036400736309588,0.3062994681287773,0.6262876287628762
avqa,m3,5,576,576,766,576,44,Temperature Scaling (TS),49.5,3.542301737361566,11.518539734948655,0.24616843927114726,0.6262876287628762
avqa,m3,5,576,576,766,576,44,Platt Scaling (1D),49.5,10.328119075153344,11.351448126265545,0.2439968993301274,0.6262876287628762
avqa,m3,5,576,576,766,766,44,Trajectory Platt (5D),49.5,7.040322821587323,8.929909903556108,0.22577008613915084,0.6754675467546756
avqa,m3,5,576,576,766,576,45,Naive Confidence (NC),49.5,24.864260324276984,23.911686503328387,0.3198248183444575,0.5808830883088308
avqa,m3,5,576,576,766,576,45,Temperature Scaling (TS),49.5,3.4903701900356827,13.691912721617031,0.25004759486021866,0.5808830883088308
avqa,m3,5,576,576,766,576,45,Platt Scaling (1D),49.5,8.763104543448069,14.248303869621138,0.24973782928633967,0.5808830883088308
avqa,m3,5,576,576,766,766,45,Trajectory Platt (5D),49.5,8.647703973576425,7.780164239928128,0.23065332675010042,0.6526652665266527
avqa,m3,5,576,576,766,576,46,Naive Confidence (NC),49.5,23.65359974093735,23.855981046333913,0.292910658971641,0.6524652465246525
avqa,m3,5,576,576,766,576,46,Temperature Scaling (TS),49.5,5.035008585682624,16.757657023651937,0.244663348702343,0.6524652465246525
avqa,m3,5,576,576,766,576,46,Platt Scaling (1D),49.5,11.45447797030163,16.281088050908092,0.24254022206538287,0.6524652465246525
avqa,m3,5,576,576,766,766,46,Trajectory Platt (5D),49.5,10.330270174890757,9.401650723069908,0.2171373121383066,0.7284728472847285
vllm-safety,m3,1,1,1,1,1,42,Naive Confidence (NC),31.31578947368421,12.196978168856157,12.582937740769825,0.20233597608907278,0.7584919025081297
vllm-safety,m3,1,1,1,1,1,42,Temperature Scaling (TS),31.31578947368421,16.499032565656453,15.22451694067654,0.20383073277224287,0.7584919025081297
vllm-safety,m3,1,1,1,1,1,42,Platt Scaling (1D),31.31578947368421,10.90898623963418,13.605246470458942,0.19355820443452137,0.7584919025081297
vllm-safety,m3,1,1,1,1,1,42,Trajectory Platt (5D),31.31578947368421,10.883291449986002,13.614793082601146,0.19356351515370016,0.7584919025081297
vllm-safety,m3,1,1,1,1,1,43,Naive Confidence (NC),31.31578947368421,11.480360860495193,11.279922172819315,0.2051048101124675,0.7409446537235583
vllm-safety,m3,1,1,1,1,1,43,Temperature Scaling (TS),31.31578947368421,15.635202612046726,15.919759137506034,0.20717915383149793,0.7409446537235583
vllm-safety,m3,1,1,1,1,1,43,Platt Scaling (1D),31.31578947368421,11.547551258586132,11.493931708541133,0.19718334930248804,0.7409446537235583
vllm-safety,m3,1,1,1,1,1,43,Trajectory Platt (5D),31.31578947368421,11.281330895267036,11.495545643724894,0.1971723801074832,0.7409446537235583
vllm-safety,m3,1,1,1,1,1,44,Naive Confidence (NC),31.31578947368421,10.273278386969315,11.492190800215068,0.20207088408910429,0.7331208345407129
vllm-safety,m3,1,1,1,1,1,44,Temperature Scaling (TS),31.31578947368421,11.861241308915748,12.886149797098298,0.20367610692600588,0.7331208345407129
vllm-safety,m3,1,1,1,1,1,44,Platt Scaling (1D),31.31578947368421,8.454165275100006,10.847773761697928,0.1952540948381728,0.7331208345407129
vllm-safety,m3,1,1,1,1,1,44,Trajectory Platt (5D),31.31578947368421,8.46815437078476,10.852134117954657,0.1952669841282343,0.7331208345407129
vllm-safety,m3,1,1,1,1,1,45,Naive Confidence (NC),31.31578947368421,12.555932396728739,13.278489401073834,0.204030733583571,0.7630316494413857
vllm-safety,m3,1,1,1,1,1,45,Temperature Scaling (TS),31.31578947368421,16.069793761551043,17.507957135155753,0.20486064420526542,0.7630316494413857
vllm-safety,m3,1,1,1,1,1,45,Platt Scaling (1D),31.31578947368421,13.511623818140833,12.593191402205242,0.19204507670507898,0.7630316494413857
vllm-safety,m3,1,1,1,1,1,45,Trajectory Platt (5D),31.31578947368421,13.517331316282874,12.594162641387236,0.19204646419664903,0.7630316494413857
vllm-safety,m3,1,1,1,1,1,46,Naive Confidence (NC),31.31578947368421,10.100097381754924,10.615324962295986,0.1913159141215447,0.7646092919926593
vllm-safety,m3,1,1,1,1,1,46,Temperature Scaling (TS),31.31578947368421,15.34446639308522,15.257139299927033,0.1979173111897669,0.7646092919926593
vllm-safety,m3,1,1,1,1,1,46,Platt Scaling (1D),31.31578947368421,9.315190676015181,11.912468043898386,0.18986879720025435,0.7646092919926593
vllm-safety,m3,1,1,1,1,1,46,Trajectory Platt (5D),31.31578947368421,9.325067597000219,11.916092649886483,0.1898936487854248,0.7646092919926593
vllm-safety,m3,2,9,9,10,9,42,Naive Confidence (NC),32.631578947368425,11.577430614515356,13.202822361337512,0.1930164342908121,0.7876764112903224
vllm-safety,m3,2,9,9,10,9,42,Temperature Scaling (TS),32.631578947368425,15.891625523927264,16.289138111510347,0.1980453948368317,0.7876764112903224
vllm-safety,m3,2,9,9,10,9,42,Platt Scaling (1D),32.631578947368425,13.6012371299114,14.848993692484566,0.19236914849592165,0.7876764112903224
vllm-safety,m3,2,9,9,10,10,42,Trajectory Platt (5D),32.631578947368425,7.912027231956784,8.606440166109486,0.1903547779788468,0.7512600806451613
vllm-safety,m3,2,9,9,10,9,43,Naive Confidence (NC),32.631578947368425,13.012327510667474,10.984918567302978,0.18268490081534272,0.8058530745967741
vllm-safety,m3,2,9,9,10,9,43,Temperature Scaling (TS),32.631578947368425,16.581679765163674,15.844172806206252,0.19494675255712718,0.8058530745967741
vllm-safety,m3,2,9,9,10,9,43,Platt Scaling (1D),32.631578947368425,14.746938097930084,14.318857450178513,0.18858973056584716,0.8058530745967741
vllm-safety,m3,2,9,9,10,10,43,Trajectory Platt (5D),32.631578947368425,10.924313264457803,12.445978483087137,0.18512865053597263,0.7923702116935484
vllm-safety,m3,2,9,9,10,9,44,Naive Confidence (NC),32.631578947368425,11.408100922248863,11.500563811706868,0.19898984637982398,0.7702557963709677
vllm-safety,m3,2,9,9,10,9,44,Temperature Scaling (TS),32.631578947368425,13.39764501917793,13.364108357038825,0.20080920116335843,0.7702557963709677
vllm-safety,m3,2,9,9,10,9,44,Platt Scaling (1D),32.631578947368425,11.596662134427769,11.370301489320845,0.19376500691839013,0.7702557963709677
vllm-safety,m3,2,9,9,10,10,44,Trajectory Platt (5D),32.631578947368425,7.974639252612466,8.564142906352094,0.19348273925451115,0.7260584677419354
vllm-safety,m3,2,9,9,10,9,45,Naive Confidence (NC),32.631578947368425,13.548975825113684,14.230409910608277,0.19219048431737507,0.8016948084677419
vllm-safety,m3,2,9,9,10,9,45,Temperature Scaling (TS),32.631578947368425,18.042857933661082,17.948644963100126,0.1993746287474852,0.8016948084677419
vllm-safety,m3,2,9,9,10,9,45,Platt Scaling (1D),32.631578947368425,14.811687239441326,16.485749775786793,0.1908881134382431,0.8016948084677419
vllm-safety,m3,2,9,9,10,10,45,Trajectory Platt (5D),32.631578947368425,11.059826114460044,11.097822303050442,0.18886071569736673,0.776430191532258
vllm-safety,m3,2,9,9,10,9,46,Naive Confidence (NC),32.631578947368425,11.44023906733645,11.114683991396113,0.17239072942712486,0.8189264112903225
vllm-safety,m3,2,9,9,10,9,46,Temperature Scaling (TS),32.631578947368425,17.18847054208791,19.088995525289523,0.1893071277859736,0.8189264112903225
vllm-safety,m3,2,9,9,10,9,46,Platt Scaling (1D),32.631578947368425,15.509407006814094,16.797548327330123,0.18824212236593119,0.8189264112903225
vllm-safety,m3,2,9,9,10,10,46,Trajectory Platt (5D),32.631578947368425,9.881608952817166,13.230704041688062,0.1859778156168131,0.7811239919354839
vllm-safety,m3,3,36,36,46,36,42,Naive Confidence (NC),32.36842105263158,9.675013402378873,10.688645679895814,0.19130189006268478,0.7753313719907627
vllm-safety,m3,3,36,36,46,36,42,Temperature Scaling (TS),32.36842105263158,16.45282490098069,15.138032966166815,0.19876438442714012,0.7753313719907627
vllm-safety,m3,3,36,36,46,36,42,Platt Scaling (1D),32.36842105263158,12.697292855122253,13.005802649903655,0.19215060776873916,0.7753313719907627
vllm-safety,m3,3,36,36,46,46,42,Trajectory Platt (5D),32.36842105263158,7.474520028029619,8.506775759160519,0.18924631016861143,0.7453418113947676
vllm-safety,m3,3,36,36,46,36,43,Naive Confidence (NC),32.36842105263158,10.866496480609241,10.04149900455224,0.1871095371879161,0.782227705545538
vllm-safety,m3,3,36,36,46,36,43,Temperature Scaling (TS),32.36842105263158,17.046927507542613,16.58754833775221,0.19690235157696656,0.782227705545538
vllm-safety,m3,3,36,36,46,36,43,Platt Scaling (1D),32.36842105263158,13.959858977433736,13.560001699214746,0.18793151501615313,0.782227705545538
vllm-safety,m3,3,36,36,46,46,43,Trajectory Platt (5D),32.36842105263158,9.996099381854659,9.243159039240135,0.1826514470790294,0.7588181329284112
vllm-safety,m3,3,36,36,46,36,44,Naive Confidence (NC),32.36842105263158,11.45066670779335,11.381850220066935,0.19655443811196274,0.7610641865173515
vllm-safety,m3,3,36,36,46,36,44,Temperature Scaling (TS),32.36842105263158,13.077879246659945,15.19399726602597,0.20046834885892104,0.7610641865173515
vllm-safety,m3,3,36,36,46,36,44,Platt Scaling (1D),32.36842105263158,7.076594009306788,11.117195427794051,0.19177822561247446,0.7610641865173515
vllm-safety,m3,3,36,36,46,46,44,Trajectory Platt (5D),32.36842105263158,4.56529779849868,7.363952298305537,0.1882049787447314,0.7382240359368575
vllm-safety,m3,3,36,36,46,36,45,Naive Confidence (NC),32.36842105263158,10.698441132707028,11.424355850996156,0.19125362910410842,0.7865616399354655
vllm-safety,m3,3,36,36,46,36,45,Temperature Scaling (TS),32.36842105263158,13.650199771544328,13.725092158194435,0.19442162779509675,0.7865616399354655
vllm-safety,m3,3,36,36,46,36,45,Platt Scaling (1D),32.36842105263158,9.408291795573936,11.222510316540461,0.18279597710886483,0.7865616399354655
vllm-safety,m3,3,36,36,46,46,45,Trajectory Platt (5D),32.36842105263158,8.32269474667938,8.677191951949345,0.17907993910961714,0.7537566037138972
vllm-safety,m3,3,36,36,46,36,46,Naive Confidence (NC),32.36842105263158,9.235909091994952,9.40193308517337,0.18112650865580823,0.7866249090506469
vllm-safety,m3,3,36,36,46,36,46,Temperature Scaling (TS),32.36842105263158,13.664548887939462,13.559451368376157,0.19145195329708534,0.7866249090506469
vllm-safety,m3,3,36,36,46,36,46,Platt Scaling (1D),32.36842105263158,8.96010836423148,12.41027185704161,0.18810043918613287,0.7866249090506469
vllm-safety,m3,3,36,36,46,46,46,Trajectory Platt (5D),32.36842105263158,9.552946373036034,11.08656705210083,0.1901192988934509,0.724652810730442
vllm-safety,m3,4,144,144,190,144,42,Naive Confidence (NC),32.631578947368425,8.776016203000356,9.473980148567964,0.17599413014662615,0.8005922379032258
vllm-safety,m3,4,144,144,190,144,42,Temperature Scaling (TS),32.631578947368425,15.495308079846732,14.924452065095908,0.18692465839929515,0.8005922379032258
vllm-safety,m3,4,144,144,190,144,42,Platt Scaling (1D),32.631578947368425,13.172932149463499,13.614475651298447,0.18571949229705464,0.8005922379032258
vllm-safety,m3,4,144,144,190,190,42,Trajectory Platt (5D),32.631578947368425,11.042476543470432,11.779667809605597,0.18487547976455396,0.7634198588709677
vllm-safety,m3,4,144,144,190,144,43,Naive Confidence (NC),32.631578947368425,11.569744741642161,11.723132267790405,0.1731988229718668,0.8213835685483871
vllm-safety,m3,4,144,144,190,144,43,Temperature Scaling (TS),32.631578947368425,18.665389839382186,18.040419091409213,0.1848428139996917,0.8213835685483871
vllm-safety,m3,4,144,144,190,144,43,Platt Scaling (1D),32.631578947368425,14.556602668861068,15.55420694191882,0.18028021005971684,0.8213835685483871
vllm-safety,m3,4,144,144,190,190,43,Trajectory Platt (5D),32.631578947368425,10.038379585664524,12.141775337881162,0.17216303569244681,0.8043724798387097
vllm-safety,m3,4,144,144,190,144,44,Naive Confidence (NC),32.631578947368425,8.654706019319987,10.574144536727351,0.19073179334763898,0.7778162802419356
vllm-safety,m3,4,144,144,190,144,44,Temperature Scaling (TS),32.631578947368425,13.044586334442771,13.878201935655222,0.1941326569415678,0.7778162802419356
vllm-safety,m3,4,144,144,190,144,44,Platt Scaling (1D),32.631578947368425,10.297151402306708,12.083178881209815,0.18925590573101106,0.7778162802419356
vllm-safety,m3,4,144,144,190,190,44,Trajectory Platt (5D),32.631578947368425,8.655964990979749,10.169102275057842,0.19163630746074461,0.7306262600806451
vllm-safety,m3,4,144,144,190,144,45,Naive Confidence (NC),32.631578947368425,12.454663614105236,11.187817616094101,0.18524065835975093,0.7953314012096775
vllm-safety,m3,4,144,144,190,144,45,Temperature Scaling (TS),32.631578947368425,14.757206222502875,15.081276537707716,0.1899804619349527,0.7953314012096775
vllm-safety,m3,4,144,144,190,144,45,Platt Scaling (1D),32.631578947368425,12.097769536556626,11.11736529697995,0.18079427535839301,0.7953314012096775
vllm-safety,m3,4,144,144,190,190,45,Trajectory Platt (5D),32.631578947368425,9.782026492451365,9.010784120151872,0.17361079366654852,0.7903225806451613
vllm-safety,m3,4,144,144,190,144,46,Naive Confidence (NC),32.631578947368425,9.617955379776266,9.428399745374918,0.174857680861776,0.8023878528225807
vllm-safety,m3,4,144,144,190,144,46,Temperature Scaling (TS),32.631578947368425,14.00142254388563,15.65128893441213,0.18517188813604335,0.8023878528225807
vllm-safety,m3,4,144,144,190,144,46,Platt Scaling (1D),32.631578947368425,12.59980572052039,14.685688107464252,0.18678044750854217,0.8023878528225807
vllm-safety,m3,4,144,144,190,190,46,Trajectory Platt (5D),32.631578947368425,9.072250953238264,10.230301110760161,0.18524382406819417,0.7731224798387096
vllm-safety,m3,5,576,576,766,576,42,Naive Confidence (NC),31.57894736842105,11.591248675984772,10.497297549522235,0.17323031881437465,0.8143910256410256
vllm-safety,m3,5,576,576,766,576,42,Temperature Scaling (TS),31.57894736842105,16.978543832871264,16.804727194648176,0.181220716181736,0.8143910256410256
vllm-safety,m3,5,576,576,766,576,42,Platt Scaling (1D),31.57894736842105,14.757778543436912,14.035797971985112,0.17981618779465555,0.8143910256410256
vllm-safety,m3,5,576,576,766,766,42,Trajectory Platt (5D),31.57894736842105,5.870713329824963,6.884294110105227,0.170918459347212,0.7727243589743589
vllm-safety,m3,5,576,576,766,576,43,Naive Confidence (NC),31.57894736842105,12.601906282729225,12.973009004796804,0.1717869842543965,0.8216666666666667
vllm-safety,m3,5,576,576,766,576,43,Temperature Scaling (TS),31.57894736842105,17.167566704377904,17.017245685807318,0.1814997290531301,0.8216666666666667
vllm-safety,m3,5,576,576,766,576,43,Platt Scaling (1D),31.57894736842105,14.365414676378641,17.49061085003991,0.18241127805722687,0.8216666666666667
vllm-safety,m3,5,576,576,766,766,43,Trajectory Platt (5D),31.57894736842105,6.37870814455183,7.669619392407567,0.17232610201677295,0.7798076923076923
vllm-safety,m3,5,576,576,766,576,44,Naive Confidence (NC),31.57894736842105,9.303340871671313,10.259348151126975,0.18629238539023002,0.783076923076923
vllm-safety,m3,5,576,576,766,576,44,Temperature Scaling (TS),31.57894736842105,14.523491922192825,14.22344078918109,0.18823435015267126,0.783076923076923
vllm-safety,m3,5,576,576,766,576,44,Platt Scaling (1D),31.57894736842105,9.751875834682854,12.06218336184774,0.18449307726570158,0.783076923076923
vllm-safety,m3,5,576,576,766,766,44,Trajectory Platt (5D),31.57894736842105,7.708453334083681,8.054952211678028,0.17947327069637517,0.7528525641025642
vllm-safety,m3,5,576,576,766,576,45,Naive Confidence (NC),31.57894736842105,10.995074210590436,11.573555067573723,0.18011431915756423,0.816698717948718
vllm-safety,m3,5,576,576,766,576,45,Temperature Scaling (TS),31.57894736842105,15.816911758251722,15.458053462766422,0.18306859527248937,0.816698717948718
vllm-safety,m3,5,576,576,766,576,45,Platt Scaling (1D),31.57894736842105,12.89363762346151,12.380667018994718,0.17592021019494972,0.816698717948718
vllm-safety,m3,5,576,576,766,766,45,Trajectory Platt (5D),31.57894736842105,8.074762248679212,9.034644584906728,0.16930118032361105,0.8020512820512821
vllm-safety,m3,5,576,576,766,576,46,Naive Confidence (NC),31.57894736842105,8.65009204827641,7.90869220012897,0.15889022177319986,0.8202243589743589
vllm-safety,m3,5,576,576,766,576,46,Temperature Scaling (TS),31.57894736842105,15.296319247154106,13.909757655020893,0.17132651196529458,0.8202243589743589
vllm-safety,m3,5,576,576,766,576,46,Platt Scaling (1D),31.57894736842105,13.746674237965003,12.576001042995463,0.17429622374551518,0.8202243589743589
vllm-safety,m3,5,576,576,766,766,46,Trajectory Platt (5D),31.57894736842105,8.089003300196245,8.133635179776892,0.17045344195341167,0.764326923076923
ai2d,mqt,1,1,1,1,1,42,Naive Confidence (NC),52.5,25.354202345013615,24.71499800682068,0.2938736650983536,0.7117042606516291
ai2d,mqt,1,1,1,1,1,42,Temperature Scaling (TS),52.5,12.403910810469899,12.859129361503168,0.2250847933855968,0.7117042606516291
ai2d,mqt,1,1,1,1,1,42,Platt Scaling (1D),52.5,6.549271604451139,5.885021546800355,0.2106958533279102,0.7117042606516291
ai2d,mqt,1,1,1,1,1,42,Trajectory Platt (5D),52.5,6.1142572201788425,5.872886616736652,0.2106628797904754,0.7117042606516291
ai2d,mqt,1,1,1,1,1,43,Naive Confidence (NC),52.5,25.2028002217412,25.2028002217412,0.2953627510362777,0.7003508771929824
ai2d,mqt,1,1,1,1,1,43,Temperature Scaling (TS),52.5,11.089642888229427,11.978332850320077,0.22853985876014069,0.7003508771929824
ai2d,mqt,1,1,1,1,1,43,Platt Scaling (1D),52.5,4.547822027461419,6.25234842653173,0.21598611869406759,0.7003508771929824
ai2d,mqt,1,1,1,1,1,43,Trajectory Platt (5D),52.5,4.647958576679229,6.2428868412971505,0.2159642866902584,0.7003508771929824
ai2d,mqt,1,1,1,1,1,44,Naive Confidence (NC),52.5,26.898068584501743,26.137404106557373,0.30297771767592957,0.7046115288220551
ai2d,mqt,1,1,1,1,1,44,Temperature Scaling (TS),52.5,13.831279050075876,14.098800766661665,0.22677613293919335,0.7046115288220551
ai2d,mqt,1,1,1,1,1,44,Platt Scaling (1D),52.5,9.747366097848467,8.613606455349677,0.21211430696017877,0.7046115288220551
ai2d,mqt,1,1,1,1,1,44,Trajectory Platt (5D),52.5,9.737096060067417,8.60953463986516,0.21209232333379036,0.7046115288220551
ai2d,mqt,1,1,1,1,1,45,Naive Confidence (NC),52.5,25.854160204529762,25.854160204529762,0.286580629862137,0.7215037593984962
ai2d,mqt,1,1,1,1,1,45,Temperature Scaling (TS),52.5,10.634572124354454,12.228742370561278,0.2252818593800659,0.7215037593984962
ai2d,mqt,1,1,1,1,1,45,Platt Scaling (1D),52.5,2.558612217249658,5.682746723381469,0.21007767409203523,0.7215037593984962
ai2d,mqt,1,1,1,1,1,45,Trajectory Platt (5D),52.5,2.588415339589119,5.692504659295083,0.21007796593463715,0.7215037593984962
ai2d,mqt,1,1,1,1,1,46,Naive Confidence (NC),52.5,26.415102086961273,26.093687124550343,0.3053626476851262,0.6814786967418546
ai2d,mqt,1,1,1,1,1,46,Temperature Scaling (TS),52.5,12.52701242749526,12.725535364055856,0.22994442967424086,0.6814786967418546
ai2d,mqt,1,1,1,1,1,46,Platt Scaling (1D),52.5,8.941669845742584,8.247288869903723,0.21935625145276932,0.6814786967418546
ai2d,mqt,1,1,1,1,1,46,Trajectory Platt (5D),52.5,8.945448305457829,8.227795775979759,0.2193023907951665,0.6814786967418546
ai2d,mqt,2,9,9,10,9,42,Naive Confidence (NC),54.25,26.074944980442528,25.543158002197742,0.28885091438638055,0.7222180252323034
ai2d,mqt,2,9,9,10,9,42,Temperature Scaling (TS),54.25,13.44039060083301,13.261629364701852,0.22029289655442533,0.7222180252323034
ai2d,mqt,2,9,9,10,9,42,Platt Scaling (1D),54.25,7.603265646419851,9.25378121992154,0.20581395575083788,0.7222180252323034
ai2d,mqt,2,9,9,10,10,42,Trajectory Platt (5D),54.25,8.05074964091182,9.20005589351058,0.2123039843234659,0.7031552970209767
ai2d,mqt,2,9,9,10,9,43,Naive Confidence (NC),54.25,26.094971977174282,25.754034496843815,0.280087762216651,0.7557855506031075
ai2d,mqt,2,9,9,10,9,43,Temperature Scaling (TS),54.25,13.95479141365867,13.912352212552209,0.21537043676776588,0.7557855506031075
ai2d,mqt,2,9,9,10,9,43,Platt Scaling (1D),54.25,5.408531812533119,5.430234792919098,0.19592427555211067,0.7557855506031075
ai2d,mqt,2,9,9,10,10,43,Trajectory Platt (5D),54.25,5.618338163942099,6.6702620051801205,0.19671719597617796,0.7501951600312255
ai2d,mqt,2,9,9,10,9,44,Naive Confidence (NC),54.25,25.139008611440655,24.533340260386467,0.2789895702429617,0.7357407267507743
ai2d,mqt,2,9,9,10,9,44,Temperature Scaling (TS),54.25,11.756655467095307,11.784276956978628,0.21859070074645742,0.7357407267507743
ai2d,mqt,2,9,9,10,9,44,Platt Scaling (1D),54.25,5.5722563518318085,8.03065808083248,0.2033979383909698,0.7357407267507743
ai2d,mqt,2,9,9,10,10,44,Trajectory Platt (5D),54.25,5.14229376241565,6.567083638161421,0.2056139025502196,0.7296215154491199
ai2d,mqt,2,9,9,10,9,45,Naive Confidence (NC),54.25,26.65376722067595,26.37279137223959,0.2823454829336508,0.7676714260532347
ai2d,mqt,2,9,9,10,9,45,Temperature Scaling (TS),54.25,14.779155520931766,15.307289503891289,0.21395431674549242,0.7676714260532347
ai2d,mqt,2,9,9,10,9,45,Platt Scaling (1D),54.25,5.794649675980184,8.019749238136402,0.19256178108754385,0.7676714260532347
ai2d,mqt,2,9,9,10,10,45,Trajectory Platt (5D),54.25,6.341385811567306,6.597071513533594,0.19604385711354294,0.7573468308529123
ai2d,mqt,2,9,9,10,9,46,Naive Confidence (NC),54.25,26.0319961681962,24.849769748747352,0.2891451125271587,0.7235023041474655
ai2d,mqt,2,9,9,10,9,46,Temperature Scaling (TS),54.25,11.889117412129647,11.844856096940878,0.22047069413418774,0.7235023041474655
ai2d,mqt,2,9,9,10,9,46,Platt Scaling (1D),54.25,6.877195518827447,6.072584346466072,0.20631841506374152,0.7235023041474655
ai2d,mqt,2,9,9,10,10,46,Trajectory Platt (5D),54.25,7.839185073971749,8.126718208193777,0.2081155202917815,0.7190199189141548
ai2d,mqt,3,36,36,46,36,42,Naive Confidence (NC),55.00000000000001,26.37200669199229,27.229263581335545,0.28836960810547424,0.7419696969696972
ai2d,mqt,3,36,36,46,36,42,Temperature Scaling (TS),55.00000000000001,12.344986138008164,13.573775672929841,0.21687039776543215,0.7419696969696972
ai2d,mqt,3,36,36,46,36,42,Platt Scaling (1D),55.00000000000001,6.688263723901159,6.96437857152084,0.1998570081394096,0.7419696969696972
ai2d,mqt,3,36,36,46,46,42,Trajectory Platt (5D),55.00000000000001,7.529859121888874,6.995678741484881,0.202721503204624,0.7321717171717173
ai2d,mqt,3,36,36,46,36,43,Naive Confidence (NC),55.00000000000001,26.043924018740654,24.577154591679573,0.2950551073737762,0.6904545454545454
ai2d,mqt,3,36,36,46,36,43,Temperature Scaling (TS),55.00000000000001,9.850310314276694,9.950146880609156,0.22573986072574076,0.6904545454545454
ai2d,mqt,3,36,36,46,36,43,Platt Scaling (1D),55.00000000000001,5.865415299986954,5.854953871309591,0.21828678117393235,0.6904545454545454
ai2d,mqt,3,36,36,46,46,43,Trajectory Platt (5D),55.00000000000001,7.405193842947481,7.654602371156215,0.2188750504763253,0.6857070707070707
ai2d,mqt,3,36,36,46,36,44,Naive Confidence (NC),55.00000000000001,25.418630056083202,25.418630056083202,0.2846580127246069,0.7355050505050506
ai2d,mqt,3,36,36,46,36,44,Temperature Scaling (TS),55.00000000000001,11.816252240017537,13.842415624283767,0.21783067730813513,0.7355050505050506
ai2d,mqt,3,36,36,46,36,44,Platt Scaling (1D),55.00000000000001,6.390336340522825,7.527489098221378,0.20241906698181475,0.7355050505050506
ai2d,mqt,3,36,36,46,46,44,Trajectory Platt (5D),55.00000000000001,7.1933695673942575,7.283605322241785,0.20447979892699572,0.7289898989898989
ai2d,mqt,3,36,36,46,36,45,Naive Confidence (NC),55.00000000000001,27.851434014737602,27.60772938281298,0.30555583585497403,0.7106818181818182
ai2d,mqt,3,36,36,46,36,45,Temperature Scaling (TS),55.00000000000001,11.980572401559542,13.601506374258342,0.22386658487583155,0.7106818181818182
ai2d,mqt,3,36,36,46,36,45,Platt Scaling (1D),55.00000000000001,9.173522440033748,10.601557285007491,0.21103197165844279,0.7106818181818182
ai2d,mqt,3,36,36,46,46,45,Trajectory Platt (5D),55.00000000000001,9.063916858285664,8.033370722085236,0.20763081949322781,0.7149242424242425
ai2d,mqt,3,36,36,46,36,46,Naive Confidence (NC),55.00000000000001,23.880152963101864,23.699294008314617,0.2718010363010088,0.7431818181818182
ai2d,mqt,3,36,36,46,36,46,Temperature Scaling (TS),55.00000000000001,12.059762085740061,11.737429953005723,0.21525682708825705,0.7431818181818182
ai2d,mqt,3,36,36,46,36,46,Platt Scaling (1D),55.00000000000001,4.070261891633661,6.317016320646532,0.20078875655852932,0.7431818181818182
ai2d,mqt,3,36,36,46,46,46,Trajectory Platt (5D),55.00000000000001,5.006498634815216,7.47020184993744,0.20016626451325137,0.7428030303030304
ai2d,mqt,4,144,144,190,144,42,Naive Confidence (NC),54.0,26.421639695763588,25.78412704169751,0.2792355900050168,0.756315418679549
ai2d,mqt,4,144,144,190,144,42,Temperature Scaling (TS),54.0,14.046313734899025,13.920865077316563,0.2157057283093829,0.756315418679549
ai2d,mqt,4,144,144,190,144,42,Platt Scaling (1D),54.0,4.880834000666815,5.763985808047994,0.1956642027209071,0.756315418679549
ai2d,mqt,4,144,144,190,190,42,Trajectory Platt (5D),54.0,5.99147342890501,6.076221875846386,0.19384313091418356,0.7615237520128825
ai2d,mqt,4,144,144,190,144,43,Naive Confidence (NC),54.0,25.864091865718365,25.20926507562399,0.2811994592371441,0.733142109500805
ai2d,mqt,4,144,144,190,144,43,Temperature Scaling (TS),54.0,11.451140759241513,11.858475351130775,0.22002958164808425,0.733142109500805
ai2d,mqt,4,144,144,190,144,43,Platt Scaling (1D),54.0,4.264317471779801,4.374870756449033,0.20422047763221735,0.733142109500805
ai2d,mqt,4,144,144,190,190,43,Trajectory Platt (5D),54.0,5.983666341751814,7.356278415769338,0.2010254830190397,0.7429800724637682
ai2d,mqt,4,144,144,190,144,44,Naive Confidence (NC),54.0,27.28976299613714,27.222843654453754,0.2941912532584891,0.7315821256038646
ai2d,mqt,4,144,144,190,144,44,Temperature Scaling (TS),54.0,12.321973439819786,12.125870455971551,0.2235581143219052,0.7315821256038646
ai2d,mqt,4,144,144,190,144,44,Platt Scaling (1D),54.0,3.130446047572334,4.923269685032402,0.20762849994482838,0.7315821256038646
ai2d,mqt,4,144,144,190,190,44,Trajectory Platt (5D),54.0,4.566402412950992,6.168194957077504,0.20420272044088925,0.738023349436393
ai2d,mqt,4,144,144,190,144,45,Naive Confidence (NC),54.0,27.40254367887974,27.241001427173618,0.30536792272953867,0.706219806763285
ai2d,mqt,4,144,144,190,144,45,Temperature Scaling (TS),54.0,12.29589555134672,12.55077202065939,0.22758153421968275,0.706219806763285
ai2d,mqt,4,144,144,190,144,45,Platt Scaling (1D),54.0,6.958515534640822,6.019860573482173,0.21490073282029706,0.706219806763285
ai2d,mqt,4,144,144,190,190,45,Trajectory Platt (5D),54.0,7.132758330553769,7.272829402238129,0.2144351261471098,0.7057669082125604
ai2d,mqt,4,144,144,190,144,46,Naive Confidence (NC),54.0,25.575743190944202,25.575743190944202,0.28388364055092896,0.7418478260869565
ai2d,mqt,4,144,144,190,144,46,Temperature Scaling (TS),54.0,12.526719331917285,11.73071066920513,0.22002945070193228,0.7418478260869565
ai2d,mqt,4,144,144,190,144,46,Platt Scaling (1D),54.0,4.684742728442667,4.942022420634414,0.20346552357351755,0.7418478260869565
ai2d,mqt,4,144,144,190,190,46,Trajectory Platt (5D),54.0,4.67354457080364,5.2568321004509935,0.2041232348095155,0.7344756441223834
ai2d,mqt,5,256,256,446,256,42,Naive Confidence (NC),54.25,27.15036953985691,26.924747750163082,0.28872155474471417,0.7457631386769408
ai2d,mqt,5,256,256,446,256,42,Temperature Scaling (TS),54.25,13.313159731656581,13.100700927720998,0.219725402184345,0.7457631386769408
ai2d,mqt,5,256,256,446,256,42,Platt Scaling (1D),54.25,5.916362760959007,8.253448921872183,0.20147547146561398,0.7457631386769408
ai2d,mqt,5,256,256,446,446,42,Trajectory Platt (5D),54.25,6.269907556474208,6.530578933656214,0.20352115570972834,0.7390647427664879
ai2d,mqt,5,256,256,446,256,43,Naive Confidence (NC),54.25,26.38219757378102,26.02515497803688,0.2976488955964855,0.7134798922212989
ai2d,mqt,5,256,256,446,256,43,Temperature Scaling (TS),54.25,11.429900008501553,12.110594749414181,0.22335530954657398,0.7134798922212989
ai2d,mqt,5,256,256,446,256,43,Platt Scaling (1D),54.25,6.264140861496495,7.041193105116767,0.210207143850289,0.7134798922212989
ai2d,mqt,5,256,256,446,446,43,Trajectory Platt (5D),54.25,7.214700516313314,6.56422145292163,0.20953430323144723,0.7150663544106166
ai2d,mqt,5,256,256,446,256,44,Naive Confidence (NC),54.25,25.839592263102535,25.851007238030437,0.26600434932000355,0.7868348820226134
ai2d,mqt,5,256,256,446,256,44,Temperature Scaling (TS),54.25,14.230061507603853,14.463337292978936,0.2110848247659537,0.7868348820226134
ai2d,mqt,5,256,256,446,256,44,Platt Scaling (1D),54.25,4.254715703442261,5.351108558489232,0.1881885825660256,0.7868348820226134
ai2d,mqt,5,256,256,446,446,44,Trajectory Platt (5D),54.25,7.107146479189395,6.304950840771199,0.19531910299245558,0.7607463926871647
ai2d,mqt,5,256,256,446,256,45,Naive Confidence (NC),54.25,27.787154197692864,27.044159486889846,0.3032564517247796,0.7244340359094457
ai2d,mqt,5,256,256,446,256,45,Temperature Scaling (TS),54.25,12.323464881755356,12.182092389370661,0.22348896251386158,0.7244340359094457
ai2d,mqt,5,256,256,446,256,45,Platt Scaling (1D),54.25,5.7503600689332455,6.806566421746567,0.20763994304085037,0.7244340359094457
ai2d,mqt,5,256,256,446,446,45,Trajectory Platt (5D),54.25,3.9369998164474977,7.9255567975342265,0.20890625770150975,0.7215632948049657
ai2d,mqt,5,256,256,446,256,46,Naive Confidence (NC),54.25,27.621485136449337,26.377371288836006,0.29479938917171356,0.7297726070861977
ai2d,mqt,5,256,256,446,256,46,Temperature Scaling (TS),54.25,12.043672893585791,12.80082873951732,0.2205057926209739,0.7297726070861977
ai2d,mqt,5,256,256,446,256,46,Platt Scaling (1D),54.25,7.01958079320575,7.201727438449382,0.20382721771908657,0.7297726070861977
ai2d,mqt,5,256,256,446,446,46,Trajectory Platt (5D),54.25,5.695194762200117,8.788744281977415,0.20352563837858517,0.7346579033517161
chartqa,mqt,1,1,1,1,1,42,Naive Confidence (NC),6.0,68.65913017187268,68.18234682176262,0.616830410454989,0.3864140070921986
chartqa,mqt,1,1,1,1,1,42,Temperature Scaling (TS),6.0,46.43917390645548,46.43917390645547,0.2740143405336887,0.3864140070921986
chartqa,mqt,1,1,1,1,1,42,Platt Scaling (1D),6.0,2.8025305387595734,5.193452503425075,0.05605854152905506,0.6135859929078014
chartqa,mqt,1,1,1,1,1,42,Trajectory Platt (5D),6.0,2.813654580153525,5.194388064555824,0.056059567374058386,0.6135305851063829
chartqa,mqt,1,1,1,1,1,43,Naive Confidence (NC),6.0,69.71640295349061,69.32921937294306,0.6284659424458672,0.32945478723404253
chartqa,mqt,1,1,1,1,1,43,Temperature Scaling (TS),6.0,46.50258331525697,46.50258331525697,0.275025521478029,0.32945478723404253
chartqa,mqt,1,1,1,1,1,43,Platt Scaling (1D),6.0,3.441880947728901,5.322472022721579,0.055892718726372186,0.6705452127659575
chartqa,mqt,1,1,1,1,1,43,Trajectory Platt (5D),6.0,3.4845290929079065,5.327899061143398,0.05589581047359653,0.6705452127659575
chartqa,mqt,1,1,1,1,1,44,Naive Confidence (NC),6.0,69.16874948795883,69.16874948795883,0.6226431112282175,0.38286790780141844
chartqa,mqt,1,1,1,1,1,44,Temperature Scaling (TS),6.0,46.469464248815875,46.469464248815875,0.2741409414154931,0.38286790780141844
chartqa,mqt,1,1,1,1,1,44,Platt Scaling (1D),6.0,1.709535063752725,4.221927612111935,0.05612107369245187,0.6171320921985816
chartqa,mqt,1,1,1,1,1,44,Trajectory Platt (5D),6.0,1.7199195651337498,4.225312172435224,0.056121299512437224,0.6171320921985816
chartqa,mqt,1,1,1,1,1,45,Naive Confidence (NC),6.0,68.20161504205316,68.20161504205316,0.6148358773840736,0.4008200354609929
chartqa,mqt,1,1,1,1,1,45,Temperature Scaling (TS),6.0,46.44931493964805,46.44931493964805,0.27386945805365775,0.4008200354609929
chartqa,mqt,1,1,1,1,1,45,Platt Scaling (1D),6.0,1.8838706403317493,5.104945162094985,0.05616903243097712,0.5991799645390071
chartqa,mqt,1,1,1,1,1,45,Trajectory Platt (5D),6.0,1.8958447901532054,5.1076459074392915,0.056168799423961885,0.5991799645390071
chartqa,mqt,1,1,1,1,1,46,Naive Confidence (NC),6.0,70.26480344124137,69.90484074689448,0.6345920208076922,0.350177304964539
chartqa,mqt,1,1,1,1,1,46,Temperature Scaling (TS),6.0,46.649213950812765,46.64921395081278,0.2763734743316641,0.350177304964539
chartqa,mqt,1,1,1,1,1,46,Platt Scaling (1D),6.0,2.0146232900902437,4.955667507930698,0.05592518939946423,0.649822695035461
chartqa,mqt,1,1,1,1,1,46,Trajectory Platt (5D),6.0,2.0242395354434852,4.9583656871691355,0.05592754818807652,0.649822695035461
chartqa,mqt,2,9,9,10,9,42,Naive Confidence (NC),6.25,69.18770285509525,69.18770285509527,0.616866983391725,0.45728
chartqa,mqt,2,9,9,10,9,42,Temperature Scaling (TS),6.25,46.40822968114322,46.40822968114321,0.2751526853925632,0.45728
chartqa,mqt,2,9,9,10,9,42,Platt Scaling (1D),6.25,1.4026570051638085,4.465228991385309,0.05865658769169177,0.54272
chartqa,mqt,2,9,9,10,10,42,Trajectory Platt (5D),6.25,1.47297501238063,4.8247603378258646,0.058564811037452334,0.6040533333333333
chartqa,mqt,2,9,9,10,9,43,Naive Confidence (NC),6.25,69.33277270104736,69.33277270104736,0.6200900539859423,0.54272
chartqa,mqt,2,9,9,10,9,43,Temperature Scaling (TS),6.25,46.4408706680572,46.44087066805721,0.2744633737812146,0.54272
chartqa,mqt,2,9,9,10,9,43,Platt Scaling (1D),6.25,0.38886778281262474,5.409875211159025,0.05942829150850958,0.45727999999999996
chartqa,mqt,2,9,9,10,10,43,Trajectory Platt (5D),6.25,1.0752077803481366,4.246878971578553,0.0585091836378874,0.58336
chartqa,mqt,2,9,9,10,9,44,Naive Confidence (NC),6.25,71.13418607693166,71.13418607693166,0.6453231601303276,0.40138666666666667
chartqa,mqt,2,9,9,10,9,44,Temperature Scaling (TS),6.25,46.6067219261293,46.6067219261293,0.2776971246229249,0.40138666666666667
chartqa,mqt,2,9,9,10,9,44,Platt Scaling (1D),6.25,2.0746950644186994,5.638804795464524,0.05836035668131478,0.5986133333333334
chartqa,mqt,2,9,9,10,10,44,Trajectory Platt (5D),6.25,0.5847102017141876,3.1659174193628132,0.056983029011857214,0.7163733333333333
chartqa,mqt,2,9,9,10,9,45,Naive Confidence (NC),6.25,70.9371915096417,70.89364181552081,0.6411586688526953,0.4110933333333333
chartqa,mqt,2,9,9,10,9,45,Temperature Scaling (TS),6.25,46.45857234908468,46.45857234908466,0.27604798716357304,0.4110933333333333
chartqa,mqt,2,9,9,10,9,45,Platt Scaling (1D),6.25,2.035734975821383,4.38293933720077,0.05838965026705914,0.5889066666666667
chartqa,mqt,2,9,9,10,10,45,Trajectory Platt (5D),6.25,0.6715076086111367,3.3078275225125258,0.05784816757338822,0.6479999999999999
chartqa,mqt,2,9,9,10,9,46,Naive Confidence (NC),6.25,70.17008612118663,70.17008612118664,0.6330776359506162,0.4664533333333334
chartqa,mqt,2,9,9,10,9,46,Temperature Scaling (TS),6.25,46.534995086355416,46.53499508635542,0.2763886351162331,0.4664533333333334
chartqa,mqt,2,9,9,10,9,46,Platt Scaling (1D),6.25,1.1852631995773961,4.715466272616808,0.05860108367127553,0.5335466666666666
chartqa,mqt,2,9,9,10,10,46,Trajectory Platt (5D),6.25,2.3003153204917917,5.028373305685819,0.058542819982612314,0.6094933333333333
chartqa,mqt,3,36,36,46,36,42,Naive Confidence (NC),7.249999999999999,69.48178262077272,69.48178262077272,0.639470069264582,0.3602565294172321
chartqa,mqt,3,36,36,46,36,42,Temperature Scaling (TS),7.249999999999999,45.502450387675644,45.502450387675644,0.2767539686906196,0.3602565294172321
chartqa,mqt,3,36,36,46,36,42,Platt Scaling (1D),7.249999999999999,0.3220432228244425,4.001580669874041,0.06680181403365598,0.6397434705827679
chartqa,mqt,3,36,36,46,46,42,Trajectory Platt (5D),7.249999999999999,1.5256123747676613,3.9010531175881615,0.06757655690697295,0.5620410818849336
chartqa,mqt,3,36,36,46,36,43,Naive Confidence (NC),7.249999999999999,68.95403893105684,68.95403893105686,0.6275079678505615,0.3651826377916163
chartqa,mqt,3,36,36,46,36,43,Temperature Scaling (TS),7.249999999999999,45.46428942612034,45.46428942612034,0.2763681991055792,0.3651826377916163
chartqa,mqt,3,36,36,46,36,43,Platt Scaling (1D),7.249999999999999,0.8963195357486388,6.5352432064111925,0.06683665978580827,0.6348173622083837
chartqa,mqt,3,36,36,46,46,43,Trajectory Platt (5D),7.249999999999999,0.8195010679773987,4.1839143144898125,0.06598126875560255,0.6570313226136258
chartqa,mqt,3,36,36,46,36,44,Naive Confidence (NC),7.249999999999999,69.62944326549768,69.6294432654977,0.6254933745883977,0.46798029556650256
chartqa,mqt,3,36,36,46,36,44,Temperature Scaling (TS),7.249999999999999,45.72923439029839,45.531605431077125,0.27557279294205256,0.46798029556650256
chartqa,mqt,3,36,36,46,36,44,Platt Scaling (1D),7.249999999999999,1.4587540398819057,5.880049443422313,0.06733900553568471,0.5320197044334976
chartqa,mqt,3,36,36,46,46,44,Trajectory Platt (5D),7.249999999999999,3.1763977902010083,4.858952824957669,0.0676132856642495,0.5537689376336091
chartqa,mqt,3,36,36,46,36,45,Naive Confidence (NC),7.249999999999999,68.89436275325716,68.89436275325716,0.6146942059993183,0.4348917185612046
chartqa,mqt,3,36,36,46,36,45,Temperature Scaling (TS),7.249999999999999,45.4109048300244,45.410904830024414,0.2750338657940892,0.4348917185612046
chartqa,mqt,3,36,36,46,36,45,Platt Scaling (1D),7.249999999999999,0.15904870900928847,5.32644720368406,0.0670963890327567,0.5651082814387954
chartqa,mqt,3,36,36,46,46,45,Trajectory Platt (5D),7.249999999999999,0.847525404766202,4.47037442214787,0.06644562904541149,0.6330513988288874
chartqa,mqt,3,36,36,46,36,46,Naive Confidence (NC),7.249999999999999,71.98191390186548,71.64011651277544,0.6613480554062037,0.4082163769867088
chartqa,mqt,3,36,36,46,36,46,Temperature Scaling (TS),7.249999999999999,45.866966663327204,45.8669666633272,0.2796734758274181,0.4082163769867088
chartqa,mqt,3,36,36,46,36,46,Platt Scaling (1D),7.249999999999999,0.38364515126688853,4.814637186748961,0.06691326696580108,0.5917836230132912
chartqa,mqt,3,36,36,46,46,46,Trajectory Platt (5D),7.249999999999999,0.9343285658396783,3.45645347284153,0.06634161482511018,0.6278464541314249
chartqa,mqt,4,144,144,190,144,42,Naive Confidence (NC),7.75,73.42607487738132,73.42607487738131,0.6811684086158416,0.4079027887053064
chartqa,mqt,4,144,144,190,144,42,Temperature Scaling (TS),7.75,45.56221635834014,45.56221635834014,0.28099110770059665,0.4079027887053064
chartqa,mqt,4,144,144,190,144,42,Platt Scaling (1D),7.75,1.479799057340842,5.964921385525791,0.0710812101684338,0.5920972112946936
chartqa,mqt,4,144,144,190,190,42,Trajectory Platt (5D),7.75,0.9294896088540555,3.473778316751122,0.06963825849640186,0.6799545414808987
chartqa,mqt,4,144,144,190,144,43,Naive Confidence (NC),7.75,69.6635985057801,69.56904388032854,0.6469485784992733,0.3214441821837573
chartqa,mqt,4,144,144,190,144,43,Temperature Scaling (TS),7.75,45.07263757122007,45.07263757122008,0.27775219863607137,0.3214441821837573
chartqa,mqt,4,144,144,190,144,43,Platt Scaling (1D),7.75,0.8630619464073704,5.685714031230378,0.0706186578113681,0.6785558178162426
chartqa,mqt,4,144,144,190,190,43,Trajectory Platt (5D),7.75,1.8338654739782208,3.3728666556999083,0.06963072461953822,0.6837136113296617
chartqa,mqt,4,144,144,190,144,44,Naive Confidence (NC),7.75,70.38445284031332,70.38445284031333,0.6471487274606774,0.3883206574001224
chartqa,mqt,4,144,144,190,144,44,Temperature Scaling (TS),7.75,45.22460283267699,45.22460283267699,0.278195972252854,0.3883206574001224
chartqa,mqt,4,144,144,190,144,44,Platt Scaling (1D),7.75,0.4339720102105542,6.957353346945144,0.07101763997431654,0.6116793425998777
chartqa,mqt,4,144,144,190,190,44,Trajectory Platt (5D),7.75,1.8635023888200524,4.603517461568118,0.06872366489860714,0.7041699449252558
chartqa,mqt,4,144,144,190,144,45,Naive Confidence (NC),7.75,68.52102004177868,68.39904639683664,0.624854798094062,0.3870967741935484
chartqa,mqt,4,144,144,190,144,45,Temperature Scaling (TS),7.75,44.93678222452261,44.93678222452261,0.27571964634164703,0.3870967741935484
chartqa,mqt,4,144,144,190,144,45,Platt Scaling (1D),7.75,0.2618802538094498,4.9946201135028065,0.07091259480643759,0.6129032258064516
chartqa,mqt,4,144,144,190,190,45,Trajectory Platt (5D),7.75,2.7557069556787606,4.7150934571400285,0.06882408207780089,0.7244514380627677
chartqa,mqt,4,144,144,190,144,46,Naive Confidence (NC),7.75,74.022635884583,73.78245413303375,0.6867416446196714,0.3061456421015823
chartqa,mqt,4,144,144,190,144,46,Temperature Scaling (TS),7.75,45.42208539768531,45.42208539768532,0.28077270647951486,0.3061456421015823
chartqa,mqt,4,144,144,190,144,46,Platt Scaling (1D),7.75,1.116760042906704,4.806783407197857,0.0706287947719041,0.6938543578984178
chartqa,mqt,4,144,144,190,190,46,Trajectory Platt (5D),7.75,4.165931153111161,4.380106843076646,0.06793511724819856,0.7867820613690008
chartqa,mqt,5,256,256,446,256,42,Naive Confidence (NC),8.25,71.29543035104871,71.29543035104871,0.6483113241601524,0.49145405003715625
chartqa,mqt,5,256,256,446,256,42,Temperature Scaling (TS),8.25,44.88018805567558,44.88018805567559,0.27785830171700704,0.49145405003715625
chartqa,mqt,5,256,256,446,256,42,Platt Scaling (1D),8.25,3.055728192132261,4.266765259595795,0.0762469089941342,0.5085459499628436
chartqa,mqt,5,256,256,446,446,42,Trajectory Platt (5D),8.25,2.435783005319536,3.9206717377528553,0.07645699945206916,0.6031706712905622
chartqa,mqt,5,256,256,446,256,43,Naive Confidence (NC),8.25,71.5367233287543,71.5367233287543,0.6611439922637689,0.46833457187680616
chartqa,mqt,5,256,256,446,256,43,Temperature Scaling (TS),8.25,44.94913085762969,44.94913085762969,0.27862046205919827,0.46833457187680616
chartqa,mqt,5,256,256,446,256,43,Platt Scaling (1D),8.25,1.2375876415303129,5.075396882381539,0.07603509945181823,0.5316654281231937
chartqa,mqt,5,256,256,446,446,43,Trajectory Platt (5D),8.25,1.645588125800714,4.033188306959346,0.0746674937801602,0.6423912145982992
chartqa,mqt,5,256,256,446,256,44,Naive Confidence (NC),8.25,70.33516243286431,70.33516243286432,0.6519754829780965,0.4136735199405499
chartqa,mqt,5,256,256,446,256,44,Temperature Scaling (TS),8.25,44.78360716148621,44.783607161486216,0.2780100301754549,0.4136735199405499
chartqa,mqt,5,256,256,446,256,44,Platt Scaling (1D),8.25,0.679028305362404,5.682604077831198,0.07537001359453567,0.5863264800594502
chartqa,mqt,5,256,256,446,446,44,Trajectory Platt (5D),8.25,1.9438711595721538,3.2529984465800235,0.07403496785115987,0.6673272231855337
chartqa,mqt,5,256,256,446,256,45,Naive Confidence (NC),8.25,69.5121437869966,69.16357260569931,0.637846693877217,0.3692510940467344
chartqa,mqt,5,256,256,446,256,45,Temperature Scaling (TS),8.25,44.600254041466215,44.60025404146621,0.2772124789854354,0.3692510940467344
chartqa,mqt,5,256,256,446,256,45,Platt Scaling (1D),8.25,0.05923067772986325,5.606106398762583,0.07488031383077479,0.6307489059532657
chartqa,mqt,5,256,256,446,446,45,Trajectory Platt (5D),8.25,2.120121162384748,2.958832224830986,0.07229653291781286,0.7081991577904385
chartqa,mqt,5,256,256,446,256,46,Naive Confidence (NC),8.25,71.44515441730618,71.44515441730618,0.6604313053669699,0.3824622244240773
chartqa,mqt,5,256,256,446,256,46,Temperature Scaling (TS),8.25,44.873020190411765,44.87302019041176,0.27936288355041533,0.3824622244240773
chartqa,mqt,5,256,256,446,256,46,Platt Scaling (1D),8.25,0.4769887346986016,4.857801644216011,0.07505191644696463,0.6175377755759227
chartqa,mqt,5,256,256,446,446,46,Trajectory Platt (5D),8.25,2.9382999709341675,3.6490530243609105,0.07227287117064699,0.740648996779787
docvqa,mqt,1,1,1,1,1,42,Naive Confidence (NC),1.5,44.255857778247446,44.255857778247446,0.3348103148928388,0.6700507614213198
docvqa,mqt,1,1,1,1,1,42,Temperature Scaling (TS),1.5,48.44100971177935,48.44100971177935,0.24997041003067683,0.6700507614213198
docvqa,mqt,1,1,1,1,1,42,Platt Scaling (1D),1.5,0.021506934606476194,2.1495058035652073,0.01475038993988155,0.6700507614213198
docvqa,mqt,1,1,1,1,1,42,Trajectory Platt (5D),1.5,0.015834531048312776,2.152717330260202,0.014750640101297417,0.6700507614213198
docvqa,mqt,1,1,1,1,1,43,Naive Confidence (NC),1.5,46.467524879146374,46.467524879146374,0.3525242477262355,0.5858714043993232
docvqa,mqt,1,1,1,1,1,43,Temperature Scaling (TS),1.5,48.56777111290017,48.56777111290018,0.2514100208015405,0.5858714043993232
docvqa,mqt,1,1,1,1,1,43,Platt Scaling (1D),1.5,0.017363630394210197,2.369360554373946,0.014784912429004536,0.5858714043993232
docvqa,mqt,1,1,1,1,1,43,Trajectory Platt (5D),1.5,0.01029204227961586,2.3737178968731314,0.014784012870300938,0.5858714043993232
docvqa,mqt,1,1,1,1,1,44,Naive Confidence (NC),1.5,45.22140200575814,45.22140200575814,0.3448560252672606,0.628595600676819
docvqa,mqt,1,1,1,1,1,44,Temperature Scaling (TS),1.5,48.4768222585808,48.4768222585808,0.2504396877400215,0.628595600676819
docvqa,mqt,1,1,1,1,1,44,Platt Scaling (1D),1.5,0.02238173589217199,2.349072323523832,0.01476332531538341,0.628595600676819
docvqa,mqt,1,1,1,1,1,44,Trajectory Platt (5D),1.5,0.015725917415693354,2.353717028861866,0.014763185618162296,0.628595600676819
docvqa,mqt,1,1,1,1,1,45,Naive Confidence (NC),1.5,45.55460328934714,45.55460328934714,0.3495550133674749,0.6912013536379018
docvqa,mqt,1,1,1,1,1,45,Temperature Scaling (TS),1.5,48.51843300635236,48.51843300635237,0.2506122365718818,0.6912013536379018
docvqa,mqt,1,1,1,1,1,45,Platt Scaling (1D),1.5,0.011141195432723058,1.9072754485115244,0.014746555220282674,0.6912013536379018
docvqa,mqt,1,1,1,1,1,45,Trajectory Platt (5D),1.5,0.0076105634216219395,1.91058364813216,0.014747015716469782,0.6912013536379018
docvqa,mqt,1,1,1,1,1,46,Naive Confidence (NC),1.5,45.50546415615827,45.50546415615827,0.34925966608566156,0.6637055837563451
docvqa,mqt,1,1,1,1,1,46,Temperature Scaling (TS),1.5,48.49031045562546,48.49031045562547,0.25044328207093103,0.6637055837563451
docvqa,mqt,1,1,1,1,1,46,Platt Scaling (1D),1.5,0.017502102355035007,1.9299220772721157,0.014753314640522519,0.6637055837563451
docvqa,mqt,1,1,1,1,1,46,Trajectory Platt (5D),1.5,0.012319877510890385,1.932798001682386,0.014753498538066552,0.6637055837563451
docvqa,mqt,2,9,9,10,9,42,Naive Confidence (NC),1.7500000000000002,48.55618704017252,48.55618704017252,0.37160318815659465,0.6241366775717921
docvqa,mqt,2,9,9,10,9,42,Temperature Scaling (TS),1.7500000000000002,48.485300974232175,48.48530097423218,0.25280544382500336,0.6241366775717921
docvqa,mqt,2,9,9,10,9,42,Platt Scaling (1D),1.7500000000000002,0.12384606434785589,2.0677424930028105,0.01717760294207167,0.6241366775717921
docvqa,mqt,2,9,9,10,10,42,Trajectory Platt (5D),1.7500000000000002,0.21244619204662715,2.2826912801247086,0.017314219461641606,0.6263177026535804
docvqa,mqt,2,9,9,10,9,43,Naive Confidence (NC),1.7500000000000002,48.85029296670109,48.85029296670109,0.3786407391256061,0.5808796801163214
docvqa,mqt,2,9,9,10,9,43,Temperature Scaling (TS),1.7500000000000002,48.62677547747621,48.626775477476215,0.2543952553235541,0.5808796801163214
docvqa,mqt,2,9,9,10,9,43,Platt Scaling (1D),1.7500000000000002,0.14601397805234123,2.080789123662048,0.01718347598433459,0.5808796801163214
docvqa,mqt,2,9,9,10,10,43,Trajectory Platt (5D),1.7500000000000002,0.19756317610153956,1.9727683058590633,0.017310224864229423,0.6246819338422391
docvqa,mqt,2,9,9,10,9,44,Naive Confidence (NC),1.7500000000000002,48.75339655065909,48.75339655065909,0.37812843943129804,0.6274082151944748
docvqa,mqt,2,9,9,10,9,44,Temperature Scaling (TS),1.7500000000000002,48.55255654282502,48.55255654282504,0.25352081475830707,0.6274082151944748
docvqa,mqt,2,9,9,10,9,44,Platt Scaling (1D),1.7500000000000002,0.13275927699483228,2.593166157554186,0.017179769256759472,0.6274082151944748
docvqa,mqt,2,9,9,10,10,44,Trajectory Platt (5D),1.7500000000000002,0.13553278334438798,1.93760028295219,0.01697506943273429,0.8193384223918574
docvqa,mqt,2,9,9,10,9,45,Naive Confidence (NC),1.7500000000000002,46.34439629362896,46.34439629362896,0.35405507239648726,0.6913849509269357
docvqa,mqt,2,9,9,10,9,45,Temperature Scaling (TS),1.7500000000000002,48.3825624379279,48.3825624379279,0.2516660674772545,0.6913849509269357
docvqa,mqt,2,9,9,10,9,45,Platt Scaling (1D),1.7500000000000002,0.11751549144035887,2.566066582541574,0.01716890437042919,0.6913849509269357
docvqa,mqt,2,9,9,10,10,45,Trajectory Platt (5D),1.7500000000000002,0.028959636460058197,1.7159929232439026,0.016969413611156413,0.7902580879680114
docvqa,mqt,2,9,9,10,9,46,Naive Confidence (NC),1.7500000000000002,48.49299453338609,48.49299453338609,0.3833865400923905,0.5067248273355144
docvqa,mqt,2,9,9,10,9,46,Temperature Scaling (TS),1.7500000000000002,48.60067312343268,48.60067312343268,0.25449555512821614,0.5067248273355144
docvqa,mqt,2,9,9,10,9,46,Platt Scaling (1D),1.7500000000000002,0.1518985491638314,2.436006957714838,0.017252342432238027,0.5067248273355144
docvqa,mqt,2,9,9,10,10,46,Trajectory Platt (5D),1.7500000000000002,0.30797070340486243,1.8095944417291323,0.017172769502794533,0.6663031624863684
docvqa,mqt,3,36,36,46,36,42,Naive Confidence (NC),2.75,50.74523764010519,50.74523764010519,0.3948645879903488,0.5674222949287218
docvqa,mqt,3,36,36,46,36,42,Temperature Scaling (TS),2.75,47.8726418625248,47.87264186252481,0.25660858526030184,0.5674222949287218
docvqa,mqt,3,36,36,46,36,42,Platt Scaling (1D),2.75,0.11503529776493195,2.5352363735971273,0.02674141949021356,0.5674222949287218
docvqa,mqt,3,36,36,46,46,42,Trajectory Platt (5D),2.75,0.29062592529226067,2.5094338221242656,0.02600500237784647,0.7504089740593597
docvqa,mqt,3,36,36,46,36,43,Naive Confidence (NC),2.75,49.590589717030525,49.590589717030525,0.37862799433061567,0.6190698761392849
docvqa,mqt,3,36,36,46,36,43,Temperature Scaling (TS),2.75,47.77899368480089,47.77899368480089,0.25528153113194774,0.6190698761392849
docvqa,mqt,3,36,36,46,36,43,Platt Scaling (1D),2.75,0.12953018210908676,2.9001911345505693,0.026723766508240567,0.6190698761392849
docvqa,mqt,3,36,36,46,46,43,Trajectory Platt (5D),2.75,0.8787710410542784,2.9351999568752944,0.026503826808736627,0.7092778686609021
docvqa,mqt,3,36,36,46,36,44,Naive Confidence (NC),2.75,47.18700448796153,47.18700448796153,0.35996817099227685,0.5573732180415985
docvqa,mqt,3,36,36,46,36,44,Temperature Scaling (TS),2.75,47.56986304213834,47.569863042138344,0.25377351691566846,0.5573732180415985
docvqa,mqt,3,36,36,46,36,44,Platt Scaling (1D),2.75,0.15809846358902818,2.934037526648147,0.026760590240843634,0.5573732180415985
docvqa,mqt,3,36,36,46,46,44,Trajectory Platt (5D),2.75,0.5197480545612052,2.3384776398306713,0.02661890936636297,0.6394017293760225
docvqa,mqt,3,36,36,46,36,45,Naive Confidence (NC),2.75,49.65468136034906,49.65468136034906,0.3893048743563115,0.5391446599672821
docvqa,mqt,3,36,36,46,36,45,Temperature Scaling (TS),2.75,47.813861210363854,47.81386121036386,0.2561708153087624,0.5391446599672821
docvqa,mqt,3,36,36,46,36,45,Platt Scaling (1D),2.75,0.12075412947528362,2.8810304883248063,0.02675439642483283,0.5391446599672821
docvqa,mqt,3,36,36,46,46,45,Trajectory Platt (5D),2.75,0.16721404448617247,2.3933606989448895,0.026778215419202292,0.6085534003271792
docvqa,mqt,3,36,36,46,36,46,Naive Confidence (NC),2.75,49.809544873423874,49.809544873423874,0.3842465075955948,0.6069175040897405
docvqa,mqt,3,36,36,46,36,46,Temperature Scaling (TS),2.75,47.767030137263696,47.7670301372637,0.2553287842047047,0.6069175040897405
docvqa,mqt,3,36,36,46,36,46,Platt Scaling (1D),2.75,0.13032450676141658,2.864216232221497,0.026725027302644096,0.6069175040897405
docvqa,mqt,3,36,36,46,46,46,Trajectory Platt (5D),2.75,0.8201436009258035,3.216231178026647,0.02659405066552642,0.6810002336994625
docvqa,mqt,4,144,144,190,144,42,Naive Confidence (NC),3.75,53.38352432101965,53.38352432101965,0.42198504647473,0.5447619047619048
docvqa,mqt,4,144,144,190,144,42,Temperature Scaling (TS),3.75,47.15562327302558,47.15562327302558,0.2590975407540411,0.5447619047619048
docvqa,mqt,4,144,144,190,144,42,Platt Scaling (1D),3.75,0.11061163388611996,3.1978850032184725,0.036119030220701835,0.5447619047619048
docvqa,mqt,4,144,144,190,190,42,Trajectory Platt (5D),3.75,0.3807244224008173,3.071413041325286,0.035696253923062714,0.6924675324675325
docvqa,mqt,4,144,144,190,144,43,Naive Confidence (NC),3.75,53.81352279242129,53.81352279242129,0.4157648544925787,0.5764502164502164
docvqa,mqt,4,144,144,190,144,43,Temperature Scaling (TS),3.75,47.133521590058706,47.133521590058706,0.25878664186504025,0.5764502164502164
docvqa,mqt,4,144,144,190,144,43,Platt Scaling (1D),3.75,0.05745772760235926,3.559218953653663,0.03612664500287824,0.5764502164502164
docvqa,mqt,4,144,144,190,190,43,Trajectory Platt (5D),3.75,1.066727486322634,4.203837462584489,0.03641249874312553,0.6136796536796537
docvqa,mqt,4,144,144,190,144,44,Naive Confidence (NC),3.75,52.824162346310914,52.824162346310914,0.40992495061248285,0.5816450216450216
docvqa,mqt,4,144,144,190,144,44,Temperature Scaling (TS),3.75,47.14934957365327,47.14934957365327,0.2589668338668023,0.5816450216450216
docvqa,mqt,4,144,144,190,144,44,Platt Scaling (1D),3.75,0.1138154270911202,3.077943913079069,0.03611897652473461,0.5816450216450216
docvqa,mqt,4,144,144,190,190,44,Trajectory Platt (5D),3.75,0.4826537114568052,2.7848028573207557,0.03586768108876124,0.6924675324675325
docvqa,mqt,4,144,144,190,144,45,Naive Confidence (NC),3.75,51.975570066832,51.97557006683201,0.38808112112066523,0.7277922077922078
docvqa,mqt,4,144,144,190,144,45,Temperature Scaling (TS),3.75,46.94535891754914,46.94535891754916,0.25573402073102813,0.7277922077922078
docvqa,mqt,4,144,144,190,144,45,Platt Scaling (1D),3.75,0.07292466229681036,2.9723294675907277,0.03603827732666861,0.7277922077922078
docvqa,mqt,4,144,144,190,190,45,Trajectory Platt (5D),3.75,1.2500007722992443,2.954017306445167,0.036219199917499556,0.6029437229437229
docvqa,mqt,4,144,144,190,144,46,Naive Confidence (NC),3.75,53.114934900775545,53.114934900775545,0.4228006143108404,0.5392207792207793
docvqa,mqt,4,144,144,190,144,46,Temperature Scaling (TS),3.75,47.139258012258175,47.13925801225817,0.25894318638332453,0.5392207792207793
docvqa,mqt,4,144,144,190,144,46,Platt Scaling (1D),3.75,0.04635192223030604,2.3185211647322923,0.036117674825560525,0.5392207792207793
docvqa,mqt,4,144,144,190,190,46,Trajectory Platt (5D),3.75,0.9277692309115084,4.000034630531445,0.03609728120928053,0.633073593073593
docvqa,mqt,5,256,256,446,256,42,Naive Confidence (NC),3.75,53.30467198230326,53.304671982303276,0.41620474107978467,0.5170562770562771
docvqa,mqt,5,256,256,446,256,42,Temperature Scaling (TS),3.75,47.0664684453561,47.0664684453561,0.25837158204315275,0.5170562770562771
docvqa,mqt,5,256,256,446,256,42,Platt Scaling (1D),3.75,0.08936451274031074,3.665231161515744,0.03622771793570462,0.5170562770562771
docvqa,mqt,5,256,256,446,446,42,Trajectory Platt (5D),3.75,1.0760254852939395,2.058169003343209,0.036350637207212044,0.5942857142857143
docvqa,mqt,5,256,256,446,256,43,Naive Confidence (NC),3.75,54.255320943892,54.255320943892,0.4267679863407468,0.5629437229437229
docvqa,mqt,5,256,256,446,256,43,Temperature Scaling (TS),3.75,47.18955575453181,47.1895557545318,0.25929293989999036,0.5629437229437229
docvqa,mqt,5,256,256,446,256,43,Platt Scaling (1D),3.75,0.13719878120841,3.2173582376176424,0.03612423233933153,0.5629437229437229
docvqa,mqt,5,256,256,446,446,43,Trajectory Platt (5D),3.75,1.1449180811177937,3.0900343100074683,0.03668723133124016,0.5300432900432901
docvqa,mqt,5,256,256,446,256,44,Naive Confidence (NC),3.75,53.518726575188346,53.518726575188346,0.411874292376946,0.6197402597402597
docvqa,mqt,5,256,256,446,256,44,Temperature Scaling (TS),3.75,47.12418603284734,47.12418603284735,0.25830460866502863,0.6197402597402597
docvqa,mqt,5,256,256,446,256,44,Platt Scaling (1D),3.75,0.1186575745032674,3.4972411933394856,0.036020168042802704,0.6197402597402597
docvqa,mqt,5,256,256,446,446,44,Trajectory Platt (5D),3.75,1.768798685632646,2.58155760448426,0.035050488774432204,0.7425108225108226
docvqa,mqt,5,256,256,446,256,45,Naive Confidence (NC),3.75,53.227917880751185,53.227917880751185,0.4103399766129555,0.6367099567099568
docvqa,mqt,5,256,256,446,256,45,Temperature Scaling (TS),3.75,47.121665907494084,47.121665907494084,0.25832319899302475,0.6367099567099568
docvqa,mqt,5,256,256,446,256,45,Platt Scaling (1D),3.75,0.11483620960107822,3.483765656512268,0.036034822721788595,0.6367099567099568
docvqa,mqt,5,256,256,446,446,45,Trajectory Platt (5D),3.75,1.1660565987695006,1.7907273063901812,0.03566588842629075,0.6948917748917749
docvqa,mqt,5,256,256,446,256,46,Naive Confidence (NC),3.75,55.14203548338264,55.14203548338264,0.43734353140544635,0.5038961038961038
docvqa,mqt,5,256,256,446,256,46,Temperature Scaling (TS),3.75,47.31015088775865,47.31015088775864,0.2609784692703634,0.5038961038961038
docvqa,mqt,5,256,256,446,256,46,Platt Scaling (1D),3.75,0.21446551213201082,4.296580060350074,0.036393458701547504,0.5038961038961038
docvqa,mqt,5,256,256,446,446,46,Trajectory Platt (5D),3.75,0.9031178900040682,2.692615299951285,0.03614311668146,0.6434632034632034
scienceqa,mqt,1,1,1,1,1,42,Naive Confidence (NC),58.5,25.126146025955677,24.33286812156439,0.25497528236020583,0.8146174441355165
scienceqa,mqt,1,1,1,1,1,42,Temperature Scaling (TS),58.5,16.149737583013792,16.12165805569841,0.1941070985574891,0.8146174441355165
scienceqa,mqt,1,1,1,1,1,42,Platt Scaling (1D),58.5,6.105341176922148,6.5228156194046925,0.1682877660972438,0.8146174441355165
scienceqa,mqt,1,1,1,1,1,42,Trajectory Platt (5D),58.5,6.15368100628257,6.549717020243406,0.16830999973854194,0.8146174441355165
scienceqa,mqt,1,1,1,1,1,43,Naive Confidence (NC),58.5,24.698768377304077,24.19269736111164,0.26430565733132105,0.7754608176294924
scienceqa,mqt,1,1,1,1,1,43,Temperature Scaling (TS),58.5,11.860470259629667,12.307667420606661,0.20326238709435665,0.7754608176294924
scienceqa,mqt,1,1,1,1,1,43,Platt Scaling (1D),58.5,6.664884983297495,6.64450629897428,0.1862552923527768,0.7754608176294924
scienceqa,mqt,1,1,1,1,1,43,Trajectory Platt (5D),58.5,6.627040959894659,6.591214962303638,0.186188378720365,0.7754608176294924
scienceqa,mqt,1,1,1,1,1,44,Naive Confidence (NC),58.5,24.44944560527802,24.410858243703846,0.25717466918043685,0.783595922150139
scienceqa,mqt,1,1,1,1,1,44,Temperature Scaling (TS),58.5,12.494683844781196,12.629267818360933,0.20375079634301557,0.783595922150139
scienceqa,mqt,1,1,1,1,1,44,Platt Scaling (1D),58.5,6.725207676685114,8.094580758744529,0.1862395370019648,0.783595922150139
scienceqa,mqt,1,1,1,1,1,44,Trajectory Platt (5D),58.5,6.725662626326083,8.081111513078211,0.18618976894065142,0.783595922150139
scienceqa,mqt,1,1,1,1,1,45,Naive Confidence (NC),58.5,24.119592078030113,23.22530942410231,0.24845229279877706,0.8035990114303367
scienceqa,mqt,1,1,1,1,1,45,Temperature Scaling (TS),58.5,13.817625689987523,14.277758941806425,0.19522284031093137,0.8035990114303367
scienceqa,mqt,1,1,1,1,1,45,Platt Scaling (1D),58.5,6.299196644268597,4.322511799166174,0.17341553055356818,0.8035990114303367
scienceqa,mqt,1,1,1,1,1,45,Trajectory Platt (5D),58.5,6.141919165849687,4.312408193945886,0.173427181272486,0.8035990114303367
scienceqa,mqt,1,1,1,1,1,46,Naive Confidence (NC),58.5,25.52791371941567,25.511090695858012,0.26263511075499524,0.8060189475852129
scienceqa,mqt,1,1,1,1,1,46,Temperature Scaling (TS),58.5,13.833740717923515,14.863529334843829,0.19858607708170622,0.8060189475852129
scienceqa,mqt,1,1,1,1,1,46,Platt Scaling (1D),58.5,7.3239849322095445,6.8712570172172125,0.1745999105255504,0.8060189475852129
scienceqa,mqt,1,1,1,1,1,46,Trajectory Platt (5D),58.5,7.420746382325888,6.8712312541902065,0.1745966397133432,0.8060189475852129
scienceqa,mqt,2,9,9,10,9,42,Naive Confidence (NC),62.25000000000001,23.24635467678308,22.897101514041427,0.23767082597684563,0.8170430064629377
scienceqa,mqt,2,9,9,10,9,42,Temperature Scaling (TS),62.25000000000001,12.524377495634878,11.674877088905632,0.1865863240900837,0.8170430064629377
scienceqa,mqt,2,9,9,10,9,42,Platt Scaling (1D),62.25000000000001,4.2504019308380645,5.321660705995149,0.16965231318481544,0.8170430064629377
scienceqa,mqt,2,9,9,10,10,42,Trajectory Platt (5D),62.25000000000001,5.490091618150472,6.968596648424863,0.16649410587523022,0.8238516981834623
scienceqa,mqt,2,9,9,10,9,43,Naive Confidence (NC),62.25000000000001,24.40519558638334,24.406029932200912,0.26264359183925096,0.772813106731562
scienceqa,mqt,2,9,9,10,9,43,Temperature Scaling (TS),62.25000000000001,12.157802750339782,11.512398824131576,0.1982166733796074,0.772813106731562
scienceqa,mqt,2,9,9,10,9,43,Platt Scaling (1D),62.25000000000001,6.613929462184759,7.464990433086586,0.18625818620132267,0.772813106731562
scienceqa,mqt,2,9,9,10,10,43,Trajectory Platt (5D),62.25000000000001,7.869698785245418,7.992408685386182,0.18511378279740584,0.7727865102795288
scienceqa,mqt,2,9,9,10,9,44,Naive Confidence (NC),62.25000000000001,23.046883672475815,23.04688367247582,0.2495272414929866,0.7782121864943217
scienceqa,mqt,2,9,9,10,9,44,Temperature Scaling (TS),62.25000000000001,10.698979825959212,10.57037698480295,0.19526027330370524,0.7782121864943217
scienceqa,mqt,2,9,9,10,9,44,Platt Scaling (1D),62.25000000000001,5.4210266016818895,6.1100179601170685,0.18361589365692005,0.7782121864943217
scienceqa,mqt,2,9,9,10,10,44,Trajectory Platt (5D),62.25000000000001,6.016439512372016,5.150294333696366,0.18052598810485473,0.785260246283146
scienceqa,mqt,2,9,9,10,9,45,Naive Confidence (NC),62.25000000000001,23.062409274280064,23.069858781993393,0.24839393993695397,0.78964866086864
scienceqa,mqt,2,9,9,10,9,45,Temperature Scaling (TS),62.25000000000001,11.84708661508535,12.311939077501599,0.1918778883325982,0.78964866086864
scienceqa,mqt,2,9,9,10,9,45,Platt Scaling (1D),62.25000000000001,7.586840892651008,6.786354534362352,0.17823347406269682,0.78964866086864
scienceqa,mqt,2,9,9,10,10,45,Trajectory Platt (5D),62.25000000000001,6.666611932218075,7.495554469525814,0.1729269857105477,0.8019362217080241
scienceqa,mqt,2,9,9,10,9,46,Naive Confidence (NC),62.25000000000001,25.733152575790886,24.85360891371966,0.2753117950545079,0.732758849969414
scienceqa,mqt,2,9,9,10,9,46,Temperature Scaling (TS),62.25000000000001,9.460585534744721,10.38326916743723,0.20535631614157054,0.732758849969414
scienceqa,mqt,2,9,9,10,9,46,Platt Scaling (1D),62.25000000000001,6.985868686633418,8.047482923191344,0.19811763244254008,0.732758849969414
scienceqa,mqt,2,9,9,10,10,46,Trajectory Platt (5D),62.25000000000001,6.981649313122033,8.391324657946821,0.19258056980660668,0.7429984840022341
scienceqa,mqt,3,36,36,46,36,42,Naive Confidence (NC),62.74999999999999,23.613993689417832,23.614578530192375,0.2607490046701681,0.7686301772774673
scienceqa,mqt,3,36,36,46,36,42,Temperature Scaling (TS),62.74999999999999,12.211572512065775,12.35691831932926,0.19465096671647308,0.7686301772774673
scienceqa,mqt,3,36,36,46,36,42,Platt Scaling (1D),62.74999999999999,7.548899106732717,9.793725422372612,0.1839678624263135,0.7686301772774673
scienceqa,mqt,3,36,36,46,46,42,Trajectory Platt (5D),62.74999999999999,6.23736497759819,6.260724395513533,0.18303723447558207,0.7669189015749084
scienceqa,mqt,3,36,36,46,36,43,Naive Confidence (NC),62.74999999999999,24.496058329939842,24.078418999910355,0.2590911445935845,0.7772935105216717
scienceqa,mqt,3,36,36,46,36,43,Temperature Scaling (TS),62.74999999999999,10.542878711247868,11.068285362003435,0.1947412600139317,0.7772935105216717
scienceqa,mqt,3,36,36,46,36,43,Platt Scaling (1D),62.74999999999999,7.051493101437319,6.165579401425688,0.18301520350926448,0.7772935105216717
scienceqa,mqt,3,36,36,46,46,43,Trajectory Platt (5D),62.74999999999999,6.88570600375533,6.448748495429754,0.18364069354844048,0.7729885825824221
scienceqa,mqt,3,36,36,46,36,44,Naive Confidence (NC),62.74999999999999,24.4896327778697,24.500537149608135,0.24820747323604536,0.8132837776411134
scienceqa,mqt,3,36,36,46,36,44,Temperature Scaling (TS),62.74999999999999,13.179972118834652,13.4813511757089,0.18744813527401458,0.8132837776411134
scienceqa,mqt,3,36,36,46,36,44,Platt Scaling (1D),62.74999999999999,7.182900928195843,7.570033355900846,0.17027116516256866,0.8132837776411134
scienceqa,mqt,3,36,36,46,46,44,Trajectory Platt (5D),62.74999999999999,5.167191788554193,6.413085170090202,0.16593693443257482,0.824005989464959
scienceqa,mqt,3,36,36,46,36,45,Naive Confidence (NC),62.74999999999999,25.160733096301556,25.100028000772006,0.27768814303026607,0.7292975748014654
scienceqa,mqt,3,36,36,46,36,45,Temperature Scaling (TS),62.74999999999999,10.107791269742991,10.336084313662006,0.20730447951079295,0.7292975748014654
scienceqa,mqt,3,36,36,46,36,45,Platt Scaling (1D),62.74999999999999,8.07887087449601,9.110126558830515,0.2025681824690557,0.7292975748014654
scienceqa,mqt,3,36,36,46,46,45,Trajectory Platt (5D),62.74999999999999,8.778116438537838,7.515969227999447,0.20099264319121374,0.727399128318939
scienceqa,mqt,3,36,36,46,36,46,Naive Confidence (NC),62.74999999999999,24.78070195764303,24.783339165151116,0.2594666338211636,0.7890050536110591
scienceqa,mqt,3,36,36,46,36,46,Temperature Scaling (TS),62.74999999999999,11.446114529678352,11.308600786312558,0.19371162572208206,0.7890050536110591
scienceqa,mqt,3,36,36,46,36,46,Platt Scaling (1D),62.74999999999999,7.298430090541904,6.936208010450422,0.17924605630165494,0.7890050536110591
scienceqa,mqt,3,36,36,46,46,46,Trajectory Platt (5D),62.74999999999999,5.782059755176307,5.8931013010442275,0.17927863049018053,0.7900746009251585
scienceqa,mqt,4,144,144,190,144,42,Naive Confidence (NC),63.24999999999999,24.23240515589714,24.234005719423298,0.26537143981106676,0.761366997391842
scienceqa,mqt,4,144,144,190,144,42,Temperature Scaling (TS),63.24999999999999,11.074902888404242,10.898604658113758,0.19569794794823622,0.761366997391842
scienceqa,mqt,4,144,144,190,144,42,Platt Scaling (1D),63.24999999999999,5.547200024947048,8.29806297510175,0.1870319291429667,0.761366997391842
scienceqa,mqt,4,144,144,190,190,42,Trajectory Platt (5D),63.24999999999999,6.626416355371475,7.236792162060738,0.18403763469312398,0.7684117125110914
scienceqa,mqt,4,144,144,190,144,43,Naive Confidence (NC),63.24999999999999,25.583163991570473,24.831356868147857,0.2632040196732353,0.787946008442903
scienceqa,mqt,4,144,144,190,144,43,Temperature Scaling (TS),63.24999999999999,10.893133279883845,13.046186253136849,0.1926837874146448,0.787946008442903
scienceqa,mqt,4,144,144,190,144,43,Platt Scaling (1D),63.24999999999999,5.146110080990853,7.762001218820809,0.17898164644361422,0.787946008442903
scienceqa,mqt,4,144,144,190,190,43,Trajectory Platt (5D),63.24999999999999,8.075881771743298,6.943611256778244,0.17572093726875848,0.7879325643300799
scienceqa,mqt,4,144,144,190,144,44,Naive Confidence (NC),63.24999999999999,25.2039331048727,24.871007174253467,0.2678530527829833,0.7626038557715575
scienceqa,mqt,4,144,144,190,144,44,Temperature Scaling (TS),63.24999999999999,10.965757814525384,11.249243323528685,0.19549945913806702,0.7626038557715575
scienceqa,mqt,4,144,144,190,144,44,Platt Scaling (1D),63.24999999999999,5.763695147181836,6.128663571236818,0.1853408725292088,0.7626038557715575
scienceqa,mqt,4,144,144,190,190,44,Trajectory Platt (5D),63.24999999999999,5.453800313174724,5.749960713088512,0.1834006475871834,0.7689225887983653
scienceqa,mqt,4,144,144,190,144,45,Naive Confidence (NC),63.24999999999999,24.894358851015564,24.894801832735546,0.254456124621224,0.8029093060148962
scienceqa,mqt,4,144,144,190,144,45,Temperature Scaling (TS),63.24999999999999,11.22921369712137,11.815244767730183,0.18879329388812816,0.8029093060148962
scienceqa,mqt,4,144,144,190,144,45,Platt Scaling (1D),63.24999999999999,4.792294550283419,5.716594147575622,0.17270090223994772,0.8029093060148962
scienceqa,mqt,4,144,144,190,190,45,Trajectory Platt (5D),63.24999999999999,4.347148220986127,5.042825352400542,0.172582570841425,0.8019144416659945
scienceqa,mqt,4,144,144,190,144,46,Naive Confidence (NC),63.24999999999999,23.943463124334812,23.945457197725776,0.2559949470161721,0.7813315049339894
scienceqa,mqt,4,144,144,190,144,46,Temperature Scaling (TS),63.24999999999999,11.340749718652717,11.798385155152156,0.19204560818767824,0.7813315049339894
scienceqa,mqt,4,144,144,190,144,46,Platt Scaling (1D),63.24999999999999,6.489466544231681,8.16474050841785,0.1804534294428855,0.7813315049339894
scienceqa,mqt,4,144,144,190,190,46,Trajectory Platt (5D),63.24999999999999,5.13445131480694,6.046870395541191,0.17716021705369422,0.7866688177247183
scienceqa,mqt,5,256,256,446,256,42,Naive Confidence (NC),63.0,23.654432334005833,23.170433156192306,0.2579069462818134,0.7596793221793222
scienceqa,mqt,5,256,256,446,256,42,Temperature Scaling (TS),63.0,9.32068987808021,10.232820222060905,0.19748157159186575,0.7596793221793222
scienceqa,mqt,5,256,256,446,256,42,Platt Scaling (1D),63.0,7.992412771560094,6.908146219993768,0.19160855584674544,0.7596793221793222
scienceqa,mqt,5,256,256,446,446,42,Trajectory Platt (5D),63.0,6.462255418300626,5.7173543572425825,0.1859748736475636,0.7689564564564565
scienceqa,mqt,5,256,256,446,256,43,Naive Confidence (NC),63.0,25.021644696593288,24.784200549125675,0.2676490028430801,0.7860226297726297
scienceqa,mqt,5,256,256,446,256,43,Temperature Scaling (TS),63.0,13.68735876250106,12.773494971508548,0.19079052075419992,0.7860226297726297
scienceqa,mqt,5,256,256,446,256,43,Platt Scaling (1D),63.0,7.648507664707951,7.168179875434026,0.17545470335970634,0.7860226297726297
scienceqa,mqt,5,256,256,446,446,43,Trajectory Platt (5D),63.0,6.952676329761742,6.480109576135873,0.17135583537959553,0.7952595452595452
scienceqa,mqt,5,256,256,446,256,44,Naive Confidence (NC),63.0,25.41219799220562,25.412698790431026,0.2708661056628325,0.7738631488631489
scienceqa,mqt,5,256,256,446,256,44,Temperature Scaling (TS),63.0,11.503034804694288,12.074826927515891,0.19547426231518764,0.7738631488631489
scienceqa,mqt,5,256,256,446,256,44,Platt Scaling (1D),63.0,6.616545108052013,8.548689792114466,0.18234024706663132,0.7738631488631489
scienceqa,mqt,5,256,256,446,446,44,Trajectory Platt (5D),63.0,4.076355300843716,4.060619972646236,0.17878946063988946,0.7836497211497211
scienceqa,mqt,5,256,256,446,256,45,Naive Confidence (NC),63.0,25.180117122828964,24.735939435660843,0.27105082257016266,0.7609126984126984
scienceqa,mqt,5,256,256,446,256,45,Temperature Scaling (TS),63.0,10.594754935950471,11.94033741177041,0.19856913083934655,0.7609126984126984
scienceqa,mqt,5,256,256,446,256,45,Platt Scaling (1D),63.0,7.255882664451488,7.822798362830763,0.18966258716656295,0.7609126984126984
scienceqa,mqt,5,256,256,446,446,45,Trajectory Platt (5D),63.0,6.276662595570088,7.4262656569480905,0.1883290563585473,0.758660446160446
scienceqa,mqt,5,256,256,446,256,46,Naive Confidence (NC),63.0,24.19881757348776,24.211897931993015,0.24844761365773654,0.8247533247533247
scienceqa,mqt,5,256,256,446,256,46,Temperature Scaling (TS),63.0,14.86087451297326,15.957698072345822,0.1837294024339223,0.8247533247533247
scienceqa,mqt,5,256,256,446,256,46,Platt Scaling (1D),63.0,7.248321706028696,9.03757694596019,0.1641915080071312,0.8247533247533247
scienceqa,mqt,5,256,256,446,446,46,Trajectory Platt (5D),63.0,7.605890564620495,6.9123150780797005,0.1612081915749696,0.8271664521664521
textvqa,mqt,1,1,1,1,1,42,Naive Confidence (NC),12.5,26.358558232197538,26.439181877532974,0.24430453292219095,0.7070857142857143
textvqa,mqt,1,1,1,1,1,42,Temperature Scaling (TS),12.5,35.85828136412809,36.922205083253374,0.23723877088764148,0.7070857142857143
textvqa,mqt,1,1,1,1,1,42,Platt Scaling (1D),12.5,5.321152826737105,10.369097004858201,0.10910793202420718,0.7070857142857143
textvqa,mqt,1,1,1,1,1,42,Trajectory Platt (5D),12.5,5.2403479591012,10.372141644358637,0.10908807982731297,0.7070857142857143
textvqa,mqt,1,1,1,1,1,43,Naive Confidence (NC),12.5,30.58096586936153,30.58096586936154,0.27086799542077794,0.7178857142857142
textvqa,mqt,1,1,1,1,1,43,Temperature Scaling (TS),12.5,36.97879103085577,36.97879103085577,0.24251940240698439,0.7178857142857142
textvqa,mqt,1,1,1,1,1,43,Platt Scaling (1D),12.5,4.9381869427344265,7.4510781380545845,0.10558158056440918,0.7178857142857142
textvqa,mqt,1,1,1,1,1,43,Trajectory Platt (5D),12.5,4.940758116543292,7.451244357973337,0.10558022823175893,0.7178857142857142
textvqa,mqt,1,1,1,1,1,44,Naive Confidence (NC),12.5,28.342332306317985,28.41241599898785,0.28106587584877446,0.6326285714285714
textvqa,mqt,1,1,1,1,1,44,Temperature Scaling (TS),12.5,36.15735080455198,36.15735080455199,0.2444048861459772,0.6326285714285714
textvqa,mqt,1,1,1,1,1,44,Platt Scaling (1D),12.5,6.221457964401482,9.015535915692249,0.11170927126642884,0.6326285714285714
textvqa,mqt,1,1,1,1,1,44,Trajectory Platt (5D),12.5,6.141044073738157,9.0069894278422,0.11167808209017797,0.6326285714285714
textvqa,mqt,1,1,1,1,1,45,Naive Confidence (NC),12.5,29.2800102236215,28.86308953189291,0.26763263514752245,0.696
textvqa,mqt,1,1,1,1,1,45,Temperature Scaling (TS),12.5,36.32955548278413,36.32955548278412,0.24223683690231126,0.696
textvqa,mqt,1,1,1,1,1,45,Platt Scaling (1D),12.5,6.177360668928491,12.05585324855142,0.10984973207327726,0.696
textvqa,mqt,1,1,1,1,1,45,Trajectory Platt (5D),12.5,6.169689791277051,12.05022611282766,0.1098278968500641,0.696
textvqa,mqt,1,1,1,1,1,46,Naive Confidence (NC),12.5,30.41901467437856,30.41901467437856,0.26620534588333866,0.7180571428571428
textvqa,mqt,1,1,1,1,1,46,Temperature Scaling (TS),12.5,36.8276036211616,36.82760362116161,0.24095012095693122,0.7180571428571428
textvqa,mqt,1,1,1,1,1,46,Platt Scaling (1D),12.5,6.562647773431523,9.952511841893708,0.10553631256017386,0.7180571428571428
textvqa,mqt,1,1,1,1,1,46,Trajectory Platt (5D),12.5,6.568304032087324,9.950050350278616,0.10553771439638808,0.7180571428571428
textvqa,mqt,2,9,9,10,9,42,Naive Confidence (NC),19.75,31.032916232943535,31.032916232943535,0.30220406351971457,0.6903269056350803
textvqa,mqt,2,9,9,10,9,42,Temperature Scaling (TS),19.75,30.93202860500652,30.932028605006522,0.24744354106000657,0.6903269056350803
textvqa,mqt,2,9,9,10,9,42,Platt Scaling (1D),19.75,6.610888075931691,7.7967565387983235,0.15006868360995873,0.6903269056350803
textvqa,mqt,2,9,9,10,10,42,Trajectory Platt (5D),19.75,5.361510459333658,7.519189186394215,0.14163579484471583,0.6976615797152884
textvqa,mqt,2,9,9,10,9,43,Naive Confidence (NC),19.75,28.36367733776569,28.363677337765697,0.2825733656151426,0.7083481209826886
textvqa,mqt,2,9,9,10,9,43,Temperature Scaling (TS),19.75,30.804870625524515,30.644729605615645,0.24661574022418356,0.7083481209826886
textvqa,mqt,2,9,9,10,9,43,Platt Scaling (1D),19.75,12.023329666127456,11.870116463835279,0.15359658779478325,0.7083481209826886
textvqa,mqt,2,9,9,10,10,43,Trajectory Platt (5D),19.75,5.036650589667261,7.5730372620746484,0.14401011757236984,0.6535746677708112
textvqa,mqt,2,9,9,10,9,44,Naive Confidence (NC),19.75,28.04584521939978,28.045845219399784,0.2625252839971433,0.7380022871564336
textvqa,mqt,2,9,9,10,9,44,Temperature Scaling (TS),19.75,30.553402594987467,31.70357475393174,0.245179655971099,0.7380022871564336
textvqa,mqt,2,9,9,10,9,44,Platt Scaling (1D),19.75,10.809804309354654,11.159066003780872,0.1496541457094122,0.7380022871564336
textvqa,mqt,2,9,9,10,10,44,Trajectory Platt (5D),19.75,6.654347913339734,8.651016576215627,0.13852709358099413,0.735163058480224
textvqa,mqt,2,9,9,10,9,45,Naive Confidence (NC),19.75,28.805912774056196,28.805912774056196,0.2720805349340717,0.7239244449702275
textvqa,mqt,2,9,9,10,9,45,Temperature Scaling (TS),19.75,30.838392100452023,30.673177089620584,0.24574957385303045,0.7239244449702275
textvqa,mqt,2,9,9,10,9,45,Platt Scaling (1D),19.75,8.590368304754582,9.285530616970902,0.15006524538448107,0.7239244449702275
textvqa,mqt,2,9,9,10,10,45,Trajectory Platt (5D),19.75,5.5623720195144415,6.513135498389603,0.14210578416865186,0.6920225560944832
textvqa,mqt,2,9,9,10,9,46,Naive Confidence (NC),19.75,28.780327162705362,28.780327162705362,0.2732263295645367,0.7240033124334555
textvqa,mqt,2,9,9,10,9,46,Temperature Scaling (TS),19.75,30.719182712662857,30.71918271266285,0.24601338877859452,0.7240033124334555
textvqa,mqt,2,9,9,10,9,46,Platt Scaling (1D),19.75,8.884859483589311,10.662282981504406,0.15066995842913788,0.7240033124334555
textvqa,mqt,2,9,9,10,10,46,Trajectory Platt (5D),19.75,5.064701555296778,7.503427715972066,0.13630893492001983,0.7579557553531291
textvqa,mqt,3,36,36,46,36,42,Naive Confidence (NC),30.0,29.530676137655977,29.53067613765598,0.28519790459559113,0.7363988095238095
textvqa,mqt,3,36,36,46,36,42,Temperature Scaling (TS),30.0,22.007956338982414,23.468083265411586,0.2466639023696987,0.7363988095238095
textvqa,mqt,3,36,36,46,36,42,Platt Scaling (1D),30.0,11.016516722134023,12.729926646738724,0.1916379693621599,0.7363988095238095
textvqa,mqt,3,36,36,46,46,42,Trajectory Platt (5D),30.0,5.398268012329935,4.923580070957542,0.16672742591230816,0.7710119047619047
textvqa,mqt,3,36,36,46,36,43,Naive Confidence (NC),30.0,29.193572488613427,29.193572488613427,0.29711526162644586,0.7045833333333333
textvqa,mqt,3,36,36,46,36,43,Temperature Scaling (TS),30.0,22.00349781063328,22.00349781063328,0.2487694397579677,0.7045833333333333
textvqa,mqt,3,36,36,46,36,43,Platt Scaling (1D),30.0,10.171783849303859,11.066798824521056,0.1982134176636122,0.7045833333333333
textvqa,mqt,3,36,36,46,46,43,Trajectory Platt (5D),30.0,6.358668546192348,8.494075934402643,0.1815581476995458,0.7209821428571429
textvqa,mqt,3,36,36,46,36,44,Naive Confidence (NC),30.0,30.831649805419147,30.831649805419147,0.29986034324016875,0.7243154761904762
textvqa,mqt,3,36,36,46,36,44,Temperature Scaling (TS),30.0,22.062510397249547,22.847966524911403,0.2471692847054794,0.7243154761904762
textvqa,mqt,3,36,36,46,36,44,Platt Scaling (1D),30.0,10.70412545872137,10.807828929279937,0.19094523659928675,0.7243154761904762
textvqa,mqt,3,36,36,46,46,44,Trajectory Platt (5D),30.0,7.230786649510265,6.269197368994356,0.1698589636951452,0.7562202380952381
textvqa,mqt,3,36,36,46,36,45,Naive Confidence (NC),30.0,32.30235516745598,32.30235516745598,0.3075545905306798,0.7233928571428572
textvqa,mqt,3,36,36,46,36,45,Temperature Scaling (TS),30.0,23.032825113807203,24.420564875111868,0.24910150558250052,0.7233928571428572
textvqa,mqt,3,36,36,46,36,45,Platt Scaling (1D),30.0,11.800177994981388,14.537133224261755,0.1934956255773397,0.7233928571428572
textvqa,mqt,3,36,36,46,46,45,Trajectory Platt (5D),30.0,4.037878634408116,6.586806355044245,0.17514791620542677,0.7349107142857143
textvqa,mqt,3,36,36,46,36,46,Naive Confidence (NC),30.0,30.11633900739253,30.11633900739253,0.28579111856308737,0.7437797619047619
textvqa,mqt,3,36,36,46,36,46,Temperature Scaling (TS),30.0,21.945391830551365,22.882224105227294,0.24619030579629736,0.7437797619047619
textvqa,mqt,3,36,36,46,36,46,Platt Scaling (1D),30.0,8.743298224714382,11.280807361995784,0.18770271290668347,0.7437797619047619
textvqa,mqt,3,36,36,46,46,46,Trajectory Platt (5D),30.0,7.097318173386157,6.4058073880150905,0.17791002108085555,0.7196428571428571
textvqa,mqt,4,144,144,190,144,42,Naive Confidence (NC),36.0,29.94491290021688,29.626163183711473,0.2927686104675702,0.7384168836805556
textvqa,mqt,4,144,144,190,144,42,Temperature Scaling (TS),36.0,17.769402515591022,18.62032415380053,0.24437584315893493,0.7384168836805556
textvqa,mqt,4,144,144,190,144,42,Platt Scaling (1D),36.0,10.748403334972425,11.31059372666869,0.2016973506900281,0.7384168836805556
textvqa,mqt,4,144,144,190,190,42,Trajectory Platt (5D),36.0,5.668235148303209,6.4945383789017805,0.17753427227444632,0.77099609375
textvqa,mqt,4,144,144,190,144,43,Naive Confidence (NC),36.0,29.247292687650766,29.247292687650774,0.2935669320435239,0.7191569010416667
textvqa,mqt,4,144,144,190,144,43,Temperature Scaling (TS),36.0,16.671437638627754,19.19109912971114,0.24614591772747332,0.7191569010416667
textvqa,mqt,4,144,144,190,144,43,Platt Scaling (1D),36.0,13.757823593674987,12.442257573687021,0.2092915108809455,0.7191569010416667
textvqa,mqt,4,144,144,190,190,43,Trajectory Platt (5D),36.0,2.816904604434969,5.817948192358016,0.184514518583522,0.7589518229166667
textvqa,mqt,4,144,144,190,144,44,Naive Confidence (NC),36.0,29.11953970883041,28.827453206293285,0.3112953787309816,0.6768391927083333
textvqa,mqt,4,144,144,190,144,44,Temperature Scaling (TS),36.0,16.663825207462292,17.94211526403181,0.24963096762583084,0.6768391927083333
textvqa,mqt,4,144,144,190,144,44,Platt Scaling (1D),36.0,13.479157488654748,13.055600543987836,0.2209111948613131,0.6768391927083333
textvqa,mqt,4,144,144,190,190,44,Trajectory Platt (5D),36.0,7.272295682691038,7.985774262808262,0.2051983247430031,0.6995442708333334
textvqa,mqt,4,144,144,190,144,45,Naive Confidence (NC),36.0,28.685646380297836,28.30619882140309,0.2770125687775246,0.7472873263888888
textvqa,mqt,4,144,144,190,144,45,Temperature Scaling (TS),36.0,16.297297752203285,21.35229053882148,0.24430001722282008,0.7472873263888888
textvqa,mqt,4,144,144,190,144,45,Platt Scaling (1D),36.0,13.241277408390669,14.745961347295466,0.20356932612421214,0.7472873263888888
textvqa,mqt,4,144,144,190,190,45,Trajectory Platt (5D),36.0,7.560757629573346,8.182335332036017,0.18045042777400863,0.7654351128472222
textvqa,mqt,4,144,144,190,144,46,Naive Confidence (NC),36.0,31.249106509611014,30.62208067439497,0.3243476529791123,0.6778700086805556
textvqa,mqt,4,144,144,190,144,46,Temperature Scaling (TS),36.0,17.807894145320876,19.111306866001033,0.2499392161492544,0.6778700086805556
textvqa,mqt,4,144,144,190,144,46,Platt Scaling (1D),36.0,10.421597598637536,11.542327801479221,0.218546288437964,0.6778700086805556
textvqa,mqt,4,144,144,190,190,46,Trajectory Platt (5D),36.0,7.840602249838414,9.348232884891331,0.1976267710686741,0.7167426215277779
textvqa,mqt,5,256,256,446,256,42,Naive Confidence (NC),35.25,32.2661077445373,31.908288703300062,0.32861031310439887,0.684438237629727
textvqa,mqt,5,256,256,446,256,42,Temperature Scaling (TS),35.25,18.20603702978145,18.31630076175477,0.2502579678415856,0.684438237629727
textvqa,mqt,5,256,256,446,256,42,Platt Scaling (1D),35.25,8.94562090648144,10.462815853262565,0.21481239316903852,0.684438237629727
textvqa,mqt,5,256,256,446,446,42,Trajectory Platt (5D),35.25,5.2525880597531796,7.762586463242768,0.19478011037077755,0.7189682083299105
textvqa,mqt,5,256,256,446,256,43,Naive Confidence (NC),35.25,31.76873457059265,31.455963682383302,0.308748254826933,0.7239245324351706
textvqa,mqt,5,256,256,446,256,43,Temperature Scaling (TS),35.25,18.03381278618844,18.88679837370068,0.24608519414271476,0.7239245324351706
textvqa,mqt,5,256,256,446,256,43,Platt Scaling (1D),35.25,9.753640960567196,10.446641546433504,0.20383147234637833,0.7239245324351706
textvqa,mqt,5,256,256,446,446,43,Trajectory Platt (5D),35.25,3.6780201075598598,4.865157552994788,0.18076264617409377,0.76283578411238
textvqa,mqt,5,256,256,446,256,44,Naive Confidence (NC),35.25,31.689091848209504,31.331658961251378,0.30590786665008846,0.729483282674772
textvqa,mqt,5,256,256,446,256,44,Temperature Scaling (TS),35.25,17.726448124931256,20.042683208907665,0.24589888932295462,0.729483282674772
textvqa,mqt,5,256,256,446,256,44,Platt Scaling (1D),35.25,10.287207435240807,9.87439782119155,0.20238050397932014,0.729483282674772
textvqa,mqt,5,256,256,446,446,44,Trajectory Platt (5D),35.25,6.0095265302807075,5.975460359826685,0.17374566396116495,0.7863851693638928
textvqa,mqt,5,256,256,446,256,45,Naive Confidence (NC),35.25,33.39087082166225,33.39087082166225,0.3108693773527921,0.7416139543799118
textvqa,mqt,5,256,256,446,256,45,Temperature Scaling (TS),35.25,18.50972660613475,18.974250008186274,0.24595469151467936,0.7416139543799118
textvqa,mqt,5,256,256,446,256,45,Platt Scaling (1D),35.25,11.6486803831899,10.77305901503361,0.19895258230860585,0.7416139543799118
textvqa,mqt,5,256,256,446,446,45,Trajectory Platt (5D),35.25,5.632604129612447,5.455471083521843,0.1778078759746822,0.7693529395657055
textvqa,mqt,5,256,256,446,256,46,Naive Confidence (NC),35.25,30.6627999925986,30.329626689665023,0.2970877726179544,0.724609107587831
textvqa,mqt,5,256,256,446,256,46,Temperature Scaling (TS),35.25,17.69292665107722,21.06453255022594,0.24634508668917274,0.724609107587831
textvqa,mqt,5,256,256,446,256,46,Platt Scaling (1D),35.25,11.321799150805793,12.78528475949447,0.2063250177309087,0.724609107587831
textvqa,mqt,5,256,256,446,446,46,Trajectory Platt (5D),35.25,7.387787566520272,6.358832732774318,0.1823574511479675,0.7609463566910375
vizwiz-vqa,mqt,1,1,1,1,1,42,Naive Confidence (NC),15.5,19.747633066028357,19.747633066028357,0.16844303895565005,0.7817331551822867
vizwiz-vqa,mqt,1,1,1,1,1,42,Temperature Scaling (TS),15.5,19.941275485341553,19.941275485341556,0.16857310082436894,0.7817331551822867
vizwiz-vqa,mqt,1,1,1,1,1,42,Platt Scaling (1D),15.5,4.6323306938455415,6.353758587041803,0.12132010485128596,0.7817331551822867
vizwiz-vqa,mqt,1,1,1,1,1,42,Trajectory Platt (5D),15.5,4.426136154215783,6.356145182158798,0.12128911592313274,0.7817331551822867
vizwiz-vqa,mqt,1,1,1,1,1,43,Naive Confidence (NC),15.5,19.390471252612766,19.39047125261277,0.15960513902738005,0.815136476426799
vizwiz-vqa,mqt,1,1,1,1,1,43,Temperature Scaling (TS),15.5,19.73472040259504,19.734720402595045,0.1599590593342239,0.815136476426799
vizwiz-vqa,mqt,1,1,1,1,1,43,Platt Scaling (1D),15.5,6.170565093007262,6.135696331817063,0.11704640519979369,0.815136476426799
vizwiz-vqa,mqt,1,1,1,1,1,43,Trajectory Platt (5D),15.5,6.185712577775121,6.136540167033673,0.11702853711589195,0.815136476426799
vizwiz-vqa,mqt,1,1,1,1,1,44,Naive Confidence (NC),15.5,18.73459109012038,18.73459109012038,0.1553006409714936,0.8144684100019087
vizwiz-vqa,mqt,1,1,1,1,1,44,Temperature Scaling (TS),15.5,19.341900992740964,19.34190099274096,0.15600729269901115,0.8144684100019087
vizwiz-vqa,mqt,1,1,1,1,1,44,Platt Scaling (1D),15.5,5.255823020462074,6.307899336436155,0.11425458675674875,0.8144684100019087
vizwiz-vqa,mqt,1,1,1,1,1,44,Trajectory Platt (5D),15.5,5.276618333999067,6.31284178281203,0.11424619854731864,0.8144684100019087
vizwiz-vqa,mqt,1,1,1,1,1,45,Naive Confidence (NC),15.5,19.138770768418905,19.13877076841891,0.1666349530643318,0.7807787745753006
vizwiz-vqa,mqt,1,1,1,1,1,45,Temperature Scaling (TS),15.5,19.43962792236506,19.43962792236506,0.16671009580570703,0.7807787745753006
vizwiz-vqa,mqt,1,1,1,1,1,45,Platt Scaling (1D),15.5,5.158970814719804,5.707336681406676,0.12099450647958056,0.7807787745753006
vizwiz-vqa,mqt,1,1,1,1,1,45,Trajectory Platt (5D),15.5,5.10450763721019,5.705792390741408,0.12097454272125105,0.7807787745753006
vizwiz-vqa,mqt,1,1,1,1,1,46,Naive Confidence (NC),15.5,19.18836494255811,19.18836494255811,0.15954797031682083,0.8117007062416493
vizwiz-vqa,mqt,1,1,1,1,1,46,Temperature Scaling (TS),15.5,19.662942484924713,19.662942484924713,0.15994522891156732,0.8117007062416493
vizwiz-vqa,mqt,1,1,1,1,1,46,Platt Scaling (1D),15.5,6.454828232169161,6.3014239811611095,0.11642243870207349,0.8117007062416493
vizwiz-vqa,mqt,1,1,1,1,1,46,Trajectory Platt (5D),15.5,6.469637673813848,6.3073477377183735,0.11641000480703745,0.8117007062416493
vizwiz-vqa,mqt,2,9,9,10,9,42,Naive Confidence (NC),22.75,21.75226058065891,21.752260580658913,0.19094453358747288,0.7996016928055762
vizwiz-vqa,mqt,2,9,9,10,9,42,Temperature Scaling (TS),22.75,23.215008428301072,23.21500842830108,0.19423599807466274,0.7996016928055762
vizwiz-vqa,mqt,2,9,9,10,9,42,Platt Scaling (1D),22.75,7.327805633710824,7.727682615867818,0.14196581569476996,0.7996016928055762
vizwiz-vqa,mqt,2,9,9,10,10,42,Trajectory Platt (5D),22.75,4.546101692598314,6.8901848890818655,0.13927068388353747,0.8009175290728691
vizwiz-vqa,mqt,2,9,9,10,9,43,Naive Confidence (NC),22.75,22.005283609498292,22.005283609498292,0.19014077002735916,0.8073188946975355
vizwiz-vqa,mqt,2,9,9,10,9,43,Temperature Scaling (TS),22.75,23.46689400360983,23.466894003609827,0.1930307651650851,0.8073188946975355
vizwiz-vqa,mqt,2,9,9,10,9,43,Platt Scaling (1D),22.75,5.5871129927595,5.518985508786414,0.13879563894445934,0.8073188946975355
vizwiz-vqa,mqt,2,9,9,10,10,43,Trajectory Platt (5D),22.75,4.792645378969611,5.479061457328499,0.1366369359810175,0.8055763007219318
vizwiz-vqa,mqt,2,9,9,10,9,44,Naive Confidence (NC),22.75,23.728581842966374,23.750292743556205,0.20907976896905275,0.7813933639176358
vizwiz-vqa,mqt,2,9,9,10,9,44,Temperature Scaling (TS),22.75,24.476450165255553,24.47645016525555,0.20693285966636515,0.7813933639176358
vizwiz-vqa,mqt,2,9,9,10,9,44,Platt Scaling (1D),22.75,4.980597584305591,3.6263887253823532,0.14432888030941193,0.7813933639176358
vizwiz-vqa,mqt,2,9,9,10,10,44,Trajectory Platt (5D),22.75,4.481831214856356,5.2324323314242065,0.14282342564999154,0.7814289270599949
vizwiz-vqa,mqt,2,9,9,10,9,45,Naive Confidence (NC),22.75,20.047856529243287,20.13152239006013,0.17355378412588252,0.8277677015541093
vizwiz-vqa,mqt,2,9,9,10,9,45,Temperature Scaling (TS),22.75,21.98821981239748,21.988219812397478,0.1805798307371439,0.8277677015541093
vizwiz-vqa,mqt,2,9,9,10,9,45,Platt Scaling (1D),22.75,6.100100903916999,6.048357577524452,0.1342195578907417,0.8277677015541093
vizwiz-vqa,mqt,2,9,9,10,10,45,Trajectory Platt (5D),22.75,6.811160137876869,7.487312722951176,0.1327471105112096,0.8190547316760909
vizwiz-vqa,mqt,2,9,9,10,9,46,Naive Confidence (NC),22.75,25.486709697172046,25.486709697172046,0.22510891192440838,0.7684483800988655
vizwiz-vqa,mqt,2,9,9,10,9,46,Temperature Scaling (TS),22.75,25.9934376713305,25.9934376713305,0.22267279564724404,0.7684483800988655
vizwiz-vqa,mqt,2,9,9,10,9,46,Platt Scaling (1D),22.75,8.658818209535486,7.617721362141117,0.1594696652210276,0.7684483800988655
vizwiz-vqa,mqt,2,9,9,10,10,46,Trajectory Platt (5D),22.75,8.421366826165466,7.080849757883698,0.15768243686709296,0.7688751378071766
vizwiz-vqa,mqt,3,36,36,46,36,42,Naive Confidence (NC),26.5,25.044071750715375,25.04407175071538,0.21169470850213912,0.8185406237966886
vizwiz-vqa,mqt,3,36,36,46,36,42,Temperature Scaling (TS),26.5,25.990978357723492,25.638679461961704,0.21418781066927792,0.8185406237966886
vizwiz-vqa,mqt,3,36,36,46,36,42,Platt Scaling (1D),26.5,8.752102024102552,9.759791122020717,0.15210518512632693,0.8185406237966886
vizwiz-vqa,mqt,3,36,36,46,46,42,Trajectory Platt (5D),26.5,5.050031187944114,6.640278342179955,0.14675994785739638,0.8202092157617764
vizwiz-vqa,mqt,3,36,36,46,36,43,Naive Confidence (NC),26.5,23.562327967025336,23.562327967025343,0.2235743127882601,0.7729752278269798
vizwiz-vqa,mqt,3,36,36,46,36,43,Temperature Scaling (TS),26.5,24.381694572227357,24.38169457222735,0.22240055779127213,0.7729752278269798
vizwiz-vqa,mqt,3,36,36,46,36,43,Platt Scaling (1D),26.5,8.327749243903247,8.179815784596633,0.17159652639703482,0.7729752278269798
vizwiz-vqa,mqt,3,36,36,46,46,43,Trajectory Platt (5D),26.5,6.834559335373341,6.393264903686941,0.17023765137696384,0.7678090103966115
vizwiz-vqa,mqt,3,36,36,46,36,44,Naive Confidence (NC),26.5,24.51338454615325,24.51338454615325,0.2221074224586313,0.7893081761006289
vizwiz-vqa,mqt,3,36,36,46,36,44,Temperature Scaling (TS),26.5,24.883185755187803,24.883185755187803,0.2197303889482847,0.7893081761006289
vizwiz-vqa,mqt,3,36,36,46,36,44,Platt Scaling (1D),26.5,8.931596715593273,7.3856304035076095,0.1602997575377036,0.7893081761006289
vizwiz-vqa,mqt,3,36,36,46,46,44,Trajectory Platt (5D),26.5,7.2368495566770425,6.814798119477928,0.15318724518894022,0.801565909382621
vizwiz-vqa,mqt,3,36,36,46,36,45,Naive Confidence (NC),26.5,23.360395034775138,23.360395034775145,0.21666555351276423,0.7882171736619176
vizwiz-vqa,mqt,3,36,36,46,36,45,Temperature Scaling (TS),26.5,24.345878115519675,24.345878115519675,0.21842010097696687,0.7882171736619176
vizwiz-vqa,mqt,3,36,36,46,36,45,Platt Scaling (1D),26.5,9.943173880739112,9.794168339162649,0.1658774775333997,0.7882171736619176
vizwiz-vqa,mqt,3,36,36,46,46,45,Trajectory Platt (5D),26.5,6.305533840786665,8.20203188015148,0.16286007795728216,0.7855538441791811
vizwiz-vqa,mqt,3,36,36,46,36,46,Naive Confidence (NC),26.5,24.708435561507937,24.708435561507944,0.22116995036934836,0.7958541907328969
vizwiz-vqa,mqt,3,36,36,46,36,46,Temperature Scaling (TS),26.5,25.152638815885826,25.15263881588583,0.21823895445127142,0.7958541907328969
vizwiz-vqa,mqt,3,36,36,46,36,46,Platt Scaling (1D),26.5,7.319303453570251,6.749012573700281,0.15824888720238522,0.7958541907328969
vizwiz-vqa,mqt,3,36,36,46,46,46,Trajectory Platt (5D),26.5,7.814732714090495,6.901801987085491,0.1549722388791919,0.8014054678475163
vizwiz-vqa,mqt,4,144,144,190,144,42,Naive Confidence (NC),28.999999999999996,27.59482034575195,27.59482034575194,0.24351439760630278,0.7914946576007771
vizwiz-vqa,mqt,4,144,144,190,144,42,Temperature Scaling (TS),28.999999999999996,25.51235305259718,25.472893696271402,0.22931283938273786,0.7914946576007771
vizwiz-vqa,mqt,4,144,144,190,144,42,Platt Scaling (1D),28.999999999999996,6.770577767375528,6.097018198531042,0.1631787101435376,0.7914946576007771
vizwiz-vqa,mqt,4,144,144,190,190,42,Trajectory Platt (5D),28.999999999999996,5.345897313207389,7.281092595309019,0.16285699528329883,0.7851505585235552
vizwiz-vqa,mqt,4,144,144,190,144,43,Naive Confidence (NC),28.999999999999996,25.126394314691424,25.126394314691424,0.22939397703803557,0.790857212238951
vizwiz-vqa,mqt,4,144,144,190,144,43,Temperature Scaling (TS),28.999999999999996,24.587893493839726,23.800488213737204,0.22391187049275438,0.790857212238951
vizwiz-vqa,mqt,4,144,144,190,144,43,Platt Scaling (1D),28.999999999999996,7.147161037727461,7.353866086887216,0.16520109583047063,0.790857212238951
vizwiz-vqa,mqt,4,144,144,190,190,43,Trajectory Platt (5D),28.999999999999996,5.959167651832102,6.278902076184749,0.16339167808854924,0.7822972316658572
vizwiz-vqa,mqt,4,144,144,190,144,44,Naive Confidence (NC),28.999999999999996,24.226440764963627,24.226440764963623,0.22755737403034415,0.7823882952889752
vizwiz-vqa,mqt,4,144,144,190,144,44,Temperature Scaling (TS),28.999999999999996,23.82772361810641,24.75150262506904,0.22440191376527274,0.7823882952889752
vizwiz-vqa,mqt,4,144,144,190,144,44,Platt Scaling (1D),28.999999999999996,7.8387373596355285,7.07080797036272,0.16789559510986166,0.7823882952889752
vizwiz-vqa,mqt,4,144,144,190,190,44,Trajectory Platt (5D),28.999999999999996,4.1707871155813345,4.213687353767455,0.16502246473972973,0.7770155415250123
vizwiz-vqa,mqt,4,144,144,190,144,45,Naive Confidence (NC),28.999999999999996,27.211362241767347,27.21136224176735,0.25140377956134374,0.7593795531811559
vizwiz-vqa,mqt,4,144,144,190,144,45,Temperature Scaling (TS),28.999999999999996,25.367547423470455,25.36754742347046,0.23728600652829906,0.7593795531811559
vizwiz-vqa,mqt,4,144,144,190,144,45,Platt Scaling (1D),28.999999999999996,5.778011928056031,6.038340391082375,0.17569382504092526,0.7593795531811559
vizwiz-vqa,mqt,4,144,144,190,190,45,Trajectory Platt (5D),28.999999999999996,6.5455186422914275,6.168375255540014,0.17314919702227613,0.7554941719281204
vizwiz-vqa,mqt,4,144,144,190,144,46,Naive Confidence (NC),28.999999999999996,25.34057167731225,25.34057167731226,0.22747393196398735,0.7978387566779991
vizwiz-vqa,mqt,4,144,144,190,144,46,Temperature Scaling (TS),28.999999999999996,24.35690065590407,23.91347376371037,0.2242738549627351,0.7978387566779991
vizwiz-vqa,mqt,4,144,144,190,144,46,Platt Scaling (1D),28.999999999999996,7.91323140329621,7.740402559085596,0.16563160975324068,0.7978387566779991
vizwiz-vqa,mqt,4,144,144,190,190,46,Trajectory Platt (5D),28.999999999999996,8.310312336310748,6.375027654692531,0.16680633139318546,0.7851809130645945
vizwiz-vqa,mqt,5,256,256,446,256,42,Naive Confidence (NC),23.0,30.66273628547788,30.662736285477877,0.2434844711384708,0.7969014680971203
vizwiz-vqa,mqt,5,256,256,446,256,42,Temperature Scaling (TS),23.0,29.408389698433613,29.408389698433613,0.23277463184702363,0.7969014680971203
vizwiz-vqa,mqt,5,256,256,446,256,42,Platt Scaling (1D),23.0,6.269793439981427,7.6218129358633275,0.14325867224418792,0.7969014680971203
vizwiz-vqa,mqt,5,256,256,446,446,42,Trajectory Platt (5D),23.0,6.029946542810649,8.171469628345221,0.14177023458738333,0.7947487295313382
vizwiz-vqa,mqt,5,256,256,446,256,43,Naive Confidence (NC),23.0,31.98434808757156,31.984348087571558,0.24874180058518655,0.806359401468097
vizwiz-vqa,mqt,5,256,256,446,256,43,Temperature Scaling (TS),23.0,30.89529542411843,29.901725045676052,0.23457256421502223,0.806359401468097
vizwiz-vqa,mqt,5,256,256,446,256,43,Platt Scaling (1D),23.0,5.914789639499983,7.046706632084401,0.14008073748777247,0.806359401468097
vizwiz-vqa,mqt,5,256,256,446,446,43,Trajectory Platt (5D),23.0,3.827293200884014,5.098971714731304,0.13883437701188686,0.7973249576510446
vizwiz-vqa,mqt,5,256,256,446,256,44,Naive Confidence (NC),23.0,32.03869724087417,32.03869724087418,0.25133956144600766,0.8017363071710898
vizwiz-vqa,mqt,5,256,256,446,256,44,Temperature Scaling (TS),23.0,29.891599993899337,29.891599993899337,0.23673486696420803,0.8017363071710898
vizwiz-vqa,mqt,5,256,256,446,256,44,Platt Scaling (1D),23.0,5.928129621113218,6.451928240857878,0.1460436518603507,0.8017363071710898
vizwiz-vqa,mqt,5,256,256,446,446,44,Trajectory Platt (5D),23.0,7.1724159102886915,6.859416272491215,0.14241031386290406,0.7995835686053078
vizwiz-vqa,mqt,5,256,256,446,256,45,Naive Confidence (NC),23.0,30.828296030871567,30.82829603087157,0.22669414999328516,0.8533667419536984
vizwiz-vqa,mqt,5,256,256,446,256,45,Temperature Scaling (TS),23.0,29.533930296973377,29.426264209233672,0.2252492759401571,0.8533667419536984
vizwiz-vqa,mqt,5,256,256,446,256,45,Platt Scaling (1D),23.0,6.764614743782435,6.913050636257176,0.12886380987692903,0.8533667419536984
vizwiz-vqa,mqt,5,256,256,446,446,45,Trajectory Platt (5D),23.0,6.455525919795038,6.577420119196176,0.12556076187352316,0.8495553359683795
vizwiz-vqa,mqt,5,256,256,446,256,46,Naive Confidence (NC),23.0,32.79954361915588,32.799543619155884,0.25330403791642087,0.813558723884811
vizwiz-vqa,mqt,5,256,256,446,256,46,Temperature Scaling (TS),23.0,30.51278956465161,30.512789564651616,0.23684121471233635,0.813558723884811
vizwiz-vqa,mqt,5,256,256,446,256,46,Platt Scaling (1D),23.0,7.934856052920264,7.229963290181368,0.14375230218492363,0.813558723884811
vizwiz-vqa,mqt,5,256,256,446,446,46,Trajectory Platt (5D),23.0,5.957512279041111,7.70082042273134,0.14286657741447256,0.8058300395256918
vqav2,mqt,1,1,1,1,1,42,Naive Confidence (NC),56.49999999999999,9.296477446332574,9.874436857178805,0.2033516978269297,0.7490082392432101
vqav2,mqt,1,1,1,1,1,42,Temperature Scaling (TS),56.49999999999999,14.102006183757398,16.191394974494205,0.2225413952561386,0.7490082392432101
vqav2,mqt,1,1,1,1,1,42,Platt Scaling (1D),56.49999999999999,14.21592120974482,16.120513774680198,0.22302346226081035,0.7490082392432101
vqav2,mqt,1,1,1,1,1,42,Trajectory Platt (5D),56.49999999999999,14.223824501037594,16.12383207678795,0.22305809598511964,0.7490082392432101
vqav2,mqt,1,1,1,1,1,43,Naive Confidence (NC),56.49999999999999,9.748431808315217,9.681672916747628,0.2269351561038691,0.6919184213203133
vqav2,mqt,1,1,1,1,1,43,Temperature Scaling (TS),56.49999999999999,13.9273684945033,13.947811367808743,0.2317354018100548,0.6919184213203133
vqav2,mqt,1,1,1,1,1,43,Platt Scaling (1D),56.49999999999999,12.264625416742696,13.853106207216847,0.23147976270311588,0.6919184213203133
vqav2,mqt,1,1,1,1,1,43,Trajectory Platt (5D),56.49999999999999,12.027987033128738,13.855339676141739,0.23149467300604828,0.6919311362018106
vqav2,mqt,1,1,1,1,1,44,Naive Confidence (NC),56.49999999999999,12.63919120002538,11.970774388872087,0.23580097789155416,0.6764062658936019
vqav2,mqt,1,1,1,1,1,44,Temperature Scaling (TS),56.49999999999999,12.149090291651484,13.142348668088353,0.23472725579958223,0.6764062658936019
vqav2,mqt,1,1,1,1,1,44,Platt Scaling (1D),56.49999999999999,11.623617028456621,13.226382239171402,0.2343502367024356,0.6764062658936019
vqav2,mqt,1,1,1,1,1,44,Trajectory Platt (5D),56.49999999999999,11.623810470104216,13.230718657374382,0.2343584065524349,0.6764062658936019
vqav2,mqt,1,1,1,1,1,45,Naive Confidence (NC),56.49999999999999,10.202710444107655,10.042384592816235,0.23027402348252704,0.6880276675821381
vqav2,mqt,1,1,1,1,1,45,Temperature Scaling (TS),56.49999999999999,14.261953961768192,13.162124414573329,0.23234529596220288,0.6880276675821381
vqav2,mqt,1,1,1,1,1,45,Platt Scaling (1D),56.49999999999999,13.143698463139694,12.805659329948654,0.23223534508044527,0.6880276675821381
vqav2,mqt,1,1,1,1,1,45,Trajectory Platt (5D),56.49999999999999,13.152037560939789,12.808011084795002,0.2322497393921919,0.6880276675821381
vqav2,mqt,1,1,1,1,1,46,Naive Confidence (NC),56.49999999999999,9.653983894735576,10.418208658695221,0.21070171456228054,0.7343098362323264
vqav2,mqt,1,1,1,1,1,46,Temperature Scaling (TS),56.49999999999999,14.925125896844154,17.80952760098171,0.22626580196934223,0.7343098362323264
vqav2,mqt,1,1,1,1,1,46,Platt Scaling (1D),56.49999999999999,14.726220542161435,17.732834352207327,0.2264766120499565,0.7343098362323264
vqav2,mqt,1,1,1,1,1,46,Trajectory Platt (5D),56.49999999999999,14.866406798362727,17.736458212137222,0.2265050649716258,0.7343098362323264
vqav2,mqt,2,9,9,10,9,42,Naive Confidence (NC),68.75,9.079754400998354,10.399853575974703,0.18888322752104666,0.7163345454545456
vqav2,mqt,2,9,9,10,9,42,Temperature Scaling (TS),68.75,12.904312867846876,14.090925536240487,0.20002894682553232,0.7163345454545456
vqav2,mqt,2,9,9,10,9,42,Platt Scaling (1D),68.75,11.010521280304623,13.193911969044484,0.19667502336265877,0.7163345454545456
vqav2,mqt,2,9,9,10,10,42,Trajectory Platt (5D),68.75,5.494416724890469,7.531353663653135,0.18663038076139202,0.7174109090909091
vqav2,mqt,2,9,9,10,9,43,Naive Confidence (NC),68.75,11.033931577578187,11.199308319017291,0.19381975696366296,0.6990981818181818
vqav2,mqt,2,9,9,10,9,43,Temperature Scaling (TS),68.75,15.294352546692854,14.311984164362753,0.20457723440875178,0.6990981818181818
vqav2,mqt,2,9,9,10,9,43,Platt Scaling (1D),68.75,12.12387535424919,12.552756895709722,0.19922701074978935,0.6990981818181818
vqav2,mqt,2,9,9,10,10,43,Trajectory Platt (5D),68.75,6.035750284790993,6.723162412643435,0.19568222753075207,0.6715345454545454
vqav2,mqt,2,9,9,10,9,44,Naive Confidence (NC),68.75,11.90695076063275,11.167779076844456,0.19732550359015757,0.6811636363636363
vqav2,mqt,2,9,9,10,9,44,Temperature Scaling (TS),68.75,13.083579229456513,14.409401514974526,0.20601567270895035,0.6811636363636363
vqav2,mqt,2,9,9,10,9,44,Platt Scaling (1D),68.75,12.489212981027551,12.586492110922268,0.20172565767925807,0.6811636363636363
vqav2,mqt,2,9,9,10,10,44,Trajectory Platt (5D),68.75,4.624857891350985,6.502115633338688,0.20002983473404867,0.6708363636363637
vqav2,mqt,2,9,9,10,9,45,Naive Confidence (NC),68.75,9.69153336435556,9.804609887301922,0.18537003811157277,0.7202036363636364
vqav2,mqt,2,9,9,10,9,45,Temperature Scaling (TS),68.75,14.18735243436905,14.214481523042025,0.1987173658782239,0.7202036363636364
vqav2,mqt,2,9,9,10,9,45,Platt Scaling (1D),68.75,11.771814132382792,11.786211719877807,0.19536304579671324,0.7202036363636364
vqav2,mqt,2,9,9,10,10,45,Trajectory Platt (5D),68.75,6.484999731183051,6.811174869537353,0.18872391040660155,0.7114472727272727
vqav2,mqt,2,9,9,10,9,46,Naive Confidence (NC),68.75,11.67349790968001,11.59336400218308,0.19384311804181628,0.6954763636363637
vqav2,mqt,2,9,9,10,9,46,Temperature Scaling (TS),68.75,15.822315561210146,16.65189292853463,0.2079982340117558,0.6954763636363637
vqav2,mqt,2,9,9,10,9,46,Platt Scaling (1D),68.75,15.531299429181878,14.76844016515827,0.202165012006125,0.6954763636363637
vqav2,mqt,2,9,9,10,10,46,Trajectory Platt (5D),68.75,5.290871888399122,6.989461734890937,0.1976052007372393,0.6683927272727272
vqav2,mqt,3,36,36,46,36,42,Naive Confidence (NC),73.25,9.726332450285554,8.971109071746469,0.17401485955270896,0.7122579822015246
vqav2,mqt,3,36,36,46,36,42,Temperature Scaling (TS),73.25,12.26735690872838,12.56898918196408,0.18258146340533854,0.7122579822015246
vqav2,mqt,3,36,36,46,36,42,Platt Scaling (1D),73.25,9.04487175014106,11.256252430345278,0.17805000951181044,0.7122579822015246
vqav2,mqt,3,36,36,46,46,42,Trajectory Platt (5D),73.25,6.883659105747938,6.61774004623294,0.17496434666967134,0.7289400657076329
vqav2,mqt,3,36,36,46,36,43,Naive Confidence (NC),73.25,10.462772920727728,8.875362128019331,0.16553541525930776,0.7230869828713598
vqav2,mqt,3,36,36,46,36,43,Temperature Scaling (TS),73.25,15.307304825183657,14.746495528268182,0.18049772122809316,0.7230869828713598
vqav2,mqt,3,36,36,46,36,43,Platt Scaling (1D),73.25,10.852315267923922,12.854839338493495,0.17660683149603032,0.7230869828713598
vqav2,mqt,3,36,36,46,46,43,Trajectory Platt (5D),73.25,5.741151586174962,5.614215165376666,0.1603663018998388,0.7800070173200215
vqav2,mqt,3,36,36,46,36,44,Naive Confidence (NC),73.25,10.773315690457823,10.677022509276867,0.16577822377173612,0.7140123122069472
vqav2,mqt,3,36,36,46,36,44,Temperature Scaling (TS),73.25,15.982338827661977,16.27193207211962,0.18077317314831087,0.7140123122069472
vqav2,mqt,3,36,36,46,36,44,Platt Scaling (1D),73.25,13.710945888053368,14.896318372158312,0.17691233339020632,0.7140123122069472
vqav2,mqt,3,36,36,46,46,44,Trajectory Platt (5D),73.25,6.390577917918564,5.542450999841092,0.17128974006098602,0.7503428917737871
vqav2,mqt,3,36,36,46,36,45,Naive Confidence (NC),73.25,10.934385515749454,10.243396393954752,0.16354888346093463,0.73168319989793
vqav2,mqt,3,36,36,46,36,45,Temperature Scaling (TS),73.25,15.057876268669132,15.35942430597407,0.1793141354647184,0.73168319989793
vqav2,mqt,3,36,36,46,36,45,Platt Scaling (1D),73.25,13.960292178950192,15.032251085742063,0.17712851660706153,0.73168319989793
vqav2,mqt,3,36,36,46,46,45,Trajectory Platt (5D),73.25,3.674106530845168,7.758330680429937,0.16339695762294817,0.7740103983923958
vqav2,mqt,3,36,36,46,36,46,Naive Confidence (NC),73.25,10.607570225372912,9.482847714796664,0.16866890027937642,0.7206787662275524
vqav2,mqt,3,36,36,46,36,46,Temperature Scaling (TS),73.25,13.52823610065261,14.745059824834982,0.18089769145739912,0.7206787662275524
vqav2,mqt,3,36,36,46,36,46,Platt Scaling (1D),73.25,9.950762166451181,12.130247744063192,0.17711674391878987,0.7206787662275524
vqav2,mqt,3,36,36,46,46,46,Trajectory Platt (5D),73.25,3.502466414123775,6.770617146044971,0.1646785546538533,0.764377531817167
vqav2,mqt,4,144,144,190,144,42,Naive Confidence (NC),76.25,10.633821643888949,11.008555136620998,0.17080140451188544,0.6651596203623814
vqav2,mqt,4,144,144,190,144,42,Temperature Scaling (TS),76.25,13.938937757370734,15.038658749851416,0.18010738246602656,0.6651596203623814
vqav2,mqt,4,144,144,190,144,42,Platt Scaling (1D),76.25,9.506007930035098,10.506537881744869,0.17116789270489505,0.6651596203623814
vqav2,mqt,4,144,144,190,190,42,Trajectory Platt (5D),76.25,7.480197951197623,7.375092670321462,0.1686339581461849,0.7033304572907679
vqav2,mqt,4,144,144,190,144,43,Naive Confidence (NC),76.25,7.273233320564032,7.460766311734914,0.13606442749442993,0.7812942191544435
vqav2,mqt,4,144,144,190,144,43,Temperature Scaling (TS),76.25,13.743256364318398,12.620807168981182,0.1547664030515067,0.7812942191544435
vqav2,mqt,4,144,144,190,144,43,Platt Scaling (1D),76.25,11.300313825625846,12.185109470867355,0.15693607093530504,0.7812942191544435
vqav2,mqt,4,144,144,190,190,43,Trajectory Platt (5D),76.25,5.489958092570305,5.862213224172592,0.1469098825187341,0.7895427092320966
vqav2,mqt,4,144,144,190,144,44,Naive Confidence (NC),76.25,10.747917920351027,10.82417266815901,0.17567131225360136,0.6596721311475409
vqav2,mqt,4,144,144,190,144,44,Temperature Scaling (TS),76.25,12.597242512167595,12.257032754358605,0.1791162076914233,0.6596721311475409
vqav2,mqt,4,144,144,190,144,44,Platt Scaling (1D),76.25,8.457972197002608,8.629275609771897,0.17145797202553262,0.6596721311475409
vqav2,mqt,4,144,144,190,190,44,Trajectory Platt (5D),76.25,6.394258622080088,7.517246965318917,0.16217235501386248,0.7391199309749783
vqav2,mqt,4,144,144,190,144,45,Naive Confidence (NC),76.25,12.482571151107553,11.519798215478657,0.15938665732475538,0.7045729076790337
vqav2,mqt,4,144,144,190,144,45,Temperature Scaling (TS),76.25,16.140427944264854,16.709667410634,0.17421576135530195,0.7045729076790337
vqav2,mqt,4,144,144,190,144,45,Platt Scaling (1D),76.25,11.98088564279012,14.169788394247131,0.16603564378054309,0.7045729076790337
vqav2,mqt,4,144,144,190,190,45,Trajectory Platt (5D),76.25,5.8125909063965056,5.740469017997383,0.15298423605809897,0.7676962899050906
vqav2,mqt,4,144,144,190,144,46,Naive Confidence (NC),76.25,10.395048927515743,9.389329541474579,0.16288088470406226,0.6926143226919758
vqav2,mqt,4,144,144,190,144,46,Temperature Scaling (TS),76.25,14.331999258802908,13.62231066491906,0.1724335685916125,0.6926143226919758
vqav2,mqt,4,144,144,190,144,46,Platt Scaling (1D),76.25,9.531798490745782,10.36054967887796,0.1666362017865606,0.6926143226919758
vqav2,mqt,4,144,144,190,190,46,Trajectory Platt (5D),76.25,4.000935003161428,4.167339935898782,0.14885853341133218,0.7756686798964624
vqav2,mqt,5,256,256,446,256,42,Naive Confidence (NC),76.75,10.485453115776183,10.311240037903188,0.17132402638546154,0.6414136107316731
vqav2,mqt,5,256,256,446,256,42,Temperature Scaling (TS),76.75,13.872632204612678,13.650877606452985,0.178944229752847,0.6414136107316731
vqav2,mqt,5,256,256,446,256,42,Platt Scaling (1D),76.75,10.537972478113074,10.943124061104207,0.17122643391309797,0.6414136107316731
vqav2,mqt,5,256,256,446,446,42,Trajectory Platt (5D),76.75,7.1605651937425145,7.6411196552217,0.16293551831326275,0.7393436306959477
vqav2,mqt,5,256,256,446,256,43,Naive Confidence (NC),76.75,8.16122752428055,7.304843194782734,0.15313324267520054,0.7267696402928093
vqav2,mqt,5,256,256,446,256,43,Temperature Scaling (TS),76.75,11.170040939736117,12.065863843834945,0.16314278680293967,0.7267696402928093
vqav2,mqt,5,256,256,446,256,43,Platt Scaling (1D),76.75,9.03495857717663,9.780273679673249,0.16020190957969732,0.7267696402928093
vqav2,mqt,5,256,256,446,446,43,Trajectory Platt (5D),76.75,4.589154884219169,5.817133717238903,0.1392385944965051,0.8104794928373786
vqav2,mqt,5,256,256,446,256,44,Naive Confidence (NC),76.75,9.193998016417023,9.860151655972004,0.17154883162016327,0.6606073342439844
vqav2,mqt,5,256,256,446,256,44,Temperature Scaling (TS),76.75,11.254927693334878,12.30837005509243,0.1752621687391514,0.6606073342439844
vqav2,mqt,5,256,256,446,256,44,Platt Scaling (1D),76.75,7.717500333475916,9.483995851677783,0.1684060027295191,0.6606073342439844
vqav2,mqt,5,256,256,446,446,44,Trajectory Platt (5D),76.75,5.942912044003608,7.09204258956015,0.1624417272529635,0.7367167524780218
vqav2,mqt,5,256,256,446,256,45,Naive Confidence (NC),76.75,9.765025066211821,9.624472251161933,0.15956046206555155,0.7085215929389512
vqav2,mqt,5,256,256,446,256,45,Temperature Scaling (TS),76.75,11.50944008310821,12.508359442596934,0.16800793159093444,0.7085215929389512
vqav2,mqt,5,256,256,446,256,45,Platt Scaling (1D),76.75,7.339192563464368,10.893450738977258,0.1622213200185265,0.7085215929389512
vqav2,mqt,5,256,256,446,446,45,Trajectory Platt (5D),76.75,5.057644994929432,5.863578440621495,0.14709322441678857,0.7955938496024657
vqav2,mqt,5,256,256,446,256,46,Naive Confidence (NC),76.75,8.781343713402748,7.7514510378241575,0.15789777784904988,0.7235823613883927
vqav2,mqt,5,256,256,446,256,46,Temperature Scaling (TS),76.75,10.304582679381602,10.34853486143528,0.16576347984859063,0.7235823613883927
vqav2,mqt,5,256,256,446,256,46,Platt Scaling (1D),76.75,6.767146456734395,7.405887711558822,0.1611411496393631,0.7235823613883927
vqav2,mqt,5,256,256,446,446,46,Trajectory Platt (5D),76.75,4.567949244752525,5.865051565691829,0.1572558609552903,0.73972890616791
avqa,mqt,1,1,1,1,1,42,Naive Confidence (NC),35.75,26.609173869248476,26.72269633924589,0.3273096094236645,0.6354112813256781
avqa,mqt,1,1,1,1,1,42,Temperature Scaling (TS),35.75,16.415807647780063,23.612388557825767,0.25208501876374534,0.6354112813256781
avqa,mqt,1,1,1,1,1,42,Platt Scaling (1D),35.75,14.785571562638172,19.54714094394379,0.22632410803547218,0.6354112813256781
avqa,mqt,1,1,1,1,1,42,Trajectory Platt (5D),35.75,14.718491427600384,19.548239164054397,0.2263272996320468,0.6354112813256781
avqa,mqt,1,1,1,1,1,43,Naive Confidence (NC),35.75,30.121228917036202,28.307892678771175,0.36713712619227373,0.5726374792522653
avqa,mqt,1,1,1,1,1,43,Temperature Scaling (TS),35.75,16.412771842977424,20.79286975269256,0.25632538288898987,0.5726374792522653
avqa,mqt,1,1,1,1,1,43,Platt Scaling (1D),35.75,11.309551511446985,16.300344760487047,0.23029005451633233,0.5726374792522653
avqa,mqt,1,1,1,1,1,43,Trajectory Platt (5D),35.75,11.644195698201656,16.295824624598026,0.23028066259175123,0.5726374792522653
avqa,mqt,1,1,1,1,1,44,Naive Confidence (NC),35.75,27.832282080315053,27.03754046466202,0.3540489916152873,0.5862969715109794
avqa,mqt,1,1,1,1,1,44,Temperature Scaling (TS),35.75,16.278862820548774,22.38419430436506,0.2546449005086855,0.5862969715109794
avqa,mqt,1,1,1,1,1,44,Platt Scaling (1D),35.75,11.877106668253298,17.951738157372777,0.2290081064628341,0.5862969715109794
avqa,mqt,1,1,1,1,1,44,Trajectory Platt (5D),35.75,11.877276927232744,17.95148721337318,0.22900319196557703,0.5862969715109794
avqa,mqt,1,1,1,1,1,45,Naive Confidence (NC),35.75,31.178930588997904,30.544832595624033,0.36450013314564067,0.5900791815188702
avqa,mqt,1,1,1,1,1,45,Temperature Scaling (TS),35.75,16.547793402698105,22.97236536356259,0.25566100614140147,0.5900791815188702
avqa,mqt,1,1,1,1,1,45,Platt Scaling (1D),35.75,12.701062277031157,18.017457594276625,0.2287247535515442,0.5900791815188702
avqa,mqt,1,1,1,1,1,45,Trajectory Platt (5D),35.75,13.32445430010557,18.016663424670696,0.22872001892019664,0.5900791815188702
avqa,mqt,1,1,1,1,1,46,Naive Confidence (NC),35.75,30.90606060437858,31.132198428735137,0.3540890357943114,0.6006911376561181
avqa,mqt,1,1,1,1,1,46,Temperature Scaling (TS),35.75,16.249566859941904,23.13556528740165,0.25305318746031324,0.6006911376561181
avqa,mqt,1,1,1,1,1,46,Platt Scaling (1D),35.75,11.522502860546966,16.341736697817463,0.22668633183295733,0.6006911376561181
avqa,mqt,1,1,1,1,1,46,Trajectory Platt (5D),35.75,11.521616697311398,16.343802079558372,0.2266884701519949,0.6006911376561181
avqa,mqt,2,9,9,10,9,42,Naive Confidence (NC),39.5,29.729855377227064,31.09309739992022,0.3487161130662288,0.6021811905010985
avqa,mqt,2,9,9,10,9,42,Temperature Scaling (TS),39.5,13.125095646214572,18.844391529733347,0.2529203819386978,0.6021811905010985
avqa,mqt,2,9,9,10,9,42,Platt Scaling (1D),39.5,3.107189845453864,15.668671964842677,0.2359063208073151,0.6021811905010985
avqa,mqt,2,9,9,10,10,42,Trajectory Platt (5D),39.5,6.552355237305164,7.607597440481186,0.2343490517315815,0.5899675698294801
avqa,mqt,2,9,9,10,9,43,Naive Confidence (NC),39.5,29.30029404629022,28.079435122199353,0.35745033667845055,0.570718694424103
avqa,mqt,2,9,9,10,9,43,Temperature Scaling (TS),39.5,12.999395387730345,17.125846062768073,0.2547252793270166,0.570718694424103
avqa,mqt,2,9,9,10,9,43,Platt Scaling (1D),39.5,7.4391267970457555,13.494278418124608,0.23801580189170998,0.570718694424103
avqa,mqt,2,9,9,10,10,43,Trajectory Platt (5D),39.5,5.872945819050075,9.722185362130404,0.2289425631751147,0.6070980228057329
avqa,mqt,2,9,9,10,9,44,Naive Confidence (NC),39.5,28.230976807884872,28.453547338955104,0.3427085308893251,0.60105659587823
avqa,mqt,2,9,9,10,9,44,Temperature Scaling (TS),39.5,13.154978492130127,18.073662971606833,0.2539756618382687,0.60105659587823
avqa,mqt,2,9,9,10,9,44,Platt Scaling (1D),39.5,4.122188746201813,14.243181276760247,0.2368658987411704,0.60105659587823
avqa,mqt,2,9,9,10,10,44,Trajectory Platt (5D),39.5,5.367971792817114,7.7383232191205025,0.2216561447191066,0.6548017575060152
avqa,mqt,2,9,9,10,9,45,Naive Confidence (NC),39.5,29.583548530470583,30.04021830810234,0.35291595570840756,0.5956820797154514
avqa,mqt,2,9,9,10,9,45,Temperature Scaling (TS),39.5,13.20273222260752,21.929790940019554,0.25418673816194326,0.5956820797154514
avqa,mqt,2,9,9,10,9,45,Platt Scaling (1D),39.5,8.460694493791857,17.93735532712752,0.23687957361827855,0.5956820797154514
avqa,mqt,2,9,9,10,10,45,Trajectory Platt (5D),39.5,4.143948931246993,8.575602632015945,0.22662309862421323,0.6453865467099069
avqa,mqt,2,9,9,10,9,46,Naive Confidence (NC),39.5,31.270212588831782,30.877330763265487,0.34670756190658836,0.5932236635631343
avqa,mqt,2,9,9,10,9,46,Temperature Scaling (TS),39.5,13.200979951279237,20.85707546347308,0.25478274678697216,0.5932236635631343
avqa,mqt,2,9,9,10,9,46,Platt Scaling (1D),39.5,5.938774165857465,18.672484564929007,0.23761248479013714,0.5932236635631343
avqa,mqt,2,9,9,10,10,46,Trajectory Platt (5D),39.5,4.7522264271974555,5.390554651618004,0.22336387943492744,0.6495710848415106
avqa,mqt,3,36,36,46,36,42,Naive Confidence (NC),43.25,28.296214845031496,27.45330148562789,0.3401712519821504,0.5927019938376918
avqa,mqt,3,36,36,46,36,42,Temperature Scaling (TS),43.25,9.85354758472529,15.419740403018366,0.25365811574665637,0.5927019938376918
avqa,mqt,3,36,36,46,36,42,Platt Scaling (1D),43.25,12.376280217645878,15.149963594655382,0.24414326466961342,0.5927019938376918
avqa,mqt,3,36,36,46,46,42,Trajectory Platt (5D),43.25,6.090649925172328,9.48076827824116,0.23448429299019552,0.6290392401517659
avqa,mqt,3,36,36,46,36,43,Naive Confidence (NC),43.25,31.660863970406357,29.450921942479912,0.35266924626860885,0.5838404929846451
avqa,mqt,3,36,36,46,36,43,Temperature Scaling (TS),43.25,10.239359823556565,16.69033892067085,0.25452840714350233,0.5838404929846451
avqa,mqt,3,36,36,46,36,43,Platt Scaling (1D),43.25,11.961446254491873,15.254862898126891,0.24424821411465333,0.5838404929846451
avqa,mqt,3,36,36,46,46,43,Trajectory Platt (5D),43.25,4.7901878990232944,6.563064094632864,0.2203112333754892,0.6832777367523108
avqa,mqt,3,36,36,46,36,44,Naive Confidence (NC),43.25,31.325310449115936,30.558705869130787,0.3670072022735116,0.5579689847470144
avqa,mqt,3,36,36,46,36,44,Temperature Scaling (TS),43.25,10.299255181162396,15.479727743859309,0.256364541045951,0.5579689847470144
avqa,mqt,3,36,36,46,36,44,Platt Scaling (1D),43.25,9.810224273462078,12.766704104177476,0.2463663662991005,0.5579689847470144
avqa,mqt,3,36,36,46,46,44,Trajectory Platt (5D),43.25,6.547051804140211,8.193133002147079,0.2283743568467797,0.6509892796210945
avqa,mqt,3,36,36,46,36,45,Naive Confidence (NC),43.25,29.191921259276565,29.013350482098755,0.34955005016038193,0.5778055053347253
avqa,mqt,3,36,36,46,36,45,Temperature Scaling (TS),43.25,10.006704704139144,17.440665280064476,0.2548329316551376,0.5778055053347253
avqa,mqt,3,36,36,46,36,45,Platt Scaling (1D),43.25,13.332077826103017,15.85768213244568,0.24516631186815463,0.5778055053347253
avqa,mqt,3,36,36,46,46,45,Trajectory Platt (5D),43.25,5.359133195132018,8.343177665024996,0.2195273253965771,0.689923862392096
avqa,mqt,3,36,36,46,36,46,Naive Confidence (NC),43.25,27.932536765001714,27.40431238617748,0.35281690443441394,0.5663721321076621
avqa,mqt,3,36,36,46,36,46,Temperature Scaling (TS),43.25,9.71773342383996,16.055673873963464,0.25476211959450723,0.5663721321076621
avqa,mqt,3,36,36,46,36,46,Platt Scaling (1D),43.25,10.811405965830009,15.652405275505272,0.24571995728321924,0.5663721321076621
avqa,mqt,3,36,36,46,46,46,Trajectory Platt (5D),43.25,6.277824394404889,9.94583673775196,0.23397374386607234,0.6332153497491787
avqa,mqt,4,144,144,190,144,42,Naive Confidence (NC),46.75,25.41498346440494,25.76067735813558,0.32094499879696287,0.609512691119982
avqa,mqt,4,144,144,190,144,42,Temperature Scaling (TS),46.75,6.564421453154087,17.523382477602283,0.2510027911271579,0.609512691119982
avqa,mqt,4,144,144,190,144,42,Platt Scaling (1D),46.75,7.832248186478141,15.737614836384312,0.24685212158434208,0.609512691119982
avqa,mqt,4,144,144,190,190,42,Trajectory Platt (5D),46.75,6.121293107047676,8.996391901746392,0.23036802079591304,0.6755040044186688
avqa,mqt,4,144,144,190,144,43,Naive Confidence (NC),46.75,28.727255824021995,28.215491252951324,0.34361914362544577,0.5873691345936581
avqa,mqt,4,144,144,190,144,43,Temperature Scaling (TS),46.75,6.797676029266353,13.211100256820801,0.2513114702524535,0.5873691345936581
avqa,mqt,4,144,144,190,144,43,Platt Scaling (1D),46.75,4.053343961353187,14.066204396431822,0.24674653319198683,0.5873691345936581
avqa,mqt,4,144,144,190,190,43,Trajectory Platt (5D),46.75,4.22378061152995,6.655582485720515,0.22920965883157396,0.6643318018628708
avqa,mqt,4,144,144,190,144,44,Naive Confidence (NC),46.75,26.710091261658818,26.77898996928707,0.316883391828144,0.6291079812206573
avqa,mqt,4,144,144,190,144,44,Temperature Scaling (TS),46.75,7.524379387469546,14.859718295018135,0.24899182784272217,0.6291079812206573
avqa,mqt,4,144,144,190,144,44,Platt Scaling (1D),46.75,3.6238806954135936,13.917419116431484,0.24458329554607922,0.6291079812206573
avqa,mqt,4,144,144,190,190,44,Trajectory Platt (5D),46.75,5.6604489739984265,7.733159454539419,0.23049828184189103,0.6587833596947101
avqa,mqt,4,144,144,190,144,45,Naive Confidence (NC),46.75,28.372232128400356,27.593597207684073,0.3230838029285383,0.6228816750772012
avqa,mqt,4,144,144,190,144,45,Temperature Scaling (TS),46.75,7.051362057826344,16.132465362276314,0.24983528481216166,0.6228816750772012
avqa,mqt,4,144,144,190,144,45,Platt Scaling (1D),46.75,3.4013224586271145,14.562509454356917,0.24489521366725694,0.6228816750772012
avqa,mqt,4,144,144,190,190,45,Trajectory Platt (5D),46.75,6.574600659310817,6.123301915824412,0.22394309723076858,0.6813537194647385
avqa,mqt,4,144,144,190,144,46,Naive Confidence (NC),46.75,27.549459245055914,27.621389646083124,0.3418063276297231,0.5739248324169617
avqa,mqt,4,144,144,190,144,46,Temperature Scaling (TS),46.75,7.265715052303748,11.948253265423796,0.25273610035888255,0.5739248324169617
avqa,mqt,4,144,144,190,144,46,Platt Scaling (1D),46.75,7.493105421636962,12.512926925513982,0.24879237132959922,0.5739248324169617
avqa,mqt,4,144,144,190,190,46,Trajectory Platt (5D),46.75,7.559354681521654,9.104706261307001,0.23736288484772175,0.6208480831513143
avqa,mqt,5,256,256,446,256,42,Naive Confidence (NC),47.0,27.88366620987654,27.999365650117397,0.3384562804611194,0.602042352468888
avqa,mqt,5,256,256,446,256,42,Temperature Scaling (TS),47.0,6.562482846342401,13.284539832717247,0.24908630116726727,0.602042352468888
avqa,mqt,5,256,256,446,256,42,Platt Scaling (1D),47.0,1.1848606228061997,13.663042263910308,0.24487527155024458,0.602042352468888
avqa,mqt,5,256,256,446,446,42,Trajectory Platt (5D),47.0,5.020017785951494,6.5382183212786895,0.2332418009420367,0.6539291449217183
avqa,mqt,5,256,256,446,256,43,Naive Confidence (NC),47.0,29.542098192498088,29.542098192498095,0.35204418059945874,0.5846673022882376
avqa,mqt,5,256,256,446,256,43,Temperature Scaling (TS),47.0,6.879768811983758,12.519353699655621,0.25108600441445306,0.5846673022882376
avqa,mqt,5,256,256,446,256,43,Platt Scaling (1D),47.0,2.467605688057967,11.748309132325115,0.24638144647606555,0.5846673022882376
avqa,mqt,5,256,256,446,446,43,Trajectory Platt (5D),47.0,5.037209352478384,6.8629314210265875,0.22449757282362576,0.6875
avqa,mqt,5,256,256,446,256,44,Naive Confidence (NC),47.0,26.935284812934697,26.146591345779598,0.3217635933106449,0.6144118827780007
avqa,mqt,5,256,256,446,256,44,Temperature Scaling (TS),47.0,6.37705916256483,12.995339779560805,0.24938130710744588,0.6144118827780007
avqa,mqt,5,256,256,446,256,44,Platt Scaling (1D),47.0,3.263330329832845,11.829071485936108,0.24540268920657887,0.6144118827780007
avqa,mqt,5,256,256,446,446,44,Trajectory Platt (5D),47.0,4.688419425860049,3.4070884305983777,0.2298192260530901,0.656413087113609
avqa,mqt,5,256,256,446,256,45,Naive Confidence (NC),47.0,29.084172754548486,28.926497845910493,0.3356807299397158,0.6132326374949819
avqa,mqt,5,256,256,446,256,45,Temperature Scaling (TS),47.0,6.747727578491928,12.33034509773081,0.24878158945920112,0.6132326374949819
avqa,mqt,5,256,256,446,256,45,Platt Scaling (1D),47.0,2.5629472149995354,12.209468222289251,0.2444553522879727,0.6132326374949819
avqa,mqt,5,256,256,446,446,45,Trajectory Platt (5D),47.0,5.03028644248843,6.1990015543997306,0.22699765911208425,0.6764351665997591
avqa,mqt,5,256,256,446,256,46,Naive Confidence (NC),47.0,28.737330298870802,26.449184510856877,0.33684104930596365,0.5935367322360497
avqa,mqt,5,256,256,446,256,46,Temperature Scaling (TS),47.0,6.47864667132785,12.502822261659578,0.25040674249259753,0.5935367322360497
avqa,mqt,5,256,256,446,256,46,Platt Scaling (1D),47.0,2.8160432293306634,10.203920595465487,0.24621793204657336,0.5935367322360497
avqa,mqt,5,256,256,446,446,46,Trajectory Platt (5D),47.0,5.353973032906651,7.857128189876677,0.2285214930446997,0.6706393014853471
vllm-safety,mqt,1,1,1,1,1,42,Naive Confidence (NC),24.210526315789473,8.74395550767842,7.6615059914949715,0.16541574715368748,0.786231884057971
vllm-safety,mqt,1,1,1,1,1,42,Temperature Scaling (TS),24.210526315789473,16.63638259695005,15.454010538193167,0.17727590412445207,0.786231884057971
vllm-safety,mqt,1,1,1,1,1,42,Platt Scaling (1D),24.210526315789473,11.255785951443178,11.257265839038329,0.16375815652473757,0.786231884057971
vllm-safety,mqt,1,1,1,1,1,42,Trajectory Platt (5D),24.210526315789473,11.261821295085706,11.257072922430538,0.16376655141480673,0.786231884057971
vllm-safety,mqt,1,1,1,1,1,43,Naive Confidence (NC),24.210526315789473,9.167375042054216,8.584664862995083,0.15009216259838895,0.8164251207729469
vllm-safety,mqt,1,1,1,1,1,43,Temperature Scaling (TS),24.210526315789473,20.806535703067038,19.79807118555118,0.17377789370422977,0.8164251207729469
vllm-safety,mqt,1,1,1,1,1,43,Platt Scaling (1D),24.210526315789473,16.759757971563655,17.287326083410463,0.16219251805449988,0.8164251207729469
vllm-safety,mqt,1,1,1,1,1,43,Trajectory Platt (5D),24.210526315789473,16.662437978543732,17.2962423688487,0.16220504578886816,0.8164251207729469
vllm-safety,mqt,1,1,1,1,1,44,Naive Confidence (NC),24.210526315789473,9.298412803756563,10.420920593958153,0.16946003549887462,0.7836277173913043
vllm-safety,mqt,1,1,1,1,1,44,Temperature Scaling (TS),24.210526315789473,17.880639483302502,18.165738804626688,0.18299806101651736,0.7836277173913043
vllm-safety,mqt,1,1,1,1,1,44,Platt Scaling (1D),24.210526315789473,12.620708644007319,14.92939004037576,0.167244362502723,0.7836277173913043
vllm-safety,mqt,1,1,1,1,1,44,Trajectory Platt (5D),24.210526315789473,12.627466320991514,14.934123134926743,0.16724323665726692,0.7836277173913043
vllm-safety,mqt,1,1,1,1,1,45,Naive Confidence (NC),24.210526315789473,12.32859334173171,11.285279282417736,0.1750963222958663,0.7977053140096619
vllm-safety,mqt,1,1,1,1,1,45,Temperature Scaling (TS),24.210526315789473,18.287214185906684,16.74707369110416,0.18516615364300731,0.7977053140096619
vllm-safety,mqt,1,1,1,1,1,45,Platt Scaling (1D),24.210526315789473,15.342963605089352,14.149376077804584,0.1697029455856368,0.7977053140096619
vllm-safety,mqt,1,1,1,1,1,45,Trajectory Platt (5D),24.210526315789473,15.349584382615594,14.153832012885498,0.16968540407173055,0.7977053140096619
vllm-safety,mqt,1,1,1,1,1,46,Naive Confidence (NC),24.210526315789473,7.632435112211265,8.438124502763936,0.15053341304632392,0.8095561594202898
vllm-safety,mqt,1,1,1,1,1,46,Temperature Scaling (TS),24.210526315789473,16.248683038070197,15.856021663544784,0.16886976662358588,0.8095561594202898
vllm-safety,mqt,1,1,1,1,1,46,Platt Scaling (1D),24.210526315789473,11.650820867508587,12.119199244229103,0.1592335859516327,0.8095561594202898
vllm-safety,mqt,1,1,1,1,1,46,Trajectory Platt (5D),24.210526315789473,11.553949854875867,12.122697030243119,0.15926181419119914,0.8095561594202898
vllm-safety,mqt,2,9,9,10,9,42,Naive Confidence (NC),31.57894736842105,10.176231191542588,9.900644991154731,0.17671789317441355,0.8089423076923077
vllm-safety,mqt,2,9,9,10,9,42,Temperature Scaling (TS),31.57894736842105,17.79251034692166,19.19169494240844,0.19727336937111076,0.8089423076923077
vllm-safety,mqt,2,9,9,10,9,42,Platt Scaling (1D),31.57894736842105,16.614774020239558,17.58593929566728,0.19223721057419418,0.8089423076923077
vllm-safety,mqt,2,9,9,10,10,42,Trajectory Platt (5D),31.57894736842105,10.78093199549537,10.165960476978828,0.1785279083131482,0.7896153846153846
vllm-safety,mqt,2,9,9,10,9,43,Naive Confidence (NC),31.57894736842105,11.284577135780923,11.194713491162187,0.19077206489874401,0.77875
vllm-safety,mqt,2,9,9,10,9,43,Temperature Scaling (TS),31.57894736842105,17.595387207764357,17.69582792648334,0.20322456812844222,0.77875
vllm-safety,mqt,2,9,9,10,9,43,Platt Scaling (1D),31.57894736842105,15.762339269304352,16.570882573210888,0.19401852414942475,0.77875
vllm-safety,mqt,2,9,9,10,10,43,Trajectory Platt (5D),31.57894736842105,5.833428660897831,8.120052310589115,0.18261439101657798,0.7628525641025642
vllm-safety,mqt,2,9,9,10,9,44,Naive Confidence (NC),31.57894736842105,9.925297320281206,10.298922675612726,0.19475206983060162,0.7475961538461539
vllm-safety,mqt,2,9,9,10,9,44,Temperature Scaling (TS),31.57894736842105,14.425032613214487,14.12227299513027,0.20279576705401905,0.7475961538461539
vllm-safety,mqt,2,9,9,10,9,44,Platt Scaling (1D),31.57894736842105,9.33553597538916,11.049745764359665,0.19378064707320097,0.7475961538461539
vllm-safety,mqt,2,9,9,10,10,44,Trajectory Platt (5D),31.57894736842105,6.471107929552855,7.419510332769469,0.18772089373361128,0.7474038461538461
vllm-safety,mqt,2,9,9,10,9,45,Naive Confidence (NC),31.57894736842105,9.086292327234618,10.517590834121956,0.18226827552485286,0.7840384615384616
vllm-safety,mqt,2,9,9,10,9,45,Temperature Scaling (TS),31.57894736842105,16.65294447609192,17.162677138894892,0.19818241372043205,0.7840384615384616
vllm-safety,mqt,2,9,9,10,9,45,Platt Scaling (1D),31.57894736842105,13.653295479196528,13.759244269512102,0.1834948805225755,0.7840384615384616
vllm-safety,mqt,2,9,9,10,10,45,Trajectory Platt (5D),31.57894736842105,7.169856089902551,8.633254066501795,0.17915508488287318,0.761474358974359
vllm-safety,mqt,2,9,9,10,9,46,Naive Confidence (NC),31.57894736842105,8.316801675644358,7.292449647854818,0.17140943475463863,0.7966346153846153
vllm-safety,mqt,2,9,9,10,9,46,Temperature Scaling (TS),31.57894736842105,17.5024212257916,16.75400160241976,0.19425099981869337,0.7966346153846153
vllm-safety,mqt,2,9,9,10,9,46,Platt Scaling (1D),31.57894736842105,13.35460374435721,13.232194052370641,0.1867007774679353,0.7966346153846153
vllm-safety,mqt,2,9,9,10,10,46,Trajectory Platt (5D),31.57894736842105,8.07812417220128,9.316659218778737,0.17463795249241978,0.7757051282051282
vllm-safety,mqt,3,36,36,46,36,42,Naive Confidence (NC),33.421052631578945,9.19169479000725,9.319461312537129,0.18218866835269784,0.7905760791758738
vllm-safety,mqt,3,36,36,46,36,42,Temperature Scaling (TS),33.421052631578945,14.566811439636037,14.891675741608045,0.19497562965303114,0.7905760791758738
vllm-safety,mqt,3,36,36,46,36,42,Platt Scaling (1D),33.421052631578945,11.923796501556572,12.530690318880477,0.18724953565824307,0.7905760791758738
vllm-safety,mqt,3,36,36,46,46,42,Trajectory Platt (5D),33.421052631578945,5.817980682967526,8.31591711134503,0.18034535330726556,0.7585820547135166
vllm-safety,mqt,3,36,36,46,36,43,Naive Confidence (NC),33.421052631578945,9.309921577376755,9.711975524888226,0.18041310863500365,0.7972051912483271
vllm-safety,mqt,3,36,36,46,36,43,Temperature Scaling (TS),33.421052631578945,17.7455458928764,16.333932057336074,0.1951402554135976,0.7972051912483271
vllm-safety,mqt,3,36,36,46,36,43,Platt Scaling (1D),33.421052631578945,13.128908724498109,12.885889895644084,0.18523625455927276,0.7972051912483271
vllm-safety,mqt,3,36,36,46,46,43,Trajectory Platt (5D),33.421052631578945,5.644853118022806,5.785359256949864,0.18273259658738483,0.7525442718869628
vllm-safety,mqt,3,36,36,46,36,44,Naive Confidence (NC),33.421052631578945,10.41448666174945,11.38623536123257,0.18808079798799335,0.7876816781301548
vllm-safety,mqt,3,36,36,46,36,44,Temperature Scaling (TS),33.421052631578945,15.311781594839388,15.390777354500534,0.1956605231930193,0.7876816781301548
vllm-safety,mqt,3,36,36,46,36,44,Platt Scaling (1D),33.421052631578945,10.268634220958916,12.989742103896429,0.18874390641571248,0.7876816781301548
vllm-safety,mqt,3,36,36,46,46,44,Trajectory Platt (5D),33.421052631578945,7.695230171084405,6.3184562050982525,0.1779432024312092,0.7854097289222247
vllm-safety,mqt,3,36,36,46,36,45,Naive Confidence (NC),33.421052631578945,9.750571752849375,9.710758124527176,0.19883814101707914,0.7635927920077185
vllm-safety,mqt,3,36,36,46,36,45,Temperature Scaling (TS),33.421052631578945,13.436963415360076,13.250028915846212,0.20216154333405165,0.7635927920077185
vllm-safety,mqt,3,36,36,46,36,45,Platt Scaling (1D),33.421052631578945,9.336153380957517,9.41068350113858,0.19108420729896713,0.7635927920077185
vllm-safety,mqt,3,36,36,46,46,45,Trajectory Platt (5D),33.421052631578945,6.187274165843663,6.228826124417153,0.176249851233591,0.7733964084528959
vllm-safety,mqt,3,36,36,46,36,46,Naive Confidence (NC),33.421052631578945,8.554678602438225,10.113301249711137,0.16552596689228458,0.8274252279729857
vllm-safety,mqt,3,36,36,46,36,46,Temperature Scaling (TS),33.421052631578945,15.629991620847974,16.850162794179436,0.18901890784620506,0.8274252279729857
vllm-safety,mqt,3,36,36,46,36,46,Platt Scaling (1D),33.421052631578945,15.280638346862013,15.27334633156037,0.18683899493378822,0.8274252279729857
vllm-safety,mqt,3,36,36,46,46,46,Trajectory Platt (5D),33.421052631578945,7.367394609670888,7.717460123331923,0.17033726680764627,0.8029939933397654
vllm-safety,mqt,4,144,144,190,144,42,Naive Confidence (NC),33.68421052631579,8.905071130904712,8.946565376888765,0.1859270737794198,0.7785838293650794
vllm-safety,mqt,4,144,144,190,144,42,Temperature Scaling (TS),33.68421052631579,15.030626644861881,14.897417058224782,0.20150555249794166,0.7785838293650794
vllm-safety,mqt,4,144,144,190,144,42,Platt Scaling (1D),33.68421052631579,11.929218928094004,13.042068758139274,0.19277828906267505,0.7785838293650794
vllm-safety,mqt,4,144,144,190,190,42,Trajectory Platt (5D),33.68421052631579,6.106683392273752,6.877381605537317,0.1812906926314092,0.7692212301587301
vllm-safety,mqt,4,144,144,190,144,43,Naive Confidence (NC),33.68421052631579,10.774381519540361,11.459583740093207,0.18463501317301492,0.8005952380952381
vllm-safety,mqt,4,144,144,190,144,43,Temperature Scaling (TS),33.68421052631579,16.822916917538645,16.115713887921892,0.197806990515872,0.8005952380952381
vllm-safety,mqt,4,144,144,190,144,43,Platt Scaling (1D),33.68421052631579,11.899032844121223,12.742132889497965,0.18451229853386072,0.8005952380952381
vllm-safety,mqt,4,144,144,190,190,43,Trajectory Platt (5D),33.68421052631579,6.823059329272885,7.805169745299375,0.17644428742861115,0.7894345238095237
vllm-safety,mqt,4,144,144,190,144,44,Naive Confidence (NC),33.68421052631579,13.155659468550432,9.87777419388294,0.18696335512437043,0.7874503968253969
vllm-safety,mqt,4,144,144,190,144,44,Temperature Scaling (TS),33.68421052631579,13.096544509593944,14.076015606725722,0.19818122529114526,0.7874503968253969
vllm-safety,mqt,4,144,144,190,144,44,Platt Scaling (1D),33.68421052631579,10.097789343562692,10.566125005810985,0.18791533485223447,0.7874503968253969
vllm-safety,mqt,4,144,144,190,190,44,Trajectory Platt (5D),33.68421052631579,4.568138271570205,6.802817249768658,0.17637521218229754,0.7841641865079366
vllm-safety,mqt,4,144,144,190,144,45,Naive Confidence (NC),33.68421052631579,12.815093942182628,12.965617622003741,0.19043449383460131,0.8058500744047619
vllm-safety,mqt,4,144,144,190,144,45,Temperature Scaling (TS),33.68421052631579,16.934977785949513,18.085183205068322,0.201044220856019,0.8058500744047619
vllm-safety,mqt,4,144,144,190,144,45,Platt Scaling (1D),33.68421052631579,15.897065139666894,14.45571943990741,0.18886176654816916,0.8058500744047619
vllm-safety,mqt,4,144,144,190,190,45,Trajectory Platt (5D),33.68421052631579,7.278382246823689,7.00137733824943,0.17074724873290736,0.8015873015873014
vllm-safety,mqt,4,144,144,190,144,46,Naive Confidence (NC),33.68421052631579,7.612948466680552,10.134989750620564,0.1700756871950104,0.8076946924603176
vllm-safety,mqt,4,144,144,190,144,46,Temperature Scaling (TS),33.68421052631579,15.744134021075947,17.68944878218113,0.192926250758986,0.8076946924603176
vllm-safety,mqt,4,144,144,190,144,46,Platt Scaling (1D),33.68421052631579,12.513841607187267,14.892056125510681,0.18323517985914,0.8076946924603176
vllm-safety,mqt,4,144,144,190,190,46,Trajectory Platt (5D),33.68421052631579,6.065556069737987,6.296548713978968,0.17742750996520346,0.767454117063492
vllm-safety,mqt,5,256,256,446,256,42,Naive Confidence (NC),33.94736842105263,9.629529643999902,9.735194189768087,0.19657523139700175,0.7627165755582321
vllm-safety,mqt,5,256,256,446,256,42,Temperature Scaling (TS),33.94736842105263,14.198275899795837,14.42413012586186,0.20537237476155343,0.7627165755582321
vllm-safety,mqt,5,256,256,446,256,42,Platt Scaling (1D),33.94736842105263,11.338917505179925,11.287984169025457,0.19371077983844398,0.7627165755582321
vllm-safety,mqt,5,256,256,446,446,42,Trajectory Platt (5D),33.94736842105263,5.683440004328364,6.5776385474754,0.19206128137007378,0.7330986132987429
vllm-safety,mqt,5,256,256,446,256,43,Naive Confidence (NC),33.94736842105263,12.183285463405284,11.133214131389794,0.18755880567378025,0.7964730226381297
vllm-safety,mqt,5,256,256,446,256,43,Temperature Scaling (TS),33.94736842105263,17.7935757543714,16.993470732669092,0.20224022301195693,0.7964730226381297
vllm-safety,mqt,5,256,256,446,256,43,Platt Scaling (1D),33.94736842105263,11.761936809159913,11.30173409616667,0.18642657949604052,0.7964730226381297
vllm-safety,mqt,5,256,256,446,446,43,Trajectory Platt (5D),33.94736842105263,6.010627468165598,7.373884935912334,0.16858368465629806,0.802402791933043
vllm-safety,mqt,5,256,256,446,256,44,Naive Confidence (NC),33.94736842105263,11.109629508696104,10.585292558136736,0.2022330416344185,0.7532042373143086
vllm-safety,mqt,5,256,256,446,256,44,Temperature Scaling (TS),33.94736842105263,14.66837495793582,15.900219398914253,0.20958220299493724,0.7532042373143086
vllm-safety,mqt,5,256,256,446,256,44,Platt Scaling (1D),33.94736842105263,12.001193684504784,11.6390283541913,0.1990337381586989,0.7532042373143086
vllm-safety,mqt,5,256,256,446,446,44,Trajectory Platt (5D),33.94736842105263,5.245313468928401,6.930477004498242,0.19019712956514742,0.7462244047067544
vllm-safety,mqt,5,256,256,446,256,45,Naive Confidence (NC),33.94736842105263,10.91415901129183,10.60787978729135,0.19415434662925002,0.7741746193520491
vllm-safety,mqt,5,256,256,446,256,45,Temperature Scaling (TS),33.94736842105263,16.89753369543762,16.38908248035634,0.20620029354646754,0.7741746193520491
vllm-safety,mqt,5,256,256,446,256,45,Platt Scaling (1D),33.94736842105263,11.960727448310395,12.845578071125308,0.19231168493985035,0.7741746193520491
vllm-safety,mqt,5,256,256,446,446,45,Trajectory Platt (5D),33.94736842105263,6.064513178640291,7.565659451249399,0.17130892920016907,0.7875783686957597
vllm-safety,mqt,5,256,256,446,256,46,Naive Confidence (NC),33.94736842105263,8.36066648854237,9.702842812985182,0.1784627456256889,0.7929522221192749
vllm-safety,mqt,5,256,256,446,256,46,Temperature Scaling (TS),33.94736842105263,18.173868662557467,16.922513891447487,0.20180524872396205,0.7929522221192749
vllm-safety,mqt,5,256,256,446,256,46,Platt Scaling (1D),33.94736842105263,15.296588477196849,13.923876324430282,0.19328690722005548,0.7929522221192749
vllm-safety,mqt,5,256,256,446,446,46,Trajectory Platt (5D),33.94736842105263,6.503918135636731,6.351966881438306,0.17614516873626465,0.7763673986225639
